99 45 162
54
55
56
57
58
59
60
61
62
63
64
65
66
67
68
69
70
71
72
73
74
75
76
77
78
79
80
81
82
83
84
85
86
87
88
89
90
91
92
93
94
95
96
97
98
0 54 25GB/s 0.000ms 0
1 54 25GB/s 0.000ms 0
2 54 25GB/s 0.000ms 0
3 55 25GB/s 0.000ms 0
4 55 25GB/s 0.000ms 0
5 55 25GB/s 0.000ms 0
6 56 25GB/s 0.000ms 0
7 56 25GB/s 0.000ms 0
8 56 25GB/s 0.000ms 0
9 60 25GB/s 0.000ms 0
10 60 25GB/s 0.000ms 0
11 60 25GB/s 0.000ms 0
12 61 25GB/s 0.000ms 0
13 61 25GB/s 0.000ms 0
14 61 25GB/s 0.000ms 0
15 62 25GB/s 0.000ms 0
16 62 25GB/s 0.000ms 0
17 62 25GB/s 0.000ms 0
18 66 25GB/s 0.000ms 0
19 66 25GB/s 0.000ms 0
20 66 25GB/s 0.000ms 0
21 67 25GB/s 0.000ms 0
22 67 25GB/s 0.000ms 0
23 67 25GB/s 0.000ms 0
24 68 25GB/s 0.000ms 0
25 68 25GB/s 0.000ms 0
26 68 25GB/s 0.000ms 0
27 72 25GB/s 0.000ms 0
28 72 25GB/s 0.000ms 0
29 72 25GB/s 0.000ms 0
30 73 25GB/s 0.000ms 0
31 73 25GB/s 0.000ms 0
32 73 25GB/s 0.000ms 0
33 74 25GB/s 0.000ms 0
34 74 25GB/s 0.000ms 0
35 74 25GB/s 0.000ms 0
36 78 25GB/s 0.000ms 0
37 78 25GB/s 0.000ms 0
38 78 25GB/s 0.000ms 0
39 79 25GB/s 0.000ms 0
40 79 25GB/s 0.000ms 0
41 79 25GB/s 0.000ms 0
42 80 25GB/s 0.000ms 0
43 80 25GB/s 0.000ms 0
44 80 25GB/s 0.000ms 0
45 84 25GB/s 0.000ms 0
46 84 25GB/s 0.000ms 0
47 84 25GB/s 0.000ms 0
48 85 25GB/s 0.000ms 0
49 85 25GB/s 0.000ms 0
50 85 25GB/s 0.000ms 0
51 86 25GB/s 0.000ms 0
52 86 25GB/s 0.000ms 0
53 86 25GB/s 0.000ms 0
54 57 25GB/s 0.000ms 0
54 58 25GB/s 0.000ms 0
54 59 25GB/s 0.000ms 0
55 57 25GB/s 0.000ms 0
55 58 25GB/s 0.000ms 0
55 59 25GB/s 0.000ms 0
56 57 25GB/s 0.000ms 0
56 58 25GB/s 0.000ms 0
56 59 25GB/s 0.000ms 0
57 90 25GB/s 0.000ms 0
57 91 25GB/s 0.000ms 0
57 92 25GB/s 0.000ms 0
58 93 25GB/s 0.000ms 0
58 94 25GB/s 0.000ms 0
58 95 25GB/s 0.000ms 0
59 96 25GB/s 0.000ms 0
59 97 25GB/s 0.000ms 0
59 98 25GB/s 0.000ms 0
60 63 25GB/s 0.000ms 0
60 64 25GB/s 0.000ms 0
60 65 25GB/s 0.000ms 0
61 63 25GB/s 0.000ms 0
61 64 25GB/s 0.000ms 0
61 65 25GB/s 0.000ms 0
62 63 25GB/s 0.000ms 0
62 64 25GB/s 0.000ms 0
62 65 25GB/s 0.000ms 0
63 90 25GB/s 0.000ms 0
63 91 25GB/s 0.000ms 0
63 92 25GB/s 0.000ms 0
64 93 25GB/s 0.000ms 0
64 94 25GB/s 0.000ms 0
64 95 25GB/s 0.000ms 0
65 96 25GB/s 0.000ms 0
65 97 25GB/s 0.000ms 0
65 98 25GB/s 0.000ms 0
66 69 25GB/s 0.000ms 0
66 70 25GB/s 0.000ms 0
66 71 25GB/s 0.000ms 0
67 69 25GB/s 0.000ms 0
67 70 25GB/s 0.000ms 0
67 71 25GB/s 0.000ms 0
68 69 25GB/s 0.000ms 0
68 70 25GB/s 0.000ms 0
68 71 25GB/s 0.000ms 0
69 90 25GB/s 0.000ms 0
69 91 25GB/s 0.000ms 0
69 92 25GB/s 0.000ms 0
70 93 25GB/s 0.000ms 0
70 94 25GB/s 0.000ms 0
70 95 25GB/s 0.000ms 0
71 96 25GB/s 0.000ms 0
71 97 25GB/s 0.000ms 0
71 98 25GB/s 0.000ms 0
72 75 25GB/s 0.000ms 0
72 76 25GB/s 0.000ms 0
72 77 25GB/s 0.000ms 0
73 75 25GB/s 0.000ms 0
73 76 25GB/s 0.000ms 0
73 77 25GB/s 0.000ms 0
74 75 25GB/s 0.000ms 0
74 76 25GB/s 0.000ms 0
74 77 25GB/s 0.000ms 0
75 90 25GB/s 0.000ms 0
75 91 25GB/s 0.000ms 0
75 92 25GB/s 0.000ms 0
76 93 25GB/s 0.000ms 0
76 94 25GB/s 0.000ms 0
76 95 25GB/s 0.000ms 0
77 96 25GB/s 0.000ms 0
77 97 25GB/s 0.000ms 0
77 98 25GB/s 0.000ms 0
78 81 25GB/s 0.000ms 0
78 82 25GB/s 0.000ms 0
78 83 25GB/s 0.000ms 0
79 81 25GB/s 0.000ms 0
79 82 25GB/s 0.000ms 0
79 83 25GB/s 0.000ms 0
80 81 25GB/s 0.000ms 0
80 82 25GB/s 0.000ms 0
80 83 25GB/s 0.000ms 0
81 90 25GB/s 0.000ms 0
81 91 25GB/s 0.000ms 0
81 92 25GB/s 0.000ms 0
82 93 25GB/s 0.000ms 0
82 94 25GB/s 0.000ms 0
82 95 25GB/s 0.000ms 0
83 96 25GB/s 0.000ms 0
83 97 25GB/s 0.000ms 0
83 98 25GB/s 0.000ms 0
84 87 25GB/s 0.000ms 0
84 88 25GB/s 0.000ms 0
84 89 25GB/s 0.000ms 0
85 87 25GB/s 0.000ms 0
85 88 25GB/s 0.000ms 0
85 89 25GB/s 0.000ms 0
86 87 25GB/s 0.000ms 0
86 88 25GB/s 0.000ms 0
86 89 25GB/s 0.000ms 0
87 90 25GB/s 0.000ms 0
87 91 25GB/s 0.000ms 0
87 92 25GB/s 0.000ms 0
88 93 25GB/s 0.000ms 0
88 94 25GB/s 0.000ms 0
88 95 25GB/s 0.000ms 0
89 96 25GB/s 0.000ms 0
89 97 25GB/s 0.000ms 0
89 98 25GB/s 0.000ms 0

ROUTES
0:1:[0, 54, 1]
0:2:[0, 54, 2]
0:3:[0, 54, 57, 55, 3]
0:3:[0, 54, 58, 55, 3]
0:3:[0, 54, 59, 55, 3]
0:4:[0, 54, 57, 55, 4]
0:4:[0, 54, 58, 55, 4]
0:4:[0, 54, 59, 55, 4]
0:5:[0, 54, 57, 55, 5]
0:5:[0, 54, 58, 55, 5]
0:5:[0, 54, 59, 55, 5]
0:6:[0, 54, 57, 56, 6]
0:6:[0, 54, 58, 56, 6]
0:6:[0, 54, 59, 56, 6]
0:7:[0, 54, 57, 56, 7]
0:7:[0, 54, 58, 56, 7]
0:7:[0, 54, 59, 56, 7]
0:8:[0, 54, 57, 56, 8]
0:8:[0, 54, 58, 56, 8]
0:8:[0, 54, 59, 56, 8]
0:9:[0, 54, 57, 90, 63, 60, 9]
0:9:[0, 54, 57, 91, 63, 60, 9]
0:9:[0, 54, 57, 92, 63, 60, 9]
0:9:[0, 54, 58, 93, 64, 60, 9]
0:9:[0, 54, 58, 94, 64, 60, 9]
0:9:[0, 54, 58, 95, 64, 60, 9]
0:9:[0, 54, 59, 96, 65, 60, 9]
0:9:[0, 54, 59, 97, 65, 60, 9]
0:9:[0, 54, 59, 98, 65, 60, 9]
0:10:[0, 54, 57, 90, 63, 60, 10]
0:10:[0, 54, 57, 91, 63, 60, 10]
0:10:[0, 54, 57, 92, 63, 60, 10]
0:10:[0, 54, 58, 93, 64, 60, 10]
0:10:[0, 54, 58, 94, 64, 60, 10]
0:10:[0, 54, 58, 95, 64, 60, 10]
0:10:[0, 54, 59, 96, 65, 60, 10]
0:10:[0, 54, 59, 97, 65, 60, 10]
0:10:[0, 54, 59, 98, 65, 60, 10]
0:11:[0, 54, 57, 90, 63, 60, 11]
0:11:[0, 54, 57, 91, 63, 60, 11]
0:11:[0, 54, 57, 92, 63, 60, 11]
0:11:[0, 54, 58, 93, 64, 60, 11]
0:11:[0, 54, 58, 94, 64, 60, 11]
0:11:[0, 54, 58, 95, 64, 60, 11]
0:11:[0, 54, 59, 96, 65, 60, 11]
0:11:[0, 54, 59, 97, 65, 60, 11]
0:11:[0, 54, 59, 98, 65, 60, 11]
0:12:[0, 54, 57, 90, 63, 61, 12]
0:12:[0, 54, 57, 91, 63, 61, 12]
0:12:[0, 54, 57, 92, 63, 61, 12]
0:12:[0, 54, 58, 93, 64, 61, 12]
0:12:[0, 54, 58, 94, 64, 61, 12]
0:12:[0, 54, 58, 95, 64, 61, 12]
0:12:[0, 54, 59, 96, 65, 61, 12]
0:12:[0, 54, 59, 97, 65, 61, 12]
0:12:[0, 54, 59, 98, 65, 61, 12]
0:13:[0, 54, 57, 90, 63, 61, 13]
0:13:[0, 54, 57, 91, 63, 61, 13]
0:13:[0, 54, 57, 92, 63, 61, 13]
0:13:[0, 54, 58, 93, 64, 61, 13]
0:13:[0, 54, 58, 94, 64, 61, 13]
0:13:[0, 54, 58, 95, 64, 61, 13]
0:13:[0, 54, 59, 96, 65, 61, 13]
0:13:[0, 54, 59, 97, 65, 61, 13]
0:13:[0, 54, 59, 98, 65, 61, 13]
0:14:[0, 54, 57, 90, 63, 61, 14]
0:14:[0, 54, 57, 91, 63, 61, 14]
0:14:[0, 54, 57, 92, 63, 61, 14]
0:14:[0, 54, 58, 93, 64, 61, 14]
0:14:[0, 54, 58, 94, 64, 61, 14]
0:14:[0, 54, 58, 95, 64, 61, 14]
0:14:[0, 54, 59, 96, 65, 61, 14]
0:14:[0, 54, 59, 97, 65, 61, 14]
0:14:[0, 54, 59, 98, 65, 61, 14]
0:15:[0, 54, 57, 90, 63, 62, 15]
0:15:[0, 54, 57, 91, 63, 62, 15]
0:15:[0, 54, 57, 92, 63, 62, 15]
0:15:[0, 54, 58, 93, 64, 62, 15]
0:15:[0, 54, 58, 94, 64, 62, 15]
0:15:[0, 54, 58, 95, 64, 62, 15]
0:15:[0, 54, 59, 96, 65, 62, 15]
0:15:[0, 54, 59, 97, 65, 62, 15]
0:15:[0, 54, 59, 98, 65, 62, 15]
0:16:[0, 54, 57, 90, 63, 62, 16]
0:16:[0, 54, 57, 91, 63, 62, 16]
0:16:[0, 54, 57, 92, 63, 62, 16]
0:16:[0, 54, 58, 93, 64, 62, 16]
0:16:[0, 54, 58, 94, 64, 62, 16]
0:16:[0, 54, 58, 95, 64, 62, 16]
0:16:[0, 54, 59, 96, 65, 62, 16]
0:16:[0, 54, 59, 97, 65, 62, 16]
0:16:[0, 54, 59, 98, 65, 62, 16]
0:17:[0, 54, 57, 90, 63, 62, 17]
0:17:[0, 54, 57, 91, 63, 62, 17]
0:17:[0, 54, 57, 92, 63, 62, 17]
0:17:[0, 54, 58, 93, 64, 62, 17]
0:17:[0, 54, 58, 94, 64, 62, 17]
0:17:[0, 54, 58, 95, 64, 62, 17]
0:17:[0, 54, 59, 96, 65, 62, 17]
0:17:[0, 54, 59, 97, 65, 62, 17]
0:17:[0, 54, 59, 98, 65, 62, 17]
0:18:[0, 54, 57, 90, 69, 66, 18]
0:18:[0, 54, 57, 91, 69, 66, 18]
0:18:[0, 54, 57, 92, 69, 66, 18]
0:18:[0, 54, 58, 93, 70, 66, 18]
0:18:[0, 54, 58, 94, 70, 66, 18]
0:18:[0, 54, 58, 95, 70, 66, 18]
0:18:[0, 54, 59, 96, 71, 66, 18]
0:18:[0, 54, 59, 97, 71, 66, 18]
0:18:[0, 54, 59, 98, 71, 66, 18]
0:19:[0, 54, 57, 90, 69, 66, 19]
0:19:[0, 54, 57, 91, 69, 66, 19]
0:19:[0, 54, 57, 92, 69, 66, 19]
0:19:[0, 54, 58, 93, 70, 66, 19]
0:19:[0, 54, 58, 94, 70, 66, 19]
0:19:[0, 54, 58, 95, 70, 66, 19]
0:19:[0, 54, 59, 96, 71, 66, 19]
0:19:[0, 54, 59, 97, 71, 66, 19]
0:19:[0, 54, 59, 98, 71, 66, 19]
0:20:[0, 54, 57, 90, 69, 66, 20]
0:20:[0, 54, 57, 91, 69, 66, 20]
0:20:[0, 54, 57, 92, 69, 66, 20]
0:20:[0, 54, 58, 93, 70, 66, 20]
0:20:[0, 54, 58, 94, 70, 66, 20]
0:20:[0, 54, 58, 95, 70, 66, 20]
0:20:[0, 54, 59, 96, 71, 66, 20]
0:20:[0, 54, 59, 97, 71, 66, 20]
0:20:[0, 54, 59, 98, 71, 66, 20]
0:21:[0, 54, 57, 90, 69, 67, 21]
0:21:[0, 54, 57, 91, 69, 67, 21]
0:21:[0, 54, 57, 92, 69, 67, 21]
0:21:[0, 54, 58, 93, 70, 67, 21]
0:21:[0, 54, 58, 94, 70, 67, 21]
0:21:[0, 54, 58, 95, 70, 67, 21]
0:21:[0, 54, 59, 96, 71, 67, 21]
0:21:[0, 54, 59, 97, 71, 67, 21]
0:21:[0, 54, 59, 98, 71, 67, 21]
0:22:[0, 54, 57, 90, 69, 67, 22]
0:22:[0, 54, 57, 91, 69, 67, 22]
0:22:[0, 54, 57, 92, 69, 67, 22]
0:22:[0, 54, 58, 93, 70, 67, 22]
0:22:[0, 54, 58, 94, 70, 67, 22]
0:22:[0, 54, 58, 95, 70, 67, 22]
0:22:[0, 54, 59, 96, 71, 67, 22]
0:22:[0, 54, 59, 97, 71, 67, 22]
0:22:[0, 54, 59, 98, 71, 67, 22]
0:23:[0, 54, 57, 90, 69, 67, 23]
0:23:[0, 54, 57, 91, 69, 67, 23]
0:23:[0, 54, 57, 92, 69, 67, 23]
0:23:[0, 54, 58, 93, 70, 67, 23]
0:23:[0, 54, 58, 94, 70, 67, 23]
0:23:[0, 54, 58, 95, 70, 67, 23]
0:23:[0, 54, 59, 96, 71, 67, 23]
0:23:[0, 54, 59, 97, 71, 67, 23]
0:23:[0, 54, 59, 98, 71, 67, 23]
0:24:[0, 54, 57, 90, 69, 68, 24]
0:24:[0, 54, 57, 91, 69, 68, 24]
0:24:[0, 54, 57, 92, 69, 68, 24]
0:24:[0, 54, 58, 93, 70, 68, 24]
0:24:[0, 54, 58, 94, 70, 68, 24]
0:24:[0, 54, 58, 95, 70, 68, 24]
0:24:[0, 54, 59, 96, 71, 68, 24]
0:24:[0, 54, 59, 97, 71, 68, 24]
0:24:[0, 54, 59, 98, 71, 68, 24]
0:25:[0, 54, 57, 90, 69, 68, 25]
0:25:[0, 54, 57, 91, 69, 68, 25]
0:25:[0, 54, 57, 92, 69, 68, 25]
0:25:[0, 54, 58, 93, 70, 68, 25]
0:25:[0, 54, 58, 94, 70, 68, 25]
0:25:[0, 54, 58, 95, 70, 68, 25]
0:25:[0, 54, 59, 96, 71, 68, 25]
0:25:[0, 54, 59, 97, 71, 68, 25]
0:25:[0, 54, 59, 98, 71, 68, 25]
0:26:[0, 54, 57, 90, 69, 68, 26]
0:26:[0, 54, 57, 91, 69, 68, 26]
0:26:[0, 54, 57, 92, 69, 68, 26]
0:26:[0, 54, 58, 93, 70, 68, 26]
0:26:[0, 54, 58, 94, 70, 68, 26]
0:26:[0, 54, 58, 95, 70, 68, 26]
0:26:[0, 54, 59, 96, 71, 68, 26]
0:26:[0, 54, 59, 97, 71, 68, 26]
0:26:[0, 54, 59, 98, 71, 68, 26]
0:27:[0, 54, 57, 90, 75, 72, 27]
0:27:[0, 54, 57, 91, 75, 72, 27]
0:27:[0, 54, 57, 92, 75, 72, 27]
0:27:[0, 54, 58, 93, 76, 72, 27]
0:27:[0, 54, 58, 94, 76, 72, 27]
0:27:[0, 54, 58, 95, 76, 72, 27]
0:27:[0, 54, 59, 96, 77, 72, 27]
0:27:[0, 54, 59, 97, 77, 72, 27]
0:27:[0, 54, 59, 98, 77, 72, 27]
0:28:[0, 54, 57, 90, 75, 72, 28]
0:28:[0, 54, 57, 91, 75, 72, 28]
0:28:[0, 54, 57, 92, 75, 72, 28]
0:28:[0, 54, 58, 93, 76, 72, 28]
0:28:[0, 54, 58, 94, 76, 72, 28]
0:28:[0, 54, 58, 95, 76, 72, 28]
0:28:[0, 54, 59, 96, 77, 72, 28]
0:28:[0, 54, 59, 97, 77, 72, 28]
0:28:[0, 54, 59, 98, 77, 72, 28]
0:29:[0, 54, 57, 90, 75, 72, 29]
0:29:[0, 54, 57, 91, 75, 72, 29]
0:29:[0, 54, 57, 92, 75, 72, 29]
0:29:[0, 54, 58, 93, 76, 72, 29]
0:29:[0, 54, 58, 94, 76, 72, 29]
0:29:[0, 54, 58, 95, 76, 72, 29]
0:29:[0, 54, 59, 96, 77, 72, 29]
0:29:[0, 54, 59, 97, 77, 72, 29]
0:29:[0, 54, 59, 98, 77, 72, 29]
0:30:[0, 54, 57, 90, 75, 73, 30]
0:30:[0, 54, 57, 91, 75, 73, 30]
0:30:[0, 54, 57, 92, 75, 73, 30]
0:30:[0, 54, 58, 93, 76, 73, 30]
0:30:[0, 54, 58, 94, 76, 73, 30]
0:30:[0, 54, 58, 95, 76, 73, 30]
0:30:[0, 54, 59, 96, 77, 73, 30]
0:30:[0, 54, 59, 97, 77, 73, 30]
0:30:[0, 54, 59, 98, 77, 73, 30]
0:31:[0, 54, 57, 90, 75, 73, 31]
0:31:[0, 54, 57, 91, 75, 73, 31]
0:31:[0, 54, 57, 92, 75, 73, 31]
0:31:[0, 54, 58, 93, 76, 73, 31]
0:31:[0, 54, 58, 94, 76, 73, 31]
0:31:[0, 54, 58, 95, 76, 73, 31]
0:31:[0, 54, 59, 96, 77, 73, 31]
0:31:[0, 54, 59, 97, 77, 73, 31]
0:31:[0, 54, 59, 98, 77, 73, 31]
0:32:[0, 54, 57, 90, 75, 73, 32]
0:32:[0, 54, 57, 91, 75, 73, 32]
0:32:[0, 54, 57, 92, 75, 73, 32]
0:32:[0, 54, 58, 93, 76, 73, 32]
0:32:[0, 54, 58, 94, 76, 73, 32]
0:32:[0, 54, 58, 95, 76, 73, 32]
0:32:[0, 54, 59, 96, 77, 73, 32]
0:32:[0, 54, 59, 97, 77, 73, 32]
0:32:[0, 54, 59, 98, 77, 73, 32]
0:33:[0, 54, 57, 90, 75, 74, 33]
0:33:[0, 54, 57, 91, 75, 74, 33]
0:33:[0, 54, 57, 92, 75, 74, 33]
0:33:[0, 54, 58, 93, 76, 74, 33]
0:33:[0, 54, 58, 94, 76, 74, 33]
0:33:[0, 54, 58, 95, 76, 74, 33]
0:33:[0, 54, 59, 96, 77, 74, 33]
0:33:[0, 54, 59, 97, 77, 74, 33]
0:33:[0, 54, 59, 98, 77, 74, 33]
0:34:[0, 54, 57, 90, 75, 74, 34]
0:34:[0, 54, 57, 91, 75, 74, 34]
0:34:[0, 54, 57, 92, 75, 74, 34]
0:34:[0, 54, 58, 93, 76, 74, 34]
0:34:[0, 54, 58, 94, 76, 74, 34]
0:34:[0, 54, 58, 95, 76, 74, 34]
0:34:[0, 54, 59, 96, 77, 74, 34]
0:34:[0, 54, 59, 97, 77, 74, 34]
0:34:[0, 54, 59, 98, 77, 74, 34]
0:35:[0, 54, 57, 90, 75, 74, 35]
0:35:[0, 54, 57, 91, 75, 74, 35]
0:35:[0, 54, 57, 92, 75, 74, 35]
0:35:[0, 54, 58, 93, 76, 74, 35]
0:35:[0, 54, 58, 94, 76, 74, 35]
0:35:[0, 54, 58, 95, 76, 74, 35]
0:35:[0, 54, 59, 96, 77, 74, 35]
0:35:[0, 54, 59, 97, 77, 74, 35]
0:35:[0, 54, 59, 98, 77, 74, 35]
0:36:[0, 54, 57, 90, 81, 78, 36]
0:36:[0, 54, 57, 91, 81, 78, 36]
0:36:[0, 54, 57, 92, 81, 78, 36]
0:36:[0, 54, 58, 93, 82, 78, 36]
0:36:[0, 54, 58, 94, 82, 78, 36]
0:36:[0, 54, 58, 95, 82, 78, 36]
0:36:[0, 54, 59, 96, 83, 78, 36]
0:36:[0, 54, 59, 97, 83, 78, 36]
0:36:[0, 54, 59, 98, 83, 78, 36]
0:37:[0, 54, 57, 90, 81, 78, 37]
0:37:[0, 54, 57, 91, 81, 78, 37]
0:37:[0, 54, 57, 92, 81, 78, 37]
0:37:[0, 54, 58, 93, 82, 78, 37]
0:37:[0, 54, 58, 94, 82, 78, 37]
0:37:[0, 54, 58, 95, 82, 78, 37]
0:37:[0, 54, 59, 96, 83, 78, 37]
0:37:[0, 54, 59, 97, 83, 78, 37]
0:37:[0, 54, 59, 98, 83, 78, 37]
0:38:[0, 54, 57, 90, 81, 78, 38]
0:38:[0, 54, 57, 91, 81, 78, 38]
0:38:[0, 54, 57, 92, 81, 78, 38]
0:38:[0, 54, 58, 93, 82, 78, 38]
0:38:[0, 54, 58, 94, 82, 78, 38]
0:38:[0, 54, 58, 95, 82, 78, 38]
0:38:[0, 54, 59, 96, 83, 78, 38]
0:38:[0, 54, 59, 97, 83, 78, 38]
0:38:[0, 54, 59, 98, 83, 78, 38]
0:39:[0, 54, 57, 90, 81, 79, 39]
0:39:[0, 54, 57, 91, 81, 79, 39]
0:39:[0, 54, 57, 92, 81, 79, 39]
0:39:[0, 54, 58, 93, 82, 79, 39]
0:39:[0, 54, 58, 94, 82, 79, 39]
0:39:[0, 54, 58, 95, 82, 79, 39]
0:39:[0, 54, 59, 96, 83, 79, 39]
0:39:[0, 54, 59, 97, 83, 79, 39]
0:39:[0, 54, 59, 98, 83, 79, 39]
0:40:[0, 54, 57, 90, 81, 79, 40]
0:40:[0, 54, 57, 91, 81, 79, 40]
0:40:[0, 54, 57, 92, 81, 79, 40]
0:40:[0, 54, 58, 93, 82, 79, 40]
0:40:[0, 54, 58, 94, 82, 79, 40]
0:40:[0, 54, 58, 95, 82, 79, 40]
0:40:[0, 54, 59, 96, 83, 79, 40]
0:40:[0, 54, 59, 97, 83, 79, 40]
0:40:[0, 54, 59, 98, 83, 79, 40]
0:41:[0, 54, 57, 90, 81, 79, 41]
0:41:[0, 54, 57, 91, 81, 79, 41]
0:41:[0, 54, 57, 92, 81, 79, 41]
0:41:[0, 54, 58, 93, 82, 79, 41]
0:41:[0, 54, 58, 94, 82, 79, 41]
0:41:[0, 54, 58, 95, 82, 79, 41]
0:41:[0, 54, 59, 96, 83, 79, 41]
0:41:[0, 54, 59, 97, 83, 79, 41]
0:41:[0, 54, 59, 98, 83, 79, 41]
0:42:[0, 54, 57, 90, 81, 80, 42]
0:42:[0, 54, 57, 91, 81, 80, 42]
0:42:[0, 54, 57, 92, 81, 80, 42]
0:42:[0, 54, 58, 93, 82, 80, 42]
0:42:[0, 54, 58, 94, 82, 80, 42]
0:42:[0, 54, 58, 95, 82, 80, 42]
0:42:[0, 54, 59, 96, 83, 80, 42]
0:42:[0, 54, 59, 97, 83, 80, 42]
0:42:[0, 54, 59, 98, 83, 80, 42]
0:43:[0, 54, 57, 90, 81, 80, 43]
0:43:[0, 54, 57, 91, 81, 80, 43]
0:43:[0, 54, 57, 92, 81, 80, 43]
0:43:[0, 54, 58, 93, 82, 80, 43]
0:43:[0, 54, 58, 94, 82, 80, 43]
0:43:[0, 54, 58, 95, 82, 80, 43]
0:43:[0, 54, 59, 96, 83, 80, 43]
0:43:[0, 54, 59, 97, 83, 80, 43]
0:43:[0, 54, 59, 98, 83, 80, 43]
0:44:[0, 54, 57, 90, 81, 80, 44]
0:44:[0, 54, 57, 91, 81, 80, 44]
0:44:[0, 54, 57, 92, 81, 80, 44]
0:44:[0, 54, 58, 93, 82, 80, 44]
0:44:[0, 54, 58, 94, 82, 80, 44]
0:44:[0, 54, 58, 95, 82, 80, 44]
0:44:[0, 54, 59, 96, 83, 80, 44]
0:44:[0, 54, 59, 97, 83, 80, 44]
0:44:[0, 54, 59, 98, 83, 80, 44]
0:45:[0, 54, 57, 90, 87, 84, 45]
0:45:[0, 54, 57, 91, 87, 84, 45]
0:45:[0, 54, 57, 92, 87, 84, 45]
0:45:[0, 54, 58, 93, 88, 84, 45]
0:45:[0, 54, 58, 94, 88, 84, 45]
0:45:[0, 54, 58, 95, 88, 84, 45]
0:45:[0, 54, 59, 96, 89, 84, 45]
0:45:[0, 54, 59, 97, 89, 84, 45]
0:45:[0, 54, 59, 98, 89, 84, 45]
0:46:[0, 54, 57, 90, 87, 84, 46]
0:46:[0, 54, 57, 91, 87, 84, 46]
0:46:[0, 54, 57, 92, 87, 84, 46]
0:46:[0, 54, 58, 93, 88, 84, 46]
0:46:[0, 54, 58, 94, 88, 84, 46]
0:46:[0, 54, 58, 95, 88, 84, 46]
0:46:[0, 54, 59, 96, 89, 84, 46]
0:46:[0, 54, 59, 97, 89, 84, 46]
0:46:[0, 54, 59, 98, 89, 84, 46]
0:47:[0, 54, 57, 90, 87, 84, 47]
0:47:[0, 54, 57, 91, 87, 84, 47]
0:47:[0, 54, 57, 92, 87, 84, 47]
0:47:[0, 54, 58, 93, 88, 84, 47]
0:47:[0, 54, 58, 94, 88, 84, 47]
0:47:[0, 54, 58, 95, 88, 84, 47]
0:47:[0, 54, 59, 96, 89, 84, 47]
0:47:[0, 54, 59, 97, 89, 84, 47]
0:47:[0, 54, 59, 98, 89, 84, 47]
0:48:[0, 54, 57, 90, 87, 85, 48]
0:48:[0, 54, 57, 91, 87, 85, 48]
0:48:[0, 54, 57, 92, 87, 85, 48]
0:48:[0, 54, 58, 93, 88, 85, 48]
0:48:[0, 54, 58, 94, 88, 85, 48]
0:48:[0, 54, 58, 95, 88, 85, 48]
0:48:[0, 54, 59, 96, 89, 85, 48]
0:48:[0, 54, 59, 97, 89, 85, 48]
0:48:[0, 54, 59, 98, 89, 85, 48]
0:49:[0, 54, 57, 90, 87, 85, 49]
0:49:[0, 54, 57, 91, 87, 85, 49]
0:49:[0, 54, 57, 92, 87, 85, 49]
0:49:[0, 54, 58, 93, 88, 85, 49]
0:49:[0, 54, 58, 94, 88, 85, 49]
0:49:[0, 54, 58, 95, 88, 85, 49]
0:49:[0, 54, 59, 96, 89, 85, 49]
0:49:[0, 54, 59, 97, 89, 85, 49]
0:49:[0, 54, 59, 98, 89, 85, 49]
0:50:[0, 54, 57, 90, 87, 85, 50]
0:50:[0, 54, 57, 91, 87, 85, 50]
0:50:[0, 54, 57, 92, 87, 85, 50]
0:50:[0, 54, 58, 93, 88, 85, 50]
0:50:[0, 54, 58, 94, 88, 85, 50]
0:50:[0, 54, 58, 95, 88, 85, 50]
0:50:[0, 54, 59, 96, 89, 85, 50]
0:50:[0, 54, 59, 97, 89, 85, 50]
0:50:[0, 54, 59, 98, 89, 85, 50]
0:51:[0, 54, 57, 90, 87, 86, 51]
0:51:[0, 54, 57, 91, 87, 86, 51]
0:51:[0, 54, 57, 92, 87, 86, 51]
0:51:[0, 54, 58, 93, 88, 86, 51]
0:51:[0, 54, 58, 94, 88, 86, 51]
0:51:[0, 54, 58, 95, 88, 86, 51]
0:51:[0, 54, 59, 96, 89, 86, 51]
0:51:[0, 54, 59, 97, 89, 86, 51]
0:51:[0, 54, 59, 98, 89, 86, 51]
0:52:[0, 54, 57, 90, 87, 86, 52]
0:52:[0, 54, 57, 91, 87, 86, 52]
0:52:[0, 54, 57, 92, 87, 86, 52]
0:52:[0, 54, 58, 93, 88, 86, 52]
0:52:[0, 54, 58, 94, 88, 86, 52]
0:52:[0, 54, 58, 95, 88, 86, 52]
0:52:[0, 54, 59, 96, 89, 86, 52]
0:52:[0, 54, 59, 97, 89, 86, 52]
0:52:[0, 54, 59, 98, 89, 86, 52]
0:53:[0, 54, 57, 90, 87, 86, 53]
0:53:[0, 54, 57, 91, 87, 86, 53]
0:53:[0, 54, 57, 92, 87, 86, 53]
0:53:[0, 54, 58, 93, 88, 86, 53]
0:53:[0, 54, 58, 94, 88, 86, 53]
0:53:[0, 54, 58, 95, 88, 86, 53]
0:53:[0, 54, 59, 96, 89, 86, 53]
0:53:[0, 54, 59, 97, 89, 86, 53]
0:53:[0, 54, 59, 98, 89, 86, 53]
1:0:[1, 54, 0]
1:2:[1, 54, 2]
1:3:[1, 54, 57, 55, 3]
1:3:[1, 54, 58, 55, 3]
1:3:[1, 54, 59, 55, 3]
1:4:[1, 54, 57, 55, 4]
1:4:[1, 54, 58, 55, 4]
1:4:[1, 54, 59, 55, 4]
1:5:[1, 54, 57, 55, 5]
1:5:[1, 54, 58, 55, 5]
1:5:[1, 54, 59, 55, 5]
1:6:[1, 54, 57, 56, 6]
1:6:[1, 54, 58, 56, 6]
1:6:[1, 54, 59, 56, 6]
1:7:[1, 54, 57, 56, 7]
1:7:[1, 54, 58, 56, 7]
1:7:[1, 54, 59, 56, 7]
1:8:[1, 54, 57, 56, 8]
1:8:[1, 54, 58, 56, 8]
1:8:[1, 54, 59, 56, 8]
1:9:[1, 54, 57, 90, 63, 60, 9]
1:9:[1, 54, 57, 91, 63, 60, 9]
1:9:[1, 54, 57, 92, 63, 60, 9]
1:9:[1, 54, 58, 93, 64, 60, 9]
1:9:[1, 54, 58, 94, 64, 60, 9]
1:9:[1, 54, 58, 95, 64, 60, 9]
1:9:[1, 54, 59, 96, 65, 60, 9]
1:9:[1, 54, 59, 97, 65, 60, 9]
1:9:[1, 54, 59, 98, 65, 60, 9]
1:10:[1, 54, 57, 90, 63, 60, 10]
1:10:[1, 54, 57, 91, 63, 60, 10]
1:10:[1, 54, 57, 92, 63, 60, 10]
1:10:[1, 54, 58, 93, 64, 60, 10]
1:10:[1, 54, 58, 94, 64, 60, 10]
1:10:[1, 54, 58, 95, 64, 60, 10]
1:10:[1, 54, 59, 96, 65, 60, 10]
1:10:[1, 54, 59, 97, 65, 60, 10]
1:10:[1, 54, 59, 98, 65, 60, 10]
1:11:[1, 54, 57, 90, 63, 60, 11]
1:11:[1, 54, 57, 91, 63, 60, 11]
1:11:[1, 54, 57, 92, 63, 60, 11]
1:11:[1, 54, 58, 93, 64, 60, 11]
1:11:[1, 54, 58, 94, 64, 60, 11]
1:11:[1, 54, 58, 95, 64, 60, 11]
1:11:[1, 54, 59, 96, 65, 60, 11]
1:11:[1, 54, 59, 97, 65, 60, 11]
1:11:[1, 54, 59, 98, 65, 60, 11]
1:12:[1, 54, 57, 90, 63, 61, 12]
1:12:[1, 54, 57, 91, 63, 61, 12]
1:12:[1, 54, 57, 92, 63, 61, 12]
1:12:[1, 54, 58, 93, 64, 61, 12]
1:12:[1, 54, 58, 94, 64, 61, 12]
1:12:[1, 54, 58, 95, 64, 61, 12]
1:12:[1, 54, 59, 96, 65, 61, 12]
1:12:[1, 54, 59, 97, 65, 61, 12]
1:12:[1, 54, 59, 98, 65, 61, 12]
1:13:[1, 54, 57, 90, 63, 61, 13]
1:13:[1, 54, 57, 91, 63, 61, 13]
1:13:[1, 54, 57, 92, 63, 61, 13]
1:13:[1, 54, 58, 93, 64, 61, 13]
1:13:[1, 54, 58, 94, 64, 61, 13]
1:13:[1, 54, 58, 95, 64, 61, 13]
1:13:[1, 54, 59, 96, 65, 61, 13]
1:13:[1, 54, 59, 97, 65, 61, 13]
1:13:[1, 54, 59, 98, 65, 61, 13]
1:14:[1, 54, 57, 90, 63, 61, 14]
1:14:[1, 54, 57, 91, 63, 61, 14]
1:14:[1, 54, 57, 92, 63, 61, 14]
1:14:[1, 54, 58, 93, 64, 61, 14]
1:14:[1, 54, 58, 94, 64, 61, 14]
1:14:[1, 54, 58, 95, 64, 61, 14]
1:14:[1, 54, 59, 96, 65, 61, 14]
1:14:[1, 54, 59, 97, 65, 61, 14]
1:14:[1, 54, 59, 98, 65, 61, 14]
1:15:[1, 54, 57, 90, 63, 62, 15]
1:15:[1, 54, 57, 91, 63, 62, 15]
1:15:[1, 54, 57, 92, 63, 62, 15]
1:15:[1, 54, 58, 93, 64, 62, 15]
1:15:[1, 54, 58, 94, 64, 62, 15]
1:15:[1, 54, 58, 95, 64, 62, 15]
1:15:[1, 54, 59, 96, 65, 62, 15]
1:15:[1, 54, 59, 97, 65, 62, 15]
1:15:[1, 54, 59, 98, 65, 62, 15]
1:16:[1, 54, 57, 90, 63, 62, 16]
1:16:[1, 54, 57, 91, 63, 62, 16]
1:16:[1, 54, 57, 92, 63, 62, 16]
1:16:[1, 54, 58, 93, 64, 62, 16]
1:16:[1, 54, 58, 94, 64, 62, 16]
1:16:[1, 54, 58, 95, 64, 62, 16]
1:16:[1, 54, 59, 96, 65, 62, 16]
1:16:[1, 54, 59, 97, 65, 62, 16]
1:16:[1, 54, 59, 98, 65, 62, 16]
1:17:[1, 54, 57, 90, 63, 62, 17]
1:17:[1, 54, 57, 91, 63, 62, 17]
1:17:[1, 54, 57, 92, 63, 62, 17]
1:17:[1, 54, 58, 93, 64, 62, 17]
1:17:[1, 54, 58, 94, 64, 62, 17]
1:17:[1, 54, 58, 95, 64, 62, 17]
1:17:[1, 54, 59, 96, 65, 62, 17]
1:17:[1, 54, 59, 97, 65, 62, 17]
1:17:[1, 54, 59, 98, 65, 62, 17]
1:18:[1, 54, 57, 90, 69, 66, 18]
1:18:[1, 54, 57, 91, 69, 66, 18]
1:18:[1, 54, 57, 92, 69, 66, 18]
1:18:[1, 54, 58, 93, 70, 66, 18]
1:18:[1, 54, 58, 94, 70, 66, 18]
1:18:[1, 54, 58, 95, 70, 66, 18]
1:18:[1, 54, 59, 96, 71, 66, 18]
1:18:[1, 54, 59, 97, 71, 66, 18]
1:18:[1, 54, 59, 98, 71, 66, 18]
1:19:[1, 54, 57, 90, 69, 66, 19]
1:19:[1, 54, 57, 91, 69, 66, 19]
1:19:[1, 54, 57, 92, 69, 66, 19]
1:19:[1, 54, 58, 93, 70, 66, 19]
1:19:[1, 54, 58, 94, 70, 66, 19]
1:19:[1, 54, 58, 95, 70, 66, 19]
1:19:[1, 54, 59, 96, 71, 66, 19]
1:19:[1, 54, 59, 97, 71, 66, 19]
1:19:[1, 54, 59, 98, 71, 66, 19]
1:20:[1, 54, 57, 90, 69, 66, 20]
1:20:[1, 54, 57, 91, 69, 66, 20]
1:20:[1, 54, 57, 92, 69, 66, 20]
1:20:[1, 54, 58, 93, 70, 66, 20]
1:20:[1, 54, 58, 94, 70, 66, 20]
1:20:[1, 54, 58, 95, 70, 66, 20]
1:20:[1, 54, 59, 96, 71, 66, 20]
1:20:[1, 54, 59, 97, 71, 66, 20]
1:20:[1, 54, 59, 98, 71, 66, 20]
1:21:[1, 54, 57, 90, 69, 67, 21]
1:21:[1, 54, 57, 91, 69, 67, 21]
1:21:[1, 54, 57, 92, 69, 67, 21]
1:21:[1, 54, 58, 93, 70, 67, 21]
1:21:[1, 54, 58, 94, 70, 67, 21]
1:21:[1, 54, 58, 95, 70, 67, 21]
1:21:[1, 54, 59, 96, 71, 67, 21]
1:21:[1, 54, 59, 97, 71, 67, 21]
1:21:[1, 54, 59, 98, 71, 67, 21]
1:22:[1, 54, 57, 90, 69, 67, 22]
1:22:[1, 54, 57, 91, 69, 67, 22]
1:22:[1, 54, 57, 92, 69, 67, 22]
1:22:[1, 54, 58, 93, 70, 67, 22]
1:22:[1, 54, 58, 94, 70, 67, 22]
1:22:[1, 54, 58, 95, 70, 67, 22]
1:22:[1, 54, 59, 96, 71, 67, 22]
1:22:[1, 54, 59, 97, 71, 67, 22]
1:22:[1, 54, 59, 98, 71, 67, 22]
1:23:[1, 54, 57, 90, 69, 67, 23]
1:23:[1, 54, 57, 91, 69, 67, 23]
1:23:[1, 54, 57, 92, 69, 67, 23]
1:23:[1, 54, 58, 93, 70, 67, 23]
1:23:[1, 54, 58, 94, 70, 67, 23]
1:23:[1, 54, 58, 95, 70, 67, 23]
1:23:[1, 54, 59, 96, 71, 67, 23]
1:23:[1, 54, 59, 97, 71, 67, 23]
1:23:[1, 54, 59, 98, 71, 67, 23]
1:24:[1, 54, 57, 90, 69, 68, 24]
1:24:[1, 54, 57, 91, 69, 68, 24]
1:24:[1, 54, 57, 92, 69, 68, 24]
1:24:[1, 54, 58, 93, 70, 68, 24]
1:24:[1, 54, 58, 94, 70, 68, 24]
1:24:[1, 54, 58, 95, 70, 68, 24]
1:24:[1, 54, 59, 96, 71, 68, 24]
1:24:[1, 54, 59, 97, 71, 68, 24]
1:24:[1, 54, 59, 98, 71, 68, 24]
1:25:[1, 54, 57, 90, 69, 68, 25]
1:25:[1, 54, 57, 91, 69, 68, 25]
1:25:[1, 54, 57, 92, 69, 68, 25]
1:25:[1, 54, 58, 93, 70, 68, 25]
1:25:[1, 54, 58, 94, 70, 68, 25]
1:25:[1, 54, 58, 95, 70, 68, 25]
1:25:[1, 54, 59, 96, 71, 68, 25]
1:25:[1, 54, 59, 97, 71, 68, 25]
1:25:[1, 54, 59, 98, 71, 68, 25]
1:26:[1, 54, 57, 90, 69, 68, 26]
1:26:[1, 54, 57, 91, 69, 68, 26]
1:26:[1, 54, 57, 92, 69, 68, 26]
1:26:[1, 54, 58, 93, 70, 68, 26]
1:26:[1, 54, 58, 94, 70, 68, 26]
1:26:[1, 54, 58, 95, 70, 68, 26]
1:26:[1, 54, 59, 96, 71, 68, 26]
1:26:[1, 54, 59, 97, 71, 68, 26]
1:26:[1, 54, 59, 98, 71, 68, 26]
1:27:[1, 54, 57, 90, 75, 72, 27]
1:27:[1, 54, 57, 91, 75, 72, 27]
1:27:[1, 54, 57, 92, 75, 72, 27]
1:27:[1, 54, 58, 93, 76, 72, 27]
1:27:[1, 54, 58, 94, 76, 72, 27]
1:27:[1, 54, 58, 95, 76, 72, 27]
1:27:[1, 54, 59, 96, 77, 72, 27]
1:27:[1, 54, 59, 97, 77, 72, 27]
1:27:[1, 54, 59, 98, 77, 72, 27]
1:28:[1, 54, 57, 90, 75, 72, 28]
1:28:[1, 54, 57, 91, 75, 72, 28]
1:28:[1, 54, 57, 92, 75, 72, 28]
1:28:[1, 54, 58, 93, 76, 72, 28]
1:28:[1, 54, 58, 94, 76, 72, 28]
1:28:[1, 54, 58, 95, 76, 72, 28]
1:28:[1, 54, 59, 96, 77, 72, 28]
1:28:[1, 54, 59, 97, 77, 72, 28]
1:28:[1, 54, 59, 98, 77, 72, 28]
1:29:[1, 54, 57, 90, 75, 72, 29]
1:29:[1, 54, 57, 91, 75, 72, 29]
1:29:[1, 54, 57, 92, 75, 72, 29]
1:29:[1, 54, 58, 93, 76, 72, 29]
1:29:[1, 54, 58, 94, 76, 72, 29]
1:29:[1, 54, 58, 95, 76, 72, 29]
1:29:[1, 54, 59, 96, 77, 72, 29]
1:29:[1, 54, 59, 97, 77, 72, 29]
1:29:[1, 54, 59, 98, 77, 72, 29]
1:30:[1, 54, 57, 90, 75, 73, 30]
1:30:[1, 54, 57, 91, 75, 73, 30]
1:30:[1, 54, 57, 92, 75, 73, 30]
1:30:[1, 54, 58, 93, 76, 73, 30]
1:30:[1, 54, 58, 94, 76, 73, 30]
1:30:[1, 54, 58, 95, 76, 73, 30]
1:30:[1, 54, 59, 96, 77, 73, 30]
1:30:[1, 54, 59, 97, 77, 73, 30]
1:30:[1, 54, 59, 98, 77, 73, 30]
1:31:[1, 54, 57, 90, 75, 73, 31]
1:31:[1, 54, 57, 91, 75, 73, 31]
1:31:[1, 54, 57, 92, 75, 73, 31]
1:31:[1, 54, 58, 93, 76, 73, 31]
1:31:[1, 54, 58, 94, 76, 73, 31]
1:31:[1, 54, 58, 95, 76, 73, 31]
1:31:[1, 54, 59, 96, 77, 73, 31]
1:31:[1, 54, 59, 97, 77, 73, 31]
1:31:[1, 54, 59, 98, 77, 73, 31]
1:32:[1, 54, 57, 90, 75, 73, 32]
1:32:[1, 54, 57, 91, 75, 73, 32]
1:32:[1, 54, 57, 92, 75, 73, 32]
1:32:[1, 54, 58, 93, 76, 73, 32]
1:32:[1, 54, 58, 94, 76, 73, 32]
1:32:[1, 54, 58, 95, 76, 73, 32]
1:32:[1, 54, 59, 96, 77, 73, 32]
1:32:[1, 54, 59, 97, 77, 73, 32]
1:32:[1, 54, 59, 98, 77, 73, 32]
1:33:[1, 54, 57, 90, 75, 74, 33]
1:33:[1, 54, 57, 91, 75, 74, 33]
1:33:[1, 54, 57, 92, 75, 74, 33]
1:33:[1, 54, 58, 93, 76, 74, 33]
1:33:[1, 54, 58, 94, 76, 74, 33]
1:33:[1, 54, 58, 95, 76, 74, 33]
1:33:[1, 54, 59, 96, 77, 74, 33]
1:33:[1, 54, 59, 97, 77, 74, 33]
1:33:[1, 54, 59, 98, 77, 74, 33]
1:34:[1, 54, 57, 90, 75, 74, 34]
1:34:[1, 54, 57, 91, 75, 74, 34]
1:34:[1, 54, 57, 92, 75, 74, 34]
1:34:[1, 54, 58, 93, 76, 74, 34]
1:34:[1, 54, 58, 94, 76, 74, 34]
1:34:[1, 54, 58, 95, 76, 74, 34]
1:34:[1, 54, 59, 96, 77, 74, 34]
1:34:[1, 54, 59, 97, 77, 74, 34]
1:34:[1, 54, 59, 98, 77, 74, 34]
1:35:[1, 54, 57, 90, 75, 74, 35]
1:35:[1, 54, 57, 91, 75, 74, 35]
1:35:[1, 54, 57, 92, 75, 74, 35]
1:35:[1, 54, 58, 93, 76, 74, 35]
1:35:[1, 54, 58, 94, 76, 74, 35]
1:35:[1, 54, 58, 95, 76, 74, 35]
1:35:[1, 54, 59, 96, 77, 74, 35]
1:35:[1, 54, 59, 97, 77, 74, 35]
1:35:[1, 54, 59, 98, 77, 74, 35]
1:36:[1, 54, 57, 90, 81, 78, 36]
1:36:[1, 54, 57, 91, 81, 78, 36]
1:36:[1, 54, 57, 92, 81, 78, 36]
1:36:[1, 54, 58, 93, 82, 78, 36]
1:36:[1, 54, 58, 94, 82, 78, 36]
1:36:[1, 54, 58, 95, 82, 78, 36]
1:36:[1, 54, 59, 96, 83, 78, 36]
1:36:[1, 54, 59, 97, 83, 78, 36]
1:36:[1, 54, 59, 98, 83, 78, 36]
1:37:[1, 54, 57, 90, 81, 78, 37]
1:37:[1, 54, 57, 91, 81, 78, 37]
1:37:[1, 54, 57, 92, 81, 78, 37]
1:37:[1, 54, 58, 93, 82, 78, 37]
1:37:[1, 54, 58, 94, 82, 78, 37]
1:37:[1, 54, 58, 95, 82, 78, 37]
1:37:[1, 54, 59, 96, 83, 78, 37]
1:37:[1, 54, 59, 97, 83, 78, 37]
1:37:[1, 54, 59, 98, 83, 78, 37]
1:38:[1, 54, 57, 90, 81, 78, 38]
1:38:[1, 54, 57, 91, 81, 78, 38]
1:38:[1, 54, 57, 92, 81, 78, 38]
1:38:[1, 54, 58, 93, 82, 78, 38]
1:38:[1, 54, 58, 94, 82, 78, 38]
1:38:[1, 54, 58, 95, 82, 78, 38]
1:38:[1, 54, 59, 96, 83, 78, 38]
1:38:[1, 54, 59, 97, 83, 78, 38]
1:38:[1, 54, 59, 98, 83, 78, 38]
1:39:[1, 54, 57, 90, 81, 79, 39]
1:39:[1, 54, 57, 91, 81, 79, 39]
1:39:[1, 54, 57, 92, 81, 79, 39]
1:39:[1, 54, 58, 93, 82, 79, 39]
1:39:[1, 54, 58, 94, 82, 79, 39]
1:39:[1, 54, 58, 95, 82, 79, 39]
1:39:[1, 54, 59, 96, 83, 79, 39]
1:39:[1, 54, 59, 97, 83, 79, 39]
1:39:[1, 54, 59, 98, 83, 79, 39]
1:40:[1, 54, 57, 90, 81, 79, 40]
1:40:[1, 54, 57, 91, 81, 79, 40]
1:40:[1, 54, 57, 92, 81, 79, 40]
1:40:[1, 54, 58, 93, 82, 79, 40]
1:40:[1, 54, 58, 94, 82, 79, 40]
1:40:[1, 54, 58, 95, 82, 79, 40]
1:40:[1, 54, 59, 96, 83, 79, 40]
1:40:[1, 54, 59, 97, 83, 79, 40]
1:40:[1, 54, 59, 98, 83, 79, 40]
1:41:[1, 54, 57, 90, 81, 79, 41]
1:41:[1, 54, 57, 91, 81, 79, 41]
1:41:[1, 54, 57, 92, 81, 79, 41]
1:41:[1, 54, 58, 93, 82, 79, 41]
1:41:[1, 54, 58, 94, 82, 79, 41]
1:41:[1, 54, 58, 95, 82, 79, 41]
1:41:[1, 54, 59, 96, 83, 79, 41]
1:41:[1, 54, 59, 97, 83, 79, 41]
1:41:[1, 54, 59, 98, 83, 79, 41]
1:42:[1, 54, 57, 90, 81, 80, 42]
1:42:[1, 54, 57, 91, 81, 80, 42]
1:42:[1, 54, 57, 92, 81, 80, 42]
1:42:[1, 54, 58, 93, 82, 80, 42]
1:42:[1, 54, 58, 94, 82, 80, 42]
1:42:[1, 54, 58, 95, 82, 80, 42]
1:42:[1, 54, 59, 96, 83, 80, 42]
1:42:[1, 54, 59, 97, 83, 80, 42]
1:42:[1, 54, 59, 98, 83, 80, 42]
1:43:[1, 54, 57, 90, 81, 80, 43]
1:43:[1, 54, 57, 91, 81, 80, 43]
1:43:[1, 54, 57, 92, 81, 80, 43]
1:43:[1, 54, 58, 93, 82, 80, 43]
1:43:[1, 54, 58, 94, 82, 80, 43]
1:43:[1, 54, 58, 95, 82, 80, 43]
1:43:[1, 54, 59, 96, 83, 80, 43]
1:43:[1, 54, 59, 97, 83, 80, 43]
1:43:[1, 54, 59, 98, 83, 80, 43]
1:44:[1, 54, 57, 90, 81, 80, 44]
1:44:[1, 54, 57, 91, 81, 80, 44]
1:44:[1, 54, 57, 92, 81, 80, 44]
1:44:[1, 54, 58, 93, 82, 80, 44]
1:44:[1, 54, 58, 94, 82, 80, 44]
1:44:[1, 54, 58, 95, 82, 80, 44]
1:44:[1, 54, 59, 96, 83, 80, 44]
1:44:[1, 54, 59, 97, 83, 80, 44]
1:44:[1, 54, 59, 98, 83, 80, 44]
1:45:[1, 54, 57, 90, 87, 84, 45]
1:45:[1, 54, 57, 91, 87, 84, 45]
1:45:[1, 54, 57, 92, 87, 84, 45]
1:45:[1, 54, 58, 93, 88, 84, 45]
1:45:[1, 54, 58, 94, 88, 84, 45]
1:45:[1, 54, 58, 95, 88, 84, 45]
1:45:[1, 54, 59, 96, 89, 84, 45]
1:45:[1, 54, 59, 97, 89, 84, 45]
1:45:[1, 54, 59, 98, 89, 84, 45]
1:46:[1, 54, 57, 90, 87, 84, 46]
1:46:[1, 54, 57, 91, 87, 84, 46]
1:46:[1, 54, 57, 92, 87, 84, 46]
1:46:[1, 54, 58, 93, 88, 84, 46]
1:46:[1, 54, 58, 94, 88, 84, 46]
1:46:[1, 54, 58, 95, 88, 84, 46]
1:46:[1, 54, 59, 96, 89, 84, 46]
1:46:[1, 54, 59, 97, 89, 84, 46]
1:46:[1, 54, 59, 98, 89, 84, 46]
1:47:[1, 54, 57, 90, 87, 84, 47]
1:47:[1, 54, 57, 91, 87, 84, 47]
1:47:[1, 54, 57, 92, 87, 84, 47]
1:47:[1, 54, 58, 93, 88, 84, 47]
1:47:[1, 54, 58, 94, 88, 84, 47]
1:47:[1, 54, 58, 95, 88, 84, 47]
1:47:[1, 54, 59, 96, 89, 84, 47]
1:47:[1, 54, 59, 97, 89, 84, 47]
1:47:[1, 54, 59, 98, 89, 84, 47]
1:48:[1, 54, 57, 90, 87, 85, 48]
1:48:[1, 54, 57, 91, 87, 85, 48]
1:48:[1, 54, 57, 92, 87, 85, 48]
1:48:[1, 54, 58, 93, 88, 85, 48]
1:48:[1, 54, 58, 94, 88, 85, 48]
1:48:[1, 54, 58, 95, 88, 85, 48]
1:48:[1, 54, 59, 96, 89, 85, 48]
1:48:[1, 54, 59, 97, 89, 85, 48]
1:48:[1, 54, 59, 98, 89, 85, 48]
1:49:[1, 54, 57, 90, 87, 85, 49]
1:49:[1, 54, 57, 91, 87, 85, 49]
1:49:[1, 54, 57, 92, 87, 85, 49]
1:49:[1, 54, 58, 93, 88, 85, 49]
1:49:[1, 54, 58, 94, 88, 85, 49]
1:49:[1, 54, 58, 95, 88, 85, 49]
1:49:[1, 54, 59, 96, 89, 85, 49]
1:49:[1, 54, 59, 97, 89, 85, 49]
1:49:[1, 54, 59, 98, 89, 85, 49]
1:50:[1, 54, 57, 90, 87, 85, 50]
1:50:[1, 54, 57, 91, 87, 85, 50]
1:50:[1, 54, 57, 92, 87, 85, 50]
1:50:[1, 54, 58, 93, 88, 85, 50]
1:50:[1, 54, 58, 94, 88, 85, 50]
1:50:[1, 54, 58, 95, 88, 85, 50]
1:50:[1, 54, 59, 96, 89, 85, 50]
1:50:[1, 54, 59, 97, 89, 85, 50]
1:50:[1, 54, 59, 98, 89, 85, 50]
1:51:[1, 54, 57, 90, 87, 86, 51]
1:51:[1, 54, 57, 91, 87, 86, 51]
1:51:[1, 54, 57, 92, 87, 86, 51]
1:51:[1, 54, 58, 93, 88, 86, 51]
1:51:[1, 54, 58, 94, 88, 86, 51]
1:51:[1, 54, 58, 95, 88, 86, 51]
1:51:[1, 54, 59, 96, 89, 86, 51]
1:51:[1, 54, 59, 97, 89, 86, 51]
1:51:[1, 54, 59, 98, 89, 86, 51]
1:52:[1, 54, 57, 90, 87, 86, 52]
1:52:[1, 54, 57, 91, 87, 86, 52]
1:52:[1, 54, 57, 92, 87, 86, 52]
1:52:[1, 54, 58, 93, 88, 86, 52]
1:52:[1, 54, 58, 94, 88, 86, 52]
1:52:[1, 54, 58, 95, 88, 86, 52]
1:52:[1, 54, 59, 96, 89, 86, 52]
1:52:[1, 54, 59, 97, 89, 86, 52]
1:52:[1, 54, 59, 98, 89, 86, 52]
1:53:[1, 54, 57, 90, 87, 86, 53]
1:53:[1, 54, 57, 91, 87, 86, 53]
1:53:[1, 54, 57, 92, 87, 86, 53]
1:53:[1, 54, 58, 93, 88, 86, 53]
1:53:[1, 54, 58, 94, 88, 86, 53]
1:53:[1, 54, 58, 95, 88, 86, 53]
1:53:[1, 54, 59, 96, 89, 86, 53]
1:53:[1, 54, 59, 97, 89, 86, 53]
1:53:[1, 54, 59, 98, 89, 86, 53]
2:0:[2, 54, 0]
2:1:[2, 54, 1]
2:3:[2, 54, 57, 55, 3]
2:3:[2, 54, 58, 55, 3]
2:3:[2, 54, 59, 55, 3]
2:4:[2, 54, 57, 55, 4]
2:4:[2, 54, 58, 55, 4]
2:4:[2, 54, 59, 55, 4]
2:5:[2, 54, 57, 55, 5]
2:5:[2, 54, 58, 55, 5]
2:5:[2, 54, 59, 55, 5]
2:6:[2, 54, 57, 56, 6]
2:6:[2, 54, 58, 56, 6]
2:6:[2, 54, 59, 56, 6]
2:7:[2, 54, 57, 56, 7]
2:7:[2, 54, 58, 56, 7]
2:7:[2, 54, 59, 56, 7]
2:8:[2, 54, 57, 56, 8]
2:8:[2, 54, 58, 56, 8]
2:8:[2, 54, 59, 56, 8]
2:9:[2, 54, 57, 90, 63, 60, 9]
2:9:[2, 54, 57, 91, 63, 60, 9]
2:9:[2, 54, 57, 92, 63, 60, 9]
2:9:[2, 54, 58, 93, 64, 60, 9]
2:9:[2, 54, 58, 94, 64, 60, 9]
2:9:[2, 54, 58, 95, 64, 60, 9]
2:9:[2, 54, 59, 96, 65, 60, 9]
2:9:[2, 54, 59, 97, 65, 60, 9]
2:9:[2, 54, 59, 98, 65, 60, 9]
2:10:[2, 54, 57, 90, 63, 60, 10]
2:10:[2, 54, 57, 91, 63, 60, 10]
2:10:[2, 54, 57, 92, 63, 60, 10]
2:10:[2, 54, 58, 93, 64, 60, 10]
2:10:[2, 54, 58, 94, 64, 60, 10]
2:10:[2, 54, 58, 95, 64, 60, 10]
2:10:[2, 54, 59, 96, 65, 60, 10]
2:10:[2, 54, 59, 97, 65, 60, 10]
2:10:[2, 54, 59, 98, 65, 60, 10]
2:11:[2, 54, 57, 90, 63, 60, 11]
2:11:[2, 54, 57, 91, 63, 60, 11]
2:11:[2, 54, 57, 92, 63, 60, 11]
2:11:[2, 54, 58, 93, 64, 60, 11]
2:11:[2, 54, 58, 94, 64, 60, 11]
2:11:[2, 54, 58, 95, 64, 60, 11]
2:11:[2, 54, 59, 96, 65, 60, 11]
2:11:[2, 54, 59, 97, 65, 60, 11]
2:11:[2, 54, 59, 98, 65, 60, 11]
2:12:[2, 54, 57, 90, 63, 61, 12]
2:12:[2, 54, 57, 91, 63, 61, 12]
2:12:[2, 54, 57, 92, 63, 61, 12]
2:12:[2, 54, 58, 93, 64, 61, 12]
2:12:[2, 54, 58, 94, 64, 61, 12]
2:12:[2, 54, 58, 95, 64, 61, 12]
2:12:[2, 54, 59, 96, 65, 61, 12]
2:12:[2, 54, 59, 97, 65, 61, 12]
2:12:[2, 54, 59, 98, 65, 61, 12]
2:13:[2, 54, 57, 90, 63, 61, 13]
2:13:[2, 54, 57, 91, 63, 61, 13]
2:13:[2, 54, 57, 92, 63, 61, 13]
2:13:[2, 54, 58, 93, 64, 61, 13]
2:13:[2, 54, 58, 94, 64, 61, 13]
2:13:[2, 54, 58, 95, 64, 61, 13]
2:13:[2, 54, 59, 96, 65, 61, 13]
2:13:[2, 54, 59, 97, 65, 61, 13]
2:13:[2, 54, 59, 98, 65, 61, 13]
2:14:[2, 54, 57, 90, 63, 61, 14]
2:14:[2, 54, 57, 91, 63, 61, 14]
2:14:[2, 54, 57, 92, 63, 61, 14]
2:14:[2, 54, 58, 93, 64, 61, 14]
2:14:[2, 54, 58, 94, 64, 61, 14]
2:14:[2, 54, 58, 95, 64, 61, 14]
2:14:[2, 54, 59, 96, 65, 61, 14]
2:14:[2, 54, 59, 97, 65, 61, 14]
2:14:[2, 54, 59, 98, 65, 61, 14]
2:15:[2, 54, 57, 90, 63, 62, 15]
2:15:[2, 54, 57, 91, 63, 62, 15]
2:15:[2, 54, 57, 92, 63, 62, 15]
2:15:[2, 54, 58, 93, 64, 62, 15]
2:15:[2, 54, 58, 94, 64, 62, 15]
2:15:[2, 54, 58, 95, 64, 62, 15]
2:15:[2, 54, 59, 96, 65, 62, 15]
2:15:[2, 54, 59, 97, 65, 62, 15]
2:15:[2, 54, 59, 98, 65, 62, 15]
2:16:[2, 54, 57, 90, 63, 62, 16]
2:16:[2, 54, 57, 91, 63, 62, 16]
2:16:[2, 54, 57, 92, 63, 62, 16]
2:16:[2, 54, 58, 93, 64, 62, 16]
2:16:[2, 54, 58, 94, 64, 62, 16]
2:16:[2, 54, 58, 95, 64, 62, 16]
2:16:[2, 54, 59, 96, 65, 62, 16]
2:16:[2, 54, 59, 97, 65, 62, 16]
2:16:[2, 54, 59, 98, 65, 62, 16]
2:17:[2, 54, 57, 90, 63, 62, 17]
2:17:[2, 54, 57, 91, 63, 62, 17]
2:17:[2, 54, 57, 92, 63, 62, 17]
2:17:[2, 54, 58, 93, 64, 62, 17]
2:17:[2, 54, 58, 94, 64, 62, 17]
2:17:[2, 54, 58, 95, 64, 62, 17]
2:17:[2, 54, 59, 96, 65, 62, 17]
2:17:[2, 54, 59, 97, 65, 62, 17]
2:17:[2, 54, 59, 98, 65, 62, 17]
2:18:[2, 54, 57, 90, 69, 66, 18]
2:18:[2, 54, 57, 91, 69, 66, 18]
2:18:[2, 54, 57, 92, 69, 66, 18]
2:18:[2, 54, 58, 93, 70, 66, 18]
2:18:[2, 54, 58, 94, 70, 66, 18]
2:18:[2, 54, 58, 95, 70, 66, 18]
2:18:[2, 54, 59, 96, 71, 66, 18]
2:18:[2, 54, 59, 97, 71, 66, 18]
2:18:[2, 54, 59, 98, 71, 66, 18]
2:19:[2, 54, 57, 90, 69, 66, 19]
2:19:[2, 54, 57, 91, 69, 66, 19]
2:19:[2, 54, 57, 92, 69, 66, 19]
2:19:[2, 54, 58, 93, 70, 66, 19]
2:19:[2, 54, 58, 94, 70, 66, 19]
2:19:[2, 54, 58, 95, 70, 66, 19]
2:19:[2, 54, 59, 96, 71, 66, 19]
2:19:[2, 54, 59, 97, 71, 66, 19]
2:19:[2, 54, 59, 98, 71, 66, 19]
2:20:[2, 54, 57, 90, 69, 66, 20]
2:20:[2, 54, 57, 91, 69, 66, 20]
2:20:[2, 54, 57, 92, 69, 66, 20]
2:20:[2, 54, 58, 93, 70, 66, 20]
2:20:[2, 54, 58, 94, 70, 66, 20]
2:20:[2, 54, 58, 95, 70, 66, 20]
2:20:[2, 54, 59, 96, 71, 66, 20]
2:20:[2, 54, 59, 97, 71, 66, 20]
2:20:[2, 54, 59, 98, 71, 66, 20]
2:21:[2, 54, 57, 90, 69, 67, 21]
2:21:[2, 54, 57, 91, 69, 67, 21]
2:21:[2, 54, 57, 92, 69, 67, 21]
2:21:[2, 54, 58, 93, 70, 67, 21]
2:21:[2, 54, 58, 94, 70, 67, 21]
2:21:[2, 54, 58, 95, 70, 67, 21]
2:21:[2, 54, 59, 96, 71, 67, 21]
2:21:[2, 54, 59, 97, 71, 67, 21]
2:21:[2, 54, 59, 98, 71, 67, 21]
2:22:[2, 54, 57, 90, 69, 67, 22]
2:22:[2, 54, 57, 91, 69, 67, 22]
2:22:[2, 54, 57, 92, 69, 67, 22]
2:22:[2, 54, 58, 93, 70, 67, 22]
2:22:[2, 54, 58, 94, 70, 67, 22]
2:22:[2, 54, 58, 95, 70, 67, 22]
2:22:[2, 54, 59, 96, 71, 67, 22]
2:22:[2, 54, 59, 97, 71, 67, 22]
2:22:[2, 54, 59, 98, 71, 67, 22]
2:23:[2, 54, 57, 90, 69, 67, 23]
2:23:[2, 54, 57, 91, 69, 67, 23]
2:23:[2, 54, 57, 92, 69, 67, 23]
2:23:[2, 54, 58, 93, 70, 67, 23]
2:23:[2, 54, 58, 94, 70, 67, 23]
2:23:[2, 54, 58, 95, 70, 67, 23]
2:23:[2, 54, 59, 96, 71, 67, 23]
2:23:[2, 54, 59, 97, 71, 67, 23]
2:23:[2, 54, 59, 98, 71, 67, 23]
2:24:[2, 54, 57, 90, 69, 68, 24]
2:24:[2, 54, 57, 91, 69, 68, 24]
2:24:[2, 54, 57, 92, 69, 68, 24]
2:24:[2, 54, 58, 93, 70, 68, 24]
2:24:[2, 54, 58, 94, 70, 68, 24]
2:24:[2, 54, 58, 95, 70, 68, 24]
2:24:[2, 54, 59, 96, 71, 68, 24]
2:24:[2, 54, 59, 97, 71, 68, 24]
2:24:[2, 54, 59, 98, 71, 68, 24]
2:25:[2, 54, 57, 90, 69, 68, 25]
2:25:[2, 54, 57, 91, 69, 68, 25]
2:25:[2, 54, 57, 92, 69, 68, 25]
2:25:[2, 54, 58, 93, 70, 68, 25]
2:25:[2, 54, 58, 94, 70, 68, 25]
2:25:[2, 54, 58, 95, 70, 68, 25]
2:25:[2, 54, 59, 96, 71, 68, 25]
2:25:[2, 54, 59, 97, 71, 68, 25]
2:25:[2, 54, 59, 98, 71, 68, 25]
2:26:[2, 54, 57, 90, 69, 68, 26]
2:26:[2, 54, 57, 91, 69, 68, 26]
2:26:[2, 54, 57, 92, 69, 68, 26]
2:26:[2, 54, 58, 93, 70, 68, 26]
2:26:[2, 54, 58, 94, 70, 68, 26]
2:26:[2, 54, 58, 95, 70, 68, 26]
2:26:[2, 54, 59, 96, 71, 68, 26]
2:26:[2, 54, 59, 97, 71, 68, 26]
2:26:[2, 54, 59, 98, 71, 68, 26]
2:27:[2, 54, 57, 90, 75, 72, 27]
2:27:[2, 54, 57, 91, 75, 72, 27]
2:27:[2, 54, 57, 92, 75, 72, 27]
2:27:[2, 54, 58, 93, 76, 72, 27]
2:27:[2, 54, 58, 94, 76, 72, 27]
2:27:[2, 54, 58, 95, 76, 72, 27]
2:27:[2, 54, 59, 96, 77, 72, 27]
2:27:[2, 54, 59, 97, 77, 72, 27]
2:27:[2, 54, 59, 98, 77, 72, 27]
2:28:[2, 54, 57, 90, 75, 72, 28]
2:28:[2, 54, 57, 91, 75, 72, 28]
2:28:[2, 54, 57, 92, 75, 72, 28]
2:28:[2, 54, 58, 93, 76, 72, 28]
2:28:[2, 54, 58, 94, 76, 72, 28]
2:28:[2, 54, 58, 95, 76, 72, 28]
2:28:[2, 54, 59, 96, 77, 72, 28]
2:28:[2, 54, 59, 97, 77, 72, 28]
2:28:[2, 54, 59, 98, 77, 72, 28]
2:29:[2, 54, 57, 90, 75, 72, 29]
2:29:[2, 54, 57, 91, 75, 72, 29]
2:29:[2, 54, 57, 92, 75, 72, 29]
2:29:[2, 54, 58, 93, 76, 72, 29]
2:29:[2, 54, 58, 94, 76, 72, 29]
2:29:[2, 54, 58, 95, 76, 72, 29]
2:29:[2, 54, 59, 96, 77, 72, 29]
2:29:[2, 54, 59, 97, 77, 72, 29]
2:29:[2, 54, 59, 98, 77, 72, 29]
2:30:[2, 54, 57, 90, 75, 73, 30]
2:30:[2, 54, 57, 91, 75, 73, 30]
2:30:[2, 54, 57, 92, 75, 73, 30]
2:30:[2, 54, 58, 93, 76, 73, 30]
2:30:[2, 54, 58, 94, 76, 73, 30]
2:30:[2, 54, 58, 95, 76, 73, 30]
2:30:[2, 54, 59, 96, 77, 73, 30]
2:30:[2, 54, 59, 97, 77, 73, 30]
2:30:[2, 54, 59, 98, 77, 73, 30]
2:31:[2, 54, 57, 90, 75, 73, 31]
2:31:[2, 54, 57, 91, 75, 73, 31]
2:31:[2, 54, 57, 92, 75, 73, 31]
2:31:[2, 54, 58, 93, 76, 73, 31]
2:31:[2, 54, 58, 94, 76, 73, 31]
2:31:[2, 54, 58, 95, 76, 73, 31]
2:31:[2, 54, 59, 96, 77, 73, 31]
2:31:[2, 54, 59, 97, 77, 73, 31]
2:31:[2, 54, 59, 98, 77, 73, 31]
2:32:[2, 54, 57, 90, 75, 73, 32]
2:32:[2, 54, 57, 91, 75, 73, 32]
2:32:[2, 54, 57, 92, 75, 73, 32]
2:32:[2, 54, 58, 93, 76, 73, 32]
2:32:[2, 54, 58, 94, 76, 73, 32]
2:32:[2, 54, 58, 95, 76, 73, 32]
2:32:[2, 54, 59, 96, 77, 73, 32]
2:32:[2, 54, 59, 97, 77, 73, 32]
2:32:[2, 54, 59, 98, 77, 73, 32]
2:33:[2, 54, 57, 90, 75, 74, 33]
2:33:[2, 54, 57, 91, 75, 74, 33]
2:33:[2, 54, 57, 92, 75, 74, 33]
2:33:[2, 54, 58, 93, 76, 74, 33]
2:33:[2, 54, 58, 94, 76, 74, 33]
2:33:[2, 54, 58, 95, 76, 74, 33]
2:33:[2, 54, 59, 96, 77, 74, 33]
2:33:[2, 54, 59, 97, 77, 74, 33]
2:33:[2, 54, 59, 98, 77, 74, 33]
2:34:[2, 54, 57, 90, 75, 74, 34]
2:34:[2, 54, 57, 91, 75, 74, 34]
2:34:[2, 54, 57, 92, 75, 74, 34]
2:34:[2, 54, 58, 93, 76, 74, 34]
2:34:[2, 54, 58, 94, 76, 74, 34]
2:34:[2, 54, 58, 95, 76, 74, 34]
2:34:[2, 54, 59, 96, 77, 74, 34]
2:34:[2, 54, 59, 97, 77, 74, 34]
2:34:[2, 54, 59, 98, 77, 74, 34]
2:35:[2, 54, 57, 90, 75, 74, 35]
2:35:[2, 54, 57, 91, 75, 74, 35]
2:35:[2, 54, 57, 92, 75, 74, 35]
2:35:[2, 54, 58, 93, 76, 74, 35]
2:35:[2, 54, 58, 94, 76, 74, 35]
2:35:[2, 54, 58, 95, 76, 74, 35]
2:35:[2, 54, 59, 96, 77, 74, 35]
2:35:[2, 54, 59, 97, 77, 74, 35]
2:35:[2, 54, 59, 98, 77, 74, 35]
2:36:[2, 54, 57, 90, 81, 78, 36]
2:36:[2, 54, 57, 91, 81, 78, 36]
2:36:[2, 54, 57, 92, 81, 78, 36]
2:36:[2, 54, 58, 93, 82, 78, 36]
2:36:[2, 54, 58, 94, 82, 78, 36]
2:36:[2, 54, 58, 95, 82, 78, 36]
2:36:[2, 54, 59, 96, 83, 78, 36]
2:36:[2, 54, 59, 97, 83, 78, 36]
2:36:[2, 54, 59, 98, 83, 78, 36]
2:37:[2, 54, 57, 90, 81, 78, 37]
2:37:[2, 54, 57, 91, 81, 78, 37]
2:37:[2, 54, 57, 92, 81, 78, 37]
2:37:[2, 54, 58, 93, 82, 78, 37]
2:37:[2, 54, 58, 94, 82, 78, 37]
2:37:[2, 54, 58, 95, 82, 78, 37]
2:37:[2, 54, 59, 96, 83, 78, 37]
2:37:[2, 54, 59, 97, 83, 78, 37]
2:37:[2, 54, 59, 98, 83, 78, 37]
2:38:[2, 54, 57, 90, 81, 78, 38]
2:38:[2, 54, 57, 91, 81, 78, 38]
2:38:[2, 54, 57, 92, 81, 78, 38]
2:38:[2, 54, 58, 93, 82, 78, 38]
2:38:[2, 54, 58, 94, 82, 78, 38]
2:38:[2, 54, 58, 95, 82, 78, 38]
2:38:[2, 54, 59, 96, 83, 78, 38]
2:38:[2, 54, 59, 97, 83, 78, 38]
2:38:[2, 54, 59, 98, 83, 78, 38]
2:39:[2, 54, 57, 90, 81, 79, 39]
2:39:[2, 54, 57, 91, 81, 79, 39]
2:39:[2, 54, 57, 92, 81, 79, 39]
2:39:[2, 54, 58, 93, 82, 79, 39]
2:39:[2, 54, 58, 94, 82, 79, 39]
2:39:[2, 54, 58, 95, 82, 79, 39]
2:39:[2, 54, 59, 96, 83, 79, 39]
2:39:[2, 54, 59, 97, 83, 79, 39]
2:39:[2, 54, 59, 98, 83, 79, 39]
2:40:[2, 54, 57, 90, 81, 79, 40]
2:40:[2, 54, 57, 91, 81, 79, 40]
2:40:[2, 54, 57, 92, 81, 79, 40]
2:40:[2, 54, 58, 93, 82, 79, 40]
2:40:[2, 54, 58, 94, 82, 79, 40]
2:40:[2, 54, 58, 95, 82, 79, 40]
2:40:[2, 54, 59, 96, 83, 79, 40]
2:40:[2, 54, 59, 97, 83, 79, 40]
2:40:[2, 54, 59, 98, 83, 79, 40]
2:41:[2, 54, 57, 90, 81, 79, 41]
2:41:[2, 54, 57, 91, 81, 79, 41]
2:41:[2, 54, 57, 92, 81, 79, 41]
2:41:[2, 54, 58, 93, 82, 79, 41]
2:41:[2, 54, 58, 94, 82, 79, 41]
2:41:[2, 54, 58, 95, 82, 79, 41]
2:41:[2, 54, 59, 96, 83, 79, 41]
2:41:[2, 54, 59, 97, 83, 79, 41]
2:41:[2, 54, 59, 98, 83, 79, 41]
2:42:[2, 54, 57, 90, 81, 80, 42]
2:42:[2, 54, 57, 91, 81, 80, 42]
2:42:[2, 54, 57, 92, 81, 80, 42]
2:42:[2, 54, 58, 93, 82, 80, 42]
2:42:[2, 54, 58, 94, 82, 80, 42]
2:42:[2, 54, 58, 95, 82, 80, 42]
2:42:[2, 54, 59, 96, 83, 80, 42]
2:42:[2, 54, 59, 97, 83, 80, 42]
2:42:[2, 54, 59, 98, 83, 80, 42]
2:43:[2, 54, 57, 90, 81, 80, 43]
2:43:[2, 54, 57, 91, 81, 80, 43]
2:43:[2, 54, 57, 92, 81, 80, 43]
2:43:[2, 54, 58, 93, 82, 80, 43]
2:43:[2, 54, 58, 94, 82, 80, 43]
2:43:[2, 54, 58, 95, 82, 80, 43]
2:43:[2, 54, 59, 96, 83, 80, 43]
2:43:[2, 54, 59, 97, 83, 80, 43]
2:43:[2, 54, 59, 98, 83, 80, 43]
2:44:[2, 54, 57, 90, 81, 80, 44]
2:44:[2, 54, 57, 91, 81, 80, 44]
2:44:[2, 54, 57, 92, 81, 80, 44]
2:44:[2, 54, 58, 93, 82, 80, 44]
2:44:[2, 54, 58, 94, 82, 80, 44]
2:44:[2, 54, 58, 95, 82, 80, 44]
2:44:[2, 54, 59, 96, 83, 80, 44]
2:44:[2, 54, 59, 97, 83, 80, 44]
2:44:[2, 54, 59, 98, 83, 80, 44]
2:45:[2, 54, 57, 90, 87, 84, 45]
2:45:[2, 54, 57, 91, 87, 84, 45]
2:45:[2, 54, 57, 92, 87, 84, 45]
2:45:[2, 54, 58, 93, 88, 84, 45]
2:45:[2, 54, 58, 94, 88, 84, 45]
2:45:[2, 54, 58, 95, 88, 84, 45]
2:45:[2, 54, 59, 96, 89, 84, 45]
2:45:[2, 54, 59, 97, 89, 84, 45]
2:45:[2, 54, 59, 98, 89, 84, 45]
2:46:[2, 54, 57, 90, 87, 84, 46]
2:46:[2, 54, 57, 91, 87, 84, 46]
2:46:[2, 54, 57, 92, 87, 84, 46]
2:46:[2, 54, 58, 93, 88, 84, 46]
2:46:[2, 54, 58, 94, 88, 84, 46]
2:46:[2, 54, 58, 95, 88, 84, 46]
2:46:[2, 54, 59, 96, 89, 84, 46]
2:46:[2, 54, 59, 97, 89, 84, 46]
2:46:[2, 54, 59, 98, 89, 84, 46]
2:47:[2, 54, 57, 90, 87, 84, 47]
2:47:[2, 54, 57, 91, 87, 84, 47]
2:47:[2, 54, 57, 92, 87, 84, 47]
2:47:[2, 54, 58, 93, 88, 84, 47]
2:47:[2, 54, 58, 94, 88, 84, 47]
2:47:[2, 54, 58, 95, 88, 84, 47]
2:47:[2, 54, 59, 96, 89, 84, 47]
2:47:[2, 54, 59, 97, 89, 84, 47]
2:47:[2, 54, 59, 98, 89, 84, 47]
2:48:[2, 54, 57, 90, 87, 85, 48]
2:48:[2, 54, 57, 91, 87, 85, 48]
2:48:[2, 54, 57, 92, 87, 85, 48]
2:48:[2, 54, 58, 93, 88, 85, 48]
2:48:[2, 54, 58, 94, 88, 85, 48]
2:48:[2, 54, 58, 95, 88, 85, 48]
2:48:[2, 54, 59, 96, 89, 85, 48]
2:48:[2, 54, 59, 97, 89, 85, 48]
2:48:[2, 54, 59, 98, 89, 85, 48]
2:49:[2, 54, 57, 90, 87, 85, 49]
2:49:[2, 54, 57, 91, 87, 85, 49]
2:49:[2, 54, 57, 92, 87, 85, 49]
2:49:[2, 54, 58, 93, 88, 85, 49]
2:49:[2, 54, 58, 94, 88, 85, 49]
2:49:[2, 54, 58, 95, 88, 85, 49]
2:49:[2, 54, 59, 96, 89, 85, 49]
2:49:[2, 54, 59, 97, 89, 85, 49]
2:49:[2, 54, 59, 98, 89, 85, 49]
2:50:[2, 54, 57, 90, 87, 85, 50]
2:50:[2, 54, 57, 91, 87, 85, 50]
2:50:[2, 54, 57, 92, 87, 85, 50]
2:50:[2, 54, 58, 93, 88, 85, 50]
2:50:[2, 54, 58, 94, 88, 85, 50]
2:50:[2, 54, 58, 95, 88, 85, 50]
2:50:[2, 54, 59, 96, 89, 85, 50]
2:50:[2, 54, 59, 97, 89, 85, 50]
2:50:[2, 54, 59, 98, 89, 85, 50]
2:51:[2, 54, 57, 90, 87, 86, 51]
2:51:[2, 54, 57, 91, 87, 86, 51]
2:51:[2, 54, 57, 92, 87, 86, 51]
2:51:[2, 54, 58, 93, 88, 86, 51]
2:51:[2, 54, 58, 94, 88, 86, 51]
2:51:[2, 54, 58, 95, 88, 86, 51]
2:51:[2, 54, 59, 96, 89, 86, 51]
2:51:[2, 54, 59, 97, 89, 86, 51]
2:51:[2, 54, 59, 98, 89, 86, 51]
2:52:[2, 54, 57, 90, 87, 86, 52]
2:52:[2, 54, 57, 91, 87, 86, 52]
2:52:[2, 54, 57, 92, 87, 86, 52]
2:52:[2, 54, 58, 93, 88, 86, 52]
2:52:[2, 54, 58, 94, 88, 86, 52]
2:52:[2, 54, 58, 95, 88, 86, 52]
2:52:[2, 54, 59, 96, 89, 86, 52]
2:52:[2, 54, 59, 97, 89, 86, 52]
2:52:[2, 54, 59, 98, 89, 86, 52]
2:53:[2, 54, 57, 90, 87, 86, 53]
2:53:[2, 54, 57, 91, 87, 86, 53]
2:53:[2, 54, 57, 92, 87, 86, 53]
2:53:[2, 54, 58, 93, 88, 86, 53]
2:53:[2, 54, 58, 94, 88, 86, 53]
2:53:[2, 54, 58, 95, 88, 86, 53]
2:53:[2, 54, 59, 96, 89, 86, 53]
2:53:[2, 54, 59, 97, 89, 86, 53]
2:53:[2, 54, 59, 98, 89, 86, 53]
3:0:[3, 55, 57, 54, 0]
3:0:[3, 55, 58, 54, 0]
3:0:[3, 55, 59, 54, 0]
3:1:[3, 55, 57, 54, 1]
3:1:[3, 55, 58, 54, 1]
3:1:[3, 55, 59, 54, 1]
3:2:[3, 55, 57, 54, 2]
3:2:[3, 55, 58, 54, 2]
3:2:[3, 55, 59, 54, 2]
3:4:[3, 55, 4]
3:5:[3, 55, 5]
3:6:[3, 55, 57, 56, 6]
3:6:[3, 55, 58, 56, 6]
3:6:[3, 55, 59, 56, 6]
3:7:[3, 55, 57, 56, 7]
3:7:[3, 55, 58, 56, 7]
3:7:[3, 55, 59, 56, 7]
3:8:[3, 55, 57, 56, 8]
3:8:[3, 55, 58, 56, 8]
3:8:[3, 55, 59, 56, 8]
3:9:[3, 55, 57, 90, 63, 60, 9]
3:9:[3, 55, 57, 91, 63, 60, 9]
3:9:[3, 55, 57, 92, 63, 60, 9]
3:9:[3, 55, 58, 93, 64, 60, 9]
3:9:[3, 55, 58, 94, 64, 60, 9]
3:9:[3, 55, 58, 95, 64, 60, 9]
3:9:[3, 55, 59, 96, 65, 60, 9]
3:9:[3, 55, 59, 97, 65, 60, 9]
3:9:[3, 55, 59, 98, 65, 60, 9]
3:10:[3, 55, 57, 90, 63, 60, 10]
3:10:[3, 55, 57, 91, 63, 60, 10]
3:10:[3, 55, 57, 92, 63, 60, 10]
3:10:[3, 55, 58, 93, 64, 60, 10]
3:10:[3, 55, 58, 94, 64, 60, 10]
3:10:[3, 55, 58, 95, 64, 60, 10]
3:10:[3, 55, 59, 96, 65, 60, 10]
3:10:[3, 55, 59, 97, 65, 60, 10]
3:10:[3, 55, 59, 98, 65, 60, 10]
3:11:[3, 55, 57, 90, 63, 60, 11]
3:11:[3, 55, 57, 91, 63, 60, 11]
3:11:[3, 55, 57, 92, 63, 60, 11]
3:11:[3, 55, 58, 93, 64, 60, 11]
3:11:[3, 55, 58, 94, 64, 60, 11]
3:11:[3, 55, 58, 95, 64, 60, 11]
3:11:[3, 55, 59, 96, 65, 60, 11]
3:11:[3, 55, 59, 97, 65, 60, 11]
3:11:[3, 55, 59, 98, 65, 60, 11]
3:12:[3, 55, 57, 90, 63, 61, 12]
3:12:[3, 55, 57, 91, 63, 61, 12]
3:12:[3, 55, 57, 92, 63, 61, 12]
3:12:[3, 55, 58, 93, 64, 61, 12]
3:12:[3, 55, 58, 94, 64, 61, 12]
3:12:[3, 55, 58, 95, 64, 61, 12]
3:12:[3, 55, 59, 96, 65, 61, 12]
3:12:[3, 55, 59, 97, 65, 61, 12]
3:12:[3, 55, 59, 98, 65, 61, 12]
3:13:[3, 55, 57, 90, 63, 61, 13]
3:13:[3, 55, 57, 91, 63, 61, 13]
3:13:[3, 55, 57, 92, 63, 61, 13]
3:13:[3, 55, 58, 93, 64, 61, 13]
3:13:[3, 55, 58, 94, 64, 61, 13]
3:13:[3, 55, 58, 95, 64, 61, 13]
3:13:[3, 55, 59, 96, 65, 61, 13]
3:13:[3, 55, 59, 97, 65, 61, 13]
3:13:[3, 55, 59, 98, 65, 61, 13]
3:14:[3, 55, 57, 90, 63, 61, 14]
3:14:[3, 55, 57, 91, 63, 61, 14]
3:14:[3, 55, 57, 92, 63, 61, 14]
3:14:[3, 55, 58, 93, 64, 61, 14]
3:14:[3, 55, 58, 94, 64, 61, 14]
3:14:[3, 55, 58, 95, 64, 61, 14]
3:14:[3, 55, 59, 96, 65, 61, 14]
3:14:[3, 55, 59, 97, 65, 61, 14]
3:14:[3, 55, 59, 98, 65, 61, 14]
3:15:[3, 55, 57, 90, 63, 62, 15]
3:15:[3, 55, 57, 91, 63, 62, 15]
3:15:[3, 55, 57, 92, 63, 62, 15]
3:15:[3, 55, 58, 93, 64, 62, 15]
3:15:[3, 55, 58, 94, 64, 62, 15]
3:15:[3, 55, 58, 95, 64, 62, 15]
3:15:[3, 55, 59, 96, 65, 62, 15]
3:15:[3, 55, 59, 97, 65, 62, 15]
3:15:[3, 55, 59, 98, 65, 62, 15]
3:16:[3, 55, 57, 90, 63, 62, 16]
3:16:[3, 55, 57, 91, 63, 62, 16]
3:16:[3, 55, 57, 92, 63, 62, 16]
3:16:[3, 55, 58, 93, 64, 62, 16]
3:16:[3, 55, 58, 94, 64, 62, 16]
3:16:[3, 55, 58, 95, 64, 62, 16]
3:16:[3, 55, 59, 96, 65, 62, 16]
3:16:[3, 55, 59, 97, 65, 62, 16]
3:16:[3, 55, 59, 98, 65, 62, 16]
3:17:[3, 55, 57, 90, 63, 62, 17]
3:17:[3, 55, 57, 91, 63, 62, 17]
3:17:[3, 55, 57, 92, 63, 62, 17]
3:17:[3, 55, 58, 93, 64, 62, 17]
3:17:[3, 55, 58, 94, 64, 62, 17]
3:17:[3, 55, 58, 95, 64, 62, 17]
3:17:[3, 55, 59, 96, 65, 62, 17]
3:17:[3, 55, 59, 97, 65, 62, 17]
3:17:[3, 55, 59, 98, 65, 62, 17]
3:18:[3, 55, 57, 90, 69, 66, 18]
3:18:[3, 55, 57, 91, 69, 66, 18]
3:18:[3, 55, 57, 92, 69, 66, 18]
3:18:[3, 55, 58, 93, 70, 66, 18]
3:18:[3, 55, 58, 94, 70, 66, 18]
3:18:[3, 55, 58, 95, 70, 66, 18]
3:18:[3, 55, 59, 96, 71, 66, 18]
3:18:[3, 55, 59, 97, 71, 66, 18]
3:18:[3, 55, 59, 98, 71, 66, 18]
3:19:[3, 55, 57, 90, 69, 66, 19]
3:19:[3, 55, 57, 91, 69, 66, 19]
3:19:[3, 55, 57, 92, 69, 66, 19]
3:19:[3, 55, 58, 93, 70, 66, 19]
3:19:[3, 55, 58, 94, 70, 66, 19]
3:19:[3, 55, 58, 95, 70, 66, 19]
3:19:[3, 55, 59, 96, 71, 66, 19]
3:19:[3, 55, 59, 97, 71, 66, 19]
3:19:[3, 55, 59, 98, 71, 66, 19]
3:20:[3, 55, 57, 90, 69, 66, 20]
3:20:[3, 55, 57, 91, 69, 66, 20]
3:20:[3, 55, 57, 92, 69, 66, 20]
3:20:[3, 55, 58, 93, 70, 66, 20]
3:20:[3, 55, 58, 94, 70, 66, 20]
3:20:[3, 55, 58, 95, 70, 66, 20]
3:20:[3, 55, 59, 96, 71, 66, 20]
3:20:[3, 55, 59, 97, 71, 66, 20]
3:20:[3, 55, 59, 98, 71, 66, 20]
3:21:[3, 55, 57, 90, 69, 67, 21]
3:21:[3, 55, 57, 91, 69, 67, 21]
3:21:[3, 55, 57, 92, 69, 67, 21]
3:21:[3, 55, 58, 93, 70, 67, 21]
3:21:[3, 55, 58, 94, 70, 67, 21]
3:21:[3, 55, 58, 95, 70, 67, 21]
3:21:[3, 55, 59, 96, 71, 67, 21]
3:21:[3, 55, 59, 97, 71, 67, 21]
3:21:[3, 55, 59, 98, 71, 67, 21]
3:22:[3, 55, 57, 90, 69, 67, 22]
3:22:[3, 55, 57, 91, 69, 67, 22]
3:22:[3, 55, 57, 92, 69, 67, 22]
3:22:[3, 55, 58, 93, 70, 67, 22]
3:22:[3, 55, 58, 94, 70, 67, 22]
3:22:[3, 55, 58, 95, 70, 67, 22]
3:22:[3, 55, 59, 96, 71, 67, 22]
3:22:[3, 55, 59, 97, 71, 67, 22]
3:22:[3, 55, 59, 98, 71, 67, 22]
3:23:[3, 55, 57, 90, 69, 67, 23]
3:23:[3, 55, 57, 91, 69, 67, 23]
3:23:[3, 55, 57, 92, 69, 67, 23]
3:23:[3, 55, 58, 93, 70, 67, 23]
3:23:[3, 55, 58, 94, 70, 67, 23]
3:23:[3, 55, 58, 95, 70, 67, 23]
3:23:[3, 55, 59, 96, 71, 67, 23]
3:23:[3, 55, 59, 97, 71, 67, 23]
3:23:[3, 55, 59, 98, 71, 67, 23]
3:24:[3, 55, 57, 90, 69, 68, 24]
3:24:[3, 55, 57, 91, 69, 68, 24]
3:24:[3, 55, 57, 92, 69, 68, 24]
3:24:[3, 55, 58, 93, 70, 68, 24]
3:24:[3, 55, 58, 94, 70, 68, 24]
3:24:[3, 55, 58, 95, 70, 68, 24]
3:24:[3, 55, 59, 96, 71, 68, 24]
3:24:[3, 55, 59, 97, 71, 68, 24]
3:24:[3, 55, 59, 98, 71, 68, 24]
3:25:[3, 55, 57, 90, 69, 68, 25]
3:25:[3, 55, 57, 91, 69, 68, 25]
3:25:[3, 55, 57, 92, 69, 68, 25]
3:25:[3, 55, 58, 93, 70, 68, 25]
3:25:[3, 55, 58, 94, 70, 68, 25]
3:25:[3, 55, 58, 95, 70, 68, 25]
3:25:[3, 55, 59, 96, 71, 68, 25]
3:25:[3, 55, 59, 97, 71, 68, 25]
3:25:[3, 55, 59, 98, 71, 68, 25]
3:26:[3, 55, 57, 90, 69, 68, 26]
3:26:[3, 55, 57, 91, 69, 68, 26]
3:26:[3, 55, 57, 92, 69, 68, 26]
3:26:[3, 55, 58, 93, 70, 68, 26]
3:26:[3, 55, 58, 94, 70, 68, 26]
3:26:[3, 55, 58, 95, 70, 68, 26]
3:26:[3, 55, 59, 96, 71, 68, 26]
3:26:[3, 55, 59, 97, 71, 68, 26]
3:26:[3, 55, 59, 98, 71, 68, 26]
3:27:[3, 55, 57, 90, 75, 72, 27]
3:27:[3, 55, 57, 91, 75, 72, 27]
3:27:[3, 55, 57, 92, 75, 72, 27]
3:27:[3, 55, 58, 93, 76, 72, 27]
3:27:[3, 55, 58, 94, 76, 72, 27]
3:27:[3, 55, 58, 95, 76, 72, 27]
3:27:[3, 55, 59, 96, 77, 72, 27]
3:27:[3, 55, 59, 97, 77, 72, 27]
3:27:[3, 55, 59, 98, 77, 72, 27]
3:28:[3, 55, 57, 90, 75, 72, 28]
3:28:[3, 55, 57, 91, 75, 72, 28]
3:28:[3, 55, 57, 92, 75, 72, 28]
3:28:[3, 55, 58, 93, 76, 72, 28]
3:28:[3, 55, 58, 94, 76, 72, 28]
3:28:[3, 55, 58, 95, 76, 72, 28]
3:28:[3, 55, 59, 96, 77, 72, 28]
3:28:[3, 55, 59, 97, 77, 72, 28]
3:28:[3, 55, 59, 98, 77, 72, 28]
3:29:[3, 55, 57, 90, 75, 72, 29]
3:29:[3, 55, 57, 91, 75, 72, 29]
3:29:[3, 55, 57, 92, 75, 72, 29]
3:29:[3, 55, 58, 93, 76, 72, 29]
3:29:[3, 55, 58, 94, 76, 72, 29]
3:29:[3, 55, 58, 95, 76, 72, 29]
3:29:[3, 55, 59, 96, 77, 72, 29]
3:29:[3, 55, 59, 97, 77, 72, 29]
3:29:[3, 55, 59, 98, 77, 72, 29]
3:30:[3, 55, 57, 90, 75, 73, 30]
3:30:[3, 55, 57, 91, 75, 73, 30]
3:30:[3, 55, 57, 92, 75, 73, 30]
3:30:[3, 55, 58, 93, 76, 73, 30]
3:30:[3, 55, 58, 94, 76, 73, 30]
3:30:[3, 55, 58, 95, 76, 73, 30]
3:30:[3, 55, 59, 96, 77, 73, 30]
3:30:[3, 55, 59, 97, 77, 73, 30]
3:30:[3, 55, 59, 98, 77, 73, 30]
3:31:[3, 55, 57, 90, 75, 73, 31]
3:31:[3, 55, 57, 91, 75, 73, 31]
3:31:[3, 55, 57, 92, 75, 73, 31]
3:31:[3, 55, 58, 93, 76, 73, 31]
3:31:[3, 55, 58, 94, 76, 73, 31]
3:31:[3, 55, 58, 95, 76, 73, 31]
3:31:[3, 55, 59, 96, 77, 73, 31]
3:31:[3, 55, 59, 97, 77, 73, 31]
3:31:[3, 55, 59, 98, 77, 73, 31]
3:32:[3, 55, 57, 90, 75, 73, 32]
3:32:[3, 55, 57, 91, 75, 73, 32]
3:32:[3, 55, 57, 92, 75, 73, 32]
3:32:[3, 55, 58, 93, 76, 73, 32]
3:32:[3, 55, 58, 94, 76, 73, 32]
3:32:[3, 55, 58, 95, 76, 73, 32]
3:32:[3, 55, 59, 96, 77, 73, 32]
3:32:[3, 55, 59, 97, 77, 73, 32]
3:32:[3, 55, 59, 98, 77, 73, 32]
3:33:[3, 55, 57, 90, 75, 74, 33]
3:33:[3, 55, 57, 91, 75, 74, 33]
3:33:[3, 55, 57, 92, 75, 74, 33]
3:33:[3, 55, 58, 93, 76, 74, 33]
3:33:[3, 55, 58, 94, 76, 74, 33]
3:33:[3, 55, 58, 95, 76, 74, 33]
3:33:[3, 55, 59, 96, 77, 74, 33]
3:33:[3, 55, 59, 97, 77, 74, 33]
3:33:[3, 55, 59, 98, 77, 74, 33]
3:34:[3, 55, 57, 90, 75, 74, 34]
3:34:[3, 55, 57, 91, 75, 74, 34]
3:34:[3, 55, 57, 92, 75, 74, 34]
3:34:[3, 55, 58, 93, 76, 74, 34]
3:34:[3, 55, 58, 94, 76, 74, 34]
3:34:[3, 55, 58, 95, 76, 74, 34]
3:34:[3, 55, 59, 96, 77, 74, 34]
3:34:[3, 55, 59, 97, 77, 74, 34]
3:34:[3, 55, 59, 98, 77, 74, 34]
3:35:[3, 55, 57, 90, 75, 74, 35]
3:35:[3, 55, 57, 91, 75, 74, 35]
3:35:[3, 55, 57, 92, 75, 74, 35]
3:35:[3, 55, 58, 93, 76, 74, 35]
3:35:[3, 55, 58, 94, 76, 74, 35]
3:35:[3, 55, 58, 95, 76, 74, 35]
3:35:[3, 55, 59, 96, 77, 74, 35]
3:35:[3, 55, 59, 97, 77, 74, 35]
3:35:[3, 55, 59, 98, 77, 74, 35]
3:36:[3, 55, 57, 90, 81, 78, 36]
3:36:[3, 55, 57, 91, 81, 78, 36]
3:36:[3, 55, 57, 92, 81, 78, 36]
3:36:[3, 55, 58, 93, 82, 78, 36]
3:36:[3, 55, 58, 94, 82, 78, 36]
3:36:[3, 55, 58, 95, 82, 78, 36]
3:36:[3, 55, 59, 96, 83, 78, 36]
3:36:[3, 55, 59, 97, 83, 78, 36]
3:36:[3, 55, 59, 98, 83, 78, 36]
3:37:[3, 55, 57, 90, 81, 78, 37]
3:37:[3, 55, 57, 91, 81, 78, 37]
3:37:[3, 55, 57, 92, 81, 78, 37]
3:37:[3, 55, 58, 93, 82, 78, 37]
3:37:[3, 55, 58, 94, 82, 78, 37]
3:37:[3, 55, 58, 95, 82, 78, 37]
3:37:[3, 55, 59, 96, 83, 78, 37]
3:37:[3, 55, 59, 97, 83, 78, 37]
3:37:[3, 55, 59, 98, 83, 78, 37]
3:38:[3, 55, 57, 90, 81, 78, 38]
3:38:[3, 55, 57, 91, 81, 78, 38]
3:38:[3, 55, 57, 92, 81, 78, 38]
3:38:[3, 55, 58, 93, 82, 78, 38]
3:38:[3, 55, 58, 94, 82, 78, 38]
3:38:[3, 55, 58, 95, 82, 78, 38]
3:38:[3, 55, 59, 96, 83, 78, 38]
3:38:[3, 55, 59, 97, 83, 78, 38]
3:38:[3, 55, 59, 98, 83, 78, 38]
3:39:[3, 55, 57, 90, 81, 79, 39]
3:39:[3, 55, 57, 91, 81, 79, 39]
3:39:[3, 55, 57, 92, 81, 79, 39]
3:39:[3, 55, 58, 93, 82, 79, 39]
3:39:[3, 55, 58, 94, 82, 79, 39]
3:39:[3, 55, 58, 95, 82, 79, 39]
3:39:[3, 55, 59, 96, 83, 79, 39]
3:39:[3, 55, 59, 97, 83, 79, 39]
3:39:[3, 55, 59, 98, 83, 79, 39]
3:40:[3, 55, 57, 90, 81, 79, 40]
3:40:[3, 55, 57, 91, 81, 79, 40]
3:40:[3, 55, 57, 92, 81, 79, 40]
3:40:[3, 55, 58, 93, 82, 79, 40]
3:40:[3, 55, 58, 94, 82, 79, 40]
3:40:[3, 55, 58, 95, 82, 79, 40]
3:40:[3, 55, 59, 96, 83, 79, 40]
3:40:[3, 55, 59, 97, 83, 79, 40]
3:40:[3, 55, 59, 98, 83, 79, 40]
3:41:[3, 55, 57, 90, 81, 79, 41]
3:41:[3, 55, 57, 91, 81, 79, 41]
3:41:[3, 55, 57, 92, 81, 79, 41]
3:41:[3, 55, 58, 93, 82, 79, 41]
3:41:[3, 55, 58, 94, 82, 79, 41]
3:41:[3, 55, 58, 95, 82, 79, 41]
3:41:[3, 55, 59, 96, 83, 79, 41]
3:41:[3, 55, 59, 97, 83, 79, 41]
3:41:[3, 55, 59, 98, 83, 79, 41]
3:42:[3, 55, 57, 90, 81, 80, 42]
3:42:[3, 55, 57, 91, 81, 80, 42]
3:42:[3, 55, 57, 92, 81, 80, 42]
3:42:[3, 55, 58, 93, 82, 80, 42]
3:42:[3, 55, 58, 94, 82, 80, 42]
3:42:[3, 55, 58, 95, 82, 80, 42]
3:42:[3, 55, 59, 96, 83, 80, 42]
3:42:[3, 55, 59, 97, 83, 80, 42]
3:42:[3, 55, 59, 98, 83, 80, 42]
3:43:[3, 55, 57, 90, 81, 80, 43]
3:43:[3, 55, 57, 91, 81, 80, 43]
3:43:[3, 55, 57, 92, 81, 80, 43]
3:43:[3, 55, 58, 93, 82, 80, 43]
3:43:[3, 55, 58, 94, 82, 80, 43]
3:43:[3, 55, 58, 95, 82, 80, 43]
3:43:[3, 55, 59, 96, 83, 80, 43]
3:43:[3, 55, 59, 97, 83, 80, 43]
3:43:[3, 55, 59, 98, 83, 80, 43]
3:44:[3, 55, 57, 90, 81, 80, 44]
3:44:[3, 55, 57, 91, 81, 80, 44]
3:44:[3, 55, 57, 92, 81, 80, 44]
3:44:[3, 55, 58, 93, 82, 80, 44]
3:44:[3, 55, 58, 94, 82, 80, 44]
3:44:[3, 55, 58, 95, 82, 80, 44]
3:44:[3, 55, 59, 96, 83, 80, 44]
3:44:[3, 55, 59, 97, 83, 80, 44]
3:44:[3, 55, 59, 98, 83, 80, 44]
3:45:[3, 55, 57, 90, 87, 84, 45]
3:45:[3, 55, 57, 91, 87, 84, 45]
3:45:[3, 55, 57, 92, 87, 84, 45]
3:45:[3, 55, 58, 93, 88, 84, 45]
3:45:[3, 55, 58, 94, 88, 84, 45]
3:45:[3, 55, 58, 95, 88, 84, 45]
3:45:[3, 55, 59, 96, 89, 84, 45]
3:45:[3, 55, 59, 97, 89, 84, 45]
3:45:[3, 55, 59, 98, 89, 84, 45]
3:46:[3, 55, 57, 90, 87, 84, 46]
3:46:[3, 55, 57, 91, 87, 84, 46]
3:46:[3, 55, 57, 92, 87, 84, 46]
3:46:[3, 55, 58, 93, 88, 84, 46]
3:46:[3, 55, 58, 94, 88, 84, 46]
3:46:[3, 55, 58, 95, 88, 84, 46]
3:46:[3, 55, 59, 96, 89, 84, 46]
3:46:[3, 55, 59, 97, 89, 84, 46]
3:46:[3, 55, 59, 98, 89, 84, 46]
3:47:[3, 55, 57, 90, 87, 84, 47]
3:47:[3, 55, 57, 91, 87, 84, 47]
3:47:[3, 55, 57, 92, 87, 84, 47]
3:47:[3, 55, 58, 93, 88, 84, 47]
3:47:[3, 55, 58, 94, 88, 84, 47]
3:47:[3, 55, 58, 95, 88, 84, 47]
3:47:[3, 55, 59, 96, 89, 84, 47]
3:47:[3, 55, 59, 97, 89, 84, 47]
3:47:[3, 55, 59, 98, 89, 84, 47]
3:48:[3, 55, 57, 90, 87, 85, 48]
3:48:[3, 55, 57, 91, 87, 85, 48]
3:48:[3, 55, 57, 92, 87, 85, 48]
3:48:[3, 55, 58, 93, 88, 85, 48]
3:48:[3, 55, 58, 94, 88, 85, 48]
3:48:[3, 55, 58, 95, 88, 85, 48]
3:48:[3, 55, 59, 96, 89, 85, 48]
3:48:[3, 55, 59, 97, 89, 85, 48]
3:48:[3, 55, 59, 98, 89, 85, 48]
3:49:[3, 55, 57, 90, 87, 85, 49]
3:49:[3, 55, 57, 91, 87, 85, 49]
3:49:[3, 55, 57, 92, 87, 85, 49]
3:49:[3, 55, 58, 93, 88, 85, 49]
3:49:[3, 55, 58, 94, 88, 85, 49]
3:49:[3, 55, 58, 95, 88, 85, 49]
3:49:[3, 55, 59, 96, 89, 85, 49]
3:49:[3, 55, 59, 97, 89, 85, 49]
3:49:[3, 55, 59, 98, 89, 85, 49]
3:50:[3, 55, 57, 90, 87, 85, 50]
3:50:[3, 55, 57, 91, 87, 85, 50]
3:50:[3, 55, 57, 92, 87, 85, 50]
3:50:[3, 55, 58, 93, 88, 85, 50]
3:50:[3, 55, 58, 94, 88, 85, 50]
3:50:[3, 55, 58, 95, 88, 85, 50]
3:50:[3, 55, 59, 96, 89, 85, 50]
3:50:[3, 55, 59, 97, 89, 85, 50]
3:50:[3, 55, 59, 98, 89, 85, 50]
3:51:[3, 55, 57, 90, 87, 86, 51]
3:51:[3, 55, 57, 91, 87, 86, 51]
3:51:[3, 55, 57, 92, 87, 86, 51]
3:51:[3, 55, 58, 93, 88, 86, 51]
3:51:[3, 55, 58, 94, 88, 86, 51]
3:51:[3, 55, 58, 95, 88, 86, 51]
3:51:[3, 55, 59, 96, 89, 86, 51]
3:51:[3, 55, 59, 97, 89, 86, 51]
3:51:[3, 55, 59, 98, 89, 86, 51]
3:52:[3, 55, 57, 90, 87, 86, 52]
3:52:[3, 55, 57, 91, 87, 86, 52]
3:52:[3, 55, 57, 92, 87, 86, 52]
3:52:[3, 55, 58, 93, 88, 86, 52]
3:52:[3, 55, 58, 94, 88, 86, 52]
3:52:[3, 55, 58, 95, 88, 86, 52]
3:52:[3, 55, 59, 96, 89, 86, 52]
3:52:[3, 55, 59, 97, 89, 86, 52]
3:52:[3, 55, 59, 98, 89, 86, 52]
3:53:[3, 55, 57, 90, 87, 86, 53]
3:53:[3, 55, 57, 91, 87, 86, 53]
3:53:[3, 55, 57, 92, 87, 86, 53]
3:53:[3, 55, 58, 93, 88, 86, 53]
3:53:[3, 55, 58, 94, 88, 86, 53]
3:53:[3, 55, 58, 95, 88, 86, 53]
3:53:[3, 55, 59, 96, 89, 86, 53]
3:53:[3, 55, 59, 97, 89, 86, 53]
3:53:[3, 55, 59, 98, 89, 86, 53]
4:0:[4, 55, 57, 54, 0]
4:0:[4, 55, 58, 54, 0]
4:0:[4, 55, 59, 54, 0]
4:1:[4, 55, 57, 54, 1]
4:1:[4, 55, 58, 54, 1]
4:1:[4, 55, 59, 54, 1]
4:2:[4, 55, 57, 54, 2]
4:2:[4, 55, 58, 54, 2]
4:2:[4, 55, 59, 54, 2]
4:3:[4, 55, 3]
4:5:[4, 55, 5]
4:6:[4, 55, 57, 56, 6]
4:6:[4, 55, 58, 56, 6]
4:6:[4, 55, 59, 56, 6]
4:7:[4, 55, 57, 56, 7]
4:7:[4, 55, 58, 56, 7]
4:7:[4, 55, 59, 56, 7]
4:8:[4, 55, 57, 56, 8]
4:8:[4, 55, 58, 56, 8]
4:8:[4, 55, 59, 56, 8]
4:9:[4, 55, 57, 90, 63, 60, 9]
4:9:[4, 55, 57, 91, 63, 60, 9]
4:9:[4, 55, 57, 92, 63, 60, 9]
4:9:[4, 55, 58, 93, 64, 60, 9]
4:9:[4, 55, 58, 94, 64, 60, 9]
4:9:[4, 55, 58, 95, 64, 60, 9]
4:9:[4, 55, 59, 96, 65, 60, 9]
4:9:[4, 55, 59, 97, 65, 60, 9]
4:9:[4, 55, 59, 98, 65, 60, 9]
4:10:[4, 55, 57, 90, 63, 60, 10]
4:10:[4, 55, 57, 91, 63, 60, 10]
4:10:[4, 55, 57, 92, 63, 60, 10]
4:10:[4, 55, 58, 93, 64, 60, 10]
4:10:[4, 55, 58, 94, 64, 60, 10]
4:10:[4, 55, 58, 95, 64, 60, 10]
4:10:[4, 55, 59, 96, 65, 60, 10]
4:10:[4, 55, 59, 97, 65, 60, 10]
4:10:[4, 55, 59, 98, 65, 60, 10]
4:11:[4, 55, 57, 90, 63, 60, 11]
4:11:[4, 55, 57, 91, 63, 60, 11]
4:11:[4, 55, 57, 92, 63, 60, 11]
4:11:[4, 55, 58, 93, 64, 60, 11]
4:11:[4, 55, 58, 94, 64, 60, 11]
4:11:[4, 55, 58, 95, 64, 60, 11]
4:11:[4, 55, 59, 96, 65, 60, 11]
4:11:[4, 55, 59, 97, 65, 60, 11]
4:11:[4, 55, 59, 98, 65, 60, 11]
4:12:[4, 55, 57, 90, 63, 61, 12]
4:12:[4, 55, 57, 91, 63, 61, 12]
4:12:[4, 55, 57, 92, 63, 61, 12]
4:12:[4, 55, 58, 93, 64, 61, 12]
4:12:[4, 55, 58, 94, 64, 61, 12]
4:12:[4, 55, 58, 95, 64, 61, 12]
4:12:[4, 55, 59, 96, 65, 61, 12]
4:12:[4, 55, 59, 97, 65, 61, 12]
4:12:[4, 55, 59, 98, 65, 61, 12]
4:13:[4, 55, 57, 90, 63, 61, 13]
4:13:[4, 55, 57, 91, 63, 61, 13]
4:13:[4, 55, 57, 92, 63, 61, 13]
4:13:[4, 55, 58, 93, 64, 61, 13]
4:13:[4, 55, 58, 94, 64, 61, 13]
4:13:[4, 55, 58, 95, 64, 61, 13]
4:13:[4, 55, 59, 96, 65, 61, 13]
4:13:[4, 55, 59, 97, 65, 61, 13]
4:13:[4, 55, 59, 98, 65, 61, 13]
4:14:[4, 55, 57, 90, 63, 61, 14]
4:14:[4, 55, 57, 91, 63, 61, 14]
4:14:[4, 55, 57, 92, 63, 61, 14]
4:14:[4, 55, 58, 93, 64, 61, 14]
4:14:[4, 55, 58, 94, 64, 61, 14]
4:14:[4, 55, 58, 95, 64, 61, 14]
4:14:[4, 55, 59, 96, 65, 61, 14]
4:14:[4, 55, 59, 97, 65, 61, 14]
4:14:[4, 55, 59, 98, 65, 61, 14]
4:15:[4, 55, 57, 90, 63, 62, 15]
4:15:[4, 55, 57, 91, 63, 62, 15]
4:15:[4, 55, 57, 92, 63, 62, 15]
4:15:[4, 55, 58, 93, 64, 62, 15]
4:15:[4, 55, 58, 94, 64, 62, 15]
4:15:[4, 55, 58, 95, 64, 62, 15]
4:15:[4, 55, 59, 96, 65, 62, 15]
4:15:[4, 55, 59, 97, 65, 62, 15]
4:15:[4, 55, 59, 98, 65, 62, 15]
4:16:[4, 55, 57, 90, 63, 62, 16]
4:16:[4, 55, 57, 91, 63, 62, 16]
4:16:[4, 55, 57, 92, 63, 62, 16]
4:16:[4, 55, 58, 93, 64, 62, 16]
4:16:[4, 55, 58, 94, 64, 62, 16]
4:16:[4, 55, 58, 95, 64, 62, 16]
4:16:[4, 55, 59, 96, 65, 62, 16]
4:16:[4, 55, 59, 97, 65, 62, 16]
4:16:[4, 55, 59, 98, 65, 62, 16]
4:17:[4, 55, 57, 90, 63, 62, 17]
4:17:[4, 55, 57, 91, 63, 62, 17]
4:17:[4, 55, 57, 92, 63, 62, 17]
4:17:[4, 55, 58, 93, 64, 62, 17]
4:17:[4, 55, 58, 94, 64, 62, 17]
4:17:[4, 55, 58, 95, 64, 62, 17]
4:17:[4, 55, 59, 96, 65, 62, 17]
4:17:[4, 55, 59, 97, 65, 62, 17]
4:17:[4, 55, 59, 98, 65, 62, 17]
4:18:[4, 55, 57, 90, 69, 66, 18]
4:18:[4, 55, 57, 91, 69, 66, 18]
4:18:[4, 55, 57, 92, 69, 66, 18]
4:18:[4, 55, 58, 93, 70, 66, 18]
4:18:[4, 55, 58, 94, 70, 66, 18]
4:18:[4, 55, 58, 95, 70, 66, 18]
4:18:[4, 55, 59, 96, 71, 66, 18]
4:18:[4, 55, 59, 97, 71, 66, 18]
4:18:[4, 55, 59, 98, 71, 66, 18]
4:19:[4, 55, 57, 90, 69, 66, 19]
4:19:[4, 55, 57, 91, 69, 66, 19]
4:19:[4, 55, 57, 92, 69, 66, 19]
4:19:[4, 55, 58, 93, 70, 66, 19]
4:19:[4, 55, 58, 94, 70, 66, 19]
4:19:[4, 55, 58, 95, 70, 66, 19]
4:19:[4, 55, 59, 96, 71, 66, 19]
4:19:[4, 55, 59, 97, 71, 66, 19]
4:19:[4, 55, 59, 98, 71, 66, 19]
4:20:[4, 55, 57, 90, 69, 66, 20]
4:20:[4, 55, 57, 91, 69, 66, 20]
4:20:[4, 55, 57, 92, 69, 66, 20]
4:20:[4, 55, 58, 93, 70, 66, 20]
4:20:[4, 55, 58, 94, 70, 66, 20]
4:20:[4, 55, 58, 95, 70, 66, 20]
4:20:[4, 55, 59, 96, 71, 66, 20]
4:20:[4, 55, 59, 97, 71, 66, 20]
4:20:[4, 55, 59, 98, 71, 66, 20]
4:21:[4, 55, 57, 90, 69, 67, 21]
4:21:[4, 55, 57, 91, 69, 67, 21]
4:21:[4, 55, 57, 92, 69, 67, 21]
4:21:[4, 55, 58, 93, 70, 67, 21]
4:21:[4, 55, 58, 94, 70, 67, 21]
4:21:[4, 55, 58, 95, 70, 67, 21]
4:21:[4, 55, 59, 96, 71, 67, 21]
4:21:[4, 55, 59, 97, 71, 67, 21]
4:21:[4, 55, 59, 98, 71, 67, 21]
4:22:[4, 55, 57, 90, 69, 67, 22]
4:22:[4, 55, 57, 91, 69, 67, 22]
4:22:[4, 55, 57, 92, 69, 67, 22]
4:22:[4, 55, 58, 93, 70, 67, 22]
4:22:[4, 55, 58, 94, 70, 67, 22]
4:22:[4, 55, 58, 95, 70, 67, 22]
4:22:[4, 55, 59, 96, 71, 67, 22]
4:22:[4, 55, 59, 97, 71, 67, 22]
4:22:[4, 55, 59, 98, 71, 67, 22]
4:23:[4, 55, 57, 90, 69, 67, 23]
4:23:[4, 55, 57, 91, 69, 67, 23]
4:23:[4, 55, 57, 92, 69, 67, 23]
4:23:[4, 55, 58, 93, 70, 67, 23]
4:23:[4, 55, 58, 94, 70, 67, 23]
4:23:[4, 55, 58, 95, 70, 67, 23]
4:23:[4, 55, 59, 96, 71, 67, 23]
4:23:[4, 55, 59, 97, 71, 67, 23]
4:23:[4, 55, 59, 98, 71, 67, 23]
4:24:[4, 55, 57, 90, 69, 68, 24]
4:24:[4, 55, 57, 91, 69, 68, 24]
4:24:[4, 55, 57, 92, 69, 68, 24]
4:24:[4, 55, 58, 93, 70, 68, 24]
4:24:[4, 55, 58, 94, 70, 68, 24]
4:24:[4, 55, 58, 95, 70, 68, 24]
4:24:[4, 55, 59, 96, 71, 68, 24]
4:24:[4, 55, 59, 97, 71, 68, 24]
4:24:[4, 55, 59, 98, 71, 68, 24]
4:25:[4, 55, 57, 90, 69, 68, 25]
4:25:[4, 55, 57, 91, 69, 68, 25]
4:25:[4, 55, 57, 92, 69, 68, 25]
4:25:[4, 55, 58, 93, 70, 68, 25]
4:25:[4, 55, 58, 94, 70, 68, 25]
4:25:[4, 55, 58, 95, 70, 68, 25]
4:25:[4, 55, 59, 96, 71, 68, 25]
4:25:[4, 55, 59, 97, 71, 68, 25]
4:25:[4, 55, 59, 98, 71, 68, 25]
4:26:[4, 55, 57, 90, 69, 68, 26]
4:26:[4, 55, 57, 91, 69, 68, 26]
4:26:[4, 55, 57, 92, 69, 68, 26]
4:26:[4, 55, 58, 93, 70, 68, 26]
4:26:[4, 55, 58, 94, 70, 68, 26]
4:26:[4, 55, 58, 95, 70, 68, 26]
4:26:[4, 55, 59, 96, 71, 68, 26]
4:26:[4, 55, 59, 97, 71, 68, 26]
4:26:[4, 55, 59, 98, 71, 68, 26]
4:27:[4, 55, 57, 90, 75, 72, 27]
4:27:[4, 55, 57, 91, 75, 72, 27]
4:27:[4, 55, 57, 92, 75, 72, 27]
4:27:[4, 55, 58, 93, 76, 72, 27]
4:27:[4, 55, 58, 94, 76, 72, 27]
4:27:[4, 55, 58, 95, 76, 72, 27]
4:27:[4, 55, 59, 96, 77, 72, 27]
4:27:[4, 55, 59, 97, 77, 72, 27]
4:27:[4, 55, 59, 98, 77, 72, 27]
4:28:[4, 55, 57, 90, 75, 72, 28]
4:28:[4, 55, 57, 91, 75, 72, 28]
4:28:[4, 55, 57, 92, 75, 72, 28]
4:28:[4, 55, 58, 93, 76, 72, 28]
4:28:[4, 55, 58, 94, 76, 72, 28]
4:28:[4, 55, 58, 95, 76, 72, 28]
4:28:[4, 55, 59, 96, 77, 72, 28]
4:28:[4, 55, 59, 97, 77, 72, 28]
4:28:[4, 55, 59, 98, 77, 72, 28]
4:29:[4, 55, 57, 90, 75, 72, 29]
4:29:[4, 55, 57, 91, 75, 72, 29]
4:29:[4, 55, 57, 92, 75, 72, 29]
4:29:[4, 55, 58, 93, 76, 72, 29]
4:29:[4, 55, 58, 94, 76, 72, 29]
4:29:[4, 55, 58, 95, 76, 72, 29]
4:29:[4, 55, 59, 96, 77, 72, 29]
4:29:[4, 55, 59, 97, 77, 72, 29]
4:29:[4, 55, 59, 98, 77, 72, 29]
4:30:[4, 55, 57, 90, 75, 73, 30]
4:30:[4, 55, 57, 91, 75, 73, 30]
4:30:[4, 55, 57, 92, 75, 73, 30]
4:30:[4, 55, 58, 93, 76, 73, 30]
4:30:[4, 55, 58, 94, 76, 73, 30]
4:30:[4, 55, 58, 95, 76, 73, 30]
4:30:[4, 55, 59, 96, 77, 73, 30]
4:30:[4, 55, 59, 97, 77, 73, 30]
4:30:[4, 55, 59, 98, 77, 73, 30]
4:31:[4, 55, 57, 90, 75, 73, 31]
4:31:[4, 55, 57, 91, 75, 73, 31]
4:31:[4, 55, 57, 92, 75, 73, 31]
4:31:[4, 55, 58, 93, 76, 73, 31]
4:31:[4, 55, 58, 94, 76, 73, 31]
4:31:[4, 55, 58, 95, 76, 73, 31]
4:31:[4, 55, 59, 96, 77, 73, 31]
4:31:[4, 55, 59, 97, 77, 73, 31]
4:31:[4, 55, 59, 98, 77, 73, 31]
4:32:[4, 55, 57, 90, 75, 73, 32]
4:32:[4, 55, 57, 91, 75, 73, 32]
4:32:[4, 55, 57, 92, 75, 73, 32]
4:32:[4, 55, 58, 93, 76, 73, 32]
4:32:[4, 55, 58, 94, 76, 73, 32]
4:32:[4, 55, 58, 95, 76, 73, 32]
4:32:[4, 55, 59, 96, 77, 73, 32]
4:32:[4, 55, 59, 97, 77, 73, 32]
4:32:[4, 55, 59, 98, 77, 73, 32]
4:33:[4, 55, 57, 90, 75, 74, 33]
4:33:[4, 55, 57, 91, 75, 74, 33]
4:33:[4, 55, 57, 92, 75, 74, 33]
4:33:[4, 55, 58, 93, 76, 74, 33]
4:33:[4, 55, 58, 94, 76, 74, 33]
4:33:[4, 55, 58, 95, 76, 74, 33]
4:33:[4, 55, 59, 96, 77, 74, 33]
4:33:[4, 55, 59, 97, 77, 74, 33]
4:33:[4, 55, 59, 98, 77, 74, 33]
4:34:[4, 55, 57, 90, 75, 74, 34]
4:34:[4, 55, 57, 91, 75, 74, 34]
4:34:[4, 55, 57, 92, 75, 74, 34]
4:34:[4, 55, 58, 93, 76, 74, 34]
4:34:[4, 55, 58, 94, 76, 74, 34]
4:34:[4, 55, 58, 95, 76, 74, 34]
4:34:[4, 55, 59, 96, 77, 74, 34]
4:34:[4, 55, 59, 97, 77, 74, 34]
4:34:[4, 55, 59, 98, 77, 74, 34]
4:35:[4, 55, 57, 90, 75, 74, 35]
4:35:[4, 55, 57, 91, 75, 74, 35]
4:35:[4, 55, 57, 92, 75, 74, 35]
4:35:[4, 55, 58, 93, 76, 74, 35]
4:35:[4, 55, 58, 94, 76, 74, 35]
4:35:[4, 55, 58, 95, 76, 74, 35]
4:35:[4, 55, 59, 96, 77, 74, 35]
4:35:[4, 55, 59, 97, 77, 74, 35]
4:35:[4, 55, 59, 98, 77, 74, 35]
4:36:[4, 55, 57, 90, 81, 78, 36]
4:36:[4, 55, 57, 91, 81, 78, 36]
4:36:[4, 55, 57, 92, 81, 78, 36]
4:36:[4, 55, 58, 93, 82, 78, 36]
4:36:[4, 55, 58, 94, 82, 78, 36]
4:36:[4, 55, 58, 95, 82, 78, 36]
4:36:[4, 55, 59, 96, 83, 78, 36]
4:36:[4, 55, 59, 97, 83, 78, 36]
4:36:[4, 55, 59, 98, 83, 78, 36]
4:37:[4, 55, 57, 90, 81, 78, 37]
4:37:[4, 55, 57, 91, 81, 78, 37]
4:37:[4, 55, 57, 92, 81, 78, 37]
4:37:[4, 55, 58, 93, 82, 78, 37]
4:37:[4, 55, 58, 94, 82, 78, 37]
4:37:[4, 55, 58, 95, 82, 78, 37]
4:37:[4, 55, 59, 96, 83, 78, 37]
4:37:[4, 55, 59, 97, 83, 78, 37]
4:37:[4, 55, 59, 98, 83, 78, 37]
4:38:[4, 55, 57, 90, 81, 78, 38]
4:38:[4, 55, 57, 91, 81, 78, 38]
4:38:[4, 55, 57, 92, 81, 78, 38]
4:38:[4, 55, 58, 93, 82, 78, 38]
4:38:[4, 55, 58, 94, 82, 78, 38]
4:38:[4, 55, 58, 95, 82, 78, 38]
4:38:[4, 55, 59, 96, 83, 78, 38]
4:38:[4, 55, 59, 97, 83, 78, 38]
4:38:[4, 55, 59, 98, 83, 78, 38]
4:39:[4, 55, 57, 90, 81, 79, 39]
4:39:[4, 55, 57, 91, 81, 79, 39]
4:39:[4, 55, 57, 92, 81, 79, 39]
4:39:[4, 55, 58, 93, 82, 79, 39]
4:39:[4, 55, 58, 94, 82, 79, 39]
4:39:[4, 55, 58, 95, 82, 79, 39]
4:39:[4, 55, 59, 96, 83, 79, 39]
4:39:[4, 55, 59, 97, 83, 79, 39]
4:39:[4, 55, 59, 98, 83, 79, 39]
4:40:[4, 55, 57, 90, 81, 79, 40]
4:40:[4, 55, 57, 91, 81, 79, 40]
4:40:[4, 55, 57, 92, 81, 79, 40]
4:40:[4, 55, 58, 93, 82, 79, 40]
4:40:[4, 55, 58, 94, 82, 79, 40]
4:40:[4, 55, 58, 95, 82, 79, 40]
4:40:[4, 55, 59, 96, 83, 79, 40]
4:40:[4, 55, 59, 97, 83, 79, 40]
4:40:[4, 55, 59, 98, 83, 79, 40]
4:41:[4, 55, 57, 90, 81, 79, 41]
4:41:[4, 55, 57, 91, 81, 79, 41]
4:41:[4, 55, 57, 92, 81, 79, 41]
4:41:[4, 55, 58, 93, 82, 79, 41]
4:41:[4, 55, 58, 94, 82, 79, 41]
4:41:[4, 55, 58, 95, 82, 79, 41]
4:41:[4, 55, 59, 96, 83, 79, 41]
4:41:[4, 55, 59, 97, 83, 79, 41]
4:41:[4, 55, 59, 98, 83, 79, 41]
4:42:[4, 55, 57, 90, 81, 80, 42]
4:42:[4, 55, 57, 91, 81, 80, 42]
4:42:[4, 55, 57, 92, 81, 80, 42]
4:42:[4, 55, 58, 93, 82, 80, 42]
4:42:[4, 55, 58, 94, 82, 80, 42]
4:42:[4, 55, 58, 95, 82, 80, 42]
4:42:[4, 55, 59, 96, 83, 80, 42]
4:42:[4, 55, 59, 97, 83, 80, 42]
4:42:[4, 55, 59, 98, 83, 80, 42]
4:43:[4, 55, 57, 90, 81, 80, 43]
4:43:[4, 55, 57, 91, 81, 80, 43]
4:43:[4, 55, 57, 92, 81, 80, 43]
4:43:[4, 55, 58, 93, 82, 80, 43]
4:43:[4, 55, 58, 94, 82, 80, 43]
4:43:[4, 55, 58, 95, 82, 80, 43]
4:43:[4, 55, 59, 96, 83, 80, 43]
4:43:[4, 55, 59, 97, 83, 80, 43]
4:43:[4, 55, 59, 98, 83, 80, 43]
4:44:[4, 55, 57, 90, 81, 80, 44]
4:44:[4, 55, 57, 91, 81, 80, 44]
4:44:[4, 55, 57, 92, 81, 80, 44]
4:44:[4, 55, 58, 93, 82, 80, 44]
4:44:[4, 55, 58, 94, 82, 80, 44]
4:44:[4, 55, 58, 95, 82, 80, 44]
4:44:[4, 55, 59, 96, 83, 80, 44]
4:44:[4, 55, 59, 97, 83, 80, 44]
4:44:[4, 55, 59, 98, 83, 80, 44]
4:45:[4, 55, 57, 90, 87, 84, 45]
4:45:[4, 55, 57, 91, 87, 84, 45]
4:45:[4, 55, 57, 92, 87, 84, 45]
4:45:[4, 55, 58, 93, 88, 84, 45]
4:45:[4, 55, 58, 94, 88, 84, 45]
4:45:[4, 55, 58, 95, 88, 84, 45]
4:45:[4, 55, 59, 96, 89, 84, 45]
4:45:[4, 55, 59, 97, 89, 84, 45]
4:45:[4, 55, 59, 98, 89, 84, 45]
4:46:[4, 55, 57, 90, 87, 84, 46]
4:46:[4, 55, 57, 91, 87, 84, 46]
4:46:[4, 55, 57, 92, 87, 84, 46]
4:46:[4, 55, 58, 93, 88, 84, 46]
4:46:[4, 55, 58, 94, 88, 84, 46]
4:46:[4, 55, 58, 95, 88, 84, 46]
4:46:[4, 55, 59, 96, 89, 84, 46]
4:46:[4, 55, 59, 97, 89, 84, 46]
4:46:[4, 55, 59, 98, 89, 84, 46]
4:47:[4, 55, 57, 90, 87, 84, 47]
4:47:[4, 55, 57, 91, 87, 84, 47]
4:47:[4, 55, 57, 92, 87, 84, 47]
4:47:[4, 55, 58, 93, 88, 84, 47]
4:47:[4, 55, 58, 94, 88, 84, 47]
4:47:[4, 55, 58, 95, 88, 84, 47]
4:47:[4, 55, 59, 96, 89, 84, 47]
4:47:[4, 55, 59, 97, 89, 84, 47]
4:47:[4, 55, 59, 98, 89, 84, 47]
4:48:[4, 55, 57, 90, 87, 85, 48]
4:48:[4, 55, 57, 91, 87, 85, 48]
4:48:[4, 55, 57, 92, 87, 85, 48]
4:48:[4, 55, 58, 93, 88, 85, 48]
4:48:[4, 55, 58, 94, 88, 85, 48]
4:48:[4, 55, 58, 95, 88, 85, 48]
4:48:[4, 55, 59, 96, 89, 85, 48]
4:48:[4, 55, 59, 97, 89, 85, 48]
4:48:[4, 55, 59, 98, 89, 85, 48]
4:49:[4, 55, 57, 90, 87, 85, 49]
4:49:[4, 55, 57, 91, 87, 85, 49]
4:49:[4, 55, 57, 92, 87, 85, 49]
4:49:[4, 55, 58, 93, 88, 85, 49]
4:49:[4, 55, 58, 94, 88, 85, 49]
4:49:[4, 55, 58, 95, 88, 85, 49]
4:49:[4, 55, 59, 96, 89, 85, 49]
4:49:[4, 55, 59, 97, 89, 85, 49]
4:49:[4, 55, 59, 98, 89, 85, 49]
4:50:[4, 55, 57, 90, 87, 85, 50]
4:50:[4, 55, 57, 91, 87, 85, 50]
4:50:[4, 55, 57, 92, 87, 85, 50]
4:50:[4, 55, 58, 93, 88, 85, 50]
4:50:[4, 55, 58, 94, 88, 85, 50]
4:50:[4, 55, 58, 95, 88, 85, 50]
4:50:[4, 55, 59, 96, 89, 85, 50]
4:50:[4, 55, 59, 97, 89, 85, 50]
4:50:[4, 55, 59, 98, 89, 85, 50]
4:51:[4, 55, 57, 90, 87, 86, 51]
4:51:[4, 55, 57, 91, 87, 86, 51]
4:51:[4, 55, 57, 92, 87, 86, 51]
4:51:[4, 55, 58, 93, 88, 86, 51]
4:51:[4, 55, 58, 94, 88, 86, 51]
4:51:[4, 55, 58, 95, 88, 86, 51]
4:51:[4, 55, 59, 96, 89, 86, 51]
4:51:[4, 55, 59, 97, 89, 86, 51]
4:51:[4, 55, 59, 98, 89, 86, 51]
4:52:[4, 55, 57, 90, 87, 86, 52]
4:52:[4, 55, 57, 91, 87, 86, 52]
4:52:[4, 55, 57, 92, 87, 86, 52]
4:52:[4, 55, 58, 93, 88, 86, 52]
4:52:[4, 55, 58, 94, 88, 86, 52]
4:52:[4, 55, 58, 95, 88, 86, 52]
4:52:[4, 55, 59, 96, 89, 86, 52]
4:52:[4, 55, 59, 97, 89, 86, 52]
4:52:[4, 55, 59, 98, 89, 86, 52]
4:53:[4, 55, 57, 90, 87, 86, 53]
4:53:[4, 55, 57, 91, 87, 86, 53]
4:53:[4, 55, 57, 92, 87, 86, 53]
4:53:[4, 55, 58, 93, 88, 86, 53]
4:53:[4, 55, 58, 94, 88, 86, 53]
4:53:[4, 55, 58, 95, 88, 86, 53]
4:53:[4, 55, 59, 96, 89, 86, 53]
4:53:[4, 55, 59, 97, 89, 86, 53]
4:53:[4, 55, 59, 98, 89, 86, 53]
5:0:[5, 55, 57, 54, 0]
5:0:[5, 55, 58, 54, 0]
5:0:[5, 55, 59, 54, 0]
5:1:[5, 55, 57, 54, 1]
5:1:[5, 55, 58, 54, 1]
5:1:[5, 55, 59, 54, 1]
5:2:[5, 55, 57, 54, 2]
5:2:[5, 55, 58, 54, 2]
5:2:[5, 55, 59, 54, 2]
5:3:[5, 55, 3]
5:4:[5, 55, 4]
5:6:[5, 55, 57, 56, 6]
5:6:[5, 55, 58, 56, 6]
5:6:[5, 55, 59, 56, 6]
5:7:[5, 55, 57, 56, 7]
5:7:[5, 55, 58, 56, 7]
5:7:[5, 55, 59, 56, 7]
5:8:[5, 55, 57, 56, 8]
5:8:[5, 55, 58, 56, 8]
5:8:[5, 55, 59, 56, 8]
5:9:[5, 55, 57, 90, 63, 60, 9]
5:9:[5, 55, 57, 91, 63, 60, 9]
5:9:[5, 55, 57, 92, 63, 60, 9]
5:9:[5, 55, 58, 93, 64, 60, 9]
5:9:[5, 55, 58, 94, 64, 60, 9]
5:9:[5, 55, 58, 95, 64, 60, 9]
5:9:[5, 55, 59, 96, 65, 60, 9]
5:9:[5, 55, 59, 97, 65, 60, 9]
5:9:[5, 55, 59, 98, 65, 60, 9]
5:10:[5, 55, 57, 90, 63, 60, 10]
5:10:[5, 55, 57, 91, 63, 60, 10]
5:10:[5, 55, 57, 92, 63, 60, 10]
5:10:[5, 55, 58, 93, 64, 60, 10]
5:10:[5, 55, 58, 94, 64, 60, 10]
5:10:[5, 55, 58, 95, 64, 60, 10]
5:10:[5, 55, 59, 96, 65, 60, 10]
5:10:[5, 55, 59, 97, 65, 60, 10]
5:10:[5, 55, 59, 98, 65, 60, 10]
5:11:[5, 55, 57, 90, 63, 60, 11]
5:11:[5, 55, 57, 91, 63, 60, 11]
5:11:[5, 55, 57, 92, 63, 60, 11]
5:11:[5, 55, 58, 93, 64, 60, 11]
5:11:[5, 55, 58, 94, 64, 60, 11]
5:11:[5, 55, 58, 95, 64, 60, 11]
5:11:[5, 55, 59, 96, 65, 60, 11]
5:11:[5, 55, 59, 97, 65, 60, 11]
5:11:[5, 55, 59, 98, 65, 60, 11]
5:12:[5, 55, 57, 90, 63, 61, 12]
5:12:[5, 55, 57, 91, 63, 61, 12]
5:12:[5, 55, 57, 92, 63, 61, 12]
5:12:[5, 55, 58, 93, 64, 61, 12]
5:12:[5, 55, 58, 94, 64, 61, 12]
5:12:[5, 55, 58, 95, 64, 61, 12]
5:12:[5, 55, 59, 96, 65, 61, 12]
5:12:[5, 55, 59, 97, 65, 61, 12]
5:12:[5, 55, 59, 98, 65, 61, 12]
5:13:[5, 55, 57, 90, 63, 61, 13]
5:13:[5, 55, 57, 91, 63, 61, 13]
5:13:[5, 55, 57, 92, 63, 61, 13]
5:13:[5, 55, 58, 93, 64, 61, 13]
5:13:[5, 55, 58, 94, 64, 61, 13]
5:13:[5, 55, 58, 95, 64, 61, 13]
5:13:[5, 55, 59, 96, 65, 61, 13]
5:13:[5, 55, 59, 97, 65, 61, 13]
5:13:[5, 55, 59, 98, 65, 61, 13]
5:14:[5, 55, 57, 90, 63, 61, 14]
5:14:[5, 55, 57, 91, 63, 61, 14]
5:14:[5, 55, 57, 92, 63, 61, 14]
5:14:[5, 55, 58, 93, 64, 61, 14]
5:14:[5, 55, 58, 94, 64, 61, 14]
5:14:[5, 55, 58, 95, 64, 61, 14]
5:14:[5, 55, 59, 96, 65, 61, 14]
5:14:[5, 55, 59, 97, 65, 61, 14]
5:14:[5, 55, 59, 98, 65, 61, 14]
5:15:[5, 55, 57, 90, 63, 62, 15]
5:15:[5, 55, 57, 91, 63, 62, 15]
5:15:[5, 55, 57, 92, 63, 62, 15]
5:15:[5, 55, 58, 93, 64, 62, 15]
5:15:[5, 55, 58, 94, 64, 62, 15]
5:15:[5, 55, 58, 95, 64, 62, 15]
5:15:[5, 55, 59, 96, 65, 62, 15]
5:15:[5, 55, 59, 97, 65, 62, 15]
5:15:[5, 55, 59, 98, 65, 62, 15]
5:16:[5, 55, 57, 90, 63, 62, 16]
5:16:[5, 55, 57, 91, 63, 62, 16]
5:16:[5, 55, 57, 92, 63, 62, 16]
5:16:[5, 55, 58, 93, 64, 62, 16]
5:16:[5, 55, 58, 94, 64, 62, 16]
5:16:[5, 55, 58, 95, 64, 62, 16]
5:16:[5, 55, 59, 96, 65, 62, 16]
5:16:[5, 55, 59, 97, 65, 62, 16]
5:16:[5, 55, 59, 98, 65, 62, 16]
5:17:[5, 55, 57, 90, 63, 62, 17]
5:17:[5, 55, 57, 91, 63, 62, 17]
5:17:[5, 55, 57, 92, 63, 62, 17]
5:17:[5, 55, 58, 93, 64, 62, 17]
5:17:[5, 55, 58, 94, 64, 62, 17]
5:17:[5, 55, 58, 95, 64, 62, 17]
5:17:[5, 55, 59, 96, 65, 62, 17]
5:17:[5, 55, 59, 97, 65, 62, 17]
5:17:[5, 55, 59, 98, 65, 62, 17]
5:18:[5, 55, 57, 90, 69, 66, 18]
5:18:[5, 55, 57, 91, 69, 66, 18]
5:18:[5, 55, 57, 92, 69, 66, 18]
5:18:[5, 55, 58, 93, 70, 66, 18]
5:18:[5, 55, 58, 94, 70, 66, 18]
5:18:[5, 55, 58, 95, 70, 66, 18]
5:18:[5, 55, 59, 96, 71, 66, 18]
5:18:[5, 55, 59, 97, 71, 66, 18]
5:18:[5, 55, 59, 98, 71, 66, 18]
5:19:[5, 55, 57, 90, 69, 66, 19]
5:19:[5, 55, 57, 91, 69, 66, 19]
5:19:[5, 55, 57, 92, 69, 66, 19]
5:19:[5, 55, 58, 93, 70, 66, 19]
5:19:[5, 55, 58, 94, 70, 66, 19]
5:19:[5, 55, 58, 95, 70, 66, 19]
5:19:[5, 55, 59, 96, 71, 66, 19]
5:19:[5, 55, 59, 97, 71, 66, 19]
5:19:[5, 55, 59, 98, 71, 66, 19]
5:20:[5, 55, 57, 90, 69, 66, 20]
5:20:[5, 55, 57, 91, 69, 66, 20]
5:20:[5, 55, 57, 92, 69, 66, 20]
5:20:[5, 55, 58, 93, 70, 66, 20]
5:20:[5, 55, 58, 94, 70, 66, 20]
5:20:[5, 55, 58, 95, 70, 66, 20]
5:20:[5, 55, 59, 96, 71, 66, 20]
5:20:[5, 55, 59, 97, 71, 66, 20]
5:20:[5, 55, 59, 98, 71, 66, 20]
5:21:[5, 55, 57, 90, 69, 67, 21]
5:21:[5, 55, 57, 91, 69, 67, 21]
5:21:[5, 55, 57, 92, 69, 67, 21]
5:21:[5, 55, 58, 93, 70, 67, 21]
5:21:[5, 55, 58, 94, 70, 67, 21]
5:21:[5, 55, 58, 95, 70, 67, 21]
5:21:[5, 55, 59, 96, 71, 67, 21]
5:21:[5, 55, 59, 97, 71, 67, 21]
5:21:[5, 55, 59, 98, 71, 67, 21]
5:22:[5, 55, 57, 90, 69, 67, 22]
5:22:[5, 55, 57, 91, 69, 67, 22]
5:22:[5, 55, 57, 92, 69, 67, 22]
5:22:[5, 55, 58, 93, 70, 67, 22]
5:22:[5, 55, 58, 94, 70, 67, 22]
5:22:[5, 55, 58, 95, 70, 67, 22]
5:22:[5, 55, 59, 96, 71, 67, 22]
5:22:[5, 55, 59, 97, 71, 67, 22]
5:22:[5, 55, 59, 98, 71, 67, 22]
5:23:[5, 55, 57, 90, 69, 67, 23]
5:23:[5, 55, 57, 91, 69, 67, 23]
5:23:[5, 55, 57, 92, 69, 67, 23]
5:23:[5, 55, 58, 93, 70, 67, 23]
5:23:[5, 55, 58, 94, 70, 67, 23]
5:23:[5, 55, 58, 95, 70, 67, 23]
5:23:[5, 55, 59, 96, 71, 67, 23]
5:23:[5, 55, 59, 97, 71, 67, 23]
5:23:[5, 55, 59, 98, 71, 67, 23]
5:24:[5, 55, 57, 90, 69, 68, 24]
5:24:[5, 55, 57, 91, 69, 68, 24]
5:24:[5, 55, 57, 92, 69, 68, 24]
5:24:[5, 55, 58, 93, 70, 68, 24]
5:24:[5, 55, 58, 94, 70, 68, 24]
5:24:[5, 55, 58, 95, 70, 68, 24]
5:24:[5, 55, 59, 96, 71, 68, 24]
5:24:[5, 55, 59, 97, 71, 68, 24]
5:24:[5, 55, 59, 98, 71, 68, 24]
5:25:[5, 55, 57, 90, 69, 68, 25]
5:25:[5, 55, 57, 91, 69, 68, 25]
5:25:[5, 55, 57, 92, 69, 68, 25]
5:25:[5, 55, 58, 93, 70, 68, 25]
5:25:[5, 55, 58, 94, 70, 68, 25]
5:25:[5, 55, 58, 95, 70, 68, 25]
5:25:[5, 55, 59, 96, 71, 68, 25]
5:25:[5, 55, 59, 97, 71, 68, 25]
5:25:[5, 55, 59, 98, 71, 68, 25]
5:26:[5, 55, 57, 90, 69, 68, 26]
5:26:[5, 55, 57, 91, 69, 68, 26]
5:26:[5, 55, 57, 92, 69, 68, 26]
5:26:[5, 55, 58, 93, 70, 68, 26]
5:26:[5, 55, 58, 94, 70, 68, 26]
5:26:[5, 55, 58, 95, 70, 68, 26]
5:26:[5, 55, 59, 96, 71, 68, 26]
5:26:[5, 55, 59, 97, 71, 68, 26]
5:26:[5, 55, 59, 98, 71, 68, 26]
5:27:[5, 55, 57, 90, 75, 72, 27]
5:27:[5, 55, 57, 91, 75, 72, 27]
5:27:[5, 55, 57, 92, 75, 72, 27]
5:27:[5, 55, 58, 93, 76, 72, 27]
5:27:[5, 55, 58, 94, 76, 72, 27]
5:27:[5, 55, 58, 95, 76, 72, 27]
5:27:[5, 55, 59, 96, 77, 72, 27]
5:27:[5, 55, 59, 97, 77, 72, 27]
5:27:[5, 55, 59, 98, 77, 72, 27]
5:28:[5, 55, 57, 90, 75, 72, 28]
5:28:[5, 55, 57, 91, 75, 72, 28]
5:28:[5, 55, 57, 92, 75, 72, 28]
5:28:[5, 55, 58, 93, 76, 72, 28]
5:28:[5, 55, 58, 94, 76, 72, 28]
5:28:[5, 55, 58, 95, 76, 72, 28]
5:28:[5, 55, 59, 96, 77, 72, 28]
5:28:[5, 55, 59, 97, 77, 72, 28]
5:28:[5, 55, 59, 98, 77, 72, 28]
5:29:[5, 55, 57, 90, 75, 72, 29]
5:29:[5, 55, 57, 91, 75, 72, 29]
5:29:[5, 55, 57, 92, 75, 72, 29]
5:29:[5, 55, 58, 93, 76, 72, 29]
5:29:[5, 55, 58, 94, 76, 72, 29]
5:29:[5, 55, 58, 95, 76, 72, 29]
5:29:[5, 55, 59, 96, 77, 72, 29]
5:29:[5, 55, 59, 97, 77, 72, 29]
5:29:[5, 55, 59, 98, 77, 72, 29]
5:30:[5, 55, 57, 90, 75, 73, 30]
5:30:[5, 55, 57, 91, 75, 73, 30]
5:30:[5, 55, 57, 92, 75, 73, 30]
5:30:[5, 55, 58, 93, 76, 73, 30]
5:30:[5, 55, 58, 94, 76, 73, 30]
5:30:[5, 55, 58, 95, 76, 73, 30]
5:30:[5, 55, 59, 96, 77, 73, 30]
5:30:[5, 55, 59, 97, 77, 73, 30]
5:30:[5, 55, 59, 98, 77, 73, 30]
5:31:[5, 55, 57, 90, 75, 73, 31]
5:31:[5, 55, 57, 91, 75, 73, 31]
5:31:[5, 55, 57, 92, 75, 73, 31]
5:31:[5, 55, 58, 93, 76, 73, 31]
5:31:[5, 55, 58, 94, 76, 73, 31]
5:31:[5, 55, 58, 95, 76, 73, 31]
5:31:[5, 55, 59, 96, 77, 73, 31]
5:31:[5, 55, 59, 97, 77, 73, 31]
5:31:[5, 55, 59, 98, 77, 73, 31]
5:32:[5, 55, 57, 90, 75, 73, 32]
5:32:[5, 55, 57, 91, 75, 73, 32]
5:32:[5, 55, 57, 92, 75, 73, 32]
5:32:[5, 55, 58, 93, 76, 73, 32]
5:32:[5, 55, 58, 94, 76, 73, 32]
5:32:[5, 55, 58, 95, 76, 73, 32]
5:32:[5, 55, 59, 96, 77, 73, 32]
5:32:[5, 55, 59, 97, 77, 73, 32]
5:32:[5, 55, 59, 98, 77, 73, 32]
5:33:[5, 55, 57, 90, 75, 74, 33]
5:33:[5, 55, 57, 91, 75, 74, 33]
5:33:[5, 55, 57, 92, 75, 74, 33]
5:33:[5, 55, 58, 93, 76, 74, 33]
5:33:[5, 55, 58, 94, 76, 74, 33]
5:33:[5, 55, 58, 95, 76, 74, 33]
5:33:[5, 55, 59, 96, 77, 74, 33]
5:33:[5, 55, 59, 97, 77, 74, 33]
5:33:[5, 55, 59, 98, 77, 74, 33]
5:34:[5, 55, 57, 90, 75, 74, 34]
5:34:[5, 55, 57, 91, 75, 74, 34]
5:34:[5, 55, 57, 92, 75, 74, 34]
5:34:[5, 55, 58, 93, 76, 74, 34]
5:34:[5, 55, 58, 94, 76, 74, 34]
5:34:[5, 55, 58, 95, 76, 74, 34]
5:34:[5, 55, 59, 96, 77, 74, 34]
5:34:[5, 55, 59, 97, 77, 74, 34]
5:34:[5, 55, 59, 98, 77, 74, 34]
5:35:[5, 55, 57, 90, 75, 74, 35]
5:35:[5, 55, 57, 91, 75, 74, 35]
5:35:[5, 55, 57, 92, 75, 74, 35]
5:35:[5, 55, 58, 93, 76, 74, 35]
5:35:[5, 55, 58, 94, 76, 74, 35]
5:35:[5, 55, 58, 95, 76, 74, 35]
5:35:[5, 55, 59, 96, 77, 74, 35]
5:35:[5, 55, 59, 97, 77, 74, 35]
5:35:[5, 55, 59, 98, 77, 74, 35]
5:36:[5, 55, 57, 90, 81, 78, 36]
5:36:[5, 55, 57, 91, 81, 78, 36]
5:36:[5, 55, 57, 92, 81, 78, 36]
5:36:[5, 55, 58, 93, 82, 78, 36]
5:36:[5, 55, 58, 94, 82, 78, 36]
5:36:[5, 55, 58, 95, 82, 78, 36]
5:36:[5, 55, 59, 96, 83, 78, 36]
5:36:[5, 55, 59, 97, 83, 78, 36]
5:36:[5, 55, 59, 98, 83, 78, 36]
5:37:[5, 55, 57, 90, 81, 78, 37]
5:37:[5, 55, 57, 91, 81, 78, 37]
5:37:[5, 55, 57, 92, 81, 78, 37]
5:37:[5, 55, 58, 93, 82, 78, 37]
5:37:[5, 55, 58, 94, 82, 78, 37]
5:37:[5, 55, 58, 95, 82, 78, 37]
5:37:[5, 55, 59, 96, 83, 78, 37]
5:37:[5, 55, 59, 97, 83, 78, 37]
5:37:[5, 55, 59, 98, 83, 78, 37]
5:38:[5, 55, 57, 90, 81, 78, 38]
5:38:[5, 55, 57, 91, 81, 78, 38]
5:38:[5, 55, 57, 92, 81, 78, 38]
5:38:[5, 55, 58, 93, 82, 78, 38]
5:38:[5, 55, 58, 94, 82, 78, 38]
5:38:[5, 55, 58, 95, 82, 78, 38]
5:38:[5, 55, 59, 96, 83, 78, 38]
5:38:[5, 55, 59, 97, 83, 78, 38]
5:38:[5, 55, 59, 98, 83, 78, 38]
5:39:[5, 55, 57, 90, 81, 79, 39]
5:39:[5, 55, 57, 91, 81, 79, 39]
5:39:[5, 55, 57, 92, 81, 79, 39]
5:39:[5, 55, 58, 93, 82, 79, 39]
5:39:[5, 55, 58, 94, 82, 79, 39]
5:39:[5, 55, 58, 95, 82, 79, 39]
5:39:[5, 55, 59, 96, 83, 79, 39]
5:39:[5, 55, 59, 97, 83, 79, 39]
5:39:[5, 55, 59, 98, 83, 79, 39]
5:40:[5, 55, 57, 90, 81, 79, 40]
5:40:[5, 55, 57, 91, 81, 79, 40]
5:40:[5, 55, 57, 92, 81, 79, 40]
5:40:[5, 55, 58, 93, 82, 79, 40]
5:40:[5, 55, 58, 94, 82, 79, 40]
5:40:[5, 55, 58, 95, 82, 79, 40]
5:40:[5, 55, 59, 96, 83, 79, 40]
5:40:[5, 55, 59, 97, 83, 79, 40]
5:40:[5, 55, 59, 98, 83, 79, 40]
5:41:[5, 55, 57, 90, 81, 79, 41]
5:41:[5, 55, 57, 91, 81, 79, 41]
5:41:[5, 55, 57, 92, 81, 79, 41]
5:41:[5, 55, 58, 93, 82, 79, 41]
5:41:[5, 55, 58, 94, 82, 79, 41]
5:41:[5, 55, 58, 95, 82, 79, 41]
5:41:[5, 55, 59, 96, 83, 79, 41]
5:41:[5, 55, 59, 97, 83, 79, 41]
5:41:[5, 55, 59, 98, 83, 79, 41]
5:42:[5, 55, 57, 90, 81, 80, 42]
5:42:[5, 55, 57, 91, 81, 80, 42]
5:42:[5, 55, 57, 92, 81, 80, 42]
5:42:[5, 55, 58, 93, 82, 80, 42]
5:42:[5, 55, 58, 94, 82, 80, 42]
5:42:[5, 55, 58, 95, 82, 80, 42]
5:42:[5, 55, 59, 96, 83, 80, 42]
5:42:[5, 55, 59, 97, 83, 80, 42]
5:42:[5, 55, 59, 98, 83, 80, 42]
5:43:[5, 55, 57, 90, 81, 80, 43]
5:43:[5, 55, 57, 91, 81, 80, 43]
5:43:[5, 55, 57, 92, 81, 80, 43]
5:43:[5, 55, 58, 93, 82, 80, 43]
5:43:[5, 55, 58, 94, 82, 80, 43]
5:43:[5, 55, 58, 95, 82, 80, 43]
5:43:[5, 55, 59, 96, 83, 80, 43]
5:43:[5, 55, 59, 97, 83, 80, 43]
5:43:[5, 55, 59, 98, 83, 80, 43]
5:44:[5, 55, 57, 90, 81, 80, 44]
5:44:[5, 55, 57, 91, 81, 80, 44]
5:44:[5, 55, 57, 92, 81, 80, 44]
5:44:[5, 55, 58, 93, 82, 80, 44]
5:44:[5, 55, 58, 94, 82, 80, 44]
5:44:[5, 55, 58, 95, 82, 80, 44]
5:44:[5, 55, 59, 96, 83, 80, 44]
5:44:[5, 55, 59, 97, 83, 80, 44]
5:44:[5, 55, 59, 98, 83, 80, 44]
5:45:[5, 55, 57, 90, 87, 84, 45]
5:45:[5, 55, 57, 91, 87, 84, 45]
5:45:[5, 55, 57, 92, 87, 84, 45]
5:45:[5, 55, 58, 93, 88, 84, 45]
5:45:[5, 55, 58, 94, 88, 84, 45]
5:45:[5, 55, 58, 95, 88, 84, 45]
5:45:[5, 55, 59, 96, 89, 84, 45]
5:45:[5, 55, 59, 97, 89, 84, 45]
5:45:[5, 55, 59, 98, 89, 84, 45]
5:46:[5, 55, 57, 90, 87, 84, 46]
5:46:[5, 55, 57, 91, 87, 84, 46]
5:46:[5, 55, 57, 92, 87, 84, 46]
5:46:[5, 55, 58, 93, 88, 84, 46]
5:46:[5, 55, 58, 94, 88, 84, 46]
5:46:[5, 55, 58, 95, 88, 84, 46]
5:46:[5, 55, 59, 96, 89, 84, 46]
5:46:[5, 55, 59, 97, 89, 84, 46]
5:46:[5, 55, 59, 98, 89, 84, 46]
5:47:[5, 55, 57, 90, 87, 84, 47]
5:47:[5, 55, 57, 91, 87, 84, 47]
5:47:[5, 55, 57, 92, 87, 84, 47]
5:47:[5, 55, 58, 93, 88, 84, 47]
5:47:[5, 55, 58, 94, 88, 84, 47]
5:47:[5, 55, 58, 95, 88, 84, 47]
5:47:[5, 55, 59, 96, 89, 84, 47]
5:47:[5, 55, 59, 97, 89, 84, 47]
5:47:[5, 55, 59, 98, 89, 84, 47]
5:48:[5, 55, 57, 90, 87, 85, 48]
5:48:[5, 55, 57, 91, 87, 85, 48]
5:48:[5, 55, 57, 92, 87, 85, 48]
5:48:[5, 55, 58, 93, 88, 85, 48]
5:48:[5, 55, 58, 94, 88, 85, 48]
5:48:[5, 55, 58, 95, 88, 85, 48]
5:48:[5, 55, 59, 96, 89, 85, 48]
5:48:[5, 55, 59, 97, 89, 85, 48]
5:48:[5, 55, 59, 98, 89, 85, 48]
5:49:[5, 55, 57, 90, 87, 85, 49]
5:49:[5, 55, 57, 91, 87, 85, 49]
5:49:[5, 55, 57, 92, 87, 85, 49]
5:49:[5, 55, 58, 93, 88, 85, 49]
5:49:[5, 55, 58, 94, 88, 85, 49]
5:49:[5, 55, 58, 95, 88, 85, 49]
5:49:[5, 55, 59, 96, 89, 85, 49]
5:49:[5, 55, 59, 97, 89, 85, 49]
5:49:[5, 55, 59, 98, 89, 85, 49]
5:50:[5, 55, 57, 90, 87, 85, 50]
5:50:[5, 55, 57, 91, 87, 85, 50]
5:50:[5, 55, 57, 92, 87, 85, 50]
5:50:[5, 55, 58, 93, 88, 85, 50]
5:50:[5, 55, 58, 94, 88, 85, 50]
5:50:[5, 55, 58, 95, 88, 85, 50]
5:50:[5, 55, 59, 96, 89, 85, 50]
5:50:[5, 55, 59, 97, 89, 85, 50]
5:50:[5, 55, 59, 98, 89, 85, 50]
5:51:[5, 55, 57, 90, 87, 86, 51]
5:51:[5, 55, 57, 91, 87, 86, 51]
5:51:[5, 55, 57, 92, 87, 86, 51]
5:51:[5, 55, 58, 93, 88, 86, 51]
5:51:[5, 55, 58, 94, 88, 86, 51]
5:51:[5, 55, 58, 95, 88, 86, 51]
5:51:[5, 55, 59, 96, 89, 86, 51]
5:51:[5, 55, 59, 97, 89, 86, 51]
5:51:[5, 55, 59, 98, 89, 86, 51]
5:52:[5, 55, 57, 90, 87, 86, 52]
5:52:[5, 55, 57, 91, 87, 86, 52]
5:52:[5, 55, 57, 92, 87, 86, 52]
5:52:[5, 55, 58, 93, 88, 86, 52]
5:52:[5, 55, 58, 94, 88, 86, 52]
5:52:[5, 55, 58, 95, 88, 86, 52]
5:52:[5, 55, 59, 96, 89, 86, 52]
5:52:[5, 55, 59, 97, 89, 86, 52]
5:52:[5, 55, 59, 98, 89, 86, 52]
5:53:[5, 55, 57, 90, 87, 86, 53]
5:53:[5, 55, 57, 91, 87, 86, 53]
5:53:[5, 55, 57, 92, 87, 86, 53]
5:53:[5, 55, 58, 93, 88, 86, 53]
5:53:[5, 55, 58, 94, 88, 86, 53]
5:53:[5, 55, 58, 95, 88, 86, 53]
5:53:[5, 55, 59, 96, 89, 86, 53]
5:53:[5, 55, 59, 97, 89, 86, 53]
5:53:[5, 55, 59, 98, 89, 86, 53]
6:0:[6, 56, 57, 54, 0]
6:0:[6, 56, 58, 54, 0]
6:0:[6, 56, 59, 54, 0]
6:1:[6, 56, 57, 54, 1]
6:1:[6, 56, 58, 54, 1]
6:1:[6, 56, 59, 54, 1]
6:2:[6, 56, 57, 54, 2]
6:2:[6, 56, 58, 54, 2]
6:2:[6, 56, 59, 54, 2]
6:3:[6, 56, 57, 55, 3]
6:3:[6, 56, 58, 55, 3]
6:3:[6, 56, 59, 55, 3]
6:4:[6, 56, 57, 55, 4]
6:4:[6, 56, 58, 55, 4]
6:4:[6, 56, 59, 55, 4]
6:5:[6, 56, 57, 55, 5]
6:5:[6, 56, 58, 55, 5]
6:5:[6, 56, 59, 55, 5]
6:7:[6, 56, 7]
6:8:[6, 56, 8]
6:9:[6, 56, 57, 90, 63, 60, 9]
6:9:[6, 56, 57, 91, 63, 60, 9]
6:9:[6, 56, 57, 92, 63, 60, 9]
6:9:[6, 56, 58, 93, 64, 60, 9]
6:9:[6, 56, 58, 94, 64, 60, 9]
6:9:[6, 56, 58, 95, 64, 60, 9]
6:9:[6, 56, 59, 96, 65, 60, 9]
6:9:[6, 56, 59, 97, 65, 60, 9]
6:9:[6, 56, 59, 98, 65, 60, 9]
6:10:[6, 56, 57, 90, 63, 60, 10]
6:10:[6, 56, 57, 91, 63, 60, 10]
6:10:[6, 56, 57, 92, 63, 60, 10]
6:10:[6, 56, 58, 93, 64, 60, 10]
6:10:[6, 56, 58, 94, 64, 60, 10]
6:10:[6, 56, 58, 95, 64, 60, 10]
6:10:[6, 56, 59, 96, 65, 60, 10]
6:10:[6, 56, 59, 97, 65, 60, 10]
6:10:[6, 56, 59, 98, 65, 60, 10]
6:11:[6, 56, 57, 90, 63, 60, 11]
6:11:[6, 56, 57, 91, 63, 60, 11]
6:11:[6, 56, 57, 92, 63, 60, 11]
6:11:[6, 56, 58, 93, 64, 60, 11]
6:11:[6, 56, 58, 94, 64, 60, 11]
6:11:[6, 56, 58, 95, 64, 60, 11]
6:11:[6, 56, 59, 96, 65, 60, 11]
6:11:[6, 56, 59, 97, 65, 60, 11]
6:11:[6, 56, 59, 98, 65, 60, 11]
6:12:[6, 56, 57, 90, 63, 61, 12]
6:12:[6, 56, 57, 91, 63, 61, 12]
6:12:[6, 56, 57, 92, 63, 61, 12]
6:12:[6, 56, 58, 93, 64, 61, 12]
6:12:[6, 56, 58, 94, 64, 61, 12]
6:12:[6, 56, 58, 95, 64, 61, 12]
6:12:[6, 56, 59, 96, 65, 61, 12]
6:12:[6, 56, 59, 97, 65, 61, 12]
6:12:[6, 56, 59, 98, 65, 61, 12]
6:13:[6, 56, 57, 90, 63, 61, 13]
6:13:[6, 56, 57, 91, 63, 61, 13]
6:13:[6, 56, 57, 92, 63, 61, 13]
6:13:[6, 56, 58, 93, 64, 61, 13]
6:13:[6, 56, 58, 94, 64, 61, 13]
6:13:[6, 56, 58, 95, 64, 61, 13]
6:13:[6, 56, 59, 96, 65, 61, 13]
6:13:[6, 56, 59, 97, 65, 61, 13]
6:13:[6, 56, 59, 98, 65, 61, 13]
6:14:[6, 56, 57, 90, 63, 61, 14]
6:14:[6, 56, 57, 91, 63, 61, 14]
6:14:[6, 56, 57, 92, 63, 61, 14]
6:14:[6, 56, 58, 93, 64, 61, 14]
6:14:[6, 56, 58, 94, 64, 61, 14]
6:14:[6, 56, 58, 95, 64, 61, 14]
6:14:[6, 56, 59, 96, 65, 61, 14]
6:14:[6, 56, 59, 97, 65, 61, 14]
6:14:[6, 56, 59, 98, 65, 61, 14]
6:15:[6, 56, 57, 90, 63, 62, 15]
6:15:[6, 56, 57, 91, 63, 62, 15]
6:15:[6, 56, 57, 92, 63, 62, 15]
6:15:[6, 56, 58, 93, 64, 62, 15]
6:15:[6, 56, 58, 94, 64, 62, 15]
6:15:[6, 56, 58, 95, 64, 62, 15]
6:15:[6, 56, 59, 96, 65, 62, 15]
6:15:[6, 56, 59, 97, 65, 62, 15]
6:15:[6, 56, 59, 98, 65, 62, 15]
6:16:[6, 56, 57, 90, 63, 62, 16]
6:16:[6, 56, 57, 91, 63, 62, 16]
6:16:[6, 56, 57, 92, 63, 62, 16]
6:16:[6, 56, 58, 93, 64, 62, 16]
6:16:[6, 56, 58, 94, 64, 62, 16]
6:16:[6, 56, 58, 95, 64, 62, 16]
6:16:[6, 56, 59, 96, 65, 62, 16]
6:16:[6, 56, 59, 97, 65, 62, 16]
6:16:[6, 56, 59, 98, 65, 62, 16]
6:17:[6, 56, 57, 90, 63, 62, 17]
6:17:[6, 56, 57, 91, 63, 62, 17]
6:17:[6, 56, 57, 92, 63, 62, 17]
6:17:[6, 56, 58, 93, 64, 62, 17]
6:17:[6, 56, 58, 94, 64, 62, 17]
6:17:[6, 56, 58, 95, 64, 62, 17]
6:17:[6, 56, 59, 96, 65, 62, 17]
6:17:[6, 56, 59, 97, 65, 62, 17]
6:17:[6, 56, 59, 98, 65, 62, 17]
6:18:[6, 56, 57, 90, 69, 66, 18]
6:18:[6, 56, 57, 91, 69, 66, 18]
6:18:[6, 56, 57, 92, 69, 66, 18]
6:18:[6, 56, 58, 93, 70, 66, 18]
6:18:[6, 56, 58, 94, 70, 66, 18]
6:18:[6, 56, 58, 95, 70, 66, 18]
6:18:[6, 56, 59, 96, 71, 66, 18]
6:18:[6, 56, 59, 97, 71, 66, 18]
6:18:[6, 56, 59, 98, 71, 66, 18]
6:19:[6, 56, 57, 90, 69, 66, 19]
6:19:[6, 56, 57, 91, 69, 66, 19]
6:19:[6, 56, 57, 92, 69, 66, 19]
6:19:[6, 56, 58, 93, 70, 66, 19]
6:19:[6, 56, 58, 94, 70, 66, 19]
6:19:[6, 56, 58, 95, 70, 66, 19]
6:19:[6, 56, 59, 96, 71, 66, 19]
6:19:[6, 56, 59, 97, 71, 66, 19]
6:19:[6, 56, 59, 98, 71, 66, 19]
6:20:[6, 56, 57, 90, 69, 66, 20]
6:20:[6, 56, 57, 91, 69, 66, 20]
6:20:[6, 56, 57, 92, 69, 66, 20]
6:20:[6, 56, 58, 93, 70, 66, 20]
6:20:[6, 56, 58, 94, 70, 66, 20]
6:20:[6, 56, 58, 95, 70, 66, 20]
6:20:[6, 56, 59, 96, 71, 66, 20]
6:20:[6, 56, 59, 97, 71, 66, 20]
6:20:[6, 56, 59, 98, 71, 66, 20]
6:21:[6, 56, 57, 90, 69, 67, 21]
6:21:[6, 56, 57, 91, 69, 67, 21]
6:21:[6, 56, 57, 92, 69, 67, 21]
6:21:[6, 56, 58, 93, 70, 67, 21]
6:21:[6, 56, 58, 94, 70, 67, 21]
6:21:[6, 56, 58, 95, 70, 67, 21]
6:21:[6, 56, 59, 96, 71, 67, 21]
6:21:[6, 56, 59, 97, 71, 67, 21]
6:21:[6, 56, 59, 98, 71, 67, 21]
6:22:[6, 56, 57, 90, 69, 67, 22]
6:22:[6, 56, 57, 91, 69, 67, 22]
6:22:[6, 56, 57, 92, 69, 67, 22]
6:22:[6, 56, 58, 93, 70, 67, 22]
6:22:[6, 56, 58, 94, 70, 67, 22]
6:22:[6, 56, 58, 95, 70, 67, 22]
6:22:[6, 56, 59, 96, 71, 67, 22]
6:22:[6, 56, 59, 97, 71, 67, 22]
6:22:[6, 56, 59, 98, 71, 67, 22]
6:23:[6, 56, 57, 90, 69, 67, 23]
6:23:[6, 56, 57, 91, 69, 67, 23]
6:23:[6, 56, 57, 92, 69, 67, 23]
6:23:[6, 56, 58, 93, 70, 67, 23]
6:23:[6, 56, 58, 94, 70, 67, 23]
6:23:[6, 56, 58, 95, 70, 67, 23]
6:23:[6, 56, 59, 96, 71, 67, 23]
6:23:[6, 56, 59, 97, 71, 67, 23]
6:23:[6, 56, 59, 98, 71, 67, 23]
6:24:[6, 56, 57, 90, 69, 68, 24]
6:24:[6, 56, 57, 91, 69, 68, 24]
6:24:[6, 56, 57, 92, 69, 68, 24]
6:24:[6, 56, 58, 93, 70, 68, 24]
6:24:[6, 56, 58, 94, 70, 68, 24]
6:24:[6, 56, 58, 95, 70, 68, 24]
6:24:[6, 56, 59, 96, 71, 68, 24]
6:24:[6, 56, 59, 97, 71, 68, 24]
6:24:[6, 56, 59, 98, 71, 68, 24]
6:25:[6, 56, 57, 90, 69, 68, 25]
6:25:[6, 56, 57, 91, 69, 68, 25]
6:25:[6, 56, 57, 92, 69, 68, 25]
6:25:[6, 56, 58, 93, 70, 68, 25]
6:25:[6, 56, 58, 94, 70, 68, 25]
6:25:[6, 56, 58, 95, 70, 68, 25]
6:25:[6, 56, 59, 96, 71, 68, 25]
6:25:[6, 56, 59, 97, 71, 68, 25]
6:25:[6, 56, 59, 98, 71, 68, 25]
6:26:[6, 56, 57, 90, 69, 68, 26]
6:26:[6, 56, 57, 91, 69, 68, 26]
6:26:[6, 56, 57, 92, 69, 68, 26]
6:26:[6, 56, 58, 93, 70, 68, 26]
6:26:[6, 56, 58, 94, 70, 68, 26]
6:26:[6, 56, 58, 95, 70, 68, 26]
6:26:[6, 56, 59, 96, 71, 68, 26]
6:26:[6, 56, 59, 97, 71, 68, 26]
6:26:[6, 56, 59, 98, 71, 68, 26]
6:27:[6, 56, 57, 90, 75, 72, 27]
6:27:[6, 56, 57, 91, 75, 72, 27]
6:27:[6, 56, 57, 92, 75, 72, 27]
6:27:[6, 56, 58, 93, 76, 72, 27]
6:27:[6, 56, 58, 94, 76, 72, 27]
6:27:[6, 56, 58, 95, 76, 72, 27]
6:27:[6, 56, 59, 96, 77, 72, 27]
6:27:[6, 56, 59, 97, 77, 72, 27]
6:27:[6, 56, 59, 98, 77, 72, 27]
6:28:[6, 56, 57, 90, 75, 72, 28]
6:28:[6, 56, 57, 91, 75, 72, 28]
6:28:[6, 56, 57, 92, 75, 72, 28]
6:28:[6, 56, 58, 93, 76, 72, 28]
6:28:[6, 56, 58, 94, 76, 72, 28]
6:28:[6, 56, 58, 95, 76, 72, 28]
6:28:[6, 56, 59, 96, 77, 72, 28]
6:28:[6, 56, 59, 97, 77, 72, 28]
6:28:[6, 56, 59, 98, 77, 72, 28]
6:29:[6, 56, 57, 90, 75, 72, 29]
6:29:[6, 56, 57, 91, 75, 72, 29]
6:29:[6, 56, 57, 92, 75, 72, 29]
6:29:[6, 56, 58, 93, 76, 72, 29]
6:29:[6, 56, 58, 94, 76, 72, 29]
6:29:[6, 56, 58, 95, 76, 72, 29]
6:29:[6, 56, 59, 96, 77, 72, 29]
6:29:[6, 56, 59, 97, 77, 72, 29]
6:29:[6, 56, 59, 98, 77, 72, 29]
6:30:[6, 56, 57, 90, 75, 73, 30]
6:30:[6, 56, 57, 91, 75, 73, 30]
6:30:[6, 56, 57, 92, 75, 73, 30]
6:30:[6, 56, 58, 93, 76, 73, 30]
6:30:[6, 56, 58, 94, 76, 73, 30]
6:30:[6, 56, 58, 95, 76, 73, 30]
6:30:[6, 56, 59, 96, 77, 73, 30]
6:30:[6, 56, 59, 97, 77, 73, 30]
6:30:[6, 56, 59, 98, 77, 73, 30]
6:31:[6, 56, 57, 90, 75, 73, 31]
6:31:[6, 56, 57, 91, 75, 73, 31]
6:31:[6, 56, 57, 92, 75, 73, 31]
6:31:[6, 56, 58, 93, 76, 73, 31]
6:31:[6, 56, 58, 94, 76, 73, 31]
6:31:[6, 56, 58, 95, 76, 73, 31]
6:31:[6, 56, 59, 96, 77, 73, 31]
6:31:[6, 56, 59, 97, 77, 73, 31]
6:31:[6, 56, 59, 98, 77, 73, 31]
6:32:[6, 56, 57, 90, 75, 73, 32]
6:32:[6, 56, 57, 91, 75, 73, 32]
6:32:[6, 56, 57, 92, 75, 73, 32]
6:32:[6, 56, 58, 93, 76, 73, 32]
6:32:[6, 56, 58, 94, 76, 73, 32]
6:32:[6, 56, 58, 95, 76, 73, 32]
6:32:[6, 56, 59, 96, 77, 73, 32]
6:32:[6, 56, 59, 97, 77, 73, 32]
6:32:[6, 56, 59, 98, 77, 73, 32]
6:33:[6, 56, 57, 90, 75, 74, 33]
6:33:[6, 56, 57, 91, 75, 74, 33]
6:33:[6, 56, 57, 92, 75, 74, 33]
6:33:[6, 56, 58, 93, 76, 74, 33]
6:33:[6, 56, 58, 94, 76, 74, 33]
6:33:[6, 56, 58, 95, 76, 74, 33]
6:33:[6, 56, 59, 96, 77, 74, 33]
6:33:[6, 56, 59, 97, 77, 74, 33]
6:33:[6, 56, 59, 98, 77, 74, 33]
6:34:[6, 56, 57, 90, 75, 74, 34]
6:34:[6, 56, 57, 91, 75, 74, 34]
6:34:[6, 56, 57, 92, 75, 74, 34]
6:34:[6, 56, 58, 93, 76, 74, 34]
6:34:[6, 56, 58, 94, 76, 74, 34]
6:34:[6, 56, 58, 95, 76, 74, 34]
6:34:[6, 56, 59, 96, 77, 74, 34]
6:34:[6, 56, 59, 97, 77, 74, 34]
6:34:[6, 56, 59, 98, 77, 74, 34]
6:35:[6, 56, 57, 90, 75, 74, 35]
6:35:[6, 56, 57, 91, 75, 74, 35]
6:35:[6, 56, 57, 92, 75, 74, 35]
6:35:[6, 56, 58, 93, 76, 74, 35]
6:35:[6, 56, 58, 94, 76, 74, 35]
6:35:[6, 56, 58, 95, 76, 74, 35]
6:35:[6, 56, 59, 96, 77, 74, 35]
6:35:[6, 56, 59, 97, 77, 74, 35]
6:35:[6, 56, 59, 98, 77, 74, 35]
6:36:[6, 56, 57, 90, 81, 78, 36]
6:36:[6, 56, 57, 91, 81, 78, 36]
6:36:[6, 56, 57, 92, 81, 78, 36]
6:36:[6, 56, 58, 93, 82, 78, 36]
6:36:[6, 56, 58, 94, 82, 78, 36]
6:36:[6, 56, 58, 95, 82, 78, 36]
6:36:[6, 56, 59, 96, 83, 78, 36]
6:36:[6, 56, 59, 97, 83, 78, 36]
6:36:[6, 56, 59, 98, 83, 78, 36]
6:37:[6, 56, 57, 90, 81, 78, 37]
6:37:[6, 56, 57, 91, 81, 78, 37]
6:37:[6, 56, 57, 92, 81, 78, 37]
6:37:[6, 56, 58, 93, 82, 78, 37]
6:37:[6, 56, 58, 94, 82, 78, 37]
6:37:[6, 56, 58, 95, 82, 78, 37]
6:37:[6, 56, 59, 96, 83, 78, 37]
6:37:[6, 56, 59, 97, 83, 78, 37]
6:37:[6, 56, 59, 98, 83, 78, 37]
6:38:[6, 56, 57, 90, 81, 78, 38]
6:38:[6, 56, 57, 91, 81, 78, 38]
6:38:[6, 56, 57, 92, 81, 78, 38]
6:38:[6, 56, 58, 93, 82, 78, 38]
6:38:[6, 56, 58, 94, 82, 78, 38]
6:38:[6, 56, 58, 95, 82, 78, 38]
6:38:[6, 56, 59, 96, 83, 78, 38]
6:38:[6, 56, 59, 97, 83, 78, 38]
6:38:[6, 56, 59, 98, 83, 78, 38]
6:39:[6, 56, 57, 90, 81, 79, 39]
6:39:[6, 56, 57, 91, 81, 79, 39]
6:39:[6, 56, 57, 92, 81, 79, 39]
6:39:[6, 56, 58, 93, 82, 79, 39]
6:39:[6, 56, 58, 94, 82, 79, 39]
6:39:[6, 56, 58, 95, 82, 79, 39]
6:39:[6, 56, 59, 96, 83, 79, 39]
6:39:[6, 56, 59, 97, 83, 79, 39]
6:39:[6, 56, 59, 98, 83, 79, 39]
6:40:[6, 56, 57, 90, 81, 79, 40]
6:40:[6, 56, 57, 91, 81, 79, 40]
6:40:[6, 56, 57, 92, 81, 79, 40]
6:40:[6, 56, 58, 93, 82, 79, 40]
6:40:[6, 56, 58, 94, 82, 79, 40]
6:40:[6, 56, 58, 95, 82, 79, 40]
6:40:[6, 56, 59, 96, 83, 79, 40]
6:40:[6, 56, 59, 97, 83, 79, 40]
6:40:[6, 56, 59, 98, 83, 79, 40]
6:41:[6, 56, 57, 90, 81, 79, 41]
6:41:[6, 56, 57, 91, 81, 79, 41]
6:41:[6, 56, 57, 92, 81, 79, 41]
6:41:[6, 56, 58, 93, 82, 79, 41]
6:41:[6, 56, 58, 94, 82, 79, 41]
6:41:[6, 56, 58, 95, 82, 79, 41]
6:41:[6, 56, 59, 96, 83, 79, 41]
6:41:[6, 56, 59, 97, 83, 79, 41]
6:41:[6, 56, 59, 98, 83, 79, 41]
6:42:[6, 56, 57, 90, 81, 80, 42]
6:42:[6, 56, 57, 91, 81, 80, 42]
6:42:[6, 56, 57, 92, 81, 80, 42]
6:42:[6, 56, 58, 93, 82, 80, 42]
6:42:[6, 56, 58, 94, 82, 80, 42]
6:42:[6, 56, 58, 95, 82, 80, 42]
6:42:[6, 56, 59, 96, 83, 80, 42]
6:42:[6, 56, 59, 97, 83, 80, 42]
6:42:[6, 56, 59, 98, 83, 80, 42]
6:43:[6, 56, 57, 90, 81, 80, 43]
6:43:[6, 56, 57, 91, 81, 80, 43]
6:43:[6, 56, 57, 92, 81, 80, 43]
6:43:[6, 56, 58, 93, 82, 80, 43]
6:43:[6, 56, 58, 94, 82, 80, 43]
6:43:[6, 56, 58, 95, 82, 80, 43]
6:43:[6, 56, 59, 96, 83, 80, 43]
6:43:[6, 56, 59, 97, 83, 80, 43]
6:43:[6, 56, 59, 98, 83, 80, 43]
6:44:[6, 56, 57, 90, 81, 80, 44]
6:44:[6, 56, 57, 91, 81, 80, 44]
6:44:[6, 56, 57, 92, 81, 80, 44]
6:44:[6, 56, 58, 93, 82, 80, 44]
6:44:[6, 56, 58, 94, 82, 80, 44]
6:44:[6, 56, 58, 95, 82, 80, 44]
6:44:[6, 56, 59, 96, 83, 80, 44]
6:44:[6, 56, 59, 97, 83, 80, 44]
6:44:[6, 56, 59, 98, 83, 80, 44]
6:45:[6, 56, 57, 90, 87, 84, 45]
6:45:[6, 56, 57, 91, 87, 84, 45]
6:45:[6, 56, 57, 92, 87, 84, 45]
6:45:[6, 56, 58, 93, 88, 84, 45]
6:45:[6, 56, 58, 94, 88, 84, 45]
6:45:[6, 56, 58, 95, 88, 84, 45]
6:45:[6, 56, 59, 96, 89, 84, 45]
6:45:[6, 56, 59, 97, 89, 84, 45]
6:45:[6, 56, 59, 98, 89, 84, 45]
6:46:[6, 56, 57, 90, 87, 84, 46]
6:46:[6, 56, 57, 91, 87, 84, 46]
6:46:[6, 56, 57, 92, 87, 84, 46]
6:46:[6, 56, 58, 93, 88, 84, 46]
6:46:[6, 56, 58, 94, 88, 84, 46]
6:46:[6, 56, 58, 95, 88, 84, 46]
6:46:[6, 56, 59, 96, 89, 84, 46]
6:46:[6, 56, 59, 97, 89, 84, 46]
6:46:[6, 56, 59, 98, 89, 84, 46]
6:47:[6, 56, 57, 90, 87, 84, 47]
6:47:[6, 56, 57, 91, 87, 84, 47]
6:47:[6, 56, 57, 92, 87, 84, 47]
6:47:[6, 56, 58, 93, 88, 84, 47]
6:47:[6, 56, 58, 94, 88, 84, 47]
6:47:[6, 56, 58, 95, 88, 84, 47]
6:47:[6, 56, 59, 96, 89, 84, 47]
6:47:[6, 56, 59, 97, 89, 84, 47]
6:47:[6, 56, 59, 98, 89, 84, 47]
6:48:[6, 56, 57, 90, 87, 85, 48]
6:48:[6, 56, 57, 91, 87, 85, 48]
6:48:[6, 56, 57, 92, 87, 85, 48]
6:48:[6, 56, 58, 93, 88, 85, 48]
6:48:[6, 56, 58, 94, 88, 85, 48]
6:48:[6, 56, 58, 95, 88, 85, 48]
6:48:[6, 56, 59, 96, 89, 85, 48]
6:48:[6, 56, 59, 97, 89, 85, 48]
6:48:[6, 56, 59, 98, 89, 85, 48]
6:49:[6, 56, 57, 90, 87, 85, 49]
6:49:[6, 56, 57, 91, 87, 85, 49]
6:49:[6, 56, 57, 92, 87, 85, 49]
6:49:[6, 56, 58, 93, 88, 85, 49]
6:49:[6, 56, 58, 94, 88, 85, 49]
6:49:[6, 56, 58, 95, 88, 85, 49]
6:49:[6, 56, 59, 96, 89, 85, 49]
6:49:[6, 56, 59, 97, 89, 85, 49]
6:49:[6, 56, 59, 98, 89, 85, 49]
6:50:[6, 56, 57, 90, 87, 85, 50]
6:50:[6, 56, 57, 91, 87, 85, 50]
6:50:[6, 56, 57, 92, 87, 85, 50]
6:50:[6, 56, 58, 93, 88, 85, 50]
6:50:[6, 56, 58, 94, 88, 85, 50]
6:50:[6, 56, 58, 95, 88, 85, 50]
6:50:[6, 56, 59, 96, 89, 85, 50]
6:50:[6, 56, 59, 97, 89, 85, 50]
6:50:[6, 56, 59, 98, 89, 85, 50]
6:51:[6, 56, 57, 90, 87, 86, 51]
6:51:[6, 56, 57, 91, 87, 86, 51]
6:51:[6, 56, 57, 92, 87, 86, 51]
6:51:[6, 56, 58, 93, 88, 86, 51]
6:51:[6, 56, 58, 94, 88, 86, 51]
6:51:[6, 56, 58, 95, 88, 86, 51]
6:51:[6, 56, 59, 96, 89, 86, 51]
6:51:[6, 56, 59, 97, 89, 86, 51]
6:51:[6, 56, 59, 98, 89, 86, 51]
6:52:[6, 56, 57, 90, 87, 86, 52]
6:52:[6, 56, 57, 91, 87, 86, 52]
6:52:[6, 56, 57, 92, 87, 86, 52]
6:52:[6, 56, 58, 93, 88, 86, 52]
6:52:[6, 56, 58, 94, 88, 86, 52]
6:52:[6, 56, 58, 95, 88, 86, 52]
6:52:[6, 56, 59, 96, 89, 86, 52]
6:52:[6, 56, 59, 97, 89, 86, 52]
6:52:[6, 56, 59, 98, 89, 86, 52]
6:53:[6, 56, 57, 90, 87, 86, 53]
6:53:[6, 56, 57, 91, 87, 86, 53]
6:53:[6, 56, 57, 92, 87, 86, 53]
6:53:[6, 56, 58, 93, 88, 86, 53]
6:53:[6, 56, 58, 94, 88, 86, 53]
6:53:[6, 56, 58, 95, 88, 86, 53]
6:53:[6, 56, 59, 96, 89, 86, 53]
6:53:[6, 56, 59, 97, 89, 86, 53]
6:53:[6, 56, 59, 98, 89, 86, 53]
7:0:[7, 56, 57, 54, 0]
7:0:[7, 56, 58, 54, 0]
7:0:[7, 56, 59, 54, 0]
7:1:[7, 56, 57, 54, 1]
7:1:[7, 56, 58, 54, 1]
7:1:[7, 56, 59, 54, 1]
7:2:[7, 56, 57, 54, 2]
7:2:[7, 56, 58, 54, 2]
7:2:[7, 56, 59, 54, 2]
7:3:[7, 56, 57, 55, 3]
7:3:[7, 56, 58, 55, 3]
7:3:[7, 56, 59, 55, 3]
7:4:[7, 56, 57, 55, 4]
7:4:[7, 56, 58, 55, 4]
7:4:[7, 56, 59, 55, 4]
7:5:[7, 56, 57, 55, 5]
7:5:[7, 56, 58, 55, 5]
7:5:[7, 56, 59, 55, 5]
7:6:[7, 56, 6]
7:8:[7, 56, 8]
7:9:[7, 56, 57, 90, 63, 60, 9]
7:9:[7, 56, 57, 91, 63, 60, 9]
7:9:[7, 56, 57, 92, 63, 60, 9]
7:9:[7, 56, 58, 93, 64, 60, 9]
7:9:[7, 56, 58, 94, 64, 60, 9]
7:9:[7, 56, 58, 95, 64, 60, 9]
7:9:[7, 56, 59, 96, 65, 60, 9]
7:9:[7, 56, 59, 97, 65, 60, 9]
7:9:[7, 56, 59, 98, 65, 60, 9]
7:10:[7, 56, 57, 90, 63, 60, 10]
7:10:[7, 56, 57, 91, 63, 60, 10]
7:10:[7, 56, 57, 92, 63, 60, 10]
7:10:[7, 56, 58, 93, 64, 60, 10]
7:10:[7, 56, 58, 94, 64, 60, 10]
7:10:[7, 56, 58, 95, 64, 60, 10]
7:10:[7, 56, 59, 96, 65, 60, 10]
7:10:[7, 56, 59, 97, 65, 60, 10]
7:10:[7, 56, 59, 98, 65, 60, 10]
7:11:[7, 56, 57, 90, 63, 60, 11]
7:11:[7, 56, 57, 91, 63, 60, 11]
7:11:[7, 56, 57, 92, 63, 60, 11]
7:11:[7, 56, 58, 93, 64, 60, 11]
7:11:[7, 56, 58, 94, 64, 60, 11]
7:11:[7, 56, 58, 95, 64, 60, 11]
7:11:[7, 56, 59, 96, 65, 60, 11]
7:11:[7, 56, 59, 97, 65, 60, 11]
7:11:[7, 56, 59, 98, 65, 60, 11]
7:12:[7, 56, 57, 90, 63, 61, 12]
7:12:[7, 56, 57, 91, 63, 61, 12]
7:12:[7, 56, 57, 92, 63, 61, 12]
7:12:[7, 56, 58, 93, 64, 61, 12]
7:12:[7, 56, 58, 94, 64, 61, 12]
7:12:[7, 56, 58, 95, 64, 61, 12]
7:12:[7, 56, 59, 96, 65, 61, 12]
7:12:[7, 56, 59, 97, 65, 61, 12]
7:12:[7, 56, 59, 98, 65, 61, 12]
7:13:[7, 56, 57, 90, 63, 61, 13]
7:13:[7, 56, 57, 91, 63, 61, 13]
7:13:[7, 56, 57, 92, 63, 61, 13]
7:13:[7, 56, 58, 93, 64, 61, 13]
7:13:[7, 56, 58, 94, 64, 61, 13]
7:13:[7, 56, 58, 95, 64, 61, 13]
7:13:[7, 56, 59, 96, 65, 61, 13]
7:13:[7, 56, 59, 97, 65, 61, 13]
7:13:[7, 56, 59, 98, 65, 61, 13]
7:14:[7, 56, 57, 90, 63, 61, 14]
7:14:[7, 56, 57, 91, 63, 61, 14]
7:14:[7, 56, 57, 92, 63, 61, 14]
7:14:[7, 56, 58, 93, 64, 61, 14]
7:14:[7, 56, 58, 94, 64, 61, 14]
7:14:[7, 56, 58, 95, 64, 61, 14]
7:14:[7, 56, 59, 96, 65, 61, 14]
7:14:[7, 56, 59, 97, 65, 61, 14]
7:14:[7, 56, 59, 98, 65, 61, 14]
7:15:[7, 56, 57, 90, 63, 62, 15]
7:15:[7, 56, 57, 91, 63, 62, 15]
7:15:[7, 56, 57, 92, 63, 62, 15]
7:15:[7, 56, 58, 93, 64, 62, 15]
7:15:[7, 56, 58, 94, 64, 62, 15]
7:15:[7, 56, 58, 95, 64, 62, 15]
7:15:[7, 56, 59, 96, 65, 62, 15]
7:15:[7, 56, 59, 97, 65, 62, 15]
7:15:[7, 56, 59, 98, 65, 62, 15]
7:16:[7, 56, 57, 90, 63, 62, 16]
7:16:[7, 56, 57, 91, 63, 62, 16]
7:16:[7, 56, 57, 92, 63, 62, 16]
7:16:[7, 56, 58, 93, 64, 62, 16]
7:16:[7, 56, 58, 94, 64, 62, 16]
7:16:[7, 56, 58, 95, 64, 62, 16]
7:16:[7, 56, 59, 96, 65, 62, 16]
7:16:[7, 56, 59, 97, 65, 62, 16]
7:16:[7, 56, 59, 98, 65, 62, 16]
7:17:[7, 56, 57, 90, 63, 62, 17]
7:17:[7, 56, 57, 91, 63, 62, 17]
7:17:[7, 56, 57, 92, 63, 62, 17]
7:17:[7, 56, 58, 93, 64, 62, 17]
7:17:[7, 56, 58, 94, 64, 62, 17]
7:17:[7, 56, 58, 95, 64, 62, 17]
7:17:[7, 56, 59, 96, 65, 62, 17]
7:17:[7, 56, 59, 97, 65, 62, 17]
7:17:[7, 56, 59, 98, 65, 62, 17]
7:18:[7, 56, 57, 90, 69, 66, 18]
7:18:[7, 56, 57, 91, 69, 66, 18]
7:18:[7, 56, 57, 92, 69, 66, 18]
7:18:[7, 56, 58, 93, 70, 66, 18]
7:18:[7, 56, 58, 94, 70, 66, 18]
7:18:[7, 56, 58, 95, 70, 66, 18]
7:18:[7, 56, 59, 96, 71, 66, 18]
7:18:[7, 56, 59, 97, 71, 66, 18]
7:18:[7, 56, 59, 98, 71, 66, 18]
7:19:[7, 56, 57, 90, 69, 66, 19]
7:19:[7, 56, 57, 91, 69, 66, 19]
7:19:[7, 56, 57, 92, 69, 66, 19]
7:19:[7, 56, 58, 93, 70, 66, 19]
7:19:[7, 56, 58, 94, 70, 66, 19]
7:19:[7, 56, 58, 95, 70, 66, 19]
7:19:[7, 56, 59, 96, 71, 66, 19]
7:19:[7, 56, 59, 97, 71, 66, 19]
7:19:[7, 56, 59, 98, 71, 66, 19]
7:20:[7, 56, 57, 90, 69, 66, 20]
7:20:[7, 56, 57, 91, 69, 66, 20]
7:20:[7, 56, 57, 92, 69, 66, 20]
7:20:[7, 56, 58, 93, 70, 66, 20]
7:20:[7, 56, 58, 94, 70, 66, 20]
7:20:[7, 56, 58, 95, 70, 66, 20]
7:20:[7, 56, 59, 96, 71, 66, 20]
7:20:[7, 56, 59, 97, 71, 66, 20]
7:20:[7, 56, 59, 98, 71, 66, 20]
7:21:[7, 56, 57, 90, 69, 67, 21]
7:21:[7, 56, 57, 91, 69, 67, 21]
7:21:[7, 56, 57, 92, 69, 67, 21]
7:21:[7, 56, 58, 93, 70, 67, 21]
7:21:[7, 56, 58, 94, 70, 67, 21]
7:21:[7, 56, 58, 95, 70, 67, 21]
7:21:[7, 56, 59, 96, 71, 67, 21]
7:21:[7, 56, 59, 97, 71, 67, 21]
7:21:[7, 56, 59, 98, 71, 67, 21]
7:22:[7, 56, 57, 90, 69, 67, 22]
7:22:[7, 56, 57, 91, 69, 67, 22]
7:22:[7, 56, 57, 92, 69, 67, 22]
7:22:[7, 56, 58, 93, 70, 67, 22]
7:22:[7, 56, 58, 94, 70, 67, 22]
7:22:[7, 56, 58, 95, 70, 67, 22]
7:22:[7, 56, 59, 96, 71, 67, 22]
7:22:[7, 56, 59, 97, 71, 67, 22]
7:22:[7, 56, 59, 98, 71, 67, 22]
7:23:[7, 56, 57, 90, 69, 67, 23]
7:23:[7, 56, 57, 91, 69, 67, 23]
7:23:[7, 56, 57, 92, 69, 67, 23]
7:23:[7, 56, 58, 93, 70, 67, 23]
7:23:[7, 56, 58, 94, 70, 67, 23]
7:23:[7, 56, 58, 95, 70, 67, 23]
7:23:[7, 56, 59, 96, 71, 67, 23]
7:23:[7, 56, 59, 97, 71, 67, 23]
7:23:[7, 56, 59, 98, 71, 67, 23]
7:24:[7, 56, 57, 90, 69, 68, 24]
7:24:[7, 56, 57, 91, 69, 68, 24]
7:24:[7, 56, 57, 92, 69, 68, 24]
7:24:[7, 56, 58, 93, 70, 68, 24]
7:24:[7, 56, 58, 94, 70, 68, 24]
7:24:[7, 56, 58, 95, 70, 68, 24]
7:24:[7, 56, 59, 96, 71, 68, 24]
7:24:[7, 56, 59, 97, 71, 68, 24]
7:24:[7, 56, 59, 98, 71, 68, 24]
7:25:[7, 56, 57, 90, 69, 68, 25]
7:25:[7, 56, 57, 91, 69, 68, 25]
7:25:[7, 56, 57, 92, 69, 68, 25]
7:25:[7, 56, 58, 93, 70, 68, 25]
7:25:[7, 56, 58, 94, 70, 68, 25]
7:25:[7, 56, 58, 95, 70, 68, 25]
7:25:[7, 56, 59, 96, 71, 68, 25]
7:25:[7, 56, 59, 97, 71, 68, 25]
7:25:[7, 56, 59, 98, 71, 68, 25]
7:26:[7, 56, 57, 90, 69, 68, 26]
7:26:[7, 56, 57, 91, 69, 68, 26]
7:26:[7, 56, 57, 92, 69, 68, 26]
7:26:[7, 56, 58, 93, 70, 68, 26]
7:26:[7, 56, 58, 94, 70, 68, 26]
7:26:[7, 56, 58, 95, 70, 68, 26]
7:26:[7, 56, 59, 96, 71, 68, 26]
7:26:[7, 56, 59, 97, 71, 68, 26]
7:26:[7, 56, 59, 98, 71, 68, 26]
7:27:[7, 56, 57, 90, 75, 72, 27]
7:27:[7, 56, 57, 91, 75, 72, 27]
7:27:[7, 56, 57, 92, 75, 72, 27]
7:27:[7, 56, 58, 93, 76, 72, 27]
7:27:[7, 56, 58, 94, 76, 72, 27]
7:27:[7, 56, 58, 95, 76, 72, 27]
7:27:[7, 56, 59, 96, 77, 72, 27]
7:27:[7, 56, 59, 97, 77, 72, 27]
7:27:[7, 56, 59, 98, 77, 72, 27]
7:28:[7, 56, 57, 90, 75, 72, 28]
7:28:[7, 56, 57, 91, 75, 72, 28]
7:28:[7, 56, 57, 92, 75, 72, 28]
7:28:[7, 56, 58, 93, 76, 72, 28]
7:28:[7, 56, 58, 94, 76, 72, 28]
7:28:[7, 56, 58, 95, 76, 72, 28]
7:28:[7, 56, 59, 96, 77, 72, 28]
7:28:[7, 56, 59, 97, 77, 72, 28]
7:28:[7, 56, 59, 98, 77, 72, 28]
7:29:[7, 56, 57, 90, 75, 72, 29]
7:29:[7, 56, 57, 91, 75, 72, 29]
7:29:[7, 56, 57, 92, 75, 72, 29]
7:29:[7, 56, 58, 93, 76, 72, 29]
7:29:[7, 56, 58, 94, 76, 72, 29]
7:29:[7, 56, 58, 95, 76, 72, 29]
7:29:[7, 56, 59, 96, 77, 72, 29]
7:29:[7, 56, 59, 97, 77, 72, 29]
7:29:[7, 56, 59, 98, 77, 72, 29]
7:30:[7, 56, 57, 90, 75, 73, 30]
7:30:[7, 56, 57, 91, 75, 73, 30]
7:30:[7, 56, 57, 92, 75, 73, 30]
7:30:[7, 56, 58, 93, 76, 73, 30]
7:30:[7, 56, 58, 94, 76, 73, 30]
7:30:[7, 56, 58, 95, 76, 73, 30]
7:30:[7, 56, 59, 96, 77, 73, 30]
7:30:[7, 56, 59, 97, 77, 73, 30]
7:30:[7, 56, 59, 98, 77, 73, 30]
7:31:[7, 56, 57, 90, 75, 73, 31]
7:31:[7, 56, 57, 91, 75, 73, 31]
7:31:[7, 56, 57, 92, 75, 73, 31]
7:31:[7, 56, 58, 93, 76, 73, 31]
7:31:[7, 56, 58, 94, 76, 73, 31]
7:31:[7, 56, 58, 95, 76, 73, 31]
7:31:[7, 56, 59, 96, 77, 73, 31]
7:31:[7, 56, 59, 97, 77, 73, 31]
7:31:[7, 56, 59, 98, 77, 73, 31]
7:32:[7, 56, 57, 90, 75, 73, 32]
7:32:[7, 56, 57, 91, 75, 73, 32]
7:32:[7, 56, 57, 92, 75, 73, 32]
7:32:[7, 56, 58, 93, 76, 73, 32]
7:32:[7, 56, 58, 94, 76, 73, 32]
7:32:[7, 56, 58, 95, 76, 73, 32]
7:32:[7, 56, 59, 96, 77, 73, 32]
7:32:[7, 56, 59, 97, 77, 73, 32]
7:32:[7, 56, 59, 98, 77, 73, 32]
7:33:[7, 56, 57, 90, 75, 74, 33]
7:33:[7, 56, 57, 91, 75, 74, 33]
7:33:[7, 56, 57, 92, 75, 74, 33]
7:33:[7, 56, 58, 93, 76, 74, 33]
7:33:[7, 56, 58, 94, 76, 74, 33]
7:33:[7, 56, 58, 95, 76, 74, 33]
7:33:[7, 56, 59, 96, 77, 74, 33]
7:33:[7, 56, 59, 97, 77, 74, 33]
7:33:[7, 56, 59, 98, 77, 74, 33]
7:34:[7, 56, 57, 90, 75, 74, 34]
7:34:[7, 56, 57, 91, 75, 74, 34]
7:34:[7, 56, 57, 92, 75, 74, 34]
7:34:[7, 56, 58, 93, 76, 74, 34]
7:34:[7, 56, 58, 94, 76, 74, 34]
7:34:[7, 56, 58, 95, 76, 74, 34]
7:34:[7, 56, 59, 96, 77, 74, 34]
7:34:[7, 56, 59, 97, 77, 74, 34]
7:34:[7, 56, 59, 98, 77, 74, 34]
7:35:[7, 56, 57, 90, 75, 74, 35]
7:35:[7, 56, 57, 91, 75, 74, 35]
7:35:[7, 56, 57, 92, 75, 74, 35]
7:35:[7, 56, 58, 93, 76, 74, 35]
7:35:[7, 56, 58, 94, 76, 74, 35]
7:35:[7, 56, 58, 95, 76, 74, 35]
7:35:[7, 56, 59, 96, 77, 74, 35]
7:35:[7, 56, 59, 97, 77, 74, 35]
7:35:[7, 56, 59, 98, 77, 74, 35]
7:36:[7, 56, 57, 90, 81, 78, 36]
7:36:[7, 56, 57, 91, 81, 78, 36]
7:36:[7, 56, 57, 92, 81, 78, 36]
7:36:[7, 56, 58, 93, 82, 78, 36]
7:36:[7, 56, 58, 94, 82, 78, 36]
7:36:[7, 56, 58, 95, 82, 78, 36]
7:36:[7, 56, 59, 96, 83, 78, 36]
7:36:[7, 56, 59, 97, 83, 78, 36]
7:36:[7, 56, 59, 98, 83, 78, 36]
7:37:[7, 56, 57, 90, 81, 78, 37]
7:37:[7, 56, 57, 91, 81, 78, 37]
7:37:[7, 56, 57, 92, 81, 78, 37]
7:37:[7, 56, 58, 93, 82, 78, 37]
7:37:[7, 56, 58, 94, 82, 78, 37]
7:37:[7, 56, 58, 95, 82, 78, 37]
7:37:[7, 56, 59, 96, 83, 78, 37]
7:37:[7, 56, 59, 97, 83, 78, 37]
7:37:[7, 56, 59, 98, 83, 78, 37]
7:38:[7, 56, 57, 90, 81, 78, 38]
7:38:[7, 56, 57, 91, 81, 78, 38]
7:38:[7, 56, 57, 92, 81, 78, 38]
7:38:[7, 56, 58, 93, 82, 78, 38]
7:38:[7, 56, 58, 94, 82, 78, 38]
7:38:[7, 56, 58, 95, 82, 78, 38]
7:38:[7, 56, 59, 96, 83, 78, 38]
7:38:[7, 56, 59, 97, 83, 78, 38]
7:38:[7, 56, 59, 98, 83, 78, 38]
7:39:[7, 56, 57, 90, 81, 79, 39]
7:39:[7, 56, 57, 91, 81, 79, 39]
7:39:[7, 56, 57, 92, 81, 79, 39]
7:39:[7, 56, 58, 93, 82, 79, 39]
7:39:[7, 56, 58, 94, 82, 79, 39]
7:39:[7, 56, 58, 95, 82, 79, 39]
7:39:[7, 56, 59, 96, 83, 79, 39]
7:39:[7, 56, 59, 97, 83, 79, 39]
7:39:[7, 56, 59, 98, 83, 79, 39]
7:40:[7, 56, 57, 90, 81, 79, 40]
7:40:[7, 56, 57, 91, 81, 79, 40]
7:40:[7, 56, 57, 92, 81, 79, 40]
7:40:[7, 56, 58, 93, 82, 79, 40]
7:40:[7, 56, 58, 94, 82, 79, 40]
7:40:[7, 56, 58, 95, 82, 79, 40]
7:40:[7, 56, 59, 96, 83, 79, 40]
7:40:[7, 56, 59, 97, 83, 79, 40]
7:40:[7, 56, 59, 98, 83, 79, 40]
7:41:[7, 56, 57, 90, 81, 79, 41]
7:41:[7, 56, 57, 91, 81, 79, 41]
7:41:[7, 56, 57, 92, 81, 79, 41]
7:41:[7, 56, 58, 93, 82, 79, 41]
7:41:[7, 56, 58, 94, 82, 79, 41]
7:41:[7, 56, 58, 95, 82, 79, 41]
7:41:[7, 56, 59, 96, 83, 79, 41]
7:41:[7, 56, 59, 97, 83, 79, 41]
7:41:[7, 56, 59, 98, 83, 79, 41]
7:42:[7, 56, 57, 90, 81, 80, 42]
7:42:[7, 56, 57, 91, 81, 80, 42]
7:42:[7, 56, 57, 92, 81, 80, 42]
7:42:[7, 56, 58, 93, 82, 80, 42]
7:42:[7, 56, 58, 94, 82, 80, 42]
7:42:[7, 56, 58, 95, 82, 80, 42]
7:42:[7, 56, 59, 96, 83, 80, 42]
7:42:[7, 56, 59, 97, 83, 80, 42]
7:42:[7, 56, 59, 98, 83, 80, 42]
7:43:[7, 56, 57, 90, 81, 80, 43]
7:43:[7, 56, 57, 91, 81, 80, 43]
7:43:[7, 56, 57, 92, 81, 80, 43]
7:43:[7, 56, 58, 93, 82, 80, 43]
7:43:[7, 56, 58, 94, 82, 80, 43]
7:43:[7, 56, 58, 95, 82, 80, 43]
7:43:[7, 56, 59, 96, 83, 80, 43]
7:43:[7, 56, 59, 97, 83, 80, 43]
7:43:[7, 56, 59, 98, 83, 80, 43]
7:44:[7, 56, 57, 90, 81, 80, 44]
7:44:[7, 56, 57, 91, 81, 80, 44]
7:44:[7, 56, 57, 92, 81, 80, 44]
7:44:[7, 56, 58, 93, 82, 80, 44]
7:44:[7, 56, 58, 94, 82, 80, 44]
7:44:[7, 56, 58, 95, 82, 80, 44]
7:44:[7, 56, 59, 96, 83, 80, 44]
7:44:[7, 56, 59, 97, 83, 80, 44]
7:44:[7, 56, 59, 98, 83, 80, 44]
7:45:[7, 56, 57, 90, 87, 84, 45]
7:45:[7, 56, 57, 91, 87, 84, 45]
7:45:[7, 56, 57, 92, 87, 84, 45]
7:45:[7, 56, 58, 93, 88, 84, 45]
7:45:[7, 56, 58, 94, 88, 84, 45]
7:45:[7, 56, 58, 95, 88, 84, 45]
7:45:[7, 56, 59, 96, 89, 84, 45]
7:45:[7, 56, 59, 97, 89, 84, 45]
7:45:[7, 56, 59, 98, 89, 84, 45]
7:46:[7, 56, 57, 90, 87, 84, 46]
7:46:[7, 56, 57, 91, 87, 84, 46]
7:46:[7, 56, 57, 92, 87, 84, 46]
7:46:[7, 56, 58, 93, 88, 84, 46]
7:46:[7, 56, 58, 94, 88, 84, 46]
7:46:[7, 56, 58, 95, 88, 84, 46]
7:46:[7, 56, 59, 96, 89, 84, 46]
7:46:[7, 56, 59, 97, 89, 84, 46]
7:46:[7, 56, 59, 98, 89, 84, 46]
7:47:[7, 56, 57, 90, 87, 84, 47]
7:47:[7, 56, 57, 91, 87, 84, 47]
7:47:[7, 56, 57, 92, 87, 84, 47]
7:47:[7, 56, 58, 93, 88, 84, 47]
7:47:[7, 56, 58, 94, 88, 84, 47]
7:47:[7, 56, 58, 95, 88, 84, 47]
7:47:[7, 56, 59, 96, 89, 84, 47]
7:47:[7, 56, 59, 97, 89, 84, 47]
7:47:[7, 56, 59, 98, 89, 84, 47]
7:48:[7, 56, 57, 90, 87, 85, 48]
7:48:[7, 56, 57, 91, 87, 85, 48]
7:48:[7, 56, 57, 92, 87, 85, 48]
7:48:[7, 56, 58, 93, 88, 85, 48]
7:48:[7, 56, 58, 94, 88, 85, 48]
7:48:[7, 56, 58, 95, 88, 85, 48]
7:48:[7, 56, 59, 96, 89, 85, 48]
7:48:[7, 56, 59, 97, 89, 85, 48]
7:48:[7, 56, 59, 98, 89, 85, 48]
7:49:[7, 56, 57, 90, 87, 85, 49]
7:49:[7, 56, 57, 91, 87, 85, 49]
7:49:[7, 56, 57, 92, 87, 85, 49]
7:49:[7, 56, 58, 93, 88, 85, 49]
7:49:[7, 56, 58, 94, 88, 85, 49]
7:49:[7, 56, 58, 95, 88, 85, 49]
7:49:[7, 56, 59, 96, 89, 85, 49]
7:49:[7, 56, 59, 97, 89, 85, 49]
7:49:[7, 56, 59, 98, 89, 85, 49]
7:50:[7, 56, 57, 90, 87, 85, 50]
7:50:[7, 56, 57, 91, 87, 85, 50]
7:50:[7, 56, 57, 92, 87, 85, 50]
7:50:[7, 56, 58, 93, 88, 85, 50]
7:50:[7, 56, 58, 94, 88, 85, 50]
7:50:[7, 56, 58, 95, 88, 85, 50]
7:50:[7, 56, 59, 96, 89, 85, 50]
7:50:[7, 56, 59, 97, 89, 85, 50]
7:50:[7, 56, 59, 98, 89, 85, 50]
7:51:[7, 56, 57, 90, 87, 86, 51]
7:51:[7, 56, 57, 91, 87, 86, 51]
7:51:[7, 56, 57, 92, 87, 86, 51]
7:51:[7, 56, 58, 93, 88, 86, 51]
7:51:[7, 56, 58, 94, 88, 86, 51]
7:51:[7, 56, 58, 95, 88, 86, 51]
7:51:[7, 56, 59, 96, 89, 86, 51]
7:51:[7, 56, 59, 97, 89, 86, 51]
7:51:[7, 56, 59, 98, 89, 86, 51]
7:52:[7, 56, 57, 90, 87, 86, 52]
7:52:[7, 56, 57, 91, 87, 86, 52]
7:52:[7, 56, 57, 92, 87, 86, 52]
7:52:[7, 56, 58, 93, 88, 86, 52]
7:52:[7, 56, 58, 94, 88, 86, 52]
7:52:[7, 56, 58, 95, 88, 86, 52]
7:52:[7, 56, 59, 96, 89, 86, 52]
7:52:[7, 56, 59, 97, 89, 86, 52]
7:52:[7, 56, 59, 98, 89, 86, 52]
7:53:[7, 56, 57, 90, 87, 86, 53]
7:53:[7, 56, 57, 91, 87, 86, 53]
7:53:[7, 56, 57, 92, 87, 86, 53]
7:53:[7, 56, 58, 93, 88, 86, 53]
7:53:[7, 56, 58, 94, 88, 86, 53]
7:53:[7, 56, 58, 95, 88, 86, 53]
7:53:[7, 56, 59, 96, 89, 86, 53]
7:53:[7, 56, 59, 97, 89, 86, 53]
7:53:[7, 56, 59, 98, 89, 86, 53]
8:0:[8, 56, 57, 54, 0]
8:0:[8, 56, 58, 54, 0]
8:0:[8, 56, 59, 54, 0]
8:1:[8, 56, 57, 54, 1]
8:1:[8, 56, 58, 54, 1]
8:1:[8, 56, 59, 54, 1]
8:2:[8, 56, 57, 54, 2]
8:2:[8, 56, 58, 54, 2]
8:2:[8, 56, 59, 54, 2]
8:3:[8, 56, 57, 55, 3]
8:3:[8, 56, 58, 55, 3]
8:3:[8, 56, 59, 55, 3]
8:4:[8, 56, 57, 55, 4]
8:4:[8, 56, 58, 55, 4]
8:4:[8, 56, 59, 55, 4]
8:5:[8, 56, 57, 55, 5]
8:5:[8, 56, 58, 55, 5]
8:5:[8, 56, 59, 55, 5]
8:6:[8, 56, 6]
8:7:[8, 56, 7]
8:9:[8, 56, 57, 90, 63, 60, 9]
8:9:[8, 56, 57, 91, 63, 60, 9]
8:9:[8, 56, 57, 92, 63, 60, 9]
8:9:[8, 56, 58, 93, 64, 60, 9]
8:9:[8, 56, 58, 94, 64, 60, 9]
8:9:[8, 56, 58, 95, 64, 60, 9]
8:9:[8, 56, 59, 96, 65, 60, 9]
8:9:[8, 56, 59, 97, 65, 60, 9]
8:9:[8, 56, 59, 98, 65, 60, 9]
8:10:[8, 56, 57, 90, 63, 60, 10]
8:10:[8, 56, 57, 91, 63, 60, 10]
8:10:[8, 56, 57, 92, 63, 60, 10]
8:10:[8, 56, 58, 93, 64, 60, 10]
8:10:[8, 56, 58, 94, 64, 60, 10]
8:10:[8, 56, 58, 95, 64, 60, 10]
8:10:[8, 56, 59, 96, 65, 60, 10]
8:10:[8, 56, 59, 97, 65, 60, 10]
8:10:[8, 56, 59, 98, 65, 60, 10]
8:11:[8, 56, 57, 90, 63, 60, 11]
8:11:[8, 56, 57, 91, 63, 60, 11]
8:11:[8, 56, 57, 92, 63, 60, 11]
8:11:[8, 56, 58, 93, 64, 60, 11]
8:11:[8, 56, 58, 94, 64, 60, 11]
8:11:[8, 56, 58, 95, 64, 60, 11]
8:11:[8, 56, 59, 96, 65, 60, 11]
8:11:[8, 56, 59, 97, 65, 60, 11]
8:11:[8, 56, 59, 98, 65, 60, 11]
8:12:[8, 56, 57, 90, 63, 61, 12]
8:12:[8, 56, 57, 91, 63, 61, 12]
8:12:[8, 56, 57, 92, 63, 61, 12]
8:12:[8, 56, 58, 93, 64, 61, 12]
8:12:[8, 56, 58, 94, 64, 61, 12]
8:12:[8, 56, 58, 95, 64, 61, 12]
8:12:[8, 56, 59, 96, 65, 61, 12]
8:12:[8, 56, 59, 97, 65, 61, 12]
8:12:[8, 56, 59, 98, 65, 61, 12]
8:13:[8, 56, 57, 90, 63, 61, 13]
8:13:[8, 56, 57, 91, 63, 61, 13]
8:13:[8, 56, 57, 92, 63, 61, 13]
8:13:[8, 56, 58, 93, 64, 61, 13]
8:13:[8, 56, 58, 94, 64, 61, 13]
8:13:[8, 56, 58, 95, 64, 61, 13]
8:13:[8, 56, 59, 96, 65, 61, 13]
8:13:[8, 56, 59, 97, 65, 61, 13]
8:13:[8, 56, 59, 98, 65, 61, 13]
8:14:[8, 56, 57, 90, 63, 61, 14]
8:14:[8, 56, 57, 91, 63, 61, 14]
8:14:[8, 56, 57, 92, 63, 61, 14]
8:14:[8, 56, 58, 93, 64, 61, 14]
8:14:[8, 56, 58, 94, 64, 61, 14]
8:14:[8, 56, 58, 95, 64, 61, 14]
8:14:[8, 56, 59, 96, 65, 61, 14]
8:14:[8, 56, 59, 97, 65, 61, 14]
8:14:[8, 56, 59, 98, 65, 61, 14]
8:15:[8, 56, 57, 90, 63, 62, 15]
8:15:[8, 56, 57, 91, 63, 62, 15]
8:15:[8, 56, 57, 92, 63, 62, 15]
8:15:[8, 56, 58, 93, 64, 62, 15]
8:15:[8, 56, 58, 94, 64, 62, 15]
8:15:[8, 56, 58, 95, 64, 62, 15]
8:15:[8, 56, 59, 96, 65, 62, 15]
8:15:[8, 56, 59, 97, 65, 62, 15]
8:15:[8, 56, 59, 98, 65, 62, 15]
8:16:[8, 56, 57, 90, 63, 62, 16]
8:16:[8, 56, 57, 91, 63, 62, 16]
8:16:[8, 56, 57, 92, 63, 62, 16]
8:16:[8, 56, 58, 93, 64, 62, 16]
8:16:[8, 56, 58, 94, 64, 62, 16]
8:16:[8, 56, 58, 95, 64, 62, 16]
8:16:[8, 56, 59, 96, 65, 62, 16]
8:16:[8, 56, 59, 97, 65, 62, 16]
8:16:[8, 56, 59, 98, 65, 62, 16]
8:17:[8, 56, 57, 90, 63, 62, 17]
8:17:[8, 56, 57, 91, 63, 62, 17]
8:17:[8, 56, 57, 92, 63, 62, 17]
8:17:[8, 56, 58, 93, 64, 62, 17]
8:17:[8, 56, 58, 94, 64, 62, 17]
8:17:[8, 56, 58, 95, 64, 62, 17]
8:17:[8, 56, 59, 96, 65, 62, 17]
8:17:[8, 56, 59, 97, 65, 62, 17]
8:17:[8, 56, 59, 98, 65, 62, 17]
8:18:[8, 56, 57, 90, 69, 66, 18]
8:18:[8, 56, 57, 91, 69, 66, 18]
8:18:[8, 56, 57, 92, 69, 66, 18]
8:18:[8, 56, 58, 93, 70, 66, 18]
8:18:[8, 56, 58, 94, 70, 66, 18]
8:18:[8, 56, 58, 95, 70, 66, 18]
8:18:[8, 56, 59, 96, 71, 66, 18]
8:18:[8, 56, 59, 97, 71, 66, 18]
8:18:[8, 56, 59, 98, 71, 66, 18]
8:19:[8, 56, 57, 90, 69, 66, 19]
8:19:[8, 56, 57, 91, 69, 66, 19]
8:19:[8, 56, 57, 92, 69, 66, 19]
8:19:[8, 56, 58, 93, 70, 66, 19]
8:19:[8, 56, 58, 94, 70, 66, 19]
8:19:[8, 56, 58, 95, 70, 66, 19]
8:19:[8, 56, 59, 96, 71, 66, 19]
8:19:[8, 56, 59, 97, 71, 66, 19]
8:19:[8, 56, 59, 98, 71, 66, 19]
8:20:[8, 56, 57, 90, 69, 66, 20]
8:20:[8, 56, 57, 91, 69, 66, 20]
8:20:[8, 56, 57, 92, 69, 66, 20]
8:20:[8, 56, 58, 93, 70, 66, 20]
8:20:[8, 56, 58, 94, 70, 66, 20]
8:20:[8, 56, 58, 95, 70, 66, 20]
8:20:[8, 56, 59, 96, 71, 66, 20]
8:20:[8, 56, 59, 97, 71, 66, 20]
8:20:[8, 56, 59, 98, 71, 66, 20]
8:21:[8, 56, 57, 90, 69, 67, 21]
8:21:[8, 56, 57, 91, 69, 67, 21]
8:21:[8, 56, 57, 92, 69, 67, 21]
8:21:[8, 56, 58, 93, 70, 67, 21]
8:21:[8, 56, 58, 94, 70, 67, 21]
8:21:[8, 56, 58, 95, 70, 67, 21]
8:21:[8, 56, 59, 96, 71, 67, 21]
8:21:[8, 56, 59, 97, 71, 67, 21]
8:21:[8, 56, 59, 98, 71, 67, 21]
8:22:[8, 56, 57, 90, 69, 67, 22]
8:22:[8, 56, 57, 91, 69, 67, 22]
8:22:[8, 56, 57, 92, 69, 67, 22]
8:22:[8, 56, 58, 93, 70, 67, 22]
8:22:[8, 56, 58, 94, 70, 67, 22]
8:22:[8, 56, 58, 95, 70, 67, 22]
8:22:[8, 56, 59, 96, 71, 67, 22]
8:22:[8, 56, 59, 97, 71, 67, 22]
8:22:[8, 56, 59, 98, 71, 67, 22]
8:23:[8, 56, 57, 90, 69, 67, 23]
8:23:[8, 56, 57, 91, 69, 67, 23]
8:23:[8, 56, 57, 92, 69, 67, 23]
8:23:[8, 56, 58, 93, 70, 67, 23]
8:23:[8, 56, 58, 94, 70, 67, 23]
8:23:[8, 56, 58, 95, 70, 67, 23]
8:23:[8, 56, 59, 96, 71, 67, 23]
8:23:[8, 56, 59, 97, 71, 67, 23]
8:23:[8, 56, 59, 98, 71, 67, 23]
8:24:[8, 56, 57, 90, 69, 68, 24]
8:24:[8, 56, 57, 91, 69, 68, 24]
8:24:[8, 56, 57, 92, 69, 68, 24]
8:24:[8, 56, 58, 93, 70, 68, 24]
8:24:[8, 56, 58, 94, 70, 68, 24]
8:24:[8, 56, 58, 95, 70, 68, 24]
8:24:[8, 56, 59, 96, 71, 68, 24]
8:24:[8, 56, 59, 97, 71, 68, 24]
8:24:[8, 56, 59, 98, 71, 68, 24]
8:25:[8, 56, 57, 90, 69, 68, 25]
8:25:[8, 56, 57, 91, 69, 68, 25]
8:25:[8, 56, 57, 92, 69, 68, 25]
8:25:[8, 56, 58, 93, 70, 68, 25]
8:25:[8, 56, 58, 94, 70, 68, 25]
8:25:[8, 56, 58, 95, 70, 68, 25]
8:25:[8, 56, 59, 96, 71, 68, 25]
8:25:[8, 56, 59, 97, 71, 68, 25]
8:25:[8, 56, 59, 98, 71, 68, 25]
8:26:[8, 56, 57, 90, 69, 68, 26]
8:26:[8, 56, 57, 91, 69, 68, 26]
8:26:[8, 56, 57, 92, 69, 68, 26]
8:26:[8, 56, 58, 93, 70, 68, 26]
8:26:[8, 56, 58, 94, 70, 68, 26]
8:26:[8, 56, 58, 95, 70, 68, 26]
8:26:[8, 56, 59, 96, 71, 68, 26]
8:26:[8, 56, 59, 97, 71, 68, 26]
8:26:[8, 56, 59, 98, 71, 68, 26]
8:27:[8, 56, 57, 90, 75, 72, 27]
8:27:[8, 56, 57, 91, 75, 72, 27]
8:27:[8, 56, 57, 92, 75, 72, 27]
8:27:[8, 56, 58, 93, 76, 72, 27]
8:27:[8, 56, 58, 94, 76, 72, 27]
8:27:[8, 56, 58, 95, 76, 72, 27]
8:27:[8, 56, 59, 96, 77, 72, 27]
8:27:[8, 56, 59, 97, 77, 72, 27]
8:27:[8, 56, 59, 98, 77, 72, 27]
8:28:[8, 56, 57, 90, 75, 72, 28]
8:28:[8, 56, 57, 91, 75, 72, 28]
8:28:[8, 56, 57, 92, 75, 72, 28]
8:28:[8, 56, 58, 93, 76, 72, 28]
8:28:[8, 56, 58, 94, 76, 72, 28]
8:28:[8, 56, 58, 95, 76, 72, 28]
8:28:[8, 56, 59, 96, 77, 72, 28]
8:28:[8, 56, 59, 97, 77, 72, 28]
8:28:[8, 56, 59, 98, 77, 72, 28]
8:29:[8, 56, 57, 90, 75, 72, 29]
8:29:[8, 56, 57, 91, 75, 72, 29]
8:29:[8, 56, 57, 92, 75, 72, 29]
8:29:[8, 56, 58, 93, 76, 72, 29]
8:29:[8, 56, 58, 94, 76, 72, 29]
8:29:[8, 56, 58, 95, 76, 72, 29]
8:29:[8, 56, 59, 96, 77, 72, 29]
8:29:[8, 56, 59, 97, 77, 72, 29]
8:29:[8, 56, 59, 98, 77, 72, 29]
8:30:[8, 56, 57, 90, 75, 73, 30]
8:30:[8, 56, 57, 91, 75, 73, 30]
8:30:[8, 56, 57, 92, 75, 73, 30]
8:30:[8, 56, 58, 93, 76, 73, 30]
8:30:[8, 56, 58, 94, 76, 73, 30]
8:30:[8, 56, 58, 95, 76, 73, 30]
8:30:[8, 56, 59, 96, 77, 73, 30]
8:30:[8, 56, 59, 97, 77, 73, 30]
8:30:[8, 56, 59, 98, 77, 73, 30]
8:31:[8, 56, 57, 90, 75, 73, 31]
8:31:[8, 56, 57, 91, 75, 73, 31]
8:31:[8, 56, 57, 92, 75, 73, 31]
8:31:[8, 56, 58, 93, 76, 73, 31]
8:31:[8, 56, 58, 94, 76, 73, 31]
8:31:[8, 56, 58, 95, 76, 73, 31]
8:31:[8, 56, 59, 96, 77, 73, 31]
8:31:[8, 56, 59, 97, 77, 73, 31]
8:31:[8, 56, 59, 98, 77, 73, 31]
8:32:[8, 56, 57, 90, 75, 73, 32]
8:32:[8, 56, 57, 91, 75, 73, 32]
8:32:[8, 56, 57, 92, 75, 73, 32]
8:32:[8, 56, 58, 93, 76, 73, 32]
8:32:[8, 56, 58, 94, 76, 73, 32]
8:32:[8, 56, 58, 95, 76, 73, 32]
8:32:[8, 56, 59, 96, 77, 73, 32]
8:32:[8, 56, 59, 97, 77, 73, 32]
8:32:[8, 56, 59, 98, 77, 73, 32]
8:33:[8, 56, 57, 90, 75, 74, 33]
8:33:[8, 56, 57, 91, 75, 74, 33]
8:33:[8, 56, 57, 92, 75, 74, 33]
8:33:[8, 56, 58, 93, 76, 74, 33]
8:33:[8, 56, 58, 94, 76, 74, 33]
8:33:[8, 56, 58, 95, 76, 74, 33]
8:33:[8, 56, 59, 96, 77, 74, 33]
8:33:[8, 56, 59, 97, 77, 74, 33]
8:33:[8, 56, 59, 98, 77, 74, 33]
8:34:[8, 56, 57, 90, 75, 74, 34]
8:34:[8, 56, 57, 91, 75, 74, 34]
8:34:[8, 56, 57, 92, 75, 74, 34]
8:34:[8, 56, 58, 93, 76, 74, 34]
8:34:[8, 56, 58, 94, 76, 74, 34]
8:34:[8, 56, 58, 95, 76, 74, 34]
8:34:[8, 56, 59, 96, 77, 74, 34]
8:34:[8, 56, 59, 97, 77, 74, 34]
8:34:[8, 56, 59, 98, 77, 74, 34]
8:35:[8, 56, 57, 90, 75, 74, 35]
8:35:[8, 56, 57, 91, 75, 74, 35]
8:35:[8, 56, 57, 92, 75, 74, 35]
8:35:[8, 56, 58, 93, 76, 74, 35]
8:35:[8, 56, 58, 94, 76, 74, 35]
8:35:[8, 56, 58, 95, 76, 74, 35]
8:35:[8, 56, 59, 96, 77, 74, 35]
8:35:[8, 56, 59, 97, 77, 74, 35]
8:35:[8, 56, 59, 98, 77, 74, 35]
8:36:[8, 56, 57, 90, 81, 78, 36]
8:36:[8, 56, 57, 91, 81, 78, 36]
8:36:[8, 56, 57, 92, 81, 78, 36]
8:36:[8, 56, 58, 93, 82, 78, 36]
8:36:[8, 56, 58, 94, 82, 78, 36]
8:36:[8, 56, 58, 95, 82, 78, 36]
8:36:[8, 56, 59, 96, 83, 78, 36]
8:36:[8, 56, 59, 97, 83, 78, 36]
8:36:[8, 56, 59, 98, 83, 78, 36]
8:37:[8, 56, 57, 90, 81, 78, 37]
8:37:[8, 56, 57, 91, 81, 78, 37]
8:37:[8, 56, 57, 92, 81, 78, 37]
8:37:[8, 56, 58, 93, 82, 78, 37]
8:37:[8, 56, 58, 94, 82, 78, 37]
8:37:[8, 56, 58, 95, 82, 78, 37]
8:37:[8, 56, 59, 96, 83, 78, 37]
8:37:[8, 56, 59, 97, 83, 78, 37]
8:37:[8, 56, 59, 98, 83, 78, 37]
8:38:[8, 56, 57, 90, 81, 78, 38]
8:38:[8, 56, 57, 91, 81, 78, 38]
8:38:[8, 56, 57, 92, 81, 78, 38]
8:38:[8, 56, 58, 93, 82, 78, 38]
8:38:[8, 56, 58, 94, 82, 78, 38]
8:38:[8, 56, 58, 95, 82, 78, 38]
8:38:[8, 56, 59, 96, 83, 78, 38]
8:38:[8, 56, 59, 97, 83, 78, 38]
8:38:[8, 56, 59, 98, 83, 78, 38]
8:39:[8, 56, 57, 90, 81, 79, 39]
8:39:[8, 56, 57, 91, 81, 79, 39]
8:39:[8, 56, 57, 92, 81, 79, 39]
8:39:[8, 56, 58, 93, 82, 79, 39]
8:39:[8, 56, 58, 94, 82, 79, 39]
8:39:[8, 56, 58, 95, 82, 79, 39]
8:39:[8, 56, 59, 96, 83, 79, 39]
8:39:[8, 56, 59, 97, 83, 79, 39]
8:39:[8, 56, 59, 98, 83, 79, 39]
8:40:[8, 56, 57, 90, 81, 79, 40]
8:40:[8, 56, 57, 91, 81, 79, 40]
8:40:[8, 56, 57, 92, 81, 79, 40]
8:40:[8, 56, 58, 93, 82, 79, 40]
8:40:[8, 56, 58, 94, 82, 79, 40]
8:40:[8, 56, 58, 95, 82, 79, 40]
8:40:[8, 56, 59, 96, 83, 79, 40]
8:40:[8, 56, 59, 97, 83, 79, 40]
8:40:[8, 56, 59, 98, 83, 79, 40]
8:41:[8, 56, 57, 90, 81, 79, 41]
8:41:[8, 56, 57, 91, 81, 79, 41]
8:41:[8, 56, 57, 92, 81, 79, 41]
8:41:[8, 56, 58, 93, 82, 79, 41]
8:41:[8, 56, 58, 94, 82, 79, 41]
8:41:[8, 56, 58, 95, 82, 79, 41]
8:41:[8, 56, 59, 96, 83, 79, 41]
8:41:[8, 56, 59, 97, 83, 79, 41]
8:41:[8, 56, 59, 98, 83, 79, 41]
8:42:[8, 56, 57, 90, 81, 80, 42]
8:42:[8, 56, 57, 91, 81, 80, 42]
8:42:[8, 56, 57, 92, 81, 80, 42]
8:42:[8, 56, 58, 93, 82, 80, 42]
8:42:[8, 56, 58, 94, 82, 80, 42]
8:42:[8, 56, 58, 95, 82, 80, 42]
8:42:[8, 56, 59, 96, 83, 80, 42]
8:42:[8, 56, 59, 97, 83, 80, 42]
8:42:[8, 56, 59, 98, 83, 80, 42]
8:43:[8, 56, 57, 90, 81, 80, 43]
8:43:[8, 56, 57, 91, 81, 80, 43]
8:43:[8, 56, 57, 92, 81, 80, 43]
8:43:[8, 56, 58, 93, 82, 80, 43]
8:43:[8, 56, 58, 94, 82, 80, 43]
8:43:[8, 56, 58, 95, 82, 80, 43]
8:43:[8, 56, 59, 96, 83, 80, 43]
8:43:[8, 56, 59, 97, 83, 80, 43]
8:43:[8, 56, 59, 98, 83, 80, 43]
8:44:[8, 56, 57, 90, 81, 80, 44]
8:44:[8, 56, 57, 91, 81, 80, 44]
8:44:[8, 56, 57, 92, 81, 80, 44]
8:44:[8, 56, 58, 93, 82, 80, 44]
8:44:[8, 56, 58, 94, 82, 80, 44]
8:44:[8, 56, 58, 95, 82, 80, 44]
8:44:[8, 56, 59, 96, 83, 80, 44]
8:44:[8, 56, 59, 97, 83, 80, 44]
8:44:[8, 56, 59, 98, 83, 80, 44]
8:45:[8, 56, 57, 90, 87, 84, 45]
8:45:[8, 56, 57, 91, 87, 84, 45]
8:45:[8, 56, 57, 92, 87, 84, 45]
8:45:[8, 56, 58, 93, 88, 84, 45]
8:45:[8, 56, 58, 94, 88, 84, 45]
8:45:[8, 56, 58, 95, 88, 84, 45]
8:45:[8, 56, 59, 96, 89, 84, 45]
8:45:[8, 56, 59, 97, 89, 84, 45]
8:45:[8, 56, 59, 98, 89, 84, 45]
8:46:[8, 56, 57, 90, 87, 84, 46]
8:46:[8, 56, 57, 91, 87, 84, 46]
8:46:[8, 56, 57, 92, 87, 84, 46]
8:46:[8, 56, 58, 93, 88, 84, 46]
8:46:[8, 56, 58, 94, 88, 84, 46]
8:46:[8, 56, 58, 95, 88, 84, 46]
8:46:[8, 56, 59, 96, 89, 84, 46]
8:46:[8, 56, 59, 97, 89, 84, 46]
8:46:[8, 56, 59, 98, 89, 84, 46]
8:47:[8, 56, 57, 90, 87, 84, 47]
8:47:[8, 56, 57, 91, 87, 84, 47]
8:47:[8, 56, 57, 92, 87, 84, 47]
8:47:[8, 56, 58, 93, 88, 84, 47]
8:47:[8, 56, 58, 94, 88, 84, 47]
8:47:[8, 56, 58, 95, 88, 84, 47]
8:47:[8, 56, 59, 96, 89, 84, 47]
8:47:[8, 56, 59, 97, 89, 84, 47]
8:47:[8, 56, 59, 98, 89, 84, 47]
8:48:[8, 56, 57, 90, 87, 85, 48]
8:48:[8, 56, 57, 91, 87, 85, 48]
8:48:[8, 56, 57, 92, 87, 85, 48]
8:48:[8, 56, 58, 93, 88, 85, 48]
8:48:[8, 56, 58, 94, 88, 85, 48]
8:48:[8, 56, 58, 95, 88, 85, 48]
8:48:[8, 56, 59, 96, 89, 85, 48]
8:48:[8, 56, 59, 97, 89, 85, 48]
8:48:[8, 56, 59, 98, 89, 85, 48]
8:49:[8, 56, 57, 90, 87, 85, 49]
8:49:[8, 56, 57, 91, 87, 85, 49]
8:49:[8, 56, 57, 92, 87, 85, 49]
8:49:[8, 56, 58, 93, 88, 85, 49]
8:49:[8, 56, 58, 94, 88, 85, 49]
8:49:[8, 56, 58, 95, 88, 85, 49]
8:49:[8, 56, 59, 96, 89, 85, 49]
8:49:[8, 56, 59, 97, 89, 85, 49]
8:49:[8, 56, 59, 98, 89, 85, 49]
8:50:[8, 56, 57, 90, 87, 85, 50]
8:50:[8, 56, 57, 91, 87, 85, 50]
8:50:[8, 56, 57, 92, 87, 85, 50]
8:50:[8, 56, 58, 93, 88, 85, 50]
8:50:[8, 56, 58, 94, 88, 85, 50]
8:50:[8, 56, 58, 95, 88, 85, 50]
8:50:[8, 56, 59, 96, 89, 85, 50]
8:50:[8, 56, 59, 97, 89, 85, 50]
8:50:[8, 56, 59, 98, 89, 85, 50]
8:51:[8, 56, 57, 90, 87, 86, 51]
8:51:[8, 56, 57, 91, 87, 86, 51]
8:51:[8, 56, 57, 92, 87, 86, 51]
8:51:[8, 56, 58, 93, 88, 86, 51]
8:51:[8, 56, 58, 94, 88, 86, 51]
8:51:[8, 56, 58, 95, 88, 86, 51]
8:51:[8, 56, 59, 96, 89, 86, 51]
8:51:[8, 56, 59, 97, 89, 86, 51]
8:51:[8, 56, 59, 98, 89, 86, 51]
8:52:[8, 56, 57, 90, 87, 86, 52]
8:52:[8, 56, 57, 91, 87, 86, 52]
8:52:[8, 56, 57, 92, 87, 86, 52]
8:52:[8, 56, 58, 93, 88, 86, 52]
8:52:[8, 56, 58, 94, 88, 86, 52]
8:52:[8, 56, 58, 95, 88, 86, 52]
8:52:[8, 56, 59, 96, 89, 86, 52]
8:52:[8, 56, 59, 97, 89, 86, 52]
8:52:[8, 56, 59, 98, 89, 86, 52]
8:53:[8, 56, 57, 90, 87, 86, 53]
8:53:[8, 56, 57, 91, 87, 86, 53]
8:53:[8, 56, 57, 92, 87, 86, 53]
8:53:[8, 56, 58, 93, 88, 86, 53]
8:53:[8, 56, 58, 94, 88, 86, 53]
8:53:[8, 56, 58, 95, 88, 86, 53]
8:53:[8, 56, 59, 96, 89, 86, 53]
8:53:[8, 56, 59, 97, 89, 86, 53]
8:53:[8, 56, 59, 98, 89, 86, 53]
9:0:[9, 60, 63, 90, 57, 54, 0]
9:0:[9, 60, 63, 91, 57, 54, 0]
9:0:[9, 60, 63, 92, 57, 54, 0]
9:0:[9, 60, 64, 93, 58, 54, 0]
9:0:[9, 60, 64, 94, 58, 54, 0]
9:0:[9, 60, 64, 95, 58, 54, 0]
9:0:[9, 60, 65, 96, 59, 54, 0]
9:0:[9, 60, 65, 97, 59, 54, 0]
9:0:[9, 60, 65, 98, 59, 54, 0]
9:1:[9, 60, 63, 90, 57, 54, 1]
9:1:[9, 60, 63, 91, 57, 54, 1]
9:1:[9, 60, 63, 92, 57, 54, 1]
9:1:[9, 60, 64, 93, 58, 54, 1]
9:1:[9, 60, 64, 94, 58, 54, 1]
9:1:[9, 60, 64, 95, 58, 54, 1]
9:1:[9, 60, 65, 96, 59, 54, 1]
9:1:[9, 60, 65, 97, 59, 54, 1]
9:1:[9, 60, 65, 98, 59, 54, 1]
9:2:[9, 60, 63, 90, 57, 54, 2]
9:2:[9, 60, 63, 91, 57, 54, 2]
9:2:[9, 60, 63, 92, 57, 54, 2]
9:2:[9, 60, 64, 93, 58, 54, 2]
9:2:[9, 60, 64, 94, 58, 54, 2]
9:2:[9, 60, 64, 95, 58, 54, 2]
9:2:[9, 60, 65, 96, 59, 54, 2]
9:2:[9, 60, 65, 97, 59, 54, 2]
9:2:[9, 60, 65, 98, 59, 54, 2]
9:3:[9, 60, 63, 90, 57, 55, 3]
9:3:[9, 60, 63, 91, 57, 55, 3]
9:3:[9, 60, 63, 92, 57, 55, 3]
9:3:[9, 60, 64, 93, 58, 55, 3]
9:3:[9, 60, 64, 94, 58, 55, 3]
9:3:[9, 60, 64, 95, 58, 55, 3]
9:3:[9, 60, 65, 96, 59, 55, 3]
9:3:[9, 60, 65, 97, 59, 55, 3]
9:3:[9, 60, 65, 98, 59, 55, 3]
9:4:[9, 60, 63, 90, 57, 55, 4]
9:4:[9, 60, 63, 91, 57, 55, 4]
9:4:[9, 60, 63, 92, 57, 55, 4]
9:4:[9, 60, 64, 93, 58, 55, 4]
9:4:[9, 60, 64, 94, 58, 55, 4]
9:4:[9, 60, 64, 95, 58, 55, 4]
9:4:[9, 60, 65, 96, 59, 55, 4]
9:4:[9, 60, 65, 97, 59, 55, 4]
9:4:[9, 60, 65, 98, 59, 55, 4]
9:5:[9, 60, 63, 90, 57, 55, 5]
9:5:[9, 60, 63, 91, 57, 55, 5]
9:5:[9, 60, 63, 92, 57, 55, 5]
9:5:[9, 60, 64, 93, 58, 55, 5]
9:5:[9, 60, 64, 94, 58, 55, 5]
9:5:[9, 60, 64, 95, 58, 55, 5]
9:5:[9, 60, 65, 96, 59, 55, 5]
9:5:[9, 60, 65, 97, 59, 55, 5]
9:5:[9, 60, 65, 98, 59, 55, 5]
9:6:[9, 60, 63, 90, 57, 56, 6]
9:6:[9, 60, 63, 91, 57, 56, 6]
9:6:[9, 60, 63, 92, 57, 56, 6]
9:6:[9, 60, 64, 93, 58, 56, 6]
9:6:[9, 60, 64, 94, 58, 56, 6]
9:6:[9, 60, 64, 95, 58, 56, 6]
9:6:[9, 60, 65, 96, 59, 56, 6]
9:6:[9, 60, 65, 97, 59, 56, 6]
9:6:[9, 60, 65, 98, 59, 56, 6]
9:7:[9, 60, 63, 90, 57, 56, 7]
9:7:[9, 60, 63, 91, 57, 56, 7]
9:7:[9, 60, 63, 92, 57, 56, 7]
9:7:[9, 60, 64, 93, 58, 56, 7]
9:7:[9, 60, 64, 94, 58, 56, 7]
9:7:[9, 60, 64, 95, 58, 56, 7]
9:7:[9, 60, 65, 96, 59, 56, 7]
9:7:[9, 60, 65, 97, 59, 56, 7]
9:7:[9, 60, 65, 98, 59, 56, 7]
9:8:[9, 60, 63, 90, 57, 56, 8]
9:8:[9, 60, 63, 91, 57, 56, 8]
9:8:[9, 60, 63, 92, 57, 56, 8]
9:8:[9, 60, 64, 93, 58, 56, 8]
9:8:[9, 60, 64, 94, 58, 56, 8]
9:8:[9, 60, 64, 95, 58, 56, 8]
9:8:[9, 60, 65, 96, 59, 56, 8]
9:8:[9, 60, 65, 97, 59, 56, 8]
9:8:[9, 60, 65, 98, 59, 56, 8]
9:10:[9, 60, 10]
9:11:[9, 60, 11]
9:12:[9, 60, 63, 61, 12]
9:12:[9, 60, 64, 61, 12]
9:12:[9, 60, 65, 61, 12]
9:13:[9, 60, 63, 61, 13]
9:13:[9, 60, 64, 61, 13]
9:13:[9, 60, 65, 61, 13]
9:14:[9, 60, 63, 61, 14]
9:14:[9, 60, 64, 61, 14]
9:14:[9, 60, 65, 61, 14]
9:15:[9, 60, 63, 62, 15]
9:15:[9, 60, 64, 62, 15]
9:15:[9, 60, 65, 62, 15]
9:16:[9, 60, 63, 62, 16]
9:16:[9, 60, 64, 62, 16]
9:16:[9, 60, 65, 62, 16]
9:17:[9, 60, 63, 62, 17]
9:17:[9, 60, 64, 62, 17]
9:17:[9, 60, 65, 62, 17]
9:18:[9, 60, 63, 90, 69, 66, 18]
9:18:[9, 60, 63, 91, 69, 66, 18]
9:18:[9, 60, 63, 92, 69, 66, 18]
9:18:[9, 60, 64, 93, 70, 66, 18]
9:18:[9, 60, 64, 94, 70, 66, 18]
9:18:[9, 60, 64, 95, 70, 66, 18]
9:18:[9, 60, 65, 96, 71, 66, 18]
9:18:[9, 60, 65, 97, 71, 66, 18]
9:18:[9, 60, 65, 98, 71, 66, 18]
9:19:[9, 60, 63, 90, 69, 66, 19]
9:19:[9, 60, 63, 91, 69, 66, 19]
9:19:[9, 60, 63, 92, 69, 66, 19]
9:19:[9, 60, 64, 93, 70, 66, 19]
9:19:[9, 60, 64, 94, 70, 66, 19]
9:19:[9, 60, 64, 95, 70, 66, 19]
9:19:[9, 60, 65, 96, 71, 66, 19]
9:19:[9, 60, 65, 97, 71, 66, 19]
9:19:[9, 60, 65, 98, 71, 66, 19]
9:20:[9, 60, 63, 90, 69, 66, 20]
9:20:[9, 60, 63, 91, 69, 66, 20]
9:20:[9, 60, 63, 92, 69, 66, 20]
9:20:[9, 60, 64, 93, 70, 66, 20]
9:20:[9, 60, 64, 94, 70, 66, 20]
9:20:[9, 60, 64, 95, 70, 66, 20]
9:20:[9, 60, 65, 96, 71, 66, 20]
9:20:[9, 60, 65, 97, 71, 66, 20]
9:20:[9, 60, 65, 98, 71, 66, 20]
9:21:[9, 60, 63, 90, 69, 67, 21]
9:21:[9, 60, 63, 91, 69, 67, 21]
9:21:[9, 60, 63, 92, 69, 67, 21]
9:21:[9, 60, 64, 93, 70, 67, 21]
9:21:[9, 60, 64, 94, 70, 67, 21]
9:21:[9, 60, 64, 95, 70, 67, 21]
9:21:[9, 60, 65, 96, 71, 67, 21]
9:21:[9, 60, 65, 97, 71, 67, 21]
9:21:[9, 60, 65, 98, 71, 67, 21]
9:22:[9, 60, 63, 90, 69, 67, 22]
9:22:[9, 60, 63, 91, 69, 67, 22]
9:22:[9, 60, 63, 92, 69, 67, 22]
9:22:[9, 60, 64, 93, 70, 67, 22]
9:22:[9, 60, 64, 94, 70, 67, 22]
9:22:[9, 60, 64, 95, 70, 67, 22]
9:22:[9, 60, 65, 96, 71, 67, 22]
9:22:[9, 60, 65, 97, 71, 67, 22]
9:22:[9, 60, 65, 98, 71, 67, 22]
9:23:[9, 60, 63, 90, 69, 67, 23]
9:23:[9, 60, 63, 91, 69, 67, 23]
9:23:[9, 60, 63, 92, 69, 67, 23]
9:23:[9, 60, 64, 93, 70, 67, 23]
9:23:[9, 60, 64, 94, 70, 67, 23]
9:23:[9, 60, 64, 95, 70, 67, 23]
9:23:[9, 60, 65, 96, 71, 67, 23]
9:23:[9, 60, 65, 97, 71, 67, 23]
9:23:[9, 60, 65, 98, 71, 67, 23]
9:24:[9, 60, 63, 90, 69, 68, 24]
9:24:[9, 60, 63, 91, 69, 68, 24]
9:24:[9, 60, 63, 92, 69, 68, 24]
9:24:[9, 60, 64, 93, 70, 68, 24]
9:24:[9, 60, 64, 94, 70, 68, 24]
9:24:[9, 60, 64, 95, 70, 68, 24]
9:24:[9, 60, 65, 96, 71, 68, 24]
9:24:[9, 60, 65, 97, 71, 68, 24]
9:24:[9, 60, 65, 98, 71, 68, 24]
9:25:[9, 60, 63, 90, 69, 68, 25]
9:25:[9, 60, 63, 91, 69, 68, 25]
9:25:[9, 60, 63, 92, 69, 68, 25]
9:25:[9, 60, 64, 93, 70, 68, 25]
9:25:[9, 60, 64, 94, 70, 68, 25]
9:25:[9, 60, 64, 95, 70, 68, 25]
9:25:[9, 60, 65, 96, 71, 68, 25]
9:25:[9, 60, 65, 97, 71, 68, 25]
9:25:[9, 60, 65, 98, 71, 68, 25]
9:26:[9, 60, 63, 90, 69, 68, 26]
9:26:[9, 60, 63, 91, 69, 68, 26]
9:26:[9, 60, 63, 92, 69, 68, 26]
9:26:[9, 60, 64, 93, 70, 68, 26]
9:26:[9, 60, 64, 94, 70, 68, 26]
9:26:[9, 60, 64, 95, 70, 68, 26]
9:26:[9, 60, 65, 96, 71, 68, 26]
9:26:[9, 60, 65, 97, 71, 68, 26]
9:26:[9, 60, 65, 98, 71, 68, 26]
9:27:[9, 60, 63, 90, 75, 72, 27]
9:27:[9, 60, 63, 91, 75, 72, 27]
9:27:[9, 60, 63, 92, 75, 72, 27]
9:27:[9, 60, 64, 93, 76, 72, 27]
9:27:[9, 60, 64, 94, 76, 72, 27]
9:27:[9, 60, 64, 95, 76, 72, 27]
9:27:[9, 60, 65, 96, 77, 72, 27]
9:27:[9, 60, 65, 97, 77, 72, 27]
9:27:[9, 60, 65, 98, 77, 72, 27]
9:28:[9, 60, 63, 90, 75, 72, 28]
9:28:[9, 60, 63, 91, 75, 72, 28]
9:28:[9, 60, 63, 92, 75, 72, 28]
9:28:[9, 60, 64, 93, 76, 72, 28]
9:28:[9, 60, 64, 94, 76, 72, 28]
9:28:[9, 60, 64, 95, 76, 72, 28]
9:28:[9, 60, 65, 96, 77, 72, 28]
9:28:[9, 60, 65, 97, 77, 72, 28]
9:28:[9, 60, 65, 98, 77, 72, 28]
9:29:[9, 60, 63, 90, 75, 72, 29]
9:29:[9, 60, 63, 91, 75, 72, 29]
9:29:[9, 60, 63, 92, 75, 72, 29]
9:29:[9, 60, 64, 93, 76, 72, 29]
9:29:[9, 60, 64, 94, 76, 72, 29]
9:29:[9, 60, 64, 95, 76, 72, 29]
9:29:[9, 60, 65, 96, 77, 72, 29]
9:29:[9, 60, 65, 97, 77, 72, 29]
9:29:[9, 60, 65, 98, 77, 72, 29]
9:30:[9, 60, 63, 90, 75, 73, 30]
9:30:[9, 60, 63, 91, 75, 73, 30]
9:30:[9, 60, 63, 92, 75, 73, 30]
9:30:[9, 60, 64, 93, 76, 73, 30]
9:30:[9, 60, 64, 94, 76, 73, 30]
9:30:[9, 60, 64, 95, 76, 73, 30]
9:30:[9, 60, 65, 96, 77, 73, 30]
9:30:[9, 60, 65, 97, 77, 73, 30]
9:30:[9, 60, 65, 98, 77, 73, 30]
9:31:[9, 60, 63, 90, 75, 73, 31]
9:31:[9, 60, 63, 91, 75, 73, 31]
9:31:[9, 60, 63, 92, 75, 73, 31]
9:31:[9, 60, 64, 93, 76, 73, 31]
9:31:[9, 60, 64, 94, 76, 73, 31]
9:31:[9, 60, 64, 95, 76, 73, 31]
9:31:[9, 60, 65, 96, 77, 73, 31]
9:31:[9, 60, 65, 97, 77, 73, 31]
9:31:[9, 60, 65, 98, 77, 73, 31]
9:32:[9, 60, 63, 90, 75, 73, 32]
9:32:[9, 60, 63, 91, 75, 73, 32]
9:32:[9, 60, 63, 92, 75, 73, 32]
9:32:[9, 60, 64, 93, 76, 73, 32]
9:32:[9, 60, 64, 94, 76, 73, 32]
9:32:[9, 60, 64, 95, 76, 73, 32]
9:32:[9, 60, 65, 96, 77, 73, 32]
9:32:[9, 60, 65, 97, 77, 73, 32]
9:32:[9, 60, 65, 98, 77, 73, 32]
9:33:[9, 60, 63, 90, 75, 74, 33]
9:33:[9, 60, 63, 91, 75, 74, 33]
9:33:[9, 60, 63, 92, 75, 74, 33]
9:33:[9, 60, 64, 93, 76, 74, 33]
9:33:[9, 60, 64, 94, 76, 74, 33]
9:33:[9, 60, 64, 95, 76, 74, 33]
9:33:[9, 60, 65, 96, 77, 74, 33]
9:33:[9, 60, 65, 97, 77, 74, 33]
9:33:[9, 60, 65, 98, 77, 74, 33]
9:34:[9, 60, 63, 90, 75, 74, 34]
9:34:[9, 60, 63, 91, 75, 74, 34]
9:34:[9, 60, 63, 92, 75, 74, 34]
9:34:[9, 60, 64, 93, 76, 74, 34]
9:34:[9, 60, 64, 94, 76, 74, 34]
9:34:[9, 60, 64, 95, 76, 74, 34]
9:34:[9, 60, 65, 96, 77, 74, 34]
9:34:[9, 60, 65, 97, 77, 74, 34]
9:34:[9, 60, 65, 98, 77, 74, 34]
9:35:[9, 60, 63, 90, 75, 74, 35]
9:35:[9, 60, 63, 91, 75, 74, 35]
9:35:[9, 60, 63, 92, 75, 74, 35]
9:35:[9, 60, 64, 93, 76, 74, 35]
9:35:[9, 60, 64, 94, 76, 74, 35]
9:35:[9, 60, 64, 95, 76, 74, 35]
9:35:[9, 60, 65, 96, 77, 74, 35]
9:35:[9, 60, 65, 97, 77, 74, 35]
9:35:[9, 60, 65, 98, 77, 74, 35]
9:36:[9, 60, 63, 90, 81, 78, 36]
9:36:[9, 60, 63, 91, 81, 78, 36]
9:36:[9, 60, 63, 92, 81, 78, 36]
9:36:[9, 60, 64, 93, 82, 78, 36]
9:36:[9, 60, 64, 94, 82, 78, 36]
9:36:[9, 60, 64, 95, 82, 78, 36]
9:36:[9, 60, 65, 96, 83, 78, 36]
9:36:[9, 60, 65, 97, 83, 78, 36]
9:36:[9, 60, 65, 98, 83, 78, 36]
9:37:[9, 60, 63, 90, 81, 78, 37]
9:37:[9, 60, 63, 91, 81, 78, 37]
9:37:[9, 60, 63, 92, 81, 78, 37]
9:37:[9, 60, 64, 93, 82, 78, 37]
9:37:[9, 60, 64, 94, 82, 78, 37]
9:37:[9, 60, 64, 95, 82, 78, 37]
9:37:[9, 60, 65, 96, 83, 78, 37]
9:37:[9, 60, 65, 97, 83, 78, 37]
9:37:[9, 60, 65, 98, 83, 78, 37]
9:38:[9, 60, 63, 90, 81, 78, 38]
9:38:[9, 60, 63, 91, 81, 78, 38]
9:38:[9, 60, 63, 92, 81, 78, 38]
9:38:[9, 60, 64, 93, 82, 78, 38]
9:38:[9, 60, 64, 94, 82, 78, 38]
9:38:[9, 60, 64, 95, 82, 78, 38]
9:38:[9, 60, 65, 96, 83, 78, 38]
9:38:[9, 60, 65, 97, 83, 78, 38]
9:38:[9, 60, 65, 98, 83, 78, 38]
9:39:[9, 60, 63, 90, 81, 79, 39]
9:39:[9, 60, 63, 91, 81, 79, 39]
9:39:[9, 60, 63, 92, 81, 79, 39]
9:39:[9, 60, 64, 93, 82, 79, 39]
9:39:[9, 60, 64, 94, 82, 79, 39]
9:39:[9, 60, 64, 95, 82, 79, 39]
9:39:[9, 60, 65, 96, 83, 79, 39]
9:39:[9, 60, 65, 97, 83, 79, 39]
9:39:[9, 60, 65, 98, 83, 79, 39]
9:40:[9, 60, 63, 90, 81, 79, 40]
9:40:[9, 60, 63, 91, 81, 79, 40]
9:40:[9, 60, 63, 92, 81, 79, 40]
9:40:[9, 60, 64, 93, 82, 79, 40]
9:40:[9, 60, 64, 94, 82, 79, 40]
9:40:[9, 60, 64, 95, 82, 79, 40]
9:40:[9, 60, 65, 96, 83, 79, 40]
9:40:[9, 60, 65, 97, 83, 79, 40]
9:40:[9, 60, 65, 98, 83, 79, 40]
9:41:[9, 60, 63, 90, 81, 79, 41]
9:41:[9, 60, 63, 91, 81, 79, 41]
9:41:[9, 60, 63, 92, 81, 79, 41]
9:41:[9, 60, 64, 93, 82, 79, 41]
9:41:[9, 60, 64, 94, 82, 79, 41]
9:41:[9, 60, 64, 95, 82, 79, 41]
9:41:[9, 60, 65, 96, 83, 79, 41]
9:41:[9, 60, 65, 97, 83, 79, 41]
9:41:[9, 60, 65, 98, 83, 79, 41]
9:42:[9, 60, 63, 90, 81, 80, 42]
9:42:[9, 60, 63, 91, 81, 80, 42]
9:42:[9, 60, 63, 92, 81, 80, 42]
9:42:[9, 60, 64, 93, 82, 80, 42]
9:42:[9, 60, 64, 94, 82, 80, 42]
9:42:[9, 60, 64, 95, 82, 80, 42]
9:42:[9, 60, 65, 96, 83, 80, 42]
9:42:[9, 60, 65, 97, 83, 80, 42]
9:42:[9, 60, 65, 98, 83, 80, 42]
9:43:[9, 60, 63, 90, 81, 80, 43]
9:43:[9, 60, 63, 91, 81, 80, 43]
9:43:[9, 60, 63, 92, 81, 80, 43]
9:43:[9, 60, 64, 93, 82, 80, 43]
9:43:[9, 60, 64, 94, 82, 80, 43]
9:43:[9, 60, 64, 95, 82, 80, 43]
9:43:[9, 60, 65, 96, 83, 80, 43]
9:43:[9, 60, 65, 97, 83, 80, 43]
9:43:[9, 60, 65, 98, 83, 80, 43]
9:44:[9, 60, 63, 90, 81, 80, 44]
9:44:[9, 60, 63, 91, 81, 80, 44]
9:44:[9, 60, 63, 92, 81, 80, 44]
9:44:[9, 60, 64, 93, 82, 80, 44]
9:44:[9, 60, 64, 94, 82, 80, 44]
9:44:[9, 60, 64, 95, 82, 80, 44]
9:44:[9, 60, 65, 96, 83, 80, 44]
9:44:[9, 60, 65, 97, 83, 80, 44]
9:44:[9, 60, 65, 98, 83, 80, 44]
9:45:[9, 60, 63, 90, 87, 84, 45]
9:45:[9, 60, 63, 91, 87, 84, 45]
9:45:[9, 60, 63, 92, 87, 84, 45]
9:45:[9, 60, 64, 93, 88, 84, 45]
9:45:[9, 60, 64, 94, 88, 84, 45]
9:45:[9, 60, 64, 95, 88, 84, 45]
9:45:[9, 60, 65, 96, 89, 84, 45]
9:45:[9, 60, 65, 97, 89, 84, 45]
9:45:[9, 60, 65, 98, 89, 84, 45]
9:46:[9, 60, 63, 90, 87, 84, 46]
9:46:[9, 60, 63, 91, 87, 84, 46]
9:46:[9, 60, 63, 92, 87, 84, 46]
9:46:[9, 60, 64, 93, 88, 84, 46]
9:46:[9, 60, 64, 94, 88, 84, 46]
9:46:[9, 60, 64, 95, 88, 84, 46]
9:46:[9, 60, 65, 96, 89, 84, 46]
9:46:[9, 60, 65, 97, 89, 84, 46]
9:46:[9, 60, 65, 98, 89, 84, 46]
9:47:[9, 60, 63, 90, 87, 84, 47]
9:47:[9, 60, 63, 91, 87, 84, 47]
9:47:[9, 60, 63, 92, 87, 84, 47]
9:47:[9, 60, 64, 93, 88, 84, 47]
9:47:[9, 60, 64, 94, 88, 84, 47]
9:47:[9, 60, 64, 95, 88, 84, 47]
9:47:[9, 60, 65, 96, 89, 84, 47]
9:47:[9, 60, 65, 97, 89, 84, 47]
9:47:[9, 60, 65, 98, 89, 84, 47]
9:48:[9, 60, 63, 90, 87, 85, 48]
9:48:[9, 60, 63, 91, 87, 85, 48]
9:48:[9, 60, 63, 92, 87, 85, 48]
9:48:[9, 60, 64, 93, 88, 85, 48]
9:48:[9, 60, 64, 94, 88, 85, 48]
9:48:[9, 60, 64, 95, 88, 85, 48]
9:48:[9, 60, 65, 96, 89, 85, 48]
9:48:[9, 60, 65, 97, 89, 85, 48]
9:48:[9, 60, 65, 98, 89, 85, 48]
9:49:[9, 60, 63, 90, 87, 85, 49]
9:49:[9, 60, 63, 91, 87, 85, 49]
9:49:[9, 60, 63, 92, 87, 85, 49]
9:49:[9, 60, 64, 93, 88, 85, 49]
9:49:[9, 60, 64, 94, 88, 85, 49]
9:49:[9, 60, 64, 95, 88, 85, 49]
9:49:[9, 60, 65, 96, 89, 85, 49]
9:49:[9, 60, 65, 97, 89, 85, 49]
9:49:[9, 60, 65, 98, 89, 85, 49]
9:50:[9, 60, 63, 90, 87, 85, 50]
9:50:[9, 60, 63, 91, 87, 85, 50]
9:50:[9, 60, 63, 92, 87, 85, 50]
9:50:[9, 60, 64, 93, 88, 85, 50]
9:50:[9, 60, 64, 94, 88, 85, 50]
9:50:[9, 60, 64, 95, 88, 85, 50]
9:50:[9, 60, 65, 96, 89, 85, 50]
9:50:[9, 60, 65, 97, 89, 85, 50]
9:50:[9, 60, 65, 98, 89, 85, 50]
9:51:[9, 60, 63, 90, 87, 86, 51]
9:51:[9, 60, 63, 91, 87, 86, 51]
9:51:[9, 60, 63, 92, 87, 86, 51]
9:51:[9, 60, 64, 93, 88, 86, 51]
9:51:[9, 60, 64, 94, 88, 86, 51]
9:51:[9, 60, 64, 95, 88, 86, 51]
9:51:[9, 60, 65, 96, 89, 86, 51]
9:51:[9, 60, 65, 97, 89, 86, 51]
9:51:[9, 60, 65, 98, 89, 86, 51]
9:52:[9, 60, 63, 90, 87, 86, 52]
9:52:[9, 60, 63, 91, 87, 86, 52]
9:52:[9, 60, 63, 92, 87, 86, 52]
9:52:[9, 60, 64, 93, 88, 86, 52]
9:52:[9, 60, 64, 94, 88, 86, 52]
9:52:[9, 60, 64, 95, 88, 86, 52]
9:52:[9, 60, 65, 96, 89, 86, 52]
9:52:[9, 60, 65, 97, 89, 86, 52]
9:52:[9, 60, 65, 98, 89, 86, 52]
9:53:[9, 60, 63, 90, 87, 86, 53]
9:53:[9, 60, 63, 91, 87, 86, 53]
9:53:[9, 60, 63, 92, 87, 86, 53]
9:53:[9, 60, 64, 93, 88, 86, 53]
9:53:[9, 60, 64, 94, 88, 86, 53]
9:53:[9, 60, 64, 95, 88, 86, 53]
9:53:[9, 60, 65, 96, 89, 86, 53]
9:53:[9, 60, 65, 97, 89, 86, 53]
9:53:[9, 60, 65, 98, 89, 86, 53]
10:0:[10, 60, 63, 90, 57, 54, 0]
10:0:[10, 60, 63, 91, 57, 54, 0]
10:0:[10, 60, 63, 92, 57, 54, 0]
10:0:[10, 60, 64, 93, 58, 54, 0]
10:0:[10, 60, 64, 94, 58, 54, 0]
10:0:[10, 60, 64, 95, 58, 54, 0]
10:0:[10, 60, 65, 96, 59, 54, 0]
10:0:[10, 60, 65, 97, 59, 54, 0]
10:0:[10, 60, 65, 98, 59, 54, 0]
10:1:[10, 60, 63, 90, 57, 54, 1]
10:1:[10, 60, 63, 91, 57, 54, 1]
10:1:[10, 60, 63, 92, 57, 54, 1]
10:1:[10, 60, 64, 93, 58, 54, 1]
10:1:[10, 60, 64, 94, 58, 54, 1]
10:1:[10, 60, 64, 95, 58, 54, 1]
10:1:[10, 60, 65, 96, 59, 54, 1]
10:1:[10, 60, 65, 97, 59, 54, 1]
10:1:[10, 60, 65, 98, 59, 54, 1]
10:2:[10, 60, 63, 90, 57, 54, 2]
10:2:[10, 60, 63, 91, 57, 54, 2]
10:2:[10, 60, 63, 92, 57, 54, 2]
10:2:[10, 60, 64, 93, 58, 54, 2]
10:2:[10, 60, 64, 94, 58, 54, 2]
10:2:[10, 60, 64, 95, 58, 54, 2]
10:2:[10, 60, 65, 96, 59, 54, 2]
10:2:[10, 60, 65, 97, 59, 54, 2]
10:2:[10, 60, 65, 98, 59, 54, 2]
10:3:[10, 60, 63, 90, 57, 55, 3]
10:3:[10, 60, 63, 91, 57, 55, 3]
10:3:[10, 60, 63, 92, 57, 55, 3]
10:3:[10, 60, 64, 93, 58, 55, 3]
10:3:[10, 60, 64, 94, 58, 55, 3]
10:3:[10, 60, 64, 95, 58, 55, 3]
10:3:[10, 60, 65, 96, 59, 55, 3]
10:3:[10, 60, 65, 97, 59, 55, 3]
10:3:[10, 60, 65, 98, 59, 55, 3]
10:4:[10, 60, 63, 90, 57, 55, 4]
10:4:[10, 60, 63, 91, 57, 55, 4]
10:4:[10, 60, 63, 92, 57, 55, 4]
10:4:[10, 60, 64, 93, 58, 55, 4]
10:4:[10, 60, 64, 94, 58, 55, 4]
10:4:[10, 60, 64, 95, 58, 55, 4]
10:4:[10, 60, 65, 96, 59, 55, 4]
10:4:[10, 60, 65, 97, 59, 55, 4]
10:4:[10, 60, 65, 98, 59, 55, 4]
10:5:[10, 60, 63, 90, 57, 55, 5]
10:5:[10, 60, 63, 91, 57, 55, 5]
10:5:[10, 60, 63, 92, 57, 55, 5]
10:5:[10, 60, 64, 93, 58, 55, 5]
10:5:[10, 60, 64, 94, 58, 55, 5]
10:5:[10, 60, 64, 95, 58, 55, 5]
10:5:[10, 60, 65, 96, 59, 55, 5]
10:5:[10, 60, 65, 97, 59, 55, 5]
10:5:[10, 60, 65, 98, 59, 55, 5]
10:6:[10, 60, 63, 90, 57, 56, 6]
10:6:[10, 60, 63, 91, 57, 56, 6]
10:6:[10, 60, 63, 92, 57, 56, 6]
10:6:[10, 60, 64, 93, 58, 56, 6]
10:6:[10, 60, 64, 94, 58, 56, 6]
10:6:[10, 60, 64, 95, 58, 56, 6]
10:6:[10, 60, 65, 96, 59, 56, 6]
10:6:[10, 60, 65, 97, 59, 56, 6]
10:6:[10, 60, 65, 98, 59, 56, 6]
10:7:[10, 60, 63, 90, 57, 56, 7]
10:7:[10, 60, 63, 91, 57, 56, 7]
10:7:[10, 60, 63, 92, 57, 56, 7]
10:7:[10, 60, 64, 93, 58, 56, 7]
10:7:[10, 60, 64, 94, 58, 56, 7]
10:7:[10, 60, 64, 95, 58, 56, 7]
10:7:[10, 60, 65, 96, 59, 56, 7]
10:7:[10, 60, 65, 97, 59, 56, 7]
10:7:[10, 60, 65, 98, 59, 56, 7]
10:8:[10, 60, 63, 90, 57, 56, 8]
10:8:[10, 60, 63, 91, 57, 56, 8]
10:8:[10, 60, 63, 92, 57, 56, 8]
10:8:[10, 60, 64, 93, 58, 56, 8]
10:8:[10, 60, 64, 94, 58, 56, 8]
10:8:[10, 60, 64, 95, 58, 56, 8]
10:8:[10, 60, 65, 96, 59, 56, 8]
10:8:[10, 60, 65, 97, 59, 56, 8]
10:8:[10, 60, 65, 98, 59, 56, 8]
10:9:[10, 60, 9]
10:11:[10, 60, 11]
10:12:[10, 60, 63, 61, 12]
10:12:[10, 60, 64, 61, 12]
10:12:[10, 60, 65, 61, 12]
10:13:[10, 60, 63, 61, 13]
10:13:[10, 60, 64, 61, 13]
10:13:[10, 60, 65, 61, 13]
10:14:[10, 60, 63, 61, 14]
10:14:[10, 60, 64, 61, 14]
10:14:[10, 60, 65, 61, 14]
10:15:[10, 60, 63, 62, 15]
10:15:[10, 60, 64, 62, 15]
10:15:[10, 60, 65, 62, 15]
10:16:[10, 60, 63, 62, 16]
10:16:[10, 60, 64, 62, 16]
10:16:[10, 60, 65, 62, 16]
10:17:[10, 60, 63, 62, 17]
10:17:[10, 60, 64, 62, 17]
10:17:[10, 60, 65, 62, 17]
10:18:[10, 60, 63, 90, 69, 66, 18]
10:18:[10, 60, 63, 91, 69, 66, 18]
10:18:[10, 60, 63, 92, 69, 66, 18]
10:18:[10, 60, 64, 93, 70, 66, 18]
10:18:[10, 60, 64, 94, 70, 66, 18]
10:18:[10, 60, 64, 95, 70, 66, 18]
10:18:[10, 60, 65, 96, 71, 66, 18]
10:18:[10, 60, 65, 97, 71, 66, 18]
10:18:[10, 60, 65, 98, 71, 66, 18]
10:19:[10, 60, 63, 90, 69, 66, 19]
10:19:[10, 60, 63, 91, 69, 66, 19]
10:19:[10, 60, 63, 92, 69, 66, 19]
10:19:[10, 60, 64, 93, 70, 66, 19]
10:19:[10, 60, 64, 94, 70, 66, 19]
10:19:[10, 60, 64, 95, 70, 66, 19]
10:19:[10, 60, 65, 96, 71, 66, 19]
10:19:[10, 60, 65, 97, 71, 66, 19]
10:19:[10, 60, 65, 98, 71, 66, 19]
10:20:[10, 60, 63, 90, 69, 66, 20]
10:20:[10, 60, 63, 91, 69, 66, 20]
10:20:[10, 60, 63, 92, 69, 66, 20]
10:20:[10, 60, 64, 93, 70, 66, 20]
10:20:[10, 60, 64, 94, 70, 66, 20]
10:20:[10, 60, 64, 95, 70, 66, 20]
10:20:[10, 60, 65, 96, 71, 66, 20]
10:20:[10, 60, 65, 97, 71, 66, 20]
10:20:[10, 60, 65, 98, 71, 66, 20]
10:21:[10, 60, 63, 90, 69, 67, 21]
10:21:[10, 60, 63, 91, 69, 67, 21]
10:21:[10, 60, 63, 92, 69, 67, 21]
10:21:[10, 60, 64, 93, 70, 67, 21]
10:21:[10, 60, 64, 94, 70, 67, 21]
10:21:[10, 60, 64, 95, 70, 67, 21]
10:21:[10, 60, 65, 96, 71, 67, 21]
10:21:[10, 60, 65, 97, 71, 67, 21]
10:21:[10, 60, 65, 98, 71, 67, 21]
10:22:[10, 60, 63, 90, 69, 67, 22]
10:22:[10, 60, 63, 91, 69, 67, 22]
10:22:[10, 60, 63, 92, 69, 67, 22]
10:22:[10, 60, 64, 93, 70, 67, 22]
10:22:[10, 60, 64, 94, 70, 67, 22]
10:22:[10, 60, 64, 95, 70, 67, 22]
10:22:[10, 60, 65, 96, 71, 67, 22]
10:22:[10, 60, 65, 97, 71, 67, 22]
10:22:[10, 60, 65, 98, 71, 67, 22]
10:23:[10, 60, 63, 90, 69, 67, 23]
10:23:[10, 60, 63, 91, 69, 67, 23]
10:23:[10, 60, 63, 92, 69, 67, 23]
10:23:[10, 60, 64, 93, 70, 67, 23]
10:23:[10, 60, 64, 94, 70, 67, 23]
10:23:[10, 60, 64, 95, 70, 67, 23]
10:23:[10, 60, 65, 96, 71, 67, 23]
10:23:[10, 60, 65, 97, 71, 67, 23]
10:23:[10, 60, 65, 98, 71, 67, 23]
10:24:[10, 60, 63, 90, 69, 68, 24]
10:24:[10, 60, 63, 91, 69, 68, 24]
10:24:[10, 60, 63, 92, 69, 68, 24]
10:24:[10, 60, 64, 93, 70, 68, 24]
10:24:[10, 60, 64, 94, 70, 68, 24]
10:24:[10, 60, 64, 95, 70, 68, 24]
10:24:[10, 60, 65, 96, 71, 68, 24]
10:24:[10, 60, 65, 97, 71, 68, 24]
10:24:[10, 60, 65, 98, 71, 68, 24]
10:25:[10, 60, 63, 90, 69, 68, 25]
10:25:[10, 60, 63, 91, 69, 68, 25]
10:25:[10, 60, 63, 92, 69, 68, 25]
10:25:[10, 60, 64, 93, 70, 68, 25]
10:25:[10, 60, 64, 94, 70, 68, 25]
10:25:[10, 60, 64, 95, 70, 68, 25]
10:25:[10, 60, 65, 96, 71, 68, 25]
10:25:[10, 60, 65, 97, 71, 68, 25]
10:25:[10, 60, 65, 98, 71, 68, 25]
10:26:[10, 60, 63, 90, 69, 68, 26]
10:26:[10, 60, 63, 91, 69, 68, 26]
10:26:[10, 60, 63, 92, 69, 68, 26]
10:26:[10, 60, 64, 93, 70, 68, 26]
10:26:[10, 60, 64, 94, 70, 68, 26]
10:26:[10, 60, 64, 95, 70, 68, 26]
10:26:[10, 60, 65, 96, 71, 68, 26]
10:26:[10, 60, 65, 97, 71, 68, 26]
10:26:[10, 60, 65, 98, 71, 68, 26]
10:27:[10, 60, 63, 90, 75, 72, 27]
10:27:[10, 60, 63, 91, 75, 72, 27]
10:27:[10, 60, 63, 92, 75, 72, 27]
10:27:[10, 60, 64, 93, 76, 72, 27]
10:27:[10, 60, 64, 94, 76, 72, 27]
10:27:[10, 60, 64, 95, 76, 72, 27]
10:27:[10, 60, 65, 96, 77, 72, 27]
10:27:[10, 60, 65, 97, 77, 72, 27]
10:27:[10, 60, 65, 98, 77, 72, 27]
10:28:[10, 60, 63, 90, 75, 72, 28]
10:28:[10, 60, 63, 91, 75, 72, 28]
10:28:[10, 60, 63, 92, 75, 72, 28]
10:28:[10, 60, 64, 93, 76, 72, 28]
10:28:[10, 60, 64, 94, 76, 72, 28]
10:28:[10, 60, 64, 95, 76, 72, 28]
10:28:[10, 60, 65, 96, 77, 72, 28]
10:28:[10, 60, 65, 97, 77, 72, 28]
10:28:[10, 60, 65, 98, 77, 72, 28]
10:29:[10, 60, 63, 90, 75, 72, 29]
10:29:[10, 60, 63, 91, 75, 72, 29]
10:29:[10, 60, 63, 92, 75, 72, 29]
10:29:[10, 60, 64, 93, 76, 72, 29]
10:29:[10, 60, 64, 94, 76, 72, 29]
10:29:[10, 60, 64, 95, 76, 72, 29]
10:29:[10, 60, 65, 96, 77, 72, 29]
10:29:[10, 60, 65, 97, 77, 72, 29]
10:29:[10, 60, 65, 98, 77, 72, 29]
10:30:[10, 60, 63, 90, 75, 73, 30]
10:30:[10, 60, 63, 91, 75, 73, 30]
10:30:[10, 60, 63, 92, 75, 73, 30]
10:30:[10, 60, 64, 93, 76, 73, 30]
10:30:[10, 60, 64, 94, 76, 73, 30]
10:30:[10, 60, 64, 95, 76, 73, 30]
10:30:[10, 60, 65, 96, 77, 73, 30]
10:30:[10, 60, 65, 97, 77, 73, 30]
10:30:[10, 60, 65, 98, 77, 73, 30]
10:31:[10, 60, 63, 90, 75, 73, 31]
10:31:[10, 60, 63, 91, 75, 73, 31]
10:31:[10, 60, 63, 92, 75, 73, 31]
10:31:[10, 60, 64, 93, 76, 73, 31]
10:31:[10, 60, 64, 94, 76, 73, 31]
10:31:[10, 60, 64, 95, 76, 73, 31]
10:31:[10, 60, 65, 96, 77, 73, 31]
10:31:[10, 60, 65, 97, 77, 73, 31]
10:31:[10, 60, 65, 98, 77, 73, 31]
10:32:[10, 60, 63, 90, 75, 73, 32]
10:32:[10, 60, 63, 91, 75, 73, 32]
10:32:[10, 60, 63, 92, 75, 73, 32]
10:32:[10, 60, 64, 93, 76, 73, 32]
10:32:[10, 60, 64, 94, 76, 73, 32]
10:32:[10, 60, 64, 95, 76, 73, 32]
10:32:[10, 60, 65, 96, 77, 73, 32]
10:32:[10, 60, 65, 97, 77, 73, 32]
10:32:[10, 60, 65, 98, 77, 73, 32]
10:33:[10, 60, 63, 90, 75, 74, 33]
10:33:[10, 60, 63, 91, 75, 74, 33]
10:33:[10, 60, 63, 92, 75, 74, 33]
10:33:[10, 60, 64, 93, 76, 74, 33]
10:33:[10, 60, 64, 94, 76, 74, 33]
10:33:[10, 60, 64, 95, 76, 74, 33]
10:33:[10, 60, 65, 96, 77, 74, 33]
10:33:[10, 60, 65, 97, 77, 74, 33]
10:33:[10, 60, 65, 98, 77, 74, 33]
10:34:[10, 60, 63, 90, 75, 74, 34]
10:34:[10, 60, 63, 91, 75, 74, 34]
10:34:[10, 60, 63, 92, 75, 74, 34]
10:34:[10, 60, 64, 93, 76, 74, 34]
10:34:[10, 60, 64, 94, 76, 74, 34]
10:34:[10, 60, 64, 95, 76, 74, 34]
10:34:[10, 60, 65, 96, 77, 74, 34]
10:34:[10, 60, 65, 97, 77, 74, 34]
10:34:[10, 60, 65, 98, 77, 74, 34]
10:35:[10, 60, 63, 90, 75, 74, 35]
10:35:[10, 60, 63, 91, 75, 74, 35]
10:35:[10, 60, 63, 92, 75, 74, 35]
10:35:[10, 60, 64, 93, 76, 74, 35]
10:35:[10, 60, 64, 94, 76, 74, 35]
10:35:[10, 60, 64, 95, 76, 74, 35]
10:35:[10, 60, 65, 96, 77, 74, 35]
10:35:[10, 60, 65, 97, 77, 74, 35]
10:35:[10, 60, 65, 98, 77, 74, 35]
10:36:[10, 60, 63, 90, 81, 78, 36]
10:36:[10, 60, 63, 91, 81, 78, 36]
10:36:[10, 60, 63, 92, 81, 78, 36]
10:36:[10, 60, 64, 93, 82, 78, 36]
10:36:[10, 60, 64, 94, 82, 78, 36]
10:36:[10, 60, 64, 95, 82, 78, 36]
10:36:[10, 60, 65, 96, 83, 78, 36]
10:36:[10, 60, 65, 97, 83, 78, 36]
10:36:[10, 60, 65, 98, 83, 78, 36]
10:37:[10, 60, 63, 90, 81, 78, 37]
10:37:[10, 60, 63, 91, 81, 78, 37]
10:37:[10, 60, 63, 92, 81, 78, 37]
10:37:[10, 60, 64, 93, 82, 78, 37]
10:37:[10, 60, 64, 94, 82, 78, 37]
10:37:[10, 60, 64, 95, 82, 78, 37]
10:37:[10, 60, 65, 96, 83, 78, 37]
10:37:[10, 60, 65, 97, 83, 78, 37]
10:37:[10, 60, 65, 98, 83, 78, 37]
10:38:[10, 60, 63, 90, 81, 78, 38]
10:38:[10, 60, 63, 91, 81, 78, 38]
10:38:[10, 60, 63, 92, 81, 78, 38]
10:38:[10, 60, 64, 93, 82, 78, 38]
10:38:[10, 60, 64, 94, 82, 78, 38]
10:38:[10, 60, 64, 95, 82, 78, 38]
10:38:[10, 60, 65, 96, 83, 78, 38]
10:38:[10, 60, 65, 97, 83, 78, 38]
10:38:[10, 60, 65, 98, 83, 78, 38]
10:39:[10, 60, 63, 90, 81, 79, 39]
10:39:[10, 60, 63, 91, 81, 79, 39]
10:39:[10, 60, 63, 92, 81, 79, 39]
10:39:[10, 60, 64, 93, 82, 79, 39]
10:39:[10, 60, 64, 94, 82, 79, 39]
10:39:[10, 60, 64, 95, 82, 79, 39]
10:39:[10, 60, 65, 96, 83, 79, 39]
10:39:[10, 60, 65, 97, 83, 79, 39]
10:39:[10, 60, 65, 98, 83, 79, 39]
10:40:[10, 60, 63, 90, 81, 79, 40]
10:40:[10, 60, 63, 91, 81, 79, 40]
10:40:[10, 60, 63, 92, 81, 79, 40]
10:40:[10, 60, 64, 93, 82, 79, 40]
10:40:[10, 60, 64, 94, 82, 79, 40]
10:40:[10, 60, 64, 95, 82, 79, 40]
10:40:[10, 60, 65, 96, 83, 79, 40]
10:40:[10, 60, 65, 97, 83, 79, 40]
10:40:[10, 60, 65, 98, 83, 79, 40]
10:41:[10, 60, 63, 90, 81, 79, 41]
10:41:[10, 60, 63, 91, 81, 79, 41]
10:41:[10, 60, 63, 92, 81, 79, 41]
10:41:[10, 60, 64, 93, 82, 79, 41]
10:41:[10, 60, 64, 94, 82, 79, 41]
10:41:[10, 60, 64, 95, 82, 79, 41]
10:41:[10, 60, 65, 96, 83, 79, 41]
10:41:[10, 60, 65, 97, 83, 79, 41]
10:41:[10, 60, 65, 98, 83, 79, 41]
10:42:[10, 60, 63, 90, 81, 80, 42]
10:42:[10, 60, 63, 91, 81, 80, 42]
10:42:[10, 60, 63, 92, 81, 80, 42]
10:42:[10, 60, 64, 93, 82, 80, 42]
10:42:[10, 60, 64, 94, 82, 80, 42]
10:42:[10, 60, 64, 95, 82, 80, 42]
10:42:[10, 60, 65, 96, 83, 80, 42]
10:42:[10, 60, 65, 97, 83, 80, 42]
10:42:[10, 60, 65, 98, 83, 80, 42]
10:43:[10, 60, 63, 90, 81, 80, 43]
10:43:[10, 60, 63, 91, 81, 80, 43]
10:43:[10, 60, 63, 92, 81, 80, 43]
10:43:[10, 60, 64, 93, 82, 80, 43]
10:43:[10, 60, 64, 94, 82, 80, 43]
10:43:[10, 60, 64, 95, 82, 80, 43]
10:43:[10, 60, 65, 96, 83, 80, 43]
10:43:[10, 60, 65, 97, 83, 80, 43]
10:43:[10, 60, 65, 98, 83, 80, 43]
10:44:[10, 60, 63, 90, 81, 80, 44]
10:44:[10, 60, 63, 91, 81, 80, 44]
10:44:[10, 60, 63, 92, 81, 80, 44]
10:44:[10, 60, 64, 93, 82, 80, 44]
10:44:[10, 60, 64, 94, 82, 80, 44]
10:44:[10, 60, 64, 95, 82, 80, 44]
10:44:[10, 60, 65, 96, 83, 80, 44]
10:44:[10, 60, 65, 97, 83, 80, 44]
10:44:[10, 60, 65, 98, 83, 80, 44]
10:45:[10, 60, 63, 90, 87, 84, 45]
10:45:[10, 60, 63, 91, 87, 84, 45]
10:45:[10, 60, 63, 92, 87, 84, 45]
10:45:[10, 60, 64, 93, 88, 84, 45]
10:45:[10, 60, 64, 94, 88, 84, 45]
10:45:[10, 60, 64, 95, 88, 84, 45]
10:45:[10, 60, 65, 96, 89, 84, 45]
10:45:[10, 60, 65, 97, 89, 84, 45]
10:45:[10, 60, 65, 98, 89, 84, 45]
10:46:[10, 60, 63, 90, 87, 84, 46]
10:46:[10, 60, 63, 91, 87, 84, 46]
10:46:[10, 60, 63, 92, 87, 84, 46]
10:46:[10, 60, 64, 93, 88, 84, 46]
10:46:[10, 60, 64, 94, 88, 84, 46]
10:46:[10, 60, 64, 95, 88, 84, 46]
10:46:[10, 60, 65, 96, 89, 84, 46]
10:46:[10, 60, 65, 97, 89, 84, 46]
10:46:[10, 60, 65, 98, 89, 84, 46]
10:47:[10, 60, 63, 90, 87, 84, 47]
10:47:[10, 60, 63, 91, 87, 84, 47]
10:47:[10, 60, 63, 92, 87, 84, 47]
10:47:[10, 60, 64, 93, 88, 84, 47]
10:47:[10, 60, 64, 94, 88, 84, 47]
10:47:[10, 60, 64, 95, 88, 84, 47]
10:47:[10, 60, 65, 96, 89, 84, 47]
10:47:[10, 60, 65, 97, 89, 84, 47]
10:47:[10, 60, 65, 98, 89, 84, 47]
10:48:[10, 60, 63, 90, 87, 85, 48]
10:48:[10, 60, 63, 91, 87, 85, 48]
10:48:[10, 60, 63, 92, 87, 85, 48]
10:48:[10, 60, 64, 93, 88, 85, 48]
10:48:[10, 60, 64, 94, 88, 85, 48]
10:48:[10, 60, 64, 95, 88, 85, 48]
10:48:[10, 60, 65, 96, 89, 85, 48]
10:48:[10, 60, 65, 97, 89, 85, 48]
10:48:[10, 60, 65, 98, 89, 85, 48]
10:49:[10, 60, 63, 90, 87, 85, 49]
10:49:[10, 60, 63, 91, 87, 85, 49]
10:49:[10, 60, 63, 92, 87, 85, 49]
10:49:[10, 60, 64, 93, 88, 85, 49]
10:49:[10, 60, 64, 94, 88, 85, 49]
10:49:[10, 60, 64, 95, 88, 85, 49]
10:49:[10, 60, 65, 96, 89, 85, 49]
10:49:[10, 60, 65, 97, 89, 85, 49]
10:49:[10, 60, 65, 98, 89, 85, 49]
10:50:[10, 60, 63, 90, 87, 85, 50]
10:50:[10, 60, 63, 91, 87, 85, 50]
10:50:[10, 60, 63, 92, 87, 85, 50]
10:50:[10, 60, 64, 93, 88, 85, 50]
10:50:[10, 60, 64, 94, 88, 85, 50]
10:50:[10, 60, 64, 95, 88, 85, 50]
10:50:[10, 60, 65, 96, 89, 85, 50]
10:50:[10, 60, 65, 97, 89, 85, 50]
10:50:[10, 60, 65, 98, 89, 85, 50]
10:51:[10, 60, 63, 90, 87, 86, 51]
10:51:[10, 60, 63, 91, 87, 86, 51]
10:51:[10, 60, 63, 92, 87, 86, 51]
10:51:[10, 60, 64, 93, 88, 86, 51]
10:51:[10, 60, 64, 94, 88, 86, 51]
10:51:[10, 60, 64, 95, 88, 86, 51]
10:51:[10, 60, 65, 96, 89, 86, 51]
10:51:[10, 60, 65, 97, 89, 86, 51]
10:51:[10, 60, 65, 98, 89, 86, 51]
10:52:[10, 60, 63, 90, 87, 86, 52]
10:52:[10, 60, 63, 91, 87, 86, 52]
10:52:[10, 60, 63, 92, 87, 86, 52]
10:52:[10, 60, 64, 93, 88, 86, 52]
10:52:[10, 60, 64, 94, 88, 86, 52]
10:52:[10, 60, 64, 95, 88, 86, 52]
10:52:[10, 60, 65, 96, 89, 86, 52]
10:52:[10, 60, 65, 97, 89, 86, 52]
10:52:[10, 60, 65, 98, 89, 86, 52]
10:53:[10, 60, 63, 90, 87, 86, 53]
10:53:[10, 60, 63, 91, 87, 86, 53]
10:53:[10, 60, 63, 92, 87, 86, 53]
10:53:[10, 60, 64, 93, 88, 86, 53]
10:53:[10, 60, 64, 94, 88, 86, 53]
10:53:[10, 60, 64, 95, 88, 86, 53]
10:53:[10, 60, 65, 96, 89, 86, 53]
10:53:[10, 60, 65, 97, 89, 86, 53]
10:53:[10, 60, 65, 98, 89, 86, 53]
11:0:[11, 60, 63, 90, 57, 54, 0]
11:0:[11, 60, 63, 91, 57, 54, 0]
11:0:[11, 60, 63, 92, 57, 54, 0]
11:0:[11, 60, 64, 93, 58, 54, 0]
11:0:[11, 60, 64, 94, 58, 54, 0]
11:0:[11, 60, 64, 95, 58, 54, 0]
11:0:[11, 60, 65, 96, 59, 54, 0]
11:0:[11, 60, 65, 97, 59, 54, 0]
11:0:[11, 60, 65, 98, 59, 54, 0]
11:1:[11, 60, 63, 90, 57, 54, 1]
11:1:[11, 60, 63, 91, 57, 54, 1]
11:1:[11, 60, 63, 92, 57, 54, 1]
11:1:[11, 60, 64, 93, 58, 54, 1]
11:1:[11, 60, 64, 94, 58, 54, 1]
11:1:[11, 60, 64, 95, 58, 54, 1]
11:1:[11, 60, 65, 96, 59, 54, 1]
11:1:[11, 60, 65, 97, 59, 54, 1]
11:1:[11, 60, 65, 98, 59, 54, 1]
11:2:[11, 60, 63, 90, 57, 54, 2]
11:2:[11, 60, 63, 91, 57, 54, 2]
11:2:[11, 60, 63, 92, 57, 54, 2]
11:2:[11, 60, 64, 93, 58, 54, 2]
11:2:[11, 60, 64, 94, 58, 54, 2]
11:2:[11, 60, 64, 95, 58, 54, 2]
11:2:[11, 60, 65, 96, 59, 54, 2]
11:2:[11, 60, 65, 97, 59, 54, 2]
11:2:[11, 60, 65, 98, 59, 54, 2]
11:3:[11, 60, 63, 90, 57, 55, 3]
11:3:[11, 60, 63, 91, 57, 55, 3]
11:3:[11, 60, 63, 92, 57, 55, 3]
11:3:[11, 60, 64, 93, 58, 55, 3]
11:3:[11, 60, 64, 94, 58, 55, 3]
11:3:[11, 60, 64, 95, 58, 55, 3]
11:3:[11, 60, 65, 96, 59, 55, 3]
11:3:[11, 60, 65, 97, 59, 55, 3]
11:3:[11, 60, 65, 98, 59, 55, 3]
11:4:[11, 60, 63, 90, 57, 55, 4]
11:4:[11, 60, 63, 91, 57, 55, 4]
11:4:[11, 60, 63, 92, 57, 55, 4]
11:4:[11, 60, 64, 93, 58, 55, 4]
11:4:[11, 60, 64, 94, 58, 55, 4]
11:4:[11, 60, 64, 95, 58, 55, 4]
11:4:[11, 60, 65, 96, 59, 55, 4]
11:4:[11, 60, 65, 97, 59, 55, 4]
11:4:[11, 60, 65, 98, 59, 55, 4]
11:5:[11, 60, 63, 90, 57, 55, 5]
11:5:[11, 60, 63, 91, 57, 55, 5]
11:5:[11, 60, 63, 92, 57, 55, 5]
11:5:[11, 60, 64, 93, 58, 55, 5]
11:5:[11, 60, 64, 94, 58, 55, 5]
11:5:[11, 60, 64, 95, 58, 55, 5]
11:5:[11, 60, 65, 96, 59, 55, 5]
11:5:[11, 60, 65, 97, 59, 55, 5]
11:5:[11, 60, 65, 98, 59, 55, 5]
11:6:[11, 60, 63, 90, 57, 56, 6]
11:6:[11, 60, 63, 91, 57, 56, 6]
11:6:[11, 60, 63, 92, 57, 56, 6]
11:6:[11, 60, 64, 93, 58, 56, 6]
11:6:[11, 60, 64, 94, 58, 56, 6]
11:6:[11, 60, 64, 95, 58, 56, 6]
11:6:[11, 60, 65, 96, 59, 56, 6]
11:6:[11, 60, 65, 97, 59, 56, 6]
11:6:[11, 60, 65, 98, 59, 56, 6]
11:7:[11, 60, 63, 90, 57, 56, 7]
11:7:[11, 60, 63, 91, 57, 56, 7]
11:7:[11, 60, 63, 92, 57, 56, 7]
11:7:[11, 60, 64, 93, 58, 56, 7]
11:7:[11, 60, 64, 94, 58, 56, 7]
11:7:[11, 60, 64, 95, 58, 56, 7]
11:7:[11, 60, 65, 96, 59, 56, 7]
11:7:[11, 60, 65, 97, 59, 56, 7]
11:7:[11, 60, 65, 98, 59, 56, 7]
11:8:[11, 60, 63, 90, 57, 56, 8]
11:8:[11, 60, 63, 91, 57, 56, 8]
11:8:[11, 60, 63, 92, 57, 56, 8]
11:8:[11, 60, 64, 93, 58, 56, 8]
11:8:[11, 60, 64, 94, 58, 56, 8]
11:8:[11, 60, 64, 95, 58, 56, 8]
11:8:[11, 60, 65, 96, 59, 56, 8]
11:8:[11, 60, 65, 97, 59, 56, 8]
11:8:[11, 60, 65, 98, 59, 56, 8]
11:9:[11, 60, 9]
11:10:[11, 60, 10]
11:12:[11, 60, 63, 61, 12]
11:12:[11, 60, 64, 61, 12]
11:12:[11, 60, 65, 61, 12]
11:13:[11, 60, 63, 61, 13]
11:13:[11, 60, 64, 61, 13]
11:13:[11, 60, 65, 61, 13]
11:14:[11, 60, 63, 61, 14]
11:14:[11, 60, 64, 61, 14]
11:14:[11, 60, 65, 61, 14]
11:15:[11, 60, 63, 62, 15]
11:15:[11, 60, 64, 62, 15]
11:15:[11, 60, 65, 62, 15]
11:16:[11, 60, 63, 62, 16]
11:16:[11, 60, 64, 62, 16]
11:16:[11, 60, 65, 62, 16]
11:17:[11, 60, 63, 62, 17]
11:17:[11, 60, 64, 62, 17]
11:17:[11, 60, 65, 62, 17]
11:18:[11, 60, 63, 90, 69, 66, 18]
11:18:[11, 60, 63, 91, 69, 66, 18]
11:18:[11, 60, 63, 92, 69, 66, 18]
11:18:[11, 60, 64, 93, 70, 66, 18]
11:18:[11, 60, 64, 94, 70, 66, 18]
11:18:[11, 60, 64, 95, 70, 66, 18]
11:18:[11, 60, 65, 96, 71, 66, 18]
11:18:[11, 60, 65, 97, 71, 66, 18]
11:18:[11, 60, 65, 98, 71, 66, 18]
11:19:[11, 60, 63, 90, 69, 66, 19]
11:19:[11, 60, 63, 91, 69, 66, 19]
11:19:[11, 60, 63, 92, 69, 66, 19]
11:19:[11, 60, 64, 93, 70, 66, 19]
11:19:[11, 60, 64, 94, 70, 66, 19]
11:19:[11, 60, 64, 95, 70, 66, 19]
11:19:[11, 60, 65, 96, 71, 66, 19]
11:19:[11, 60, 65, 97, 71, 66, 19]
11:19:[11, 60, 65, 98, 71, 66, 19]
11:20:[11, 60, 63, 90, 69, 66, 20]
11:20:[11, 60, 63, 91, 69, 66, 20]
11:20:[11, 60, 63, 92, 69, 66, 20]
11:20:[11, 60, 64, 93, 70, 66, 20]
11:20:[11, 60, 64, 94, 70, 66, 20]
11:20:[11, 60, 64, 95, 70, 66, 20]
11:20:[11, 60, 65, 96, 71, 66, 20]
11:20:[11, 60, 65, 97, 71, 66, 20]
11:20:[11, 60, 65, 98, 71, 66, 20]
11:21:[11, 60, 63, 90, 69, 67, 21]
11:21:[11, 60, 63, 91, 69, 67, 21]
11:21:[11, 60, 63, 92, 69, 67, 21]
11:21:[11, 60, 64, 93, 70, 67, 21]
11:21:[11, 60, 64, 94, 70, 67, 21]
11:21:[11, 60, 64, 95, 70, 67, 21]
11:21:[11, 60, 65, 96, 71, 67, 21]
11:21:[11, 60, 65, 97, 71, 67, 21]
11:21:[11, 60, 65, 98, 71, 67, 21]
11:22:[11, 60, 63, 90, 69, 67, 22]
11:22:[11, 60, 63, 91, 69, 67, 22]
11:22:[11, 60, 63, 92, 69, 67, 22]
11:22:[11, 60, 64, 93, 70, 67, 22]
11:22:[11, 60, 64, 94, 70, 67, 22]
11:22:[11, 60, 64, 95, 70, 67, 22]
11:22:[11, 60, 65, 96, 71, 67, 22]
11:22:[11, 60, 65, 97, 71, 67, 22]
11:22:[11, 60, 65, 98, 71, 67, 22]
11:23:[11, 60, 63, 90, 69, 67, 23]
11:23:[11, 60, 63, 91, 69, 67, 23]
11:23:[11, 60, 63, 92, 69, 67, 23]
11:23:[11, 60, 64, 93, 70, 67, 23]
11:23:[11, 60, 64, 94, 70, 67, 23]
11:23:[11, 60, 64, 95, 70, 67, 23]
11:23:[11, 60, 65, 96, 71, 67, 23]
11:23:[11, 60, 65, 97, 71, 67, 23]
11:23:[11, 60, 65, 98, 71, 67, 23]
11:24:[11, 60, 63, 90, 69, 68, 24]
11:24:[11, 60, 63, 91, 69, 68, 24]
11:24:[11, 60, 63, 92, 69, 68, 24]
11:24:[11, 60, 64, 93, 70, 68, 24]
11:24:[11, 60, 64, 94, 70, 68, 24]
11:24:[11, 60, 64, 95, 70, 68, 24]
11:24:[11, 60, 65, 96, 71, 68, 24]
11:24:[11, 60, 65, 97, 71, 68, 24]
11:24:[11, 60, 65, 98, 71, 68, 24]
11:25:[11, 60, 63, 90, 69, 68, 25]
11:25:[11, 60, 63, 91, 69, 68, 25]
11:25:[11, 60, 63, 92, 69, 68, 25]
11:25:[11, 60, 64, 93, 70, 68, 25]
11:25:[11, 60, 64, 94, 70, 68, 25]
11:25:[11, 60, 64, 95, 70, 68, 25]
11:25:[11, 60, 65, 96, 71, 68, 25]
11:25:[11, 60, 65, 97, 71, 68, 25]
11:25:[11, 60, 65, 98, 71, 68, 25]
11:26:[11, 60, 63, 90, 69, 68, 26]
11:26:[11, 60, 63, 91, 69, 68, 26]
11:26:[11, 60, 63, 92, 69, 68, 26]
11:26:[11, 60, 64, 93, 70, 68, 26]
11:26:[11, 60, 64, 94, 70, 68, 26]
11:26:[11, 60, 64, 95, 70, 68, 26]
11:26:[11, 60, 65, 96, 71, 68, 26]
11:26:[11, 60, 65, 97, 71, 68, 26]
11:26:[11, 60, 65, 98, 71, 68, 26]
11:27:[11, 60, 63, 90, 75, 72, 27]
11:27:[11, 60, 63, 91, 75, 72, 27]
11:27:[11, 60, 63, 92, 75, 72, 27]
11:27:[11, 60, 64, 93, 76, 72, 27]
11:27:[11, 60, 64, 94, 76, 72, 27]
11:27:[11, 60, 64, 95, 76, 72, 27]
11:27:[11, 60, 65, 96, 77, 72, 27]
11:27:[11, 60, 65, 97, 77, 72, 27]
11:27:[11, 60, 65, 98, 77, 72, 27]
11:28:[11, 60, 63, 90, 75, 72, 28]
11:28:[11, 60, 63, 91, 75, 72, 28]
11:28:[11, 60, 63, 92, 75, 72, 28]
11:28:[11, 60, 64, 93, 76, 72, 28]
11:28:[11, 60, 64, 94, 76, 72, 28]
11:28:[11, 60, 64, 95, 76, 72, 28]
11:28:[11, 60, 65, 96, 77, 72, 28]
11:28:[11, 60, 65, 97, 77, 72, 28]
11:28:[11, 60, 65, 98, 77, 72, 28]
11:29:[11, 60, 63, 90, 75, 72, 29]
11:29:[11, 60, 63, 91, 75, 72, 29]
11:29:[11, 60, 63, 92, 75, 72, 29]
11:29:[11, 60, 64, 93, 76, 72, 29]
11:29:[11, 60, 64, 94, 76, 72, 29]
11:29:[11, 60, 64, 95, 76, 72, 29]
11:29:[11, 60, 65, 96, 77, 72, 29]
11:29:[11, 60, 65, 97, 77, 72, 29]
11:29:[11, 60, 65, 98, 77, 72, 29]
11:30:[11, 60, 63, 90, 75, 73, 30]
11:30:[11, 60, 63, 91, 75, 73, 30]
11:30:[11, 60, 63, 92, 75, 73, 30]
11:30:[11, 60, 64, 93, 76, 73, 30]
11:30:[11, 60, 64, 94, 76, 73, 30]
11:30:[11, 60, 64, 95, 76, 73, 30]
11:30:[11, 60, 65, 96, 77, 73, 30]
11:30:[11, 60, 65, 97, 77, 73, 30]
11:30:[11, 60, 65, 98, 77, 73, 30]
11:31:[11, 60, 63, 90, 75, 73, 31]
11:31:[11, 60, 63, 91, 75, 73, 31]
11:31:[11, 60, 63, 92, 75, 73, 31]
11:31:[11, 60, 64, 93, 76, 73, 31]
11:31:[11, 60, 64, 94, 76, 73, 31]
11:31:[11, 60, 64, 95, 76, 73, 31]
11:31:[11, 60, 65, 96, 77, 73, 31]
11:31:[11, 60, 65, 97, 77, 73, 31]
11:31:[11, 60, 65, 98, 77, 73, 31]
11:32:[11, 60, 63, 90, 75, 73, 32]
11:32:[11, 60, 63, 91, 75, 73, 32]
11:32:[11, 60, 63, 92, 75, 73, 32]
11:32:[11, 60, 64, 93, 76, 73, 32]
11:32:[11, 60, 64, 94, 76, 73, 32]
11:32:[11, 60, 64, 95, 76, 73, 32]
11:32:[11, 60, 65, 96, 77, 73, 32]
11:32:[11, 60, 65, 97, 77, 73, 32]
11:32:[11, 60, 65, 98, 77, 73, 32]
11:33:[11, 60, 63, 90, 75, 74, 33]
11:33:[11, 60, 63, 91, 75, 74, 33]
11:33:[11, 60, 63, 92, 75, 74, 33]
11:33:[11, 60, 64, 93, 76, 74, 33]
11:33:[11, 60, 64, 94, 76, 74, 33]
11:33:[11, 60, 64, 95, 76, 74, 33]
11:33:[11, 60, 65, 96, 77, 74, 33]
11:33:[11, 60, 65, 97, 77, 74, 33]
11:33:[11, 60, 65, 98, 77, 74, 33]
11:34:[11, 60, 63, 90, 75, 74, 34]
11:34:[11, 60, 63, 91, 75, 74, 34]
11:34:[11, 60, 63, 92, 75, 74, 34]
11:34:[11, 60, 64, 93, 76, 74, 34]
11:34:[11, 60, 64, 94, 76, 74, 34]
11:34:[11, 60, 64, 95, 76, 74, 34]
11:34:[11, 60, 65, 96, 77, 74, 34]
11:34:[11, 60, 65, 97, 77, 74, 34]
11:34:[11, 60, 65, 98, 77, 74, 34]
11:35:[11, 60, 63, 90, 75, 74, 35]
11:35:[11, 60, 63, 91, 75, 74, 35]
11:35:[11, 60, 63, 92, 75, 74, 35]
11:35:[11, 60, 64, 93, 76, 74, 35]
11:35:[11, 60, 64, 94, 76, 74, 35]
11:35:[11, 60, 64, 95, 76, 74, 35]
11:35:[11, 60, 65, 96, 77, 74, 35]
11:35:[11, 60, 65, 97, 77, 74, 35]
11:35:[11, 60, 65, 98, 77, 74, 35]
11:36:[11, 60, 63, 90, 81, 78, 36]
11:36:[11, 60, 63, 91, 81, 78, 36]
11:36:[11, 60, 63, 92, 81, 78, 36]
11:36:[11, 60, 64, 93, 82, 78, 36]
11:36:[11, 60, 64, 94, 82, 78, 36]
11:36:[11, 60, 64, 95, 82, 78, 36]
11:36:[11, 60, 65, 96, 83, 78, 36]
11:36:[11, 60, 65, 97, 83, 78, 36]
11:36:[11, 60, 65, 98, 83, 78, 36]
11:37:[11, 60, 63, 90, 81, 78, 37]
11:37:[11, 60, 63, 91, 81, 78, 37]
11:37:[11, 60, 63, 92, 81, 78, 37]
11:37:[11, 60, 64, 93, 82, 78, 37]
11:37:[11, 60, 64, 94, 82, 78, 37]
11:37:[11, 60, 64, 95, 82, 78, 37]
11:37:[11, 60, 65, 96, 83, 78, 37]
11:37:[11, 60, 65, 97, 83, 78, 37]
11:37:[11, 60, 65, 98, 83, 78, 37]
11:38:[11, 60, 63, 90, 81, 78, 38]
11:38:[11, 60, 63, 91, 81, 78, 38]
11:38:[11, 60, 63, 92, 81, 78, 38]
11:38:[11, 60, 64, 93, 82, 78, 38]
11:38:[11, 60, 64, 94, 82, 78, 38]
11:38:[11, 60, 64, 95, 82, 78, 38]
11:38:[11, 60, 65, 96, 83, 78, 38]
11:38:[11, 60, 65, 97, 83, 78, 38]
11:38:[11, 60, 65, 98, 83, 78, 38]
11:39:[11, 60, 63, 90, 81, 79, 39]
11:39:[11, 60, 63, 91, 81, 79, 39]
11:39:[11, 60, 63, 92, 81, 79, 39]
11:39:[11, 60, 64, 93, 82, 79, 39]
11:39:[11, 60, 64, 94, 82, 79, 39]
11:39:[11, 60, 64, 95, 82, 79, 39]
11:39:[11, 60, 65, 96, 83, 79, 39]
11:39:[11, 60, 65, 97, 83, 79, 39]
11:39:[11, 60, 65, 98, 83, 79, 39]
11:40:[11, 60, 63, 90, 81, 79, 40]
11:40:[11, 60, 63, 91, 81, 79, 40]
11:40:[11, 60, 63, 92, 81, 79, 40]
11:40:[11, 60, 64, 93, 82, 79, 40]
11:40:[11, 60, 64, 94, 82, 79, 40]
11:40:[11, 60, 64, 95, 82, 79, 40]
11:40:[11, 60, 65, 96, 83, 79, 40]
11:40:[11, 60, 65, 97, 83, 79, 40]
11:40:[11, 60, 65, 98, 83, 79, 40]
11:41:[11, 60, 63, 90, 81, 79, 41]
11:41:[11, 60, 63, 91, 81, 79, 41]
11:41:[11, 60, 63, 92, 81, 79, 41]
11:41:[11, 60, 64, 93, 82, 79, 41]
11:41:[11, 60, 64, 94, 82, 79, 41]
11:41:[11, 60, 64, 95, 82, 79, 41]
11:41:[11, 60, 65, 96, 83, 79, 41]
11:41:[11, 60, 65, 97, 83, 79, 41]
11:41:[11, 60, 65, 98, 83, 79, 41]
11:42:[11, 60, 63, 90, 81, 80, 42]
11:42:[11, 60, 63, 91, 81, 80, 42]
11:42:[11, 60, 63, 92, 81, 80, 42]
11:42:[11, 60, 64, 93, 82, 80, 42]
11:42:[11, 60, 64, 94, 82, 80, 42]
11:42:[11, 60, 64, 95, 82, 80, 42]
11:42:[11, 60, 65, 96, 83, 80, 42]
11:42:[11, 60, 65, 97, 83, 80, 42]
11:42:[11, 60, 65, 98, 83, 80, 42]
11:43:[11, 60, 63, 90, 81, 80, 43]
11:43:[11, 60, 63, 91, 81, 80, 43]
11:43:[11, 60, 63, 92, 81, 80, 43]
11:43:[11, 60, 64, 93, 82, 80, 43]
11:43:[11, 60, 64, 94, 82, 80, 43]
11:43:[11, 60, 64, 95, 82, 80, 43]
11:43:[11, 60, 65, 96, 83, 80, 43]
11:43:[11, 60, 65, 97, 83, 80, 43]
11:43:[11, 60, 65, 98, 83, 80, 43]
11:44:[11, 60, 63, 90, 81, 80, 44]
11:44:[11, 60, 63, 91, 81, 80, 44]
11:44:[11, 60, 63, 92, 81, 80, 44]
11:44:[11, 60, 64, 93, 82, 80, 44]
11:44:[11, 60, 64, 94, 82, 80, 44]
11:44:[11, 60, 64, 95, 82, 80, 44]
11:44:[11, 60, 65, 96, 83, 80, 44]
11:44:[11, 60, 65, 97, 83, 80, 44]
11:44:[11, 60, 65, 98, 83, 80, 44]
11:45:[11, 60, 63, 90, 87, 84, 45]
11:45:[11, 60, 63, 91, 87, 84, 45]
11:45:[11, 60, 63, 92, 87, 84, 45]
11:45:[11, 60, 64, 93, 88, 84, 45]
11:45:[11, 60, 64, 94, 88, 84, 45]
11:45:[11, 60, 64, 95, 88, 84, 45]
11:45:[11, 60, 65, 96, 89, 84, 45]
11:45:[11, 60, 65, 97, 89, 84, 45]
11:45:[11, 60, 65, 98, 89, 84, 45]
11:46:[11, 60, 63, 90, 87, 84, 46]
11:46:[11, 60, 63, 91, 87, 84, 46]
11:46:[11, 60, 63, 92, 87, 84, 46]
11:46:[11, 60, 64, 93, 88, 84, 46]
11:46:[11, 60, 64, 94, 88, 84, 46]
11:46:[11, 60, 64, 95, 88, 84, 46]
11:46:[11, 60, 65, 96, 89, 84, 46]
11:46:[11, 60, 65, 97, 89, 84, 46]
11:46:[11, 60, 65, 98, 89, 84, 46]
11:47:[11, 60, 63, 90, 87, 84, 47]
11:47:[11, 60, 63, 91, 87, 84, 47]
11:47:[11, 60, 63, 92, 87, 84, 47]
11:47:[11, 60, 64, 93, 88, 84, 47]
11:47:[11, 60, 64, 94, 88, 84, 47]
11:47:[11, 60, 64, 95, 88, 84, 47]
11:47:[11, 60, 65, 96, 89, 84, 47]
11:47:[11, 60, 65, 97, 89, 84, 47]
11:47:[11, 60, 65, 98, 89, 84, 47]
11:48:[11, 60, 63, 90, 87, 85, 48]
11:48:[11, 60, 63, 91, 87, 85, 48]
11:48:[11, 60, 63, 92, 87, 85, 48]
11:48:[11, 60, 64, 93, 88, 85, 48]
11:48:[11, 60, 64, 94, 88, 85, 48]
11:48:[11, 60, 64, 95, 88, 85, 48]
11:48:[11, 60, 65, 96, 89, 85, 48]
11:48:[11, 60, 65, 97, 89, 85, 48]
11:48:[11, 60, 65, 98, 89, 85, 48]
11:49:[11, 60, 63, 90, 87, 85, 49]
11:49:[11, 60, 63, 91, 87, 85, 49]
11:49:[11, 60, 63, 92, 87, 85, 49]
11:49:[11, 60, 64, 93, 88, 85, 49]
11:49:[11, 60, 64, 94, 88, 85, 49]
11:49:[11, 60, 64, 95, 88, 85, 49]
11:49:[11, 60, 65, 96, 89, 85, 49]
11:49:[11, 60, 65, 97, 89, 85, 49]
11:49:[11, 60, 65, 98, 89, 85, 49]
11:50:[11, 60, 63, 90, 87, 85, 50]
11:50:[11, 60, 63, 91, 87, 85, 50]
11:50:[11, 60, 63, 92, 87, 85, 50]
11:50:[11, 60, 64, 93, 88, 85, 50]
11:50:[11, 60, 64, 94, 88, 85, 50]
11:50:[11, 60, 64, 95, 88, 85, 50]
11:50:[11, 60, 65, 96, 89, 85, 50]
11:50:[11, 60, 65, 97, 89, 85, 50]
11:50:[11, 60, 65, 98, 89, 85, 50]
11:51:[11, 60, 63, 90, 87, 86, 51]
11:51:[11, 60, 63, 91, 87, 86, 51]
11:51:[11, 60, 63, 92, 87, 86, 51]
11:51:[11, 60, 64, 93, 88, 86, 51]
11:51:[11, 60, 64, 94, 88, 86, 51]
11:51:[11, 60, 64, 95, 88, 86, 51]
11:51:[11, 60, 65, 96, 89, 86, 51]
11:51:[11, 60, 65, 97, 89, 86, 51]
11:51:[11, 60, 65, 98, 89, 86, 51]
11:52:[11, 60, 63, 90, 87, 86, 52]
11:52:[11, 60, 63, 91, 87, 86, 52]
11:52:[11, 60, 63, 92, 87, 86, 52]
11:52:[11, 60, 64, 93, 88, 86, 52]
11:52:[11, 60, 64, 94, 88, 86, 52]
11:52:[11, 60, 64, 95, 88, 86, 52]
11:52:[11, 60, 65, 96, 89, 86, 52]
11:52:[11, 60, 65, 97, 89, 86, 52]
11:52:[11, 60, 65, 98, 89, 86, 52]
11:53:[11, 60, 63, 90, 87, 86, 53]
11:53:[11, 60, 63, 91, 87, 86, 53]
11:53:[11, 60, 63, 92, 87, 86, 53]
11:53:[11, 60, 64, 93, 88, 86, 53]
11:53:[11, 60, 64, 94, 88, 86, 53]
11:53:[11, 60, 64, 95, 88, 86, 53]
11:53:[11, 60, 65, 96, 89, 86, 53]
11:53:[11, 60, 65, 97, 89, 86, 53]
11:53:[11, 60, 65, 98, 89, 86, 53]
12:0:[12, 61, 63, 90, 57, 54, 0]
12:0:[12, 61, 63, 91, 57, 54, 0]
12:0:[12, 61, 63, 92, 57, 54, 0]
12:0:[12, 61, 64, 93, 58, 54, 0]
12:0:[12, 61, 64, 94, 58, 54, 0]
12:0:[12, 61, 64, 95, 58, 54, 0]
12:0:[12, 61, 65, 96, 59, 54, 0]
12:0:[12, 61, 65, 97, 59, 54, 0]
12:0:[12, 61, 65, 98, 59, 54, 0]
12:1:[12, 61, 63, 90, 57, 54, 1]
12:1:[12, 61, 63, 91, 57, 54, 1]
12:1:[12, 61, 63, 92, 57, 54, 1]
12:1:[12, 61, 64, 93, 58, 54, 1]
12:1:[12, 61, 64, 94, 58, 54, 1]
12:1:[12, 61, 64, 95, 58, 54, 1]
12:1:[12, 61, 65, 96, 59, 54, 1]
12:1:[12, 61, 65, 97, 59, 54, 1]
12:1:[12, 61, 65, 98, 59, 54, 1]
12:2:[12, 61, 63, 90, 57, 54, 2]
12:2:[12, 61, 63, 91, 57, 54, 2]
12:2:[12, 61, 63, 92, 57, 54, 2]
12:2:[12, 61, 64, 93, 58, 54, 2]
12:2:[12, 61, 64, 94, 58, 54, 2]
12:2:[12, 61, 64, 95, 58, 54, 2]
12:2:[12, 61, 65, 96, 59, 54, 2]
12:2:[12, 61, 65, 97, 59, 54, 2]
12:2:[12, 61, 65, 98, 59, 54, 2]
12:3:[12, 61, 63, 90, 57, 55, 3]
12:3:[12, 61, 63, 91, 57, 55, 3]
12:3:[12, 61, 63, 92, 57, 55, 3]
12:3:[12, 61, 64, 93, 58, 55, 3]
12:3:[12, 61, 64, 94, 58, 55, 3]
12:3:[12, 61, 64, 95, 58, 55, 3]
12:3:[12, 61, 65, 96, 59, 55, 3]
12:3:[12, 61, 65, 97, 59, 55, 3]
12:3:[12, 61, 65, 98, 59, 55, 3]
12:4:[12, 61, 63, 90, 57, 55, 4]
12:4:[12, 61, 63, 91, 57, 55, 4]
12:4:[12, 61, 63, 92, 57, 55, 4]
12:4:[12, 61, 64, 93, 58, 55, 4]
12:4:[12, 61, 64, 94, 58, 55, 4]
12:4:[12, 61, 64, 95, 58, 55, 4]
12:4:[12, 61, 65, 96, 59, 55, 4]
12:4:[12, 61, 65, 97, 59, 55, 4]
12:4:[12, 61, 65, 98, 59, 55, 4]
12:5:[12, 61, 63, 90, 57, 55, 5]
12:5:[12, 61, 63, 91, 57, 55, 5]
12:5:[12, 61, 63, 92, 57, 55, 5]
12:5:[12, 61, 64, 93, 58, 55, 5]
12:5:[12, 61, 64, 94, 58, 55, 5]
12:5:[12, 61, 64, 95, 58, 55, 5]
12:5:[12, 61, 65, 96, 59, 55, 5]
12:5:[12, 61, 65, 97, 59, 55, 5]
12:5:[12, 61, 65, 98, 59, 55, 5]
12:6:[12, 61, 63, 90, 57, 56, 6]
12:6:[12, 61, 63, 91, 57, 56, 6]
12:6:[12, 61, 63, 92, 57, 56, 6]
12:6:[12, 61, 64, 93, 58, 56, 6]
12:6:[12, 61, 64, 94, 58, 56, 6]
12:6:[12, 61, 64, 95, 58, 56, 6]
12:6:[12, 61, 65, 96, 59, 56, 6]
12:6:[12, 61, 65, 97, 59, 56, 6]
12:6:[12, 61, 65, 98, 59, 56, 6]
12:7:[12, 61, 63, 90, 57, 56, 7]
12:7:[12, 61, 63, 91, 57, 56, 7]
12:7:[12, 61, 63, 92, 57, 56, 7]
12:7:[12, 61, 64, 93, 58, 56, 7]
12:7:[12, 61, 64, 94, 58, 56, 7]
12:7:[12, 61, 64, 95, 58, 56, 7]
12:7:[12, 61, 65, 96, 59, 56, 7]
12:7:[12, 61, 65, 97, 59, 56, 7]
12:7:[12, 61, 65, 98, 59, 56, 7]
12:8:[12, 61, 63, 90, 57, 56, 8]
12:8:[12, 61, 63, 91, 57, 56, 8]
12:8:[12, 61, 63, 92, 57, 56, 8]
12:8:[12, 61, 64, 93, 58, 56, 8]
12:8:[12, 61, 64, 94, 58, 56, 8]
12:8:[12, 61, 64, 95, 58, 56, 8]
12:8:[12, 61, 65, 96, 59, 56, 8]
12:8:[12, 61, 65, 97, 59, 56, 8]
12:8:[12, 61, 65, 98, 59, 56, 8]
12:9:[12, 61, 63, 60, 9]
12:9:[12, 61, 64, 60, 9]
12:9:[12, 61, 65, 60, 9]
12:10:[12, 61, 63, 60, 10]
12:10:[12, 61, 64, 60, 10]
12:10:[12, 61, 65, 60, 10]
12:11:[12, 61, 63, 60, 11]
12:11:[12, 61, 64, 60, 11]
12:11:[12, 61, 65, 60, 11]
12:13:[12, 61, 13]
12:14:[12, 61, 14]
12:15:[12, 61, 63, 62, 15]
12:15:[12, 61, 64, 62, 15]
12:15:[12, 61, 65, 62, 15]
12:16:[12, 61, 63, 62, 16]
12:16:[12, 61, 64, 62, 16]
12:16:[12, 61, 65, 62, 16]
12:17:[12, 61, 63, 62, 17]
12:17:[12, 61, 64, 62, 17]
12:17:[12, 61, 65, 62, 17]
12:18:[12, 61, 63, 90, 69, 66, 18]
12:18:[12, 61, 63, 91, 69, 66, 18]
12:18:[12, 61, 63, 92, 69, 66, 18]
12:18:[12, 61, 64, 93, 70, 66, 18]
12:18:[12, 61, 64, 94, 70, 66, 18]
12:18:[12, 61, 64, 95, 70, 66, 18]
12:18:[12, 61, 65, 96, 71, 66, 18]
12:18:[12, 61, 65, 97, 71, 66, 18]
12:18:[12, 61, 65, 98, 71, 66, 18]
12:19:[12, 61, 63, 90, 69, 66, 19]
12:19:[12, 61, 63, 91, 69, 66, 19]
12:19:[12, 61, 63, 92, 69, 66, 19]
12:19:[12, 61, 64, 93, 70, 66, 19]
12:19:[12, 61, 64, 94, 70, 66, 19]
12:19:[12, 61, 64, 95, 70, 66, 19]
12:19:[12, 61, 65, 96, 71, 66, 19]
12:19:[12, 61, 65, 97, 71, 66, 19]
12:19:[12, 61, 65, 98, 71, 66, 19]
12:20:[12, 61, 63, 90, 69, 66, 20]
12:20:[12, 61, 63, 91, 69, 66, 20]
12:20:[12, 61, 63, 92, 69, 66, 20]
12:20:[12, 61, 64, 93, 70, 66, 20]
12:20:[12, 61, 64, 94, 70, 66, 20]
12:20:[12, 61, 64, 95, 70, 66, 20]
12:20:[12, 61, 65, 96, 71, 66, 20]
12:20:[12, 61, 65, 97, 71, 66, 20]
12:20:[12, 61, 65, 98, 71, 66, 20]
12:21:[12, 61, 63, 90, 69, 67, 21]
12:21:[12, 61, 63, 91, 69, 67, 21]
12:21:[12, 61, 63, 92, 69, 67, 21]
12:21:[12, 61, 64, 93, 70, 67, 21]
12:21:[12, 61, 64, 94, 70, 67, 21]
12:21:[12, 61, 64, 95, 70, 67, 21]
12:21:[12, 61, 65, 96, 71, 67, 21]
12:21:[12, 61, 65, 97, 71, 67, 21]
12:21:[12, 61, 65, 98, 71, 67, 21]
12:22:[12, 61, 63, 90, 69, 67, 22]
12:22:[12, 61, 63, 91, 69, 67, 22]
12:22:[12, 61, 63, 92, 69, 67, 22]
12:22:[12, 61, 64, 93, 70, 67, 22]
12:22:[12, 61, 64, 94, 70, 67, 22]
12:22:[12, 61, 64, 95, 70, 67, 22]
12:22:[12, 61, 65, 96, 71, 67, 22]
12:22:[12, 61, 65, 97, 71, 67, 22]
12:22:[12, 61, 65, 98, 71, 67, 22]
12:23:[12, 61, 63, 90, 69, 67, 23]
12:23:[12, 61, 63, 91, 69, 67, 23]
12:23:[12, 61, 63, 92, 69, 67, 23]
12:23:[12, 61, 64, 93, 70, 67, 23]
12:23:[12, 61, 64, 94, 70, 67, 23]
12:23:[12, 61, 64, 95, 70, 67, 23]
12:23:[12, 61, 65, 96, 71, 67, 23]
12:23:[12, 61, 65, 97, 71, 67, 23]
12:23:[12, 61, 65, 98, 71, 67, 23]
12:24:[12, 61, 63, 90, 69, 68, 24]
12:24:[12, 61, 63, 91, 69, 68, 24]
12:24:[12, 61, 63, 92, 69, 68, 24]
12:24:[12, 61, 64, 93, 70, 68, 24]
12:24:[12, 61, 64, 94, 70, 68, 24]
12:24:[12, 61, 64, 95, 70, 68, 24]
12:24:[12, 61, 65, 96, 71, 68, 24]
12:24:[12, 61, 65, 97, 71, 68, 24]
12:24:[12, 61, 65, 98, 71, 68, 24]
12:25:[12, 61, 63, 90, 69, 68, 25]
12:25:[12, 61, 63, 91, 69, 68, 25]
12:25:[12, 61, 63, 92, 69, 68, 25]
12:25:[12, 61, 64, 93, 70, 68, 25]
12:25:[12, 61, 64, 94, 70, 68, 25]
12:25:[12, 61, 64, 95, 70, 68, 25]
12:25:[12, 61, 65, 96, 71, 68, 25]
12:25:[12, 61, 65, 97, 71, 68, 25]
12:25:[12, 61, 65, 98, 71, 68, 25]
12:26:[12, 61, 63, 90, 69, 68, 26]
12:26:[12, 61, 63, 91, 69, 68, 26]
12:26:[12, 61, 63, 92, 69, 68, 26]
12:26:[12, 61, 64, 93, 70, 68, 26]
12:26:[12, 61, 64, 94, 70, 68, 26]
12:26:[12, 61, 64, 95, 70, 68, 26]
12:26:[12, 61, 65, 96, 71, 68, 26]
12:26:[12, 61, 65, 97, 71, 68, 26]
12:26:[12, 61, 65, 98, 71, 68, 26]
12:27:[12, 61, 63, 90, 75, 72, 27]
12:27:[12, 61, 63, 91, 75, 72, 27]
12:27:[12, 61, 63, 92, 75, 72, 27]
12:27:[12, 61, 64, 93, 76, 72, 27]
12:27:[12, 61, 64, 94, 76, 72, 27]
12:27:[12, 61, 64, 95, 76, 72, 27]
12:27:[12, 61, 65, 96, 77, 72, 27]
12:27:[12, 61, 65, 97, 77, 72, 27]
12:27:[12, 61, 65, 98, 77, 72, 27]
12:28:[12, 61, 63, 90, 75, 72, 28]
12:28:[12, 61, 63, 91, 75, 72, 28]
12:28:[12, 61, 63, 92, 75, 72, 28]
12:28:[12, 61, 64, 93, 76, 72, 28]
12:28:[12, 61, 64, 94, 76, 72, 28]
12:28:[12, 61, 64, 95, 76, 72, 28]
12:28:[12, 61, 65, 96, 77, 72, 28]
12:28:[12, 61, 65, 97, 77, 72, 28]
12:28:[12, 61, 65, 98, 77, 72, 28]
12:29:[12, 61, 63, 90, 75, 72, 29]
12:29:[12, 61, 63, 91, 75, 72, 29]
12:29:[12, 61, 63, 92, 75, 72, 29]
12:29:[12, 61, 64, 93, 76, 72, 29]
12:29:[12, 61, 64, 94, 76, 72, 29]
12:29:[12, 61, 64, 95, 76, 72, 29]
12:29:[12, 61, 65, 96, 77, 72, 29]
12:29:[12, 61, 65, 97, 77, 72, 29]
12:29:[12, 61, 65, 98, 77, 72, 29]
12:30:[12, 61, 63, 90, 75, 73, 30]
12:30:[12, 61, 63, 91, 75, 73, 30]
12:30:[12, 61, 63, 92, 75, 73, 30]
12:30:[12, 61, 64, 93, 76, 73, 30]
12:30:[12, 61, 64, 94, 76, 73, 30]
12:30:[12, 61, 64, 95, 76, 73, 30]
12:30:[12, 61, 65, 96, 77, 73, 30]
12:30:[12, 61, 65, 97, 77, 73, 30]
12:30:[12, 61, 65, 98, 77, 73, 30]
12:31:[12, 61, 63, 90, 75, 73, 31]
12:31:[12, 61, 63, 91, 75, 73, 31]
12:31:[12, 61, 63, 92, 75, 73, 31]
12:31:[12, 61, 64, 93, 76, 73, 31]
12:31:[12, 61, 64, 94, 76, 73, 31]
12:31:[12, 61, 64, 95, 76, 73, 31]
12:31:[12, 61, 65, 96, 77, 73, 31]
12:31:[12, 61, 65, 97, 77, 73, 31]
12:31:[12, 61, 65, 98, 77, 73, 31]
12:32:[12, 61, 63, 90, 75, 73, 32]
12:32:[12, 61, 63, 91, 75, 73, 32]
12:32:[12, 61, 63, 92, 75, 73, 32]
12:32:[12, 61, 64, 93, 76, 73, 32]
12:32:[12, 61, 64, 94, 76, 73, 32]
12:32:[12, 61, 64, 95, 76, 73, 32]
12:32:[12, 61, 65, 96, 77, 73, 32]
12:32:[12, 61, 65, 97, 77, 73, 32]
12:32:[12, 61, 65, 98, 77, 73, 32]
12:33:[12, 61, 63, 90, 75, 74, 33]
12:33:[12, 61, 63, 91, 75, 74, 33]
12:33:[12, 61, 63, 92, 75, 74, 33]
12:33:[12, 61, 64, 93, 76, 74, 33]
12:33:[12, 61, 64, 94, 76, 74, 33]
12:33:[12, 61, 64, 95, 76, 74, 33]
12:33:[12, 61, 65, 96, 77, 74, 33]
12:33:[12, 61, 65, 97, 77, 74, 33]
12:33:[12, 61, 65, 98, 77, 74, 33]
12:34:[12, 61, 63, 90, 75, 74, 34]
12:34:[12, 61, 63, 91, 75, 74, 34]
12:34:[12, 61, 63, 92, 75, 74, 34]
12:34:[12, 61, 64, 93, 76, 74, 34]
12:34:[12, 61, 64, 94, 76, 74, 34]
12:34:[12, 61, 64, 95, 76, 74, 34]
12:34:[12, 61, 65, 96, 77, 74, 34]
12:34:[12, 61, 65, 97, 77, 74, 34]
12:34:[12, 61, 65, 98, 77, 74, 34]
12:35:[12, 61, 63, 90, 75, 74, 35]
12:35:[12, 61, 63, 91, 75, 74, 35]
12:35:[12, 61, 63, 92, 75, 74, 35]
12:35:[12, 61, 64, 93, 76, 74, 35]
12:35:[12, 61, 64, 94, 76, 74, 35]
12:35:[12, 61, 64, 95, 76, 74, 35]
12:35:[12, 61, 65, 96, 77, 74, 35]
12:35:[12, 61, 65, 97, 77, 74, 35]
12:35:[12, 61, 65, 98, 77, 74, 35]
12:36:[12, 61, 63, 90, 81, 78, 36]
12:36:[12, 61, 63, 91, 81, 78, 36]
12:36:[12, 61, 63, 92, 81, 78, 36]
12:36:[12, 61, 64, 93, 82, 78, 36]
12:36:[12, 61, 64, 94, 82, 78, 36]
12:36:[12, 61, 64, 95, 82, 78, 36]
12:36:[12, 61, 65, 96, 83, 78, 36]
12:36:[12, 61, 65, 97, 83, 78, 36]
12:36:[12, 61, 65, 98, 83, 78, 36]
12:37:[12, 61, 63, 90, 81, 78, 37]
12:37:[12, 61, 63, 91, 81, 78, 37]
12:37:[12, 61, 63, 92, 81, 78, 37]
12:37:[12, 61, 64, 93, 82, 78, 37]
12:37:[12, 61, 64, 94, 82, 78, 37]
12:37:[12, 61, 64, 95, 82, 78, 37]
12:37:[12, 61, 65, 96, 83, 78, 37]
12:37:[12, 61, 65, 97, 83, 78, 37]
12:37:[12, 61, 65, 98, 83, 78, 37]
12:38:[12, 61, 63, 90, 81, 78, 38]
12:38:[12, 61, 63, 91, 81, 78, 38]
12:38:[12, 61, 63, 92, 81, 78, 38]
12:38:[12, 61, 64, 93, 82, 78, 38]
12:38:[12, 61, 64, 94, 82, 78, 38]
12:38:[12, 61, 64, 95, 82, 78, 38]
12:38:[12, 61, 65, 96, 83, 78, 38]
12:38:[12, 61, 65, 97, 83, 78, 38]
12:38:[12, 61, 65, 98, 83, 78, 38]
12:39:[12, 61, 63, 90, 81, 79, 39]
12:39:[12, 61, 63, 91, 81, 79, 39]
12:39:[12, 61, 63, 92, 81, 79, 39]
12:39:[12, 61, 64, 93, 82, 79, 39]
12:39:[12, 61, 64, 94, 82, 79, 39]
12:39:[12, 61, 64, 95, 82, 79, 39]
12:39:[12, 61, 65, 96, 83, 79, 39]
12:39:[12, 61, 65, 97, 83, 79, 39]
12:39:[12, 61, 65, 98, 83, 79, 39]
12:40:[12, 61, 63, 90, 81, 79, 40]
12:40:[12, 61, 63, 91, 81, 79, 40]
12:40:[12, 61, 63, 92, 81, 79, 40]
12:40:[12, 61, 64, 93, 82, 79, 40]
12:40:[12, 61, 64, 94, 82, 79, 40]
12:40:[12, 61, 64, 95, 82, 79, 40]
12:40:[12, 61, 65, 96, 83, 79, 40]
12:40:[12, 61, 65, 97, 83, 79, 40]
12:40:[12, 61, 65, 98, 83, 79, 40]
12:41:[12, 61, 63, 90, 81, 79, 41]
12:41:[12, 61, 63, 91, 81, 79, 41]
12:41:[12, 61, 63, 92, 81, 79, 41]
12:41:[12, 61, 64, 93, 82, 79, 41]
12:41:[12, 61, 64, 94, 82, 79, 41]
12:41:[12, 61, 64, 95, 82, 79, 41]
12:41:[12, 61, 65, 96, 83, 79, 41]
12:41:[12, 61, 65, 97, 83, 79, 41]
12:41:[12, 61, 65, 98, 83, 79, 41]
12:42:[12, 61, 63, 90, 81, 80, 42]
12:42:[12, 61, 63, 91, 81, 80, 42]
12:42:[12, 61, 63, 92, 81, 80, 42]
12:42:[12, 61, 64, 93, 82, 80, 42]
12:42:[12, 61, 64, 94, 82, 80, 42]
12:42:[12, 61, 64, 95, 82, 80, 42]
12:42:[12, 61, 65, 96, 83, 80, 42]
12:42:[12, 61, 65, 97, 83, 80, 42]
12:42:[12, 61, 65, 98, 83, 80, 42]
12:43:[12, 61, 63, 90, 81, 80, 43]
12:43:[12, 61, 63, 91, 81, 80, 43]
12:43:[12, 61, 63, 92, 81, 80, 43]
12:43:[12, 61, 64, 93, 82, 80, 43]
12:43:[12, 61, 64, 94, 82, 80, 43]
12:43:[12, 61, 64, 95, 82, 80, 43]
12:43:[12, 61, 65, 96, 83, 80, 43]
12:43:[12, 61, 65, 97, 83, 80, 43]
12:43:[12, 61, 65, 98, 83, 80, 43]
12:44:[12, 61, 63, 90, 81, 80, 44]
12:44:[12, 61, 63, 91, 81, 80, 44]
12:44:[12, 61, 63, 92, 81, 80, 44]
12:44:[12, 61, 64, 93, 82, 80, 44]
12:44:[12, 61, 64, 94, 82, 80, 44]
12:44:[12, 61, 64, 95, 82, 80, 44]
12:44:[12, 61, 65, 96, 83, 80, 44]
12:44:[12, 61, 65, 97, 83, 80, 44]
12:44:[12, 61, 65, 98, 83, 80, 44]
12:45:[12, 61, 63, 90, 87, 84, 45]
12:45:[12, 61, 63, 91, 87, 84, 45]
12:45:[12, 61, 63, 92, 87, 84, 45]
12:45:[12, 61, 64, 93, 88, 84, 45]
12:45:[12, 61, 64, 94, 88, 84, 45]
12:45:[12, 61, 64, 95, 88, 84, 45]
12:45:[12, 61, 65, 96, 89, 84, 45]
12:45:[12, 61, 65, 97, 89, 84, 45]
12:45:[12, 61, 65, 98, 89, 84, 45]
12:46:[12, 61, 63, 90, 87, 84, 46]
12:46:[12, 61, 63, 91, 87, 84, 46]
12:46:[12, 61, 63, 92, 87, 84, 46]
12:46:[12, 61, 64, 93, 88, 84, 46]
12:46:[12, 61, 64, 94, 88, 84, 46]
12:46:[12, 61, 64, 95, 88, 84, 46]
12:46:[12, 61, 65, 96, 89, 84, 46]
12:46:[12, 61, 65, 97, 89, 84, 46]
12:46:[12, 61, 65, 98, 89, 84, 46]
12:47:[12, 61, 63, 90, 87, 84, 47]
12:47:[12, 61, 63, 91, 87, 84, 47]
12:47:[12, 61, 63, 92, 87, 84, 47]
12:47:[12, 61, 64, 93, 88, 84, 47]
12:47:[12, 61, 64, 94, 88, 84, 47]
12:47:[12, 61, 64, 95, 88, 84, 47]
12:47:[12, 61, 65, 96, 89, 84, 47]
12:47:[12, 61, 65, 97, 89, 84, 47]
12:47:[12, 61, 65, 98, 89, 84, 47]
12:48:[12, 61, 63, 90, 87, 85, 48]
12:48:[12, 61, 63, 91, 87, 85, 48]
12:48:[12, 61, 63, 92, 87, 85, 48]
12:48:[12, 61, 64, 93, 88, 85, 48]
12:48:[12, 61, 64, 94, 88, 85, 48]
12:48:[12, 61, 64, 95, 88, 85, 48]
12:48:[12, 61, 65, 96, 89, 85, 48]
12:48:[12, 61, 65, 97, 89, 85, 48]
12:48:[12, 61, 65, 98, 89, 85, 48]
12:49:[12, 61, 63, 90, 87, 85, 49]
12:49:[12, 61, 63, 91, 87, 85, 49]
12:49:[12, 61, 63, 92, 87, 85, 49]
12:49:[12, 61, 64, 93, 88, 85, 49]
12:49:[12, 61, 64, 94, 88, 85, 49]
12:49:[12, 61, 64, 95, 88, 85, 49]
12:49:[12, 61, 65, 96, 89, 85, 49]
12:49:[12, 61, 65, 97, 89, 85, 49]
12:49:[12, 61, 65, 98, 89, 85, 49]
12:50:[12, 61, 63, 90, 87, 85, 50]
12:50:[12, 61, 63, 91, 87, 85, 50]
12:50:[12, 61, 63, 92, 87, 85, 50]
12:50:[12, 61, 64, 93, 88, 85, 50]
12:50:[12, 61, 64, 94, 88, 85, 50]
12:50:[12, 61, 64, 95, 88, 85, 50]
12:50:[12, 61, 65, 96, 89, 85, 50]
12:50:[12, 61, 65, 97, 89, 85, 50]
12:50:[12, 61, 65, 98, 89, 85, 50]
12:51:[12, 61, 63, 90, 87, 86, 51]
12:51:[12, 61, 63, 91, 87, 86, 51]
12:51:[12, 61, 63, 92, 87, 86, 51]
12:51:[12, 61, 64, 93, 88, 86, 51]
12:51:[12, 61, 64, 94, 88, 86, 51]
12:51:[12, 61, 64, 95, 88, 86, 51]
12:51:[12, 61, 65, 96, 89, 86, 51]
12:51:[12, 61, 65, 97, 89, 86, 51]
12:51:[12, 61, 65, 98, 89, 86, 51]
12:52:[12, 61, 63, 90, 87, 86, 52]
12:52:[12, 61, 63, 91, 87, 86, 52]
12:52:[12, 61, 63, 92, 87, 86, 52]
12:52:[12, 61, 64, 93, 88, 86, 52]
12:52:[12, 61, 64, 94, 88, 86, 52]
12:52:[12, 61, 64, 95, 88, 86, 52]
12:52:[12, 61, 65, 96, 89, 86, 52]
12:52:[12, 61, 65, 97, 89, 86, 52]
12:52:[12, 61, 65, 98, 89, 86, 52]
12:53:[12, 61, 63, 90, 87, 86, 53]
12:53:[12, 61, 63, 91, 87, 86, 53]
12:53:[12, 61, 63, 92, 87, 86, 53]
12:53:[12, 61, 64, 93, 88, 86, 53]
12:53:[12, 61, 64, 94, 88, 86, 53]
12:53:[12, 61, 64, 95, 88, 86, 53]
12:53:[12, 61, 65, 96, 89, 86, 53]
12:53:[12, 61, 65, 97, 89, 86, 53]
12:53:[12, 61, 65, 98, 89, 86, 53]
13:0:[13, 61, 63, 90, 57, 54, 0]
13:0:[13, 61, 63, 91, 57, 54, 0]
13:0:[13, 61, 63, 92, 57, 54, 0]
13:0:[13, 61, 64, 93, 58, 54, 0]
13:0:[13, 61, 64, 94, 58, 54, 0]
13:0:[13, 61, 64, 95, 58, 54, 0]
13:0:[13, 61, 65, 96, 59, 54, 0]
13:0:[13, 61, 65, 97, 59, 54, 0]
13:0:[13, 61, 65, 98, 59, 54, 0]
13:1:[13, 61, 63, 90, 57, 54, 1]
13:1:[13, 61, 63, 91, 57, 54, 1]
13:1:[13, 61, 63, 92, 57, 54, 1]
13:1:[13, 61, 64, 93, 58, 54, 1]
13:1:[13, 61, 64, 94, 58, 54, 1]
13:1:[13, 61, 64, 95, 58, 54, 1]
13:1:[13, 61, 65, 96, 59, 54, 1]
13:1:[13, 61, 65, 97, 59, 54, 1]
13:1:[13, 61, 65, 98, 59, 54, 1]
13:2:[13, 61, 63, 90, 57, 54, 2]
13:2:[13, 61, 63, 91, 57, 54, 2]
13:2:[13, 61, 63, 92, 57, 54, 2]
13:2:[13, 61, 64, 93, 58, 54, 2]
13:2:[13, 61, 64, 94, 58, 54, 2]
13:2:[13, 61, 64, 95, 58, 54, 2]
13:2:[13, 61, 65, 96, 59, 54, 2]
13:2:[13, 61, 65, 97, 59, 54, 2]
13:2:[13, 61, 65, 98, 59, 54, 2]
13:3:[13, 61, 63, 90, 57, 55, 3]
13:3:[13, 61, 63, 91, 57, 55, 3]
13:3:[13, 61, 63, 92, 57, 55, 3]
13:3:[13, 61, 64, 93, 58, 55, 3]
13:3:[13, 61, 64, 94, 58, 55, 3]
13:3:[13, 61, 64, 95, 58, 55, 3]
13:3:[13, 61, 65, 96, 59, 55, 3]
13:3:[13, 61, 65, 97, 59, 55, 3]
13:3:[13, 61, 65, 98, 59, 55, 3]
13:4:[13, 61, 63, 90, 57, 55, 4]
13:4:[13, 61, 63, 91, 57, 55, 4]
13:4:[13, 61, 63, 92, 57, 55, 4]
13:4:[13, 61, 64, 93, 58, 55, 4]
13:4:[13, 61, 64, 94, 58, 55, 4]
13:4:[13, 61, 64, 95, 58, 55, 4]
13:4:[13, 61, 65, 96, 59, 55, 4]
13:4:[13, 61, 65, 97, 59, 55, 4]
13:4:[13, 61, 65, 98, 59, 55, 4]
13:5:[13, 61, 63, 90, 57, 55, 5]
13:5:[13, 61, 63, 91, 57, 55, 5]
13:5:[13, 61, 63, 92, 57, 55, 5]
13:5:[13, 61, 64, 93, 58, 55, 5]
13:5:[13, 61, 64, 94, 58, 55, 5]
13:5:[13, 61, 64, 95, 58, 55, 5]
13:5:[13, 61, 65, 96, 59, 55, 5]
13:5:[13, 61, 65, 97, 59, 55, 5]
13:5:[13, 61, 65, 98, 59, 55, 5]
13:6:[13, 61, 63, 90, 57, 56, 6]
13:6:[13, 61, 63, 91, 57, 56, 6]
13:6:[13, 61, 63, 92, 57, 56, 6]
13:6:[13, 61, 64, 93, 58, 56, 6]
13:6:[13, 61, 64, 94, 58, 56, 6]
13:6:[13, 61, 64, 95, 58, 56, 6]
13:6:[13, 61, 65, 96, 59, 56, 6]
13:6:[13, 61, 65, 97, 59, 56, 6]
13:6:[13, 61, 65, 98, 59, 56, 6]
13:7:[13, 61, 63, 90, 57, 56, 7]
13:7:[13, 61, 63, 91, 57, 56, 7]
13:7:[13, 61, 63, 92, 57, 56, 7]
13:7:[13, 61, 64, 93, 58, 56, 7]
13:7:[13, 61, 64, 94, 58, 56, 7]
13:7:[13, 61, 64, 95, 58, 56, 7]
13:7:[13, 61, 65, 96, 59, 56, 7]
13:7:[13, 61, 65, 97, 59, 56, 7]
13:7:[13, 61, 65, 98, 59, 56, 7]
13:8:[13, 61, 63, 90, 57, 56, 8]
13:8:[13, 61, 63, 91, 57, 56, 8]
13:8:[13, 61, 63, 92, 57, 56, 8]
13:8:[13, 61, 64, 93, 58, 56, 8]
13:8:[13, 61, 64, 94, 58, 56, 8]
13:8:[13, 61, 64, 95, 58, 56, 8]
13:8:[13, 61, 65, 96, 59, 56, 8]
13:8:[13, 61, 65, 97, 59, 56, 8]
13:8:[13, 61, 65, 98, 59, 56, 8]
13:9:[13, 61, 63, 60, 9]
13:9:[13, 61, 64, 60, 9]
13:9:[13, 61, 65, 60, 9]
13:10:[13, 61, 63, 60, 10]
13:10:[13, 61, 64, 60, 10]
13:10:[13, 61, 65, 60, 10]
13:11:[13, 61, 63, 60, 11]
13:11:[13, 61, 64, 60, 11]
13:11:[13, 61, 65, 60, 11]
13:12:[13, 61, 12]
13:14:[13, 61, 14]
13:15:[13, 61, 63, 62, 15]
13:15:[13, 61, 64, 62, 15]
13:15:[13, 61, 65, 62, 15]
13:16:[13, 61, 63, 62, 16]
13:16:[13, 61, 64, 62, 16]
13:16:[13, 61, 65, 62, 16]
13:17:[13, 61, 63, 62, 17]
13:17:[13, 61, 64, 62, 17]
13:17:[13, 61, 65, 62, 17]
13:18:[13, 61, 63, 90, 69, 66, 18]
13:18:[13, 61, 63, 91, 69, 66, 18]
13:18:[13, 61, 63, 92, 69, 66, 18]
13:18:[13, 61, 64, 93, 70, 66, 18]
13:18:[13, 61, 64, 94, 70, 66, 18]
13:18:[13, 61, 64, 95, 70, 66, 18]
13:18:[13, 61, 65, 96, 71, 66, 18]
13:18:[13, 61, 65, 97, 71, 66, 18]
13:18:[13, 61, 65, 98, 71, 66, 18]
13:19:[13, 61, 63, 90, 69, 66, 19]
13:19:[13, 61, 63, 91, 69, 66, 19]
13:19:[13, 61, 63, 92, 69, 66, 19]
13:19:[13, 61, 64, 93, 70, 66, 19]
13:19:[13, 61, 64, 94, 70, 66, 19]
13:19:[13, 61, 64, 95, 70, 66, 19]
13:19:[13, 61, 65, 96, 71, 66, 19]
13:19:[13, 61, 65, 97, 71, 66, 19]
13:19:[13, 61, 65, 98, 71, 66, 19]
13:20:[13, 61, 63, 90, 69, 66, 20]
13:20:[13, 61, 63, 91, 69, 66, 20]
13:20:[13, 61, 63, 92, 69, 66, 20]
13:20:[13, 61, 64, 93, 70, 66, 20]
13:20:[13, 61, 64, 94, 70, 66, 20]
13:20:[13, 61, 64, 95, 70, 66, 20]
13:20:[13, 61, 65, 96, 71, 66, 20]
13:20:[13, 61, 65, 97, 71, 66, 20]
13:20:[13, 61, 65, 98, 71, 66, 20]
13:21:[13, 61, 63, 90, 69, 67, 21]
13:21:[13, 61, 63, 91, 69, 67, 21]
13:21:[13, 61, 63, 92, 69, 67, 21]
13:21:[13, 61, 64, 93, 70, 67, 21]
13:21:[13, 61, 64, 94, 70, 67, 21]
13:21:[13, 61, 64, 95, 70, 67, 21]
13:21:[13, 61, 65, 96, 71, 67, 21]
13:21:[13, 61, 65, 97, 71, 67, 21]
13:21:[13, 61, 65, 98, 71, 67, 21]
13:22:[13, 61, 63, 90, 69, 67, 22]
13:22:[13, 61, 63, 91, 69, 67, 22]
13:22:[13, 61, 63, 92, 69, 67, 22]
13:22:[13, 61, 64, 93, 70, 67, 22]
13:22:[13, 61, 64, 94, 70, 67, 22]
13:22:[13, 61, 64, 95, 70, 67, 22]
13:22:[13, 61, 65, 96, 71, 67, 22]
13:22:[13, 61, 65, 97, 71, 67, 22]
13:22:[13, 61, 65, 98, 71, 67, 22]
13:23:[13, 61, 63, 90, 69, 67, 23]
13:23:[13, 61, 63, 91, 69, 67, 23]
13:23:[13, 61, 63, 92, 69, 67, 23]
13:23:[13, 61, 64, 93, 70, 67, 23]
13:23:[13, 61, 64, 94, 70, 67, 23]
13:23:[13, 61, 64, 95, 70, 67, 23]
13:23:[13, 61, 65, 96, 71, 67, 23]
13:23:[13, 61, 65, 97, 71, 67, 23]
13:23:[13, 61, 65, 98, 71, 67, 23]
13:24:[13, 61, 63, 90, 69, 68, 24]
13:24:[13, 61, 63, 91, 69, 68, 24]
13:24:[13, 61, 63, 92, 69, 68, 24]
13:24:[13, 61, 64, 93, 70, 68, 24]
13:24:[13, 61, 64, 94, 70, 68, 24]
13:24:[13, 61, 64, 95, 70, 68, 24]
13:24:[13, 61, 65, 96, 71, 68, 24]
13:24:[13, 61, 65, 97, 71, 68, 24]
13:24:[13, 61, 65, 98, 71, 68, 24]
13:25:[13, 61, 63, 90, 69, 68, 25]
13:25:[13, 61, 63, 91, 69, 68, 25]
13:25:[13, 61, 63, 92, 69, 68, 25]
13:25:[13, 61, 64, 93, 70, 68, 25]
13:25:[13, 61, 64, 94, 70, 68, 25]
13:25:[13, 61, 64, 95, 70, 68, 25]
13:25:[13, 61, 65, 96, 71, 68, 25]
13:25:[13, 61, 65, 97, 71, 68, 25]
13:25:[13, 61, 65, 98, 71, 68, 25]
13:26:[13, 61, 63, 90, 69, 68, 26]
13:26:[13, 61, 63, 91, 69, 68, 26]
13:26:[13, 61, 63, 92, 69, 68, 26]
13:26:[13, 61, 64, 93, 70, 68, 26]
13:26:[13, 61, 64, 94, 70, 68, 26]
13:26:[13, 61, 64, 95, 70, 68, 26]
13:26:[13, 61, 65, 96, 71, 68, 26]
13:26:[13, 61, 65, 97, 71, 68, 26]
13:26:[13, 61, 65, 98, 71, 68, 26]
13:27:[13, 61, 63, 90, 75, 72, 27]
13:27:[13, 61, 63, 91, 75, 72, 27]
13:27:[13, 61, 63, 92, 75, 72, 27]
13:27:[13, 61, 64, 93, 76, 72, 27]
13:27:[13, 61, 64, 94, 76, 72, 27]
13:27:[13, 61, 64, 95, 76, 72, 27]
13:27:[13, 61, 65, 96, 77, 72, 27]
13:27:[13, 61, 65, 97, 77, 72, 27]
13:27:[13, 61, 65, 98, 77, 72, 27]
13:28:[13, 61, 63, 90, 75, 72, 28]
13:28:[13, 61, 63, 91, 75, 72, 28]
13:28:[13, 61, 63, 92, 75, 72, 28]
13:28:[13, 61, 64, 93, 76, 72, 28]
13:28:[13, 61, 64, 94, 76, 72, 28]
13:28:[13, 61, 64, 95, 76, 72, 28]
13:28:[13, 61, 65, 96, 77, 72, 28]
13:28:[13, 61, 65, 97, 77, 72, 28]
13:28:[13, 61, 65, 98, 77, 72, 28]
13:29:[13, 61, 63, 90, 75, 72, 29]
13:29:[13, 61, 63, 91, 75, 72, 29]
13:29:[13, 61, 63, 92, 75, 72, 29]
13:29:[13, 61, 64, 93, 76, 72, 29]
13:29:[13, 61, 64, 94, 76, 72, 29]
13:29:[13, 61, 64, 95, 76, 72, 29]
13:29:[13, 61, 65, 96, 77, 72, 29]
13:29:[13, 61, 65, 97, 77, 72, 29]
13:29:[13, 61, 65, 98, 77, 72, 29]
13:30:[13, 61, 63, 90, 75, 73, 30]
13:30:[13, 61, 63, 91, 75, 73, 30]
13:30:[13, 61, 63, 92, 75, 73, 30]
13:30:[13, 61, 64, 93, 76, 73, 30]
13:30:[13, 61, 64, 94, 76, 73, 30]
13:30:[13, 61, 64, 95, 76, 73, 30]
13:30:[13, 61, 65, 96, 77, 73, 30]
13:30:[13, 61, 65, 97, 77, 73, 30]
13:30:[13, 61, 65, 98, 77, 73, 30]
13:31:[13, 61, 63, 90, 75, 73, 31]
13:31:[13, 61, 63, 91, 75, 73, 31]
13:31:[13, 61, 63, 92, 75, 73, 31]
13:31:[13, 61, 64, 93, 76, 73, 31]
13:31:[13, 61, 64, 94, 76, 73, 31]
13:31:[13, 61, 64, 95, 76, 73, 31]
13:31:[13, 61, 65, 96, 77, 73, 31]
13:31:[13, 61, 65, 97, 77, 73, 31]
13:31:[13, 61, 65, 98, 77, 73, 31]
13:32:[13, 61, 63, 90, 75, 73, 32]
13:32:[13, 61, 63, 91, 75, 73, 32]
13:32:[13, 61, 63, 92, 75, 73, 32]
13:32:[13, 61, 64, 93, 76, 73, 32]
13:32:[13, 61, 64, 94, 76, 73, 32]
13:32:[13, 61, 64, 95, 76, 73, 32]
13:32:[13, 61, 65, 96, 77, 73, 32]
13:32:[13, 61, 65, 97, 77, 73, 32]
13:32:[13, 61, 65, 98, 77, 73, 32]
13:33:[13, 61, 63, 90, 75, 74, 33]
13:33:[13, 61, 63, 91, 75, 74, 33]
13:33:[13, 61, 63, 92, 75, 74, 33]
13:33:[13, 61, 64, 93, 76, 74, 33]
13:33:[13, 61, 64, 94, 76, 74, 33]
13:33:[13, 61, 64, 95, 76, 74, 33]
13:33:[13, 61, 65, 96, 77, 74, 33]
13:33:[13, 61, 65, 97, 77, 74, 33]
13:33:[13, 61, 65, 98, 77, 74, 33]
13:34:[13, 61, 63, 90, 75, 74, 34]
13:34:[13, 61, 63, 91, 75, 74, 34]
13:34:[13, 61, 63, 92, 75, 74, 34]
13:34:[13, 61, 64, 93, 76, 74, 34]
13:34:[13, 61, 64, 94, 76, 74, 34]
13:34:[13, 61, 64, 95, 76, 74, 34]
13:34:[13, 61, 65, 96, 77, 74, 34]
13:34:[13, 61, 65, 97, 77, 74, 34]
13:34:[13, 61, 65, 98, 77, 74, 34]
13:35:[13, 61, 63, 90, 75, 74, 35]
13:35:[13, 61, 63, 91, 75, 74, 35]
13:35:[13, 61, 63, 92, 75, 74, 35]
13:35:[13, 61, 64, 93, 76, 74, 35]
13:35:[13, 61, 64, 94, 76, 74, 35]
13:35:[13, 61, 64, 95, 76, 74, 35]
13:35:[13, 61, 65, 96, 77, 74, 35]
13:35:[13, 61, 65, 97, 77, 74, 35]
13:35:[13, 61, 65, 98, 77, 74, 35]
13:36:[13, 61, 63, 90, 81, 78, 36]
13:36:[13, 61, 63, 91, 81, 78, 36]
13:36:[13, 61, 63, 92, 81, 78, 36]
13:36:[13, 61, 64, 93, 82, 78, 36]
13:36:[13, 61, 64, 94, 82, 78, 36]
13:36:[13, 61, 64, 95, 82, 78, 36]
13:36:[13, 61, 65, 96, 83, 78, 36]
13:36:[13, 61, 65, 97, 83, 78, 36]
13:36:[13, 61, 65, 98, 83, 78, 36]
13:37:[13, 61, 63, 90, 81, 78, 37]
13:37:[13, 61, 63, 91, 81, 78, 37]
13:37:[13, 61, 63, 92, 81, 78, 37]
13:37:[13, 61, 64, 93, 82, 78, 37]
13:37:[13, 61, 64, 94, 82, 78, 37]
13:37:[13, 61, 64, 95, 82, 78, 37]
13:37:[13, 61, 65, 96, 83, 78, 37]
13:37:[13, 61, 65, 97, 83, 78, 37]
13:37:[13, 61, 65, 98, 83, 78, 37]
13:38:[13, 61, 63, 90, 81, 78, 38]
13:38:[13, 61, 63, 91, 81, 78, 38]
13:38:[13, 61, 63, 92, 81, 78, 38]
13:38:[13, 61, 64, 93, 82, 78, 38]
13:38:[13, 61, 64, 94, 82, 78, 38]
13:38:[13, 61, 64, 95, 82, 78, 38]
13:38:[13, 61, 65, 96, 83, 78, 38]
13:38:[13, 61, 65, 97, 83, 78, 38]
13:38:[13, 61, 65, 98, 83, 78, 38]
13:39:[13, 61, 63, 90, 81, 79, 39]
13:39:[13, 61, 63, 91, 81, 79, 39]
13:39:[13, 61, 63, 92, 81, 79, 39]
13:39:[13, 61, 64, 93, 82, 79, 39]
13:39:[13, 61, 64, 94, 82, 79, 39]
13:39:[13, 61, 64, 95, 82, 79, 39]
13:39:[13, 61, 65, 96, 83, 79, 39]
13:39:[13, 61, 65, 97, 83, 79, 39]
13:39:[13, 61, 65, 98, 83, 79, 39]
13:40:[13, 61, 63, 90, 81, 79, 40]
13:40:[13, 61, 63, 91, 81, 79, 40]
13:40:[13, 61, 63, 92, 81, 79, 40]
13:40:[13, 61, 64, 93, 82, 79, 40]
13:40:[13, 61, 64, 94, 82, 79, 40]
13:40:[13, 61, 64, 95, 82, 79, 40]
13:40:[13, 61, 65, 96, 83, 79, 40]
13:40:[13, 61, 65, 97, 83, 79, 40]
13:40:[13, 61, 65, 98, 83, 79, 40]
13:41:[13, 61, 63, 90, 81, 79, 41]
13:41:[13, 61, 63, 91, 81, 79, 41]
13:41:[13, 61, 63, 92, 81, 79, 41]
13:41:[13, 61, 64, 93, 82, 79, 41]
13:41:[13, 61, 64, 94, 82, 79, 41]
13:41:[13, 61, 64, 95, 82, 79, 41]
13:41:[13, 61, 65, 96, 83, 79, 41]
13:41:[13, 61, 65, 97, 83, 79, 41]
13:41:[13, 61, 65, 98, 83, 79, 41]
13:42:[13, 61, 63, 90, 81, 80, 42]
13:42:[13, 61, 63, 91, 81, 80, 42]
13:42:[13, 61, 63, 92, 81, 80, 42]
13:42:[13, 61, 64, 93, 82, 80, 42]
13:42:[13, 61, 64, 94, 82, 80, 42]
13:42:[13, 61, 64, 95, 82, 80, 42]
13:42:[13, 61, 65, 96, 83, 80, 42]
13:42:[13, 61, 65, 97, 83, 80, 42]
13:42:[13, 61, 65, 98, 83, 80, 42]
13:43:[13, 61, 63, 90, 81, 80, 43]
13:43:[13, 61, 63, 91, 81, 80, 43]
13:43:[13, 61, 63, 92, 81, 80, 43]
13:43:[13, 61, 64, 93, 82, 80, 43]
13:43:[13, 61, 64, 94, 82, 80, 43]
13:43:[13, 61, 64, 95, 82, 80, 43]
13:43:[13, 61, 65, 96, 83, 80, 43]
13:43:[13, 61, 65, 97, 83, 80, 43]
13:43:[13, 61, 65, 98, 83, 80, 43]
13:44:[13, 61, 63, 90, 81, 80, 44]
13:44:[13, 61, 63, 91, 81, 80, 44]
13:44:[13, 61, 63, 92, 81, 80, 44]
13:44:[13, 61, 64, 93, 82, 80, 44]
13:44:[13, 61, 64, 94, 82, 80, 44]
13:44:[13, 61, 64, 95, 82, 80, 44]
13:44:[13, 61, 65, 96, 83, 80, 44]
13:44:[13, 61, 65, 97, 83, 80, 44]
13:44:[13, 61, 65, 98, 83, 80, 44]
13:45:[13, 61, 63, 90, 87, 84, 45]
13:45:[13, 61, 63, 91, 87, 84, 45]
13:45:[13, 61, 63, 92, 87, 84, 45]
13:45:[13, 61, 64, 93, 88, 84, 45]
13:45:[13, 61, 64, 94, 88, 84, 45]
13:45:[13, 61, 64, 95, 88, 84, 45]
13:45:[13, 61, 65, 96, 89, 84, 45]
13:45:[13, 61, 65, 97, 89, 84, 45]
13:45:[13, 61, 65, 98, 89, 84, 45]
13:46:[13, 61, 63, 90, 87, 84, 46]
13:46:[13, 61, 63, 91, 87, 84, 46]
13:46:[13, 61, 63, 92, 87, 84, 46]
13:46:[13, 61, 64, 93, 88, 84, 46]
13:46:[13, 61, 64, 94, 88, 84, 46]
13:46:[13, 61, 64, 95, 88, 84, 46]
13:46:[13, 61, 65, 96, 89, 84, 46]
13:46:[13, 61, 65, 97, 89, 84, 46]
13:46:[13, 61, 65, 98, 89, 84, 46]
13:47:[13, 61, 63, 90, 87, 84, 47]
13:47:[13, 61, 63, 91, 87, 84, 47]
13:47:[13, 61, 63, 92, 87, 84, 47]
13:47:[13, 61, 64, 93, 88, 84, 47]
13:47:[13, 61, 64, 94, 88, 84, 47]
13:47:[13, 61, 64, 95, 88, 84, 47]
13:47:[13, 61, 65, 96, 89, 84, 47]
13:47:[13, 61, 65, 97, 89, 84, 47]
13:47:[13, 61, 65, 98, 89, 84, 47]
13:48:[13, 61, 63, 90, 87, 85, 48]
13:48:[13, 61, 63, 91, 87, 85, 48]
13:48:[13, 61, 63, 92, 87, 85, 48]
13:48:[13, 61, 64, 93, 88, 85, 48]
13:48:[13, 61, 64, 94, 88, 85, 48]
13:48:[13, 61, 64, 95, 88, 85, 48]
13:48:[13, 61, 65, 96, 89, 85, 48]
13:48:[13, 61, 65, 97, 89, 85, 48]
13:48:[13, 61, 65, 98, 89, 85, 48]
13:49:[13, 61, 63, 90, 87, 85, 49]
13:49:[13, 61, 63, 91, 87, 85, 49]
13:49:[13, 61, 63, 92, 87, 85, 49]
13:49:[13, 61, 64, 93, 88, 85, 49]
13:49:[13, 61, 64, 94, 88, 85, 49]
13:49:[13, 61, 64, 95, 88, 85, 49]
13:49:[13, 61, 65, 96, 89, 85, 49]
13:49:[13, 61, 65, 97, 89, 85, 49]
13:49:[13, 61, 65, 98, 89, 85, 49]
13:50:[13, 61, 63, 90, 87, 85, 50]
13:50:[13, 61, 63, 91, 87, 85, 50]
13:50:[13, 61, 63, 92, 87, 85, 50]
13:50:[13, 61, 64, 93, 88, 85, 50]
13:50:[13, 61, 64, 94, 88, 85, 50]
13:50:[13, 61, 64, 95, 88, 85, 50]
13:50:[13, 61, 65, 96, 89, 85, 50]
13:50:[13, 61, 65, 97, 89, 85, 50]
13:50:[13, 61, 65, 98, 89, 85, 50]
13:51:[13, 61, 63, 90, 87, 86, 51]
13:51:[13, 61, 63, 91, 87, 86, 51]
13:51:[13, 61, 63, 92, 87, 86, 51]
13:51:[13, 61, 64, 93, 88, 86, 51]
13:51:[13, 61, 64, 94, 88, 86, 51]
13:51:[13, 61, 64, 95, 88, 86, 51]
13:51:[13, 61, 65, 96, 89, 86, 51]
13:51:[13, 61, 65, 97, 89, 86, 51]
13:51:[13, 61, 65, 98, 89, 86, 51]
13:52:[13, 61, 63, 90, 87, 86, 52]
13:52:[13, 61, 63, 91, 87, 86, 52]
13:52:[13, 61, 63, 92, 87, 86, 52]
13:52:[13, 61, 64, 93, 88, 86, 52]
13:52:[13, 61, 64, 94, 88, 86, 52]
13:52:[13, 61, 64, 95, 88, 86, 52]
13:52:[13, 61, 65, 96, 89, 86, 52]
13:52:[13, 61, 65, 97, 89, 86, 52]
13:52:[13, 61, 65, 98, 89, 86, 52]
13:53:[13, 61, 63, 90, 87, 86, 53]
13:53:[13, 61, 63, 91, 87, 86, 53]
13:53:[13, 61, 63, 92, 87, 86, 53]
13:53:[13, 61, 64, 93, 88, 86, 53]
13:53:[13, 61, 64, 94, 88, 86, 53]
13:53:[13, 61, 64, 95, 88, 86, 53]
13:53:[13, 61, 65, 96, 89, 86, 53]
13:53:[13, 61, 65, 97, 89, 86, 53]
13:53:[13, 61, 65, 98, 89, 86, 53]
14:0:[14, 61, 63, 90, 57, 54, 0]
14:0:[14, 61, 63, 91, 57, 54, 0]
14:0:[14, 61, 63, 92, 57, 54, 0]
14:0:[14, 61, 64, 93, 58, 54, 0]
14:0:[14, 61, 64, 94, 58, 54, 0]
14:0:[14, 61, 64, 95, 58, 54, 0]
14:0:[14, 61, 65, 96, 59, 54, 0]
14:0:[14, 61, 65, 97, 59, 54, 0]
14:0:[14, 61, 65, 98, 59, 54, 0]
14:1:[14, 61, 63, 90, 57, 54, 1]
14:1:[14, 61, 63, 91, 57, 54, 1]
14:1:[14, 61, 63, 92, 57, 54, 1]
14:1:[14, 61, 64, 93, 58, 54, 1]
14:1:[14, 61, 64, 94, 58, 54, 1]
14:1:[14, 61, 64, 95, 58, 54, 1]
14:1:[14, 61, 65, 96, 59, 54, 1]
14:1:[14, 61, 65, 97, 59, 54, 1]
14:1:[14, 61, 65, 98, 59, 54, 1]
14:2:[14, 61, 63, 90, 57, 54, 2]
14:2:[14, 61, 63, 91, 57, 54, 2]
14:2:[14, 61, 63, 92, 57, 54, 2]
14:2:[14, 61, 64, 93, 58, 54, 2]
14:2:[14, 61, 64, 94, 58, 54, 2]
14:2:[14, 61, 64, 95, 58, 54, 2]
14:2:[14, 61, 65, 96, 59, 54, 2]
14:2:[14, 61, 65, 97, 59, 54, 2]
14:2:[14, 61, 65, 98, 59, 54, 2]
14:3:[14, 61, 63, 90, 57, 55, 3]
14:3:[14, 61, 63, 91, 57, 55, 3]
14:3:[14, 61, 63, 92, 57, 55, 3]
14:3:[14, 61, 64, 93, 58, 55, 3]
14:3:[14, 61, 64, 94, 58, 55, 3]
14:3:[14, 61, 64, 95, 58, 55, 3]
14:3:[14, 61, 65, 96, 59, 55, 3]
14:3:[14, 61, 65, 97, 59, 55, 3]
14:3:[14, 61, 65, 98, 59, 55, 3]
14:4:[14, 61, 63, 90, 57, 55, 4]
14:4:[14, 61, 63, 91, 57, 55, 4]
14:4:[14, 61, 63, 92, 57, 55, 4]
14:4:[14, 61, 64, 93, 58, 55, 4]
14:4:[14, 61, 64, 94, 58, 55, 4]
14:4:[14, 61, 64, 95, 58, 55, 4]
14:4:[14, 61, 65, 96, 59, 55, 4]
14:4:[14, 61, 65, 97, 59, 55, 4]
14:4:[14, 61, 65, 98, 59, 55, 4]
14:5:[14, 61, 63, 90, 57, 55, 5]
14:5:[14, 61, 63, 91, 57, 55, 5]
14:5:[14, 61, 63, 92, 57, 55, 5]
14:5:[14, 61, 64, 93, 58, 55, 5]
14:5:[14, 61, 64, 94, 58, 55, 5]
14:5:[14, 61, 64, 95, 58, 55, 5]
14:5:[14, 61, 65, 96, 59, 55, 5]
14:5:[14, 61, 65, 97, 59, 55, 5]
14:5:[14, 61, 65, 98, 59, 55, 5]
14:6:[14, 61, 63, 90, 57, 56, 6]
14:6:[14, 61, 63, 91, 57, 56, 6]
14:6:[14, 61, 63, 92, 57, 56, 6]
14:6:[14, 61, 64, 93, 58, 56, 6]
14:6:[14, 61, 64, 94, 58, 56, 6]
14:6:[14, 61, 64, 95, 58, 56, 6]
14:6:[14, 61, 65, 96, 59, 56, 6]
14:6:[14, 61, 65, 97, 59, 56, 6]
14:6:[14, 61, 65, 98, 59, 56, 6]
14:7:[14, 61, 63, 90, 57, 56, 7]
14:7:[14, 61, 63, 91, 57, 56, 7]
14:7:[14, 61, 63, 92, 57, 56, 7]
14:7:[14, 61, 64, 93, 58, 56, 7]
14:7:[14, 61, 64, 94, 58, 56, 7]
14:7:[14, 61, 64, 95, 58, 56, 7]
14:7:[14, 61, 65, 96, 59, 56, 7]
14:7:[14, 61, 65, 97, 59, 56, 7]
14:7:[14, 61, 65, 98, 59, 56, 7]
14:8:[14, 61, 63, 90, 57, 56, 8]
14:8:[14, 61, 63, 91, 57, 56, 8]
14:8:[14, 61, 63, 92, 57, 56, 8]
14:8:[14, 61, 64, 93, 58, 56, 8]
14:8:[14, 61, 64, 94, 58, 56, 8]
14:8:[14, 61, 64, 95, 58, 56, 8]
14:8:[14, 61, 65, 96, 59, 56, 8]
14:8:[14, 61, 65, 97, 59, 56, 8]
14:8:[14, 61, 65, 98, 59, 56, 8]
14:9:[14, 61, 63, 60, 9]
14:9:[14, 61, 64, 60, 9]
14:9:[14, 61, 65, 60, 9]
14:10:[14, 61, 63, 60, 10]
14:10:[14, 61, 64, 60, 10]
14:10:[14, 61, 65, 60, 10]
14:11:[14, 61, 63, 60, 11]
14:11:[14, 61, 64, 60, 11]
14:11:[14, 61, 65, 60, 11]
14:12:[14, 61, 12]
14:13:[14, 61, 13]
14:15:[14, 61, 63, 62, 15]
14:15:[14, 61, 64, 62, 15]
14:15:[14, 61, 65, 62, 15]
14:16:[14, 61, 63, 62, 16]
14:16:[14, 61, 64, 62, 16]
14:16:[14, 61, 65, 62, 16]
14:17:[14, 61, 63, 62, 17]
14:17:[14, 61, 64, 62, 17]
14:17:[14, 61, 65, 62, 17]
14:18:[14, 61, 63, 90, 69, 66, 18]
14:18:[14, 61, 63, 91, 69, 66, 18]
14:18:[14, 61, 63, 92, 69, 66, 18]
14:18:[14, 61, 64, 93, 70, 66, 18]
14:18:[14, 61, 64, 94, 70, 66, 18]
14:18:[14, 61, 64, 95, 70, 66, 18]
14:18:[14, 61, 65, 96, 71, 66, 18]
14:18:[14, 61, 65, 97, 71, 66, 18]
14:18:[14, 61, 65, 98, 71, 66, 18]
14:19:[14, 61, 63, 90, 69, 66, 19]
14:19:[14, 61, 63, 91, 69, 66, 19]
14:19:[14, 61, 63, 92, 69, 66, 19]
14:19:[14, 61, 64, 93, 70, 66, 19]
14:19:[14, 61, 64, 94, 70, 66, 19]
14:19:[14, 61, 64, 95, 70, 66, 19]
14:19:[14, 61, 65, 96, 71, 66, 19]
14:19:[14, 61, 65, 97, 71, 66, 19]
14:19:[14, 61, 65, 98, 71, 66, 19]
14:20:[14, 61, 63, 90, 69, 66, 20]
14:20:[14, 61, 63, 91, 69, 66, 20]
14:20:[14, 61, 63, 92, 69, 66, 20]
14:20:[14, 61, 64, 93, 70, 66, 20]
14:20:[14, 61, 64, 94, 70, 66, 20]
14:20:[14, 61, 64, 95, 70, 66, 20]
14:20:[14, 61, 65, 96, 71, 66, 20]
14:20:[14, 61, 65, 97, 71, 66, 20]
14:20:[14, 61, 65, 98, 71, 66, 20]
14:21:[14, 61, 63, 90, 69, 67, 21]
14:21:[14, 61, 63, 91, 69, 67, 21]
14:21:[14, 61, 63, 92, 69, 67, 21]
14:21:[14, 61, 64, 93, 70, 67, 21]
14:21:[14, 61, 64, 94, 70, 67, 21]
14:21:[14, 61, 64, 95, 70, 67, 21]
14:21:[14, 61, 65, 96, 71, 67, 21]
14:21:[14, 61, 65, 97, 71, 67, 21]
14:21:[14, 61, 65, 98, 71, 67, 21]
14:22:[14, 61, 63, 90, 69, 67, 22]
14:22:[14, 61, 63, 91, 69, 67, 22]
14:22:[14, 61, 63, 92, 69, 67, 22]
14:22:[14, 61, 64, 93, 70, 67, 22]
14:22:[14, 61, 64, 94, 70, 67, 22]
14:22:[14, 61, 64, 95, 70, 67, 22]
14:22:[14, 61, 65, 96, 71, 67, 22]
14:22:[14, 61, 65, 97, 71, 67, 22]
14:22:[14, 61, 65, 98, 71, 67, 22]
14:23:[14, 61, 63, 90, 69, 67, 23]
14:23:[14, 61, 63, 91, 69, 67, 23]
14:23:[14, 61, 63, 92, 69, 67, 23]
14:23:[14, 61, 64, 93, 70, 67, 23]
14:23:[14, 61, 64, 94, 70, 67, 23]
14:23:[14, 61, 64, 95, 70, 67, 23]
14:23:[14, 61, 65, 96, 71, 67, 23]
14:23:[14, 61, 65, 97, 71, 67, 23]
14:23:[14, 61, 65, 98, 71, 67, 23]
14:24:[14, 61, 63, 90, 69, 68, 24]
14:24:[14, 61, 63, 91, 69, 68, 24]
14:24:[14, 61, 63, 92, 69, 68, 24]
14:24:[14, 61, 64, 93, 70, 68, 24]
14:24:[14, 61, 64, 94, 70, 68, 24]
14:24:[14, 61, 64, 95, 70, 68, 24]
14:24:[14, 61, 65, 96, 71, 68, 24]
14:24:[14, 61, 65, 97, 71, 68, 24]
14:24:[14, 61, 65, 98, 71, 68, 24]
14:25:[14, 61, 63, 90, 69, 68, 25]
14:25:[14, 61, 63, 91, 69, 68, 25]
14:25:[14, 61, 63, 92, 69, 68, 25]
14:25:[14, 61, 64, 93, 70, 68, 25]
14:25:[14, 61, 64, 94, 70, 68, 25]
14:25:[14, 61, 64, 95, 70, 68, 25]
14:25:[14, 61, 65, 96, 71, 68, 25]
14:25:[14, 61, 65, 97, 71, 68, 25]
14:25:[14, 61, 65, 98, 71, 68, 25]
14:26:[14, 61, 63, 90, 69, 68, 26]
14:26:[14, 61, 63, 91, 69, 68, 26]
14:26:[14, 61, 63, 92, 69, 68, 26]
14:26:[14, 61, 64, 93, 70, 68, 26]
14:26:[14, 61, 64, 94, 70, 68, 26]
14:26:[14, 61, 64, 95, 70, 68, 26]
14:26:[14, 61, 65, 96, 71, 68, 26]
14:26:[14, 61, 65, 97, 71, 68, 26]
14:26:[14, 61, 65, 98, 71, 68, 26]
14:27:[14, 61, 63, 90, 75, 72, 27]
14:27:[14, 61, 63, 91, 75, 72, 27]
14:27:[14, 61, 63, 92, 75, 72, 27]
14:27:[14, 61, 64, 93, 76, 72, 27]
14:27:[14, 61, 64, 94, 76, 72, 27]
14:27:[14, 61, 64, 95, 76, 72, 27]
14:27:[14, 61, 65, 96, 77, 72, 27]
14:27:[14, 61, 65, 97, 77, 72, 27]
14:27:[14, 61, 65, 98, 77, 72, 27]
14:28:[14, 61, 63, 90, 75, 72, 28]
14:28:[14, 61, 63, 91, 75, 72, 28]
14:28:[14, 61, 63, 92, 75, 72, 28]
14:28:[14, 61, 64, 93, 76, 72, 28]
14:28:[14, 61, 64, 94, 76, 72, 28]
14:28:[14, 61, 64, 95, 76, 72, 28]
14:28:[14, 61, 65, 96, 77, 72, 28]
14:28:[14, 61, 65, 97, 77, 72, 28]
14:28:[14, 61, 65, 98, 77, 72, 28]
14:29:[14, 61, 63, 90, 75, 72, 29]
14:29:[14, 61, 63, 91, 75, 72, 29]
14:29:[14, 61, 63, 92, 75, 72, 29]
14:29:[14, 61, 64, 93, 76, 72, 29]
14:29:[14, 61, 64, 94, 76, 72, 29]
14:29:[14, 61, 64, 95, 76, 72, 29]
14:29:[14, 61, 65, 96, 77, 72, 29]
14:29:[14, 61, 65, 97, 77, 72, 29]
14:29:[14, 61, 65, 98, 77, 72, 29]
14:30:[14, 61, 63, 90, 75, 73, 30]
14:30:[14, 61, 63, 91, 75, 73, 30]
14:30:[14, 61, 63, 92, 75, 73, 30]
14:30:[14, 61, 64, 93, 76, 73, 30]
14:30:[14, 61, 64, 94, 76, 73, 30]
14:30:[14, 61, 64, 95, 76, 73, 30]
14:30:[14, 61, 65, 96, 77, 73, 30]
14:30:[14, 61, 65, 97, 77, 73, 30]
14:30:[14, 61, 65, 98, 77, 73, 30]
14:31:[14, 61, 63, 90, 75, 73, 31]
14:31:[14, 61, 63, 91, 75, 73, 31]
14:31:[14, 61, 63, 92, 75, 73, 31]
14:31:[14, 61, 64, 93, 76, 73, 31]
14:31:[14, 61, 64, 94, 76, 73, 31]
14:31:[14, 61, 64, 95, 76, 73, 31]
14:31:[14, 61, 65, 96, 77, 73, 31]
14:31:[14, 61, 65, 97, 77, 73, 31]
14:31:[14, 61, 65, 98, 77, 73, 31]
14:32:[14, 61, 63, 90, 75, 73, 32]
14:32:[14, 61, 63, 91, 75, 73, 32]
14:32:[14, 61, 63, 92, 75, 73, 32]
14:32:[14, 61, 64, 93, 76, 73, 32]
14:32:[14, 61, 64, 94, 76, 73, 32]
14:32:[14, 61, 64, 95, 76, 73, 32]
14:32:[14, 61, 65, 96, 77, 73, 32]
14:32:[14, 61, 65, 97, 77, 73, 32]
14:32:[14, 61, 65, 98, 77, 73, 32]
14:33:[14, 61, 63, 90, 75, 74, 33]
14:33:[14, 61, 63, 91, 75, 74, 33]
14:33:[14, 61, 63, 92, 75, 74, 33]
14:33:[14, 61, 64, 93, 76, 74, 33]
14:33:[14, 61, 64, 94, 76, 74, 33]
14:33:[14, 61, 64, 95, 76, 74, 33]
14:33:[14, 61, 65, 96, 77, 74, 33]
14:33:[14, 61, 65, 97, 77, 74, 33]
14:33:[14, 61, 65, 98, 77, 74, 33]
14:34:[14, 61, 63, 90, 75, 74, 34]
14:34:[14, 61, 63, 91, 75, 74, 34]
14:34:[14, 61, 63, 92, 75, 74, 34]
14:34:[14, 61, 64, 93, 76, 74, 34]
14:34:[14, 61, 64, 94, 76, 74, 34]
14:34:[14, 61, 64, 95, 76, 74, 34]
14:34:[14, 61, 65, 96, 77, 74, 34]
14:34:[14, 61, 65, 97, 77, 74, 34]
14:34:[14, 61, 65, 98, 77, 74, 34]
14:35:[14, 61, 63, 90, 75, 74, 35]
14:35:[14, 61, 63, 91, 75, 74, 35]
14:35:[14, 61, 63, 92, 75, 74, 35]
14:35:[14, 61, 64, 93, 76, 74, 35]
14:35:[14, 61, 64, 94, 76, 74, 35]
14:35:[14, 61, 64, 95, 76, 74, 35]
14:35:[14, 61, 65, 96, 77, 74, 35]
14:35:[14, 61, 65, 97, 77, 74, 35]
14:35:[14, 61, 65, 98, 77, 74, 35]
14:36:[14, 61, 63, 90, 81, 78, 36]
14:36:[14, 61, 63, 91, 81, 78, 36]
14:36:[14, 61, 63, 92, 81, 78, 36]
14:36:[14, 61, 64, 93, 82, 78, 36]
14:36:[14, 61, 64, 94, 82, 78, 36]
14:36:[14, 61, 64, 95, 82, 78, 36]
14:36:[14, 61, 65, 96, 83, 78, 36]
14:36:[14, 61, 65, 97, 83, 78, 36]
14:36:[14, 61, 65, 98, 83, 78, 36]
14:37:[14, 61, 63, 90, 81, 78, 37]
14:37:[14, 61, 63, 91, 81, 78, 37]
14:37:[14, 61, 63, 92, 81, 78, 37]
14:37:[14, 61, 64, 93, 82, 78, 37]
14:37:[14, 61, 64, 94, 82, 78, 37]
14:37:[14, 61, 64, 95, 82, 78, 37]
14:37:[14, 61, 65, 96, 83, 78, 37]
14:37:[14, 61, 65, 97, 83, 78, 37]
14:37:[14, 61, 65, 98, 83, 78, 37]
14:38:[14, 61, 63, 90, 81, 78, 38]
14:38:[14, 61, 63, 91, 81, 78, 38]
14:38:[14, 61, 63, 92, 81, 78, 38]
14:38:[14, 61, 64, 93, 82, 78, 38]
14:38:[14, 61, 64, 94, 82, 78, 38]
14:38:[14, 61, 64, 95, 82, 78, 38]
14:38:[14, 61, 65, 96, 83, 78, 38]
14:38:[14, 61, 65, 97, 83, 78, 38]
14:38:[14, 61, 65, 98, 83, 78, 38]
14:39:[14, 61, 63, 90, 81, 79, 39]
14:39:[14, 61, 63, 91, 81, 79, 39]
14:39:[14, 61, 63, 92, 81, 79, 39]
14:39:[14, 61, 64, 93, 82, 79, 39]
14:39:[14, 61, 64, 94, 82, 79, 39]
14:39:[14, 61, 64, 95, 82, 79, 39]
14:39:[14, 61, 65, 96, 83, 79, 39]
14:39:[14, 61, 65, 97, 83, 79, 39]
14:39:[14, 61, 65, 98, 83, 79, 39]
14:40:[14, 61, 63, 90, 81, 79, 40]
14:40:[14, 61, 63, 91, 81, 79, 40]
14:40:[14, 61, 63, 92, 81, 79, 40]
14:40:[14, 61, 64, 93, 82, 79, 40]
14:40:[14, 61, 64, 94, 82, 79, 40]
14:40:[14, 61, 64, 95, 82, 79, 40]
14:40:[14, 61, 65, 96, 83, 79, 40]
14:40:[14, 61, 65, 97, 83, 79, 40]
14:40:[14, 61, 65, 98, 83, 79, 40]
14:41:[14, 61, 63, 90, 81, 79, 41]
14:41:[14, 61, 63, 91, 81, 79, 41]
14:41:[14, 61, 63, 92, 81, 79, 41]
14:41:[14, 61, 64, 93, 82, 79, 41]
14:41:[14, 61, 64, 94, 82, 79, 41]
14:41:[14, 61, 64, 95, 82, 79, 41]
14:41:[14, 61, 65, 96, 83, 79, 41]
14:41:[14, 61, 65, 97, 83, 79, 41]
14:41:[14, 61, 65, 98, 83, 79, 41]
14:42:[14, 61, 63, 90, 81, 80, 42]
14:42:[14, 61, 63, 91, 81, 80, 42]
14:42:[14, 61, 63, 92, 81, 80, 42]
14:42:[14, 61, 64, 93, 82, 80, 42]
14:42:[14, 61, 64, 94, 82, 80, 42]
14:42:[14, 61, 64, 95, 82, 80, 42]
14:42:[14, 61, 65, 96, 83, 80, 42]
14:42:[14, 61, 65, 97, 83, 80, 42]
14:42:[14, 61, 65, 98, 83, 80, 42]
14:43:[14, 61, 63, 90, 81, 80, 43]
14:43:[14, 61, 63, 91, 81, 80, 43]
14:43:[14, 61, 63, 92, 81, 80, 43]
14:43:[14, 61, 64, 93, 82, 80, 43]
14:43:[14, 61, 64, 94, 82, 80, 43]
14:43:[14, 61, 64, 95, 82, 80, 43]
14:43:[14, 61, 65, 96, 83, 80, 43]
14:43:[14, 61, 65, 97, 83, 80, 43]
14:43:[14, 61, 65, 98, 83, 80, 43]
14:44:[14, 61, 63, 90, 81, 80, 44]
14:44:[14, 61, 63, 91, 81, 80, 44]
14:44:[14, 61, 63, 92, 81, 80, 44]
14:44:[14, 61, 64, 93, 82, 80, 44]
14:44:[14, 61, 64, 94, 82, 80, 44]
14:44:[14, 61, 64, 95, 82, 80, 44]
14:44:[14, 61, 65, 96, 83, 80, 44]
14:44:[14, 61, 65, 97, 83, 80, 44]
14:44:[14, 61, 65, 98, 83, 80, 44]
14:45:[14, 61, 63, 90, 87, 84, 45]
14:45:[14, 61, 63, 91, 87, 84, 45]
14:45:[14, 61, 63, 92, 87, 84, 45]
14:45:[14, 61, 64, 93, 88, 84, 45]
14:45:[14, 61, 64, 94, 88, 84, 45]
14:45:[14, 61, 64, 95, 88, 84, 45]
14:45:[14, 61, 65, 96, 89, 84, 45]
14:45:[14, 61, 65, 97, 89, 84, 45]
14:45:[14, 61, 65, 98, 89, 84, 45]
14:46:[14, 61, 63, 90, 87, 84, 46]
14:46:[14, 61, 63, 91, 87, 84, 46]
14:46:[14, 61, 63, 92, 87, 84, 46]
14:46:[14, 61, 64, 93, 88, 84, 46]
14:46:[14, 61, 64, 94, 88, 84, 46]
14:46:[14, 61, 64, 95, 88, 84, 46]
14:46:[14, 61, 65, 96, 89, 84, 46]
14:46:[14, 61, 65, 97, 89, 84, 46]
14:46:[14, 61, 65, 98, 89, 84, 46]
14:47:[14, 61, 63, 90, 87, 84, 47]
14:47:[14, 61, 63, 91, 87, 84, 47]
14:47:[14, 61, 63, 92, 87, 84, 47]
14:47:[14, 61, 64, 93, 88, 84, 47]
14:47:[14, 61, 64, 94, 88, 84, 47]
14:47:[14, 61, 64, 95, 88, 84, 47]
14:47:[14, 61, 65, 96, 89, 84, 47]
14:47:[14, 61, 65, 97, 89, 84, 47]
14:47:[14, 61, 65, 98, 89, 84, 47]
14:48:[14, 61, 63, 90, 87, 85, 48]
14:48:[14, 61, 63, 91, 87, 85, 48]
14:48:[14, 61, 63, 92, 87, 85, 48]
14:48:[14, 61, 64, 93, 88, 85, 48]
14:48:[14, 61, 64, 94, 88, 85, 48]
14:48:[14, 61, 64, 95, 88, 85, 48]
14:48:[14, 61, 65, 96, 89, 85, 48]
14:48:[14, 61, 65, 97, 89, 85, 48]
14:48:[14, 61, 65, 98, 89, 85, 48]
14:49:[14, 61, 63, 90, 87, 85, 49]
14:49:[14, 61, 63, 91, 87, 85, 49]
14:49:[14, 61, 63, 92, 87, 85, 49]
14:49:[14, 61, 64, 93, 88, 85, 49]
14:49:[14, 61, 64, 94, 88, 85, 49]
14:49:[14, 61, 64, 95, 88, 85, 49]
14:49:[14, 61, 65, 96, 89, 85, 49]
14:49:[14, 61, 65, 97, 89, 85, 49]
14:49:[14, 61, 65, 98, 89, 85, 49]
14:50:[14, 61, 63, 90, 87, 85, 50]
14:50:[14, 61, 63, 91, 87, 85, 50]
14:50:[14, 61, 63, 92, 87, 85, 50]
14:50:[14, 61, 64, 93, 88, 85, 50]
14:50:[14, 61, 64, 94, 88, 85, 50]
14:50:[14, 61, 64, 95, 88, 85, 50]
14:50:[14, 61, 65, 96, 89, 85, 50]
14:50:[14, 61, 65, 97, 89, 85, 50]
14:50:[14, 61, 65, 98, 89, 85, 50]
14:51:[14, 61, 63, 90, 87, 86, 51]
14:51:[14, 61, 63, 91, 87, 86, 51]
14:51:[14, 61, 63, 92, 87, 86, 51]
14:51:[14, 61, 64, 93, 88, 86, 51]
14:51:[14, 61, 64, 94, 88, 86, 51]
14:51:[14, 61, 64, 95, 88, 86, 51]
14:51:[14, 61, 65, 96, 89, 86, 51]
14:51:[14, 61, 65, 97, 89, 86, 51]
14:51:[14, 61, 65, 98, 89, 86, 51]
14:52:[14, 61, 63, 90, 87, 86, 52]
14:52:[14, 61, 63, 91, 87, 86, 52]
14:52:[14, 61, 63, 92, 87, 86, 52]
14:52:[14, 61, 64, 93, 88, 86, 52]
14:52:[14, 61, 64, 94, 88, 86, 52]
14:52:[14, 61, 64, 95, 88, 86, 52]
14:52:[14, 61, 65, 96, 89, 86, 52]
14:52:[14, 61, 65, 97, 89, 86, 52]
14:52:[14, 61, 65, 98, 89, 86, 52]
14:53:[14, 61, 63, 90, 87, 86, 53]
14:53:[14, 61, 63, 91, 87, 86, 53]
14:53:[14, 61, 63, 92, 87, 86, 53]
14:53:[14, 61, 64, 93, 88, 86, 53]
14:53:[14, 61, 64, 94, 88, 86, 53]
14:53:[14, 61, 64, 95, 88, 86, 53]
14:53:[14, 61, 65, 96, 89, 86, 53]
14:53:[14, 61, 65, 97, 89, 86, 53]
14:53:[14, 61, 65, 98, 89, 86, 53]
15:0:[15, 62, 63, 90, 57, 54, 0]
15:0:[15, 62, 63, 91, 57, 54, 0]
15:0:[15, 62, 63, 92, 57, 54, 0]
15:0:[15, 62, 64, 93, 58, 54, 0]
15:0:[15, 62, 64, 94, 58, 54, 0]
15:0:[15, 62, 64, 95, 58, 54, 0]
15:0:[15, 62, 65, 96, 59, 54, 0]
15:0:[15, 62, 65, 97, 59, 54, 0]
15:0:[15, 62, 65, 98, 59, 54, 0]
15:1:[15, 62, 63, 90, 57, 54, 1]
15:1:[15, 62, 63, 91, 57, 54, 1]
15:1:[15, 62, 63, 92, 57, 54, 1]
15:1:[15, 62, 64, 93, 58, 54, 1]
15:1:[15, 62, 64, 94, 58, 54, 1]
15:1:[15, 62, 64, 95, 58, 54, 1]
15:1:[15, 62, 65, 96, 59, 54, 1]
15:1:[15, 62, 65, 97, 59, 54, 1]
15:1:[15, 62, 65, 98, 59, 54, 1]
15:2:[15, 62, 63, 90, 57, 54, 2]
15:2:[15, 62, 63, 91, 57, 54, 2]
15:2:[15, 62, 63, 92, 57, 54, 2]
15:2:[15, 62, 64, 93, 58, 54, 2]
15:2:[15, 62, 64, 94, 58, 54, 2]
15:2:[15, 62, 64, 95, 58, 54, 2]
15:2:[15, 62, 65, 96, 59, 54, 2]
15:2:[15, 62, 65, 97, 59, 54, 2]
15:2:[15, 62, 65, 98, 59, 54, 2]
15:3:[15, 62, 63, 90, 57, 55, 3]
15:3:[15, 62, 63, 91, 57, 55, 3]
15:3:[15, 62, 63, 92, 57, 55, 3]
15:3:[15, 62, 64, 93, 58, 55, 3]
15:3:[15, 62, 64, 94, 58, 55, 3]
15:3:[15, 62, 64, 95, 58, 55, 3]
15:3:[15, 62, 65, 96, 59, 55, 3]
15:3:[15, 62, 65, 97, 59, 55, 3]
15:3:[15, 62, 65, 98, 59, 55, 3]
15:4:[15, 62, 63, 90, 57, 55, 4]
15:4:[15, 62, 63, 91, 57, 55, 4]
15:4:[15, 62, 63, 92, 57, 55, 4]
15:4:[15, 62, 64, 93, 58, 55, 4]
15:4:[15, 62, 64, 94, 58, 55, 4]
15:4:[15, 62, 64, 95, 58, 55, 4]
15:4:[15, 62, 65, 96, 59, 55, 4]
15:4:[15, 62, 65, 97, 59, 55, 4]
15:4:[15, 62, 65, 98, 59, 55, 4]
15:5:[15, 62, 63, 90, 57, 55, 5]
15:5:[15, 62, 63, 91, 57, 55, 5]
15:5:[15, 62, 63, 92, 57, 55, 5]
15:5:[15, 62, 64, 93, 58, 55, 5]
15:5:[15, 62, 64, 94, 58, 55, 5]
15:5:[15, 62, 64, 95, 58, 55, 5]
15:5:[15, 62, 65, 96, 59, 55, 5]
15:5:[15, 62, 65, 97, 59, 55, 5]
15:5:[15, 62, 65, 98, 59, 55, 5]
15:6:[15, 62, 63, 90, 57, 56, 6]
15:6:[15, 62, 63, 91, 57, 56, 6]
15:6:[15, 62, 63, 92, 57, 56, 6]
15:6:[15, 62, 64, 93, 58, 56, 6]
15:6:[15, 62, 64, 94, 58, 56, 6]
15:6:[15, 62, 64, 95, 58, 56, 6]
15:6:[15, 62, 65, 96, 59, 56, 6]
15:6:[15, 62, 65, 97, 59, 56, 6]
15:6:[15, 62, 65, 98, 59, 56, 6]
15:7:[15, 62, 63, 90, 57, 56, 7]
15:7:[15, 62, 63, 91, 57, 56, 7]
15:7:[15, 62, 63, 92, 57, 56, 7]
15:7:[15, 62, 64, 93, 58, 56, 7]
15:7:[15, 62, 64, 94, 58, 56, 7]
15:7:[15, 62, 64, 95, 58, 56, 7]
15:7:[15, 62, 65, 96, 59, 56, 7]
15:7:[15, 62, 65, 97, 59, 56, 7]
15:7:[15, 62, 65, 98, 59, 56, 7]
15:8:[15, 62, 63, 90, 57, 56, 8]
15:8:[15, 62, 63, 91, 57, 56, 8]
15:8:[15, 62, 63, 92, 57, 56, 8]
15:8:[15, 62, 64, 93, 58, 56, 8]
15:8:[15, 62, 64, 94, 58, 56, 8]
15:8:[15, 62, 64, 95, 58, 56, 8]
15:8:[15, 62, 65, 96, 59, 56, 8]
15:8:[15, 62, 65, 97, 59, 56, 8]
15:8:[15, 62, 65, 98, 59, 56, 8]
15:9:[15, 62, 63, 60, 9]
15:9:[15, 62, 64, 60, 9]
15:9:[15, 62, 65, 60, 9]
15:10:[15, 62, 63, 60, 10]
15:10:[15, 62, 64, 60, 10]
15:10:[15, 62, 65, 60, 10]
15:11:[15, 62, 63, 60, 11]
15:11:[15, 62, 64, 60, 11]
15:11:[15, 62, 65, 60, 11]
15:12:[15, 62, 63, 61, 12]
15:12:[15, 62, 64, 61, 12]
15:12:[15, 62, 65, 61, 12]
15:13:[15, 62, 63, 61, 13]
15:13:[15, 62, 64, 61, 13]
15:13:[15, 62, 65, 61, 13]
15:14:[15, 62, 63, 61, 14]
15:14:[15, 62, 64, 61, 14]
15:14:[15, 62, 65, 61, 14]
15:16:[15, 62, 16]
15:17:[15, 62, 17]
15:18:[15, 62, 63, 90, 69, 66, 18]
15:18:[15, 62, 63, 91, 69, 66, 18]
15:18:[15, 62, 63, 92, 69, 66, 18]
15:18:[15, 62, 64, 93, 70, 66, 18]
15:18:[15, 62, 64, 94, 70, 66, 18]
15:18:[15, 62, 64, 95, 70, 66, 18]
15:18:[15, 62, 65, 96, 71, 66, 18]
15:18:[15, 62, 65, 97, 71, 66, 18]
15:18:[15, 62, 65, 98, 71, 66, 18]
15:19:[15, 62, 63, 90, 69, 66, 19]
15:19:[15, 62, 63, 91, 69, 66, 19]
15:19:[15, 62, 63, 92, 69, 66, 19]
15:19:[15, 62, 64, 93, 70, 66, 19]
15:19:[15, 62, 64, 94, 70, 66, 19]
15:19:[15, 62, 64, 95, 70, 66, 19]
15:19:[15, 62, 65, 96, 71, 66, 19]
15:19:[15, 62, 65, 97, 71, 66, 19]
15:19:[15, 62, 65, 98, 71, 66, 19]
15:20:[15, 62, 63, 90, 69, 66, 20]
15:20:[15, 62, 63, 91, 69, 66, 20]
15:20:[15, 62, 63, 92, 69, 66, 20]
15:20:[15, 62, 64, 93, 70, 66, 20]
15:20:[15, 62, 64, 94, 70, 66, 20]
15:20:[15, 62, 64, 95, 70, 66, 20]
15:20:[15, 62, 65, 96, 71, 66, 20]
15:20:[15, 62, 65, 97, 71, 66, 20]
15:20:[15, 62, 65, 98, 71, 66, 20]
15:21:[15, 62, 63, 90, 69, 67, 21]
15:21:[15, 62, 63, 91, 69, 67, 21]
15:21:[15, 62, 63, 92, 69, 67, 21]
15:21:[15, 62, 64, 93, 70, 67, 21]
15:21:[15, 62, 64, 94, 70, 67, 21]
15:21:[15, 62, 64, 95, 70, 67, 21]
15:21:[15, 62, 65, 96, 71, 67, 21]
15:21:[15, 62, 65, 97, 71, 67, 21]
15:21:[15, 62, 65, 98, 71, 67, 21]
15:22:[15, 62, 63, 90, 69, 67, 22]
15:22:[15, 62, 63, 91, 69, 67, 22]
15:22:[15, 62, 63, 92, 69, 67, 22]
15:22:[15, 62, 64, 93, 70, 67, 22]
15:22:[15, 62, 64, 94, 70, 67, 22]
15:22:[15, 62, 64, 95, 70, 67, 22]
15:22:[15, 62, 65, 96, 71, 67, 22]
15:22:[15, 62, 65, 97, 71, 67, 22]
15:22:[15, 62, 65, 98, 71, 67, 22]
15:23:[15, 62, 63, 90, 69, 67, 23]
15:23:[15, 62, 63, 91, 69, 67, 23]
15:23:[15, 62, 63, 92, 69, 67, 23]
15:23:[15, 62, 64, 93, 70, 67, 23]
15:23:[15, 62, 64, 94, 70, 67, 23]
15:23:[15, 62, 64, 95, 70, 67, 23]
15:23:[15, 62, 65, 96, 71, 67, 23]
15:23:[15, 62, 65, 97, 71, 67, 23]
15:23:[15, 62, 65, 98, 71, 67, 23]
15:24:[15, 62, 63, 90, 69, 68, 24]
15:24:[15, 62, 63, 91, 69, 68, 24]
15:24:[15, 62, 63, 92, 69, 68, 24]
15:24:[15, 62, 64, 93, 70, 68, 24]
15:24:[15, 62, 64, 94, 70, 68, 24]
15:24:[15, 62, 64, 95, 70, 68, 24]
15:24:[15, 62, 65, 96, 71, 68, 24]
15:24:[15, 62, 65, 97, 71, 68, 24]
15:24:[15, 62, 65, 98, 71, 68, 24]
15:25:[15, 62, 63, 90, 69, 68, 25]
15:25:[15, 62, 63, 91, 69, 68, 25]
15:25:[15, 62, 63, 92, 69, 68, 25]
15:25:[15, 62, 64, 93, 70, 68, 25]
15:25:[15, 62, 64, 94, 70, 68, 25]
15:25:[15, 62, 64, 95, 70, 68, 25]
15:25:[15, 62, 65, 96, 71, 68, 25]
15:25:[15, 62, 65, 97, 71, 68, 25]
15:25:[15, 62, 65, 98, 71, 68, 25]
15:26:[15, 62, 63, 90, 69, 68, 26]
15:26:[15, 62, 63, 91, 69, 68, 26]
15:26:[15, 62, 63, 92, 69, 68, 26]
15:26:[15, 62, 64, 93, 70, 68, 26]
15:26:[15, 62, 64, 94, 70, 68, 26]
15:26:[15, 62, 64, 95, 70, 68, 26]
15:26:[15, 62, 65, 96, 71, 68, 26]
15:26:[15, 62, 65, 97, 71, 68, 26]
15:26:[15, 62, 65, 98, 71, 68, 26]
15:27:[15, 62, 63, 90, 75, 72, 27]
15:27:[15, 62, 63, 91, 75, 72, 27]
15:27:[15, 62, 63, 92, 75, 72, 27]
15:27:[15, 62, 64, 93, 76, 72, 27]
15:27:[15, 62, 64, 94, 76, 72, 27]
15:27:[15, 62, 64, 95, 76, 72, 27]
15:27:[15, 62, 65, 96, 77, 72, 27]
15:27:[15, 62, 65, 97, 77, 72, 27]
15:27:[15, 62, 65, 98, 77, 72, 27]
15:28:[15, 62, 63, 90, 75, 72, 28]
15:28:[15, 62, 63, 91, 75, 72, 28]
15:28:[15, 62, 63, 92, 75, 72, 28]
15:28:[15, 62, 64, 93, 76, 72, 28]
15:28:[15, 62, 64, 94, 76, 72, 28]
15:28:[15, 62, 64, 95, 76, 72, 28]
15:28:[15, 62, 65, 96, 77, 72, 28]
15:28:[15, 62, 65, 97, 77, 72, 28]
15:28:[15, 62, 65, 98, 77, 72, 28]
15:29:[15, 62, 63, 90, 75, 72, 29]
15:29:[15, 62, 63, 91, 75, 72, 29]
15:29:[15, 62, 63, 92, 75, 72, 29]
15:29:[15, 62, 64, 93, 76, 72, 29]
15:29:[15, 62, 64, 94, 76, 72, 29]
15:29:[15, 62, 64, 95, 76, 72, 29]
15:29:[15, 62, 65, 96, 77, 72, 29]
15:29:[15, 62, 65, 97, 77, 72, 29]
15:29:[15, 62, 65, 98, 77, 72, 29]
15:30:[15, 62, 63, 90, 75, 73, 30]
15:30:[15, 62, 63, 91, 75, 73, 30]
15:30:[15, 62, 63, 92, 75, 73, 30]
15:30:[15, 62, 64, 93, 76, 73, 30]
15:30:[15, 62, 64, 94, 76, 73, 30]
15:30:[15, 62, 64, 95, 76, 73, 30]
15:30:[15, 62, 65, 96, 77, 73, 30]
15:30:[15, 62, 65, 97, 77, 73, 30]
15:30:[15, 62, 65, 98, 77, 73, 30]
15:31:[15, 62, 63, 90, 75, 73, 31]
15:31:[15, 62, 63, 91, 75, 73, 31]
15:31:[15, 62, 63, 92, 75, 73, 31]
15:31:[15, 62, 64, 93, 76, 73, 31]
15:31:[15, 62, 64, 94, 76, 73, 31]
15:31:[15, 62, 64, 95, 76, 73, 31]
15:31:[15, 62, 65, 96, 77, 73, 31]
15:31:[15, 62, 65, 97, 77, 73, 31]
15:31:[15, 62, 65, 98, 77, 73, 31]
15:32:[15, 62, 63, 90, 75, 73, 32]
15:32:[15, 62, 63, 91, 75, 73, 32]
15:32:[15, 62, 63, 92, 75, 73, 32]
15:32:[15, 62, 64, 93, 76, 73, 32]
15:32:[15, 62, 64, 94, 76, 73, 32]
15:32:[15, 62, 64, 95, 76, 73, 32]
15:32:[15, 62, 65, 96, 77, 73, 32]
15:32:[15, 62, 65, 97, 77, 73, 32]
15:32:[15, 62, 65, 98, 77, 73, 32]
15:33:[15, 62, 63, 90, 75, 74, 33]
15:33:[15, 62, 63, 91, 75, 74, 33]
15:33:[15, 62, 63, 92, 75, 74, 33]
15:33:[15, 62, 64, 93, 76, 74, 33]
15:33:[15, 62, 64, 94, 76, 74, 33]
15:33:[15, 62, 64, 95, 76, 74, 33]
15:33:[15, 62, 65, 96, 77, 74, 33]
15:33:[15, 62, 65, 97, 77, 74, 33]
15:33:[15, 62, 65, 98, 77, 74, 33]
15:34:[15, 62, 63, 90, 75, 74, 34]
15:34:[15, 62, 63, 91, 75, 74, 34]
15:34:[15, 62, 63, 92, 75, 74, 34]
15:34:[15, 62, 64, 93, 76, 74, 34]
15:34:[15, 62, 64, 94, 76, 74, 34]
15:34:[15, 62, 64, 95, 76, 74, 34]
15:34:[15, 62, 65, 96, 77, 74, 34]
15:34:[15, 62, 65, 97, 77, 74, 34]
15:34:[15, 62, 65, 98, 77, 74, 34]
15:35:[15, 62, 63, 90, 75, 74, 35]
15:35:[15, 62, 63, 91, 75, 74, 35]
15:35:[15, 62, 63, 92, 75, 74, 35]
15:35:[15, 62, 64, 93, 76, 74, 35]
15:35:[15, 62, 64, 94, 76, 74, 35]
15:35:[15, 62, 64, 95, 76, 74, 35]
15:35:[15, 62, 65, 96, 77, 74, 35]
15:35:[15, 62, 65, 97, 77, 74, 35]
15:35:[15, 62, 65, 98, 77, 74, 35]
15:36:[15, 62, 63, 90, 81, 78, 36]
15:36:[15, 62, 63, 91, 81, 78, 36]
15:36:[15, 62, 63, 92, 81, 78, 36]
15:36:[15, 62, 64, 93, 82, 78, 36]
15:36:[15, 62, 64, 94, 82, 78, 36]
15:36:[15, 62, 64, 95, 82, 78, 36]
15:36:[15, 62, 65, 96, 83, 78, 36]
15:36:[15, 62, 65, 97, 83, 78, 36]
15:36:[15, 62, 65, 98, 83, 78, 36]
15:37:[15, 62, 63, 90, 81, 78, 37]
15:37:[15, 62, 63, 91, 81, 78, 37]
15:37:[15, 62, 63, 92, 81, 78, 37]
15:37:[15, 62, 64, 93, 82, 78, 37]
15:37:[15, 62, 64, 94, 82, 78, 37]
15:37:[15, 62, 64, 95, 82, 78, 37]
15:37:[15, 62, 65, 96, 83, 78, 37]
15:37:[15, 62, 65, 97, 83, 78, 37]
15:37:[15, 62, 65, 98, 83, 78, 37]
15:38:[15, 62, 63, 90, 81, 78, 38]
15:38:[15, 62, 63, 91, 81, 78, 38]
15:38:[15, 62, 63, 92, 81, 78, 38]
15:38:[15, 62, 64, 93, 82, 78, 38]
15:38:[15, 62, 64, 94, 82, 78, 38]
15:38:[15, 62, 64, 95, 82, 78, 38]
15:38:[15, 62, 65, 96, 83, 78, 38]
15:38:[15, 62, 65, 97, 83, 78, 38]
15:38:[15, 62, 65, 98, 83, 78, 38]
15:39:[15, 62, 63, 90, 81, 79, 39]
15:39:[15, 62, 63, 91, 81, 79, 39]
15:39:[15, 62, 63, 92, 81, 79, 39]
15:39:[15, 62, 64, 93, 82, 79, 39]
15:39:[15, 62, 64, 94, 82, 79, 39]
15:39:[15, 62, 64, 95, 82, 79, 39]
15:39:[15, 62, 65, 96, 83, 79, 39]
15:39:[15, 62, 65, 97, 83, 79, 39]
15:39:[15, 62, 65, 98, 83, 79, 39]
15:40:[15, 62, 63, 90, 81, 79, 40]
15:40:[15, 62, 63, 91, 81, 79, 40]
15:40:[15, 62, 63, 92, 81, 79, 40]
15:40:[15, 62, 64, 93, 82, 79, 40]
15:40:[15, 62, 64, 94, 82, 79, 40]
15:40:[15, 62, 64, 95, 82, 79, 40]
15:40:[15, 62, 65, 96, 83, 79, 40]
15:40:[15, 62, 65, 97, 83, 79, 40]
15:40:[15, 62, 65, 98, 83, 79, 40]
15:41:[15, 62, 63, 90, 81, 79, 41]
15:41:[15, 62, 63, 91, 81, 79, 41]
15:41:[15, 62, 63, 92, 81, 79, 41]
15:41:[15, 62, 64, 93, 82, 79, 41]
15:41:[15, 62, 64, 94, 82, 79, 41]
15:41:[15, 62, 64, 95, 82, 79, 41]
15:41:[15, 62, 65, 96, 83, 79, 41]
15:41:[15, 62, 65, 97, 83, 79, 41]
15:41:[15, 62, 65, 98, 83, 79, 41]
15:42:[15, 62, 63, 90, 81, 80, 42]
15:42:[15, 62, 63, 91, 81, 80, 42]
15:42:[15, 62, 63, 92, 81, 80, 42]
15:42:[15, 62, 64, 93, 82, 80, 42]
15:42:[15, 62, 64, 94, 82, 80, 42]
15:42:[15, 62, 64, 95, 82, 80, 42]
15:42:[15, 62, 65, 96, 83, 80, 42]
15:42:[15, 62, 65, 97, 83, 80, 42]
15:42:[15, 62, 65, 98, 83, 80, 42]
15:43:[15, 62, 63, 90, 81, 80, 43]
15:43:[15, 62, 63, 91, 81, 80, 43]
15:43:[15, 62, 63, 92, 81, 80, 43]
15:43:[15, 62, 64, 93, 82, 80, 43]
15:43:[15, 62, 64, 94, 82, 80, 43]
15:43:[15, 62, 64, 95, 82, 80, 43]
15:43:[15, 62, 65, 96, 83, 80, 43]
15:43:[15, 62, 65, 97, 83, 80, 43]
15:43:[15, 62, 65, 98, 83, 80, 43]
15:44:[15, 62, 63, 90, 81, 80, 44]
15:44:[15, 62, 63, 91, 81, 80, 44]
15:44:[15, 62, 63, 92, 81, 80, 44]
15:44:[15, 62, 64, 93, 82, 80, 44]
15:44:[15, 62, 64, 94, 82, 80, 44]
15:44:[15, 62, 64, 95, 82, 80, 44]
15:44:[15, 62, 65, 96, 83, 80, 44]
15:44:[15, 62, 65, 97, 83, 80, 44]
15:44:[15, 62, 65, 98, 83, 80, 44]
15:45:[15, 62, 63, 90, 87, 84, 45]
15:45:[15, 62, 63, 91, 87, 84, 45]
15:45:[15, 62, 63, 92, 87, 84, 45]
15:45:[15, 62, 64, 93, 88, 84, 45]
15:45:[15, 62, 64, 94, 88, 84, 45]
15:45:[15, 62, 64, 95, 88, 84, 45]
15:45:[15, 62, 65, 96, 89, 84, 45]
15:45:[15, 62, 65, 97, 89, 84, 45]
15:45:[15, 62, 65, 98, 89, 84, 45]
15:46:[15, 62, 63, 90, 87, 84, 46]
15:46:[15, 62, 63, 91, 87, 84, 46]
15:46:[15, 62, 63, 92, 87, 84, 46]
15:46:[15, 62, 64, 93, 88, 84, 46]
15:46:[15, 62, 64, 94, 88, 84, 46]
15:46:[15, 62, 64, 95, 88, 84, 46]
15:46:[15, 62, 65, 96, 89, 84, 46]
15:46:[15, 62, 65, 97, 89, 84, 46]
15:46:[15, 62, 65, 98, 89, 84, 46]
15:47:[15, 62, 63, 90, 87, 84, 47]
15:47:[15, 62, 63, 91, 87, 84, 47]
15:47:[15, 62, 63, 92, 87, 84, 47]
15:47:[15, 62, 64, 93, 88, 84, 47]
15:47:[15, 62, 64, 94, 88, 84, 47]
15:47:[15, 62, 64, 95, 88, 84, 47]
15:47:[15, 62, 65, 96, 89, 84, 47]
15:47:[15, 62, 65, 97, 89, 84, 47]
15:47:[15, 62, 65, 98, 89, 84, 47]
15:48:[15, 62, 63, 90, 87, 85, 48]
15:48:[15, 62, 63, 91, 87, 85, 48]
15:48:[15, 62, 63, 92, 87, 85, 48]
15:48:[15, 62, 64, 93, 88, 85, 48]
15:48:[15, 62, 64, 94, 88, 85, 48]
15:48:[15, 62, 64, 95, 88, 85, 48]
15:48:[15, 62, 65, 96, 89, 85, 48]
15:48:[15, 62, 65, 97, 89, 85, 48]
15:48:[15, 62, 65, 98, 89, 85, 48]
15:49:[15, 62, 63, 90, 87, 85, 49]
15:49:[15, 62, 63, 91, 87, 85, 49]
15:49:[15, 62, 63, 92, 87, 85, 49]
15:49:[15, 62, 64, 93, 88, 85, 49]
15:49:[15, 62, 64, 94, 88, 85, 49]
15:49:[15, 62, 64, 95, 88, 85, 49]
15:49:[15, 62, 65, 96, 89, 85, 49]
15:49:[15, 62, 65, 97, 89, 85, 49]
15:49:[15, 62, 65, 98, 89, 85, 49]
15:50:[15, 62, 63, 90, 87, 85, 50]
15:50:[15, 62, 63, 91, 87, 85, 50]
15:50:[15, 62, 63, 92, 87, 85, 50]
15:50:[15, 62, 64, 93, 88, 85, 50]
15:50:[15, 62, 64, 94, 88, 85, 50]
15:50:[15, 62, 64, 95, 88, 85, 50]
15:50:[15, 62, 65, 96, 89, 85, 50]
15:50:[15, 62, 65, 97, 89, 85, 50]
15:50:[15, 62, 65, 98, 89, 85, 50]
15:51:[15, 62, 63, 90, 87, 86, 51]
15:51:[15, 62, 63, 91, 87, 86, 51]
15:51:[15, 62, 63, 92, 87, 86, 51]
15:51:[15, 62, 64, 93, 88, 86, 51]
15:51:[15, 62, 64, 94, 88, 86, 51]
15:51:[15, 62, 64, 95, 88, 86, 51]
15:51:[15, 62, 65, 96, 89, 86, 51]
15:51:[15, 62, 65, 97, 89, 86, 51]
15:51:[15, 62, 65, 98, 89, 86, 51]
15:52:[15, 62, 63, 90, 87, 86, 52]
15:52:[15, 62, 63, 91, 87, 86, 52]
15:52:[15, 62, 63, 92, 87, 86, 52]
15:52:[15, 62, 64, 93, 88, 86, 52]
15:52:[15, 62, 64, 94, 88, 86, 52]
15:52:[15, 62, 64, 95, 88, 86, 52]
15:52:[15, 62, 65, 96, 89, 86, 52]
15:52:[15, 62, 65, 97, 89, 86, 52]
15:52:[15, 62, 65, 98, 89, 86, 52]
15:53:[15, 62, 63, 90, 87, 86, 53]
15:53:[15, 62, 63, 91, 87, 86, 53]
15:53:[15, 62, 63, 92, 87, 86, 53]
15:53:[15, 62, 64, 93, 88, 86, 53]
15:53:[15, 62, 64, 94, 88, 86, 53]
15:53:[15, 62, 64, 95, 88, 86, 53]
15:53:[15, 62, 65, 96, 89, 86, 53]
15:53:[15, 62, 65, 97, 89, 86, 53]
15:53:[15, 62, 65, 98, 89, 86, 53]
16:0:[16, 62, 63, 90, 57, 54, 0]
16:0:[16, 62, 63, 91, 57, 54, 0]
16:0:[16, 62, 63, 92, 57, 54, 0]
16:0:[16, 62, 64, 93, 58, 54, 0]
16:0:[16, 62, 64, 94, 58, 54, 0]
16:0:[16, 62, 64, 95, 58, 54, 0]
16:0:[16, 62, 65, 96, 59, 54, 0]
16:0:[16, 62, 65, 97, 59, 54, 0]
16:0:[16, 62, 65, 98, 59, 54, 0]
16:1:[16, 62, 63, 90, 57, 54, 1]
16:1:[16, 62, 63, 91, 57, 54, 1]
16:1:[16, 62, 63, 92, 57, 54, 1]
16:1:[16, 62, 64, 93, 58, 54, 1]
16:1:[16, 62, 64, 94, 58, 54, 1]
16:1:[16, 62, 64, 95, 58, 54, 1]
16:1:[16, 62, 65, 96, 59, 54, 1]
16:1:[16, 62, 65, 97, 59, 54, 1]
16:1:[16, 62, 65, 98, 59, 54, 1]
16:2:[16, 62, 63, 90, 57, 54, 2]
16:2:[16, 62, 63, 91, 57, 54, 2]
16:2:[16, 62, 63, 92, 57, 54, 2]
16:2:[16, 62, 64, 93, 58, 54, 2]
16:2:[16, 62, 64, 94, 58, 54, 2]
16:2:[16, 62, 64, 95, 58, 54, 2]
16:2:[16, 62, 65, 96, 59, 54, 2]
16:2:[16, 62, 65, 97, 59, 54, 2]
16:2:[16, 62, 65, 98, 59, 54, 2]
16:3:[16, 62, 63, 90, 57, 55, 3]
16:3:[16, 62, 63, 91, 57, 55, 3]
16:3:[16, 62, 63, 92, 57, 55, 3]
16:3:[16, 62, 64, 93, 58, 55, 3]
16:3:[16, 62, 64, 94, 58, 55, 3]
16:3:[16, 62, 64, 95, 58, 55, 3]
16:3:[16, 62, 65, 96, 59, 55, 3]
16:3:[16, 62, 65, 97, 59, 55, 3]
16:3:[16, 62, 65, 98, 59, 55, 3]
16:4:[16, 62, 63, 90, 57, 55, 4]
16:4:[16, 62, 63, 91, 57, 55, 4]
16:4:[16, 62, 63, 92, 57, 55, 4]
16:4:[16, 62, 64, 93, 58, 55, 4]
16:4:[16, 62, 64, 94, 58, 55, 4]
16:4:[16, 62, 64, 95, 58, 55, 4]
16:4:[16, 62, 65, 96, 59, 55, 4]
16:4:[16, 62, 65, 97, 59, 55, 4]
16:4:[16, 62, 65, 98, 59, 55, 4]
16:5:[16, 62, 63, 90, 57, 55, 5]
16:5:[16, 62, 63, 91, 57, 55, 5]
16:5:[16, 62, 63, 92, 57, 55, 5]
16:5:[16, 62, 64, 93, 58, 55, 5]
16:5:[16, 62, 64, 94, 58, 55, 5]
16:5:[16, 62, 64, 95, 58, 55, 5]
16:5:[16, 62, 65, 96, 59, 55, 5]
16:5:[16, 62, 65, 97, 59, 55, 5]
16:5:[16, 62, 65, 98, 59, 55, 5]
16:6:[16, 62, 63, 90, 57, 56, 6]
16:6:[16, 62, 63, 91, 57, 56, 6]
16:6:[16, 62, 63, 92, 57, 56, 6]
16:6:[16, 62, 64, 93, 58, 56, 6]
16:6:[16, 62, 64, 94, 58, 56, 6]
16:6:[16, 62, 64, 95, 58, 56, 6]
16:6:[16, 62, 65, 96, 59, 56, 6]
16:6:[16, 62, 65, 97, 59, 56, 6]
16:6:[16, 62, 65, 98, 59, 56, 6]
16:7:[16, 62, 63, 90, 57, 56, 7]
16:7:[16, 62, 63, 91, 57, 56, 7]
16:7:[16, 62, 63, 92, 57, 56, 7]
16:7:[16, 62, 64, 93, 58, 56, 7]
16:7:[16, 62, 64, 94, 58, 56, 7]
16:7:[16, 62, 64, 95, 58, 56, 7]
16:7:[16, 62, 65, 96, 59, 56, 7]
16:7:[16, 62, 65, 97, 59, 56, 7]
16:7:[16, 62, 65, 98, 59, 56, 7]
16:8:[16, 62, 63, 90, 57, 56, 8]
16:8:[16, 62, 63, 91, 57, 56, 8]
16:8:[16, 62, 63, 92, 57, 56, 8]
16:8:[16, 62, 64, 93, 58, 56, 8]
16:8:[16, 62, 64, 94, 58, 56, 8]
16:8:[16, 62, 64, 95, 58, 56, 8]
16:8:[16, 62, 65, 96, 59, 56, 8]
16:8:[16, 62, 65, 97, 59, 56, 8]
16:8:[16, 62, 65, 98, 59, 56, 8]
16:9:[16, 62, 63, 60, 9]
16:9:[16, 62, 64, 60, 9]
16:9:[16, 62, 65, 60, 9]
16:10:[16, 62, 63, 60, 10]
16:10:[16, 62, 64, 60, 10]
16:10:[16, 62, 65, 60, 10]
16:11:[16, 62, 63, 60, 11]
16:11:[16, 62, 64, 60, 11]
16:11:[16, 62, 65, 60, 11]
16:12:[16, 62, 63, 61, 12]
16:12:[16, 62, 64, 61, 12]
16:12:[16, 62, 65, 61, 12]
16:13:[16, 62, 63, 61, 13]
16:13:[16, 62, 64, 61, 13]
16:13:[16, 62, 65, 61, 13]
16:14:[16, 62, 63, 61, 14]
16:14:[16, 62, 64, 61, 14]
16:14:[16, 62, 65, 61, 14]
16:15:[16, 62, 15]
16:17:[16, 62, 17]
16:18:[16, 62, 63, 90, 69, 66, 18]
16:18:[16, 62, 63, 91, 69, 66, 18]
16:18:[16, 62, 63, 92, 69, 66, 18]
16:18:[16, 62, 64, 93, 70, 66, 18]
16:18:[16, 62, 64, 94, 70, 66, 18]
16:18:[16, 62, 64, 95, 70, 66, 18]
16:18:[16, 62, 65, 96, 71, 66, 18]
16:18:[16, 62, 65, 97, 71, 66, 18]
16:18:[16, 62, 65, 98, 71, 66, 18]
16:19:[16, 62, 63, 90, 69, 66, 19]
16:19:[16, 62, 63, 91, 69, 66, 19]
16:19:[16, 62, 63, 92, 69, 66, 19]
16:19:[16, 62, 64, 93, 70, 66, 19]
16:19:[16, 62, 64, 94, 70, 66, 19]
16:19:[16, 62, 64, 95, 70, 66, 19]
16:19:[16, 62, 65, 96, 71, 66, 19]
16:19:[16, 62, 65, 97, 71, 66, 19]
16:19:[16, 62, 65, 98, 71, 66, 19]
16:20:[16, 62, 63, 90, 69, 66, 20]
16:20:[16, 62, 63, 91, 69, 66, 20]
16:20:[16, 62, 63, 92, 69, 66, 20]
16:20:[16, 62, 64, 93, 70, 66, 20]
16:20:[16, 62, 64, 94, 70, 66, 20]
16:20:[16, 62, 64, 95, 70, 66, 20]
16:20:[16, 62, 65, 96, 71, 66, 20]
16:20:[16, 62, 65, 97, 71, 66, 20]
16:20:[16, 62, 65, 98, 71, 66, 20]
16:21:[16, 62, 63, 90, 69, 67, 21]
16:21:[16, 62, 63, 91, 69, 67, 21]
16:21:[16, 62, 63, 92, 69, 67, 21]
16:21:[16, 62, 64, 93, 70, 67, 21]
16:21:[16, 62, 64, 94, 70, 67, 21]
16:21:[16, 62, 64, 95, 70, 67, 21]
16:21:[16, 62, 65, 96, 71, 67, 21]
16:21:[16, 62, 65, 97, 71, 67, 21]
16:21:[16, 62, 65, 98, 71, 67, 21]
16:22:[16, 62, 63, 90, 69, 67, 22]
16:22:[16, 62, 63, 91, 69, 67, 22]
16:22:[16, 62, 63, 92, 69, 67, 22]
16:22:[16, 62, 64, 93, 70, 67, 22]
16:22:[16, 62, 64, 94, 70, 67, 22]
16:22:[16, 62, 64, 95, 70, 67, 22]
16:22:[16, 62, 65, 96, 71, 67, 22]
16:22:[16, 62, 65, 97, 71, 67, 22]
16:22:[16, 62, 65, 98, 71, 67, 22]
16:23:[16, 62, 63, 90, 69, 67, 23]
16:23:[16, 62, 63, 91, 69, 67, 23]
16:23:[16, 62, 63, 92, 69, 67, 23]
16:23:[16, 62, 64, 93, 70, 67, 23]
16:23:[16, 62, 64, 94, 70, 67, 23]
16:23:[16, 62, 64, 95, 70, 67, 23]
16:23:[16, 62, 65, 96, 71, 67, 23]
16:23:[16, 62, 65, 97, 71, 67, 23]
16:23:[16, 62, 65, 98, 71, 67, 23]
16:24:[16, 62, 63, 90, 69, 68, 24]
16:24:[16, 62, 63, 91, 69, 68, 24]
16:24:[16, 62, 63, 92, 69, 68, 24]
16:24:[16, 62, 64, 93, 70, 68, 24]
16:24:[16, 62, 64, 94, 70, 68, 24]
16:24:[16, 62, 64, 95, 70, 68, 24]
16:24:[16, 62, 65, 96, 71, 68, 24]
16:24:[16, 62, 65, 97, 71, 68, 24]
16:24:[16, 62, 65, 98, 71, 68, 24]
16:25:[16, 62, 63, 90, 69, 68, 25]
16:25:[16, 62, 63, 91, 69, 68, 25]
16:25:[16, 62, 63, 92, 69, 68, 25]
16:25:[16, 62, 64, 93, 70, 68, 25]
16:25:[16, 62, 64, 94, 70, 68, 25]
16:25:[16, 62, 64, 95, 70, 68, 25]
16:25:[16, 62, 65, 96, 71, 68, 25]
16:25:[16, 62, 65, 97, 71, 68, 25]
16:25:[16, 62, 65, 98, 71, 68, 25]
16:26:[16, 62, 63, 90, 69, 68, 26]
16:26:[16, 62, 63, 91, 69, 68, 26]
16:26:[16, 62, 63, 92, 69, 68, 26]
16:26:[16, 62, 64, 93, 70, 68, 26]
16:26:[16, 62, 64, 94, 70, 68, 26]
16:26:[16, 62, 64, 95, 70, 68, 26]
16:26:[16, 62, 65, 96, 71, 68, 26]
16:26:[16, 62, 65, 97, 71, 68, 26]
16:26:[16, 62, 65, 98, 71, 68, 26]
16:27:[16, 62, 63, 90, 75, 72, 27]
16:27:[16, 62, 63, 91, 75, 72, 27]
16:27:[16, 62, 63, 92, 75, 72, 27]
16:27:[16, 62, 64, 93, 76, 72, 27]
16:27:[16, 62, 64, 94, 76, 72, 27]
16:27:[16, 62, 64, 95, 76, 72, 27]
16:27:[16, 62, 65, 96, 77, 72, 27]
16:27:[16, 62, 65, 97, 77, 72, 27]
16:27:[16, 62, 65, 98, 77, 72, 27]
16:28:[16, 62, 63, 90, 75, 72, 28]
16:28:[16, 62, 63, 91, 75, 72, 28]
16:28:[16, 62, 63, 92, 75, 72, 28]
16:28:[16, 62, 64, 93, 76, 72, 28]
16:28:[16, 62, 64, 94, 76, 72, 28]
16:28:[16, 62, 64, 95, 76, 72, 28]
16:28:[16, 62, 65, 96, 77, 72, 28]
16:28:[16, 62, 65, 97, 77, 72, 28]
16:28:[16, 62, 65, 98, 77, 72, 28]
16:29:[16, 62, 63, 90, 75, 72, 29]
16:29:[16, 62, 63, 91, 75, 72, 29]
16:29:[16, 62, 63, 92, 75, 72, 29]
16:29:[16, 62, 64, 93, 76, 72, 29]
16:29:[16, 62, 64, 94, 76, 72, 29]
16:29:[16, 62, 64, 95, 76, 72, 29]
16:29:[16, 62, 65, 96, 77, 72, 29]
16:29:[16, 62, 65, 97, 77, 72, 29]
16:29:[16, 62, 65, 98, 77, 72, 29]
16:30:[16, 62, 63, 90, 75, 73, 30]
16:30:[16, 62, 63, 91, 75, 73, 30]
16:30:[16, 62, 63, 92, 75, 73, 30]
16:30:[16, 62, 64, 93, 76, 73, 30]
16:30:[16, 62, 64, 94, 76, 73, 30]
16:30:[16, 62, 64, 95, 76, 73, 30]
16:30:[16, 62, 65, 96, 77, 73, 30]
16:30:[16, 62, 65, 97, 77, 73, 30]
16:30:[16, 62, 65, 98, 77, 73, 30]
16:31:[16, 62, 63, 90, 75, 73, 31]
16:31:[16, 62, 63, 91, 75, 73, 31]
16:31:[16, 62, 63, 92, 75, 73, 31]
16:31:[16, 62, 64, 93, 76, 73, 31]
16:31:[16, 62, 64, 94, 76, 73, 31]
16:31:[16, 62, 64, 95, 76, 73, 31]
16:31:[16, 62, 65, 96, 77, 73, 31]
16:31:[16, 62, 65, 97, 77, 73, 31]
16:31:[16, 62, 65, 98, 77, 73, 31]
16:32:[16, 62, 63, 90, 75, 73, 32]
16:32:[16, 62, 63, 91, 75, 73, 32]
16:32:[16, 62, 63, 92, 75, 73, 32]
16:32:[16, 62, 64, 93, 76, 73, 32]
16:32:[16, 62, 64, 94, 76, 73, 32]
16:32:[16, 62, 64, 95, 76, 73, 32]
16:32:[16, 62, 65, 96, 77, 73, 32]
16:32:[16, 62, 65, 97, 77, 73, 32]
16:32:[16, 62, 65, 98, 77, 73, 32]
16:33:[16, 62, 63, 90, 75, 74, 33]
16:33:[16, 62, 63, 91, 75, 74, 33]
16:33:[16, 62, 63, 92, 75, 74, 33]
16:33:[16, 62, 64, 93, 76, 74, 33]
16:33:[16, 62, 64, 94, 76, 74, 33]
16:33:[16, 62, 64, 95, 76, 74, 33]
16:33:[16, 62, 65, 96, 77, 74, 33]
16:33:[16, 62, 65, 97, 77, 74, 33]
16:33:[16, 62, 65, 98, 77, 74, 33]
16:34:[16, 62, 63, 90, 75, 74, 34]
16:34:[16, 62, 63, 91, 75, 74, 34]
16:34:[16, 62, 63, 92, 75, 74, 34]
16:34:[16, 62, 64, 93, 76, 74, 34]
16:34:[16, 62, 64, 94, 76, 74, 34]
16:34:[16, 62, 64, 95, 76, 74, 34]
16:34:[16, 62, 65, 96, 77, 74, 34]
16:34:[16, 62, 65, 97, 77, 74, 34]
16:34:[16, 62, 65, 98, 77, 74, 34]
16:35:[16, 62, 63, 90, 75, 74, 35]
16:35:[16, 62, 63, 91, 75, 74, 35]
16:35:[16, 62, 63, 92, 75, 74, 35]
16:35:[16, 62, 64, 93, 76, 74, 35]
16:35:[16, 62, 64, 94, 76, 74, 35]
16:35:[16, 62, 64, 95, 76, 74, 35]
16:35:[16, 62, 65, 96, 77, 74, 35]
16:35:[16, 62, 65, 97, 77, 74, 35]
16:35:[16, 62, 65, 98, 77, 74, 35]
16:36:[16, 62, 63, 90, 81, 78, 36]
16:36:[16, 62, 63, 91, 81, 78, 36]
16:36:[16, 62, 63, 92, 81, 78, 36]
16:36:[16, 62, 64, 93, 82, 78, 36]
16:36:[16, 62, 64, 94, 82, 78, 36]
16:36:[16, 62, 64, 95, 82, 78, 36]
16:36:[16, 62, 65, 96, 83, 78, 36]
16:36:[16, 62, 65, 97, 83, 78, 36]
16:36:[16, 62, 65, 98, 83, 78, 36]
16:37:[16, 62, 63, 90, 81, 78, 37]
16:37:[16, 62, 63, 91, 81, 78, 37]
16:37:[16, 62, 63, 92, 81, 78, 37]
16:37:[16, 62, 64, 93, 82, 78, 37]
16:37:[16, 62, 64, 94, 82, 78, 37]
16:37:[16, 62, 64, 95, 82, 78, 37]
16:37:[16, 62, 65, 96, 83, 78, 37]
16:37:[16, 62, 65, 97, 83, 78, 37]
16:37:[16, 62, 65, 98, 83, 78, 37]
16:38:[16, 62, 63, 90, 81, 78, 38]
16:38:[16, 62, 63, 91, 81, 78, 38]
16:38:[16, 62, 63, 92, 81, 78, 38]
16:38:[16, 62, 64, 93, 82, 78, 38]
16:38:[16, 62, 64, 94, 82, 78, 38]
16:38:[16, 62, 64, 95, 82, 78, 38]
16:38:[16, 62, 65, 96, 83, 78, 38]
16:38:[16, 62, 65, 97, 83, 78, 38]
16:38:[16, 62, 65, 98, 83, 78, 38]
16:39:[16, 62, 63, 90, 81, 79, 39]
16:39:[16, 62, 63, 91, 81, 79, 39]
16:39:[16, 62, 63, 92, 81, 79, 39]
16:39:[16, 62, 64, 93, 82, 79, 39]
16:39:[16, 62, 64, 94, 82, 79, 39]
16:39:[16, 62, 64, 95, 82, 79, 39]
16:39:[16, 62, 65, 96, 83, 79, 39]
16:39:[16, 62, 65, 97, 83, 79, 39]
16:39:[16, 62, 65, 98, 83, 79, 39]
16:40:[16, 62, 63, 90, 81, 79, 40]
16:40:[16, 62, 63, 91, 81, 79, 40]
16:40:[16, 62, 63, 92, 81, 79, 40]
16:40:[16, 62, 64, 93, 82, 79, 40]
16:40:[16, 62, 64, 94, 82, 79, 40]
16:40:[16, 62, 64, 95, 82, 79, 40]
16:40:[16, 62, 65, 96, 83, 79, 40]
16:40:[16, 62, 65, 97, 83, 79, 40]
16:40:[16, 62, 65, 98, 83, 79, 40]
16:41:[16, 62, 63, 90, 81, 79, 41]
16:41:[16, 62, 63, 91, 81, 79, 41]
16:41:[16, 62, 63, 92, 81, 79, 41]
16:41:[16, 62, 64, 93, 82, 79, 41]
16:41:[16, 62, 64, 94, 82, 79, 41]
16:41:[16, 62, 64, 95, 82, 79, 41]
16:41:[16, 62, 65, 96, 83, 79, 41]
16:41:[16, 62, 65, 97, 83, 79, 41]
16:41:[16, 62, 65, 98, 83, 79, 41]
16:42:[16, 62, 63, 90, 81, 80, 42]
16:42:[16, 62, 63, 91, 81, 80, 42]
16:42:[16, 62, 63, 92, 81, 80, 42]
16:42:[16, 62, 64, 93, 82, 80, 42]
16:42:[16, 62, 64, 94, 82, 80, 42]
16:42:[16, 62, 64, 95, 82, 80, 42]
16:42:[16, 62, 65, 96, 83, 80, 42]
16:42:[16, 62, 65, 97, 83, 80, 42]
16:42:[16, 62, 65, 98, 83, 80, 42]
16:43:[16, 62, 63, 90, 81, 80, 43]
16:43:[16, 62, 63, 91, 81, 80, 43]
16:43:[16, 62, 63, 92, 81, 80, 43]
16:43:[16, 62, 64, 93, 82, 80, 43]
16:43:[16, 62, 64, 94, 82, 80, 43]
16:43:[16, 62, 64, 95, 82, 80, 43]
16:43:[16, 62, 65, 96, 83, 80, 43]
16:43:[16, 62, 65, 97, 83, 80, 43]
16:43:[16, 62, 65, 98, 83, 80, 43]
16:44:[16, 62, 63, 90, 81, 80, 44]
16:44:[16, 62, 63, 91, 81, 80, 44]
16:44:[16, 62, 63, 92, 81, 80, 44]
16:44:[16, 62, 64, 93, 82, 80, 44]
16:44:[16, 62, 64, 94, 82, 80, 44]
16:44:[16, 62, 64, 95, 82, 80, 44]
16:44:[16, 62, 65, 96, 83, 80, 44]
16:44:[16, 62, 65, 97, 83, 80, 44]
16:44:[16, 62, 65, 98, 83, 80, 44]
16:45:[16, 62, 63, 90, 87, 84, 45]
16:45:[16, 62, 63, 91, 87, 84, 45]
16:45:[16, 62, 63, 92, 87, 84, 45]
16:45:[16, 62, 64, 93, 88, 84, 45]
16:45:[16, 62, 64, 94, 88, 84, 45]
16:45:[16, 62, 64, 95, 88, 84, 45]
16:45:[16, 62, 65, 96, 89, 84, 45]
16:45:[16, 62, 65, 97, 89, 84, 45]
16:45:[16, 62, 65, 98, 89, 84, 45]
16:46:[16, 62, 63, 90, 87, 84, 46]
16:46:[16, 62, 63, 91, 87, 84, 46]
16:46:[16, 62, 63, 92, 87, 84, 46]
16:46:[16, 62, 64, 93, 88, 84, 46]
16:46:[16, 62, 64, 94, 88, 84, 46]
16:46:[16, 62, 64, 95, 88, 84, 46]
16:46:[16, 62, 65, 96, 89, 84, 46]
16:46:[16, 62, 65, 97, 89, 84, 46]
16:46:[16, 62, 65, 98, 89, 84, 46]
16:47:[16, 62, 63, 90, 87, 84, 47]
16:47:[16, 62, 63, 91, 87, 84, 47]
16:47:[16, 62, 63, 92, 87, 84, 47]
16:47:[16, 62, 64, 93, 88, 84, 47]
16:47:[16, 62, 64, 94, 88, 84, 47]
16:47:[16, 62, 64, 95, 88, 84, 47]
16:47:[16, 62, 65, 96, 89, 84, 47]
16:47:[16, 62, 65, 97, 89, 84, 47]
16:47:[16, 62, 65, 98, 89, 84, 47]
16:48:[16, 62, 63, 90, 87, 85, 48]
16:48:[16, 62, 63, 91, 87, 85, 48]
16:48:[16, 62, 63, 92, 87, 85, 48]
16:48:[16, 62, 64, 93, 88, 85, 48]
16:48:[16, 62, 64, 94, 88, 85, 48]
16:48:[16, 62, 64, 95, 88, 85, 48]
16:48:[16, 62, 65, 96, 89, 85, 48]
16:48:[16, 62, 65, 97, 89, 85, 48]
16:48:[16, 62, 65, 98, 89, 85, 48]
16:49:[16, 62, 63, 90, 87, 85, 49]
16:49:[16, 62, 63, 91, 87, 85, 49]
16:49:[16, 62, 63, 92, 87, 85, 49]
16:49:[16, 62, 64, 93, 88, 85, 49]
16:49:[16, 62, 64, 94, 88, 85, 49]
16:49:[16, 62, 64, 95, 88, 85, 49]
16:49:[16, 62, 65, 96, 89, 85, 49]
16:49:[16, 62, 65, 97, 89, 85, 49]
16:49:[16, 62, 65, 98, 89, 85, 49]
16:50:[16, 62, 63, 90, 87, 85, 50]
16:50:[16, 62, 63, 91, 87, 85, 50]
16:50:[16, 62, 63, 92, 87, 85, 50]
16:50:[16, 62, 64, 93, 88, 85, 50]
16:50:[16, 62, 64, 94, 88, 85, 50]
16:50:[16, 62, 64, 95, 88, 85, 50]
16:50:[16, 62, 65, 96, 89, 85, 50]
16:50:[16, 62, 65, 97, 89, 85, 50]
16:50:[16, 62, 65, 98, 89, 85, 50]
16:51:[16, 62, 63, 90, 87, 86, 51]
16:51:[16, 62, 63, 91, 87, 86, 51]
16:51:[16, 62, 63, 92, 87, 86, 51]
16:51:[16, 62, 64, 93, 88, 86, 51]
16:51:[16, 62, 64, 94, 88, 86, 51]
16:51:[16, 62, 64, 95, 88, 86, 51]
16:51:[16, 62, 65, 96, 89, 86, 51]
16:51:[16, 62, 65, 97, 89, 86, 51]
16:51:[16, 62, 65, 98, 89, 86, 51]
16:52:[16, 62, 63, 90, 87, 86, 52]
16:52:[16, 62, 63, 91, 87, 86, 52]
16:52:[16, 62, 63, 92, 87, 86, 52]
16:52:[16, 62, 64, 93, 88, 86, 52]
16:52:[16, 62, 64, 94, 88, 86, 52]
16:52:[16, 62, 64, 95, 88, 86, 52]
16:52:[16, 62, 65, 96, 89, 86, 52]
16:52:[16, 62, 65, 97, 89, 86, 52]
16:52:[16, 62, 65, 98, 89, 86, 52]
16:53:[16, 62, 63, 90, 87, 86, 53]
16:53:[16, 62, 63, 91, 87, 86, 53]
16:53:[16, 62, 63, 92, 87, 86, 53]
16:53:[16, 62, 64, 93, 88, 86, 53]
16:53:[16, 62, 64, 94, 88, 86, 53]
16:53:[16, 62, 64, 95, 88, 86, 53]
16:53:[16, 62, 65, 96, 89, 86, 53]
16:53:[16, 62, 65, 97, 89, 86, 53]
16:53:[16, 62, 65, 98, 89, 86, 53]
17:0:[17, 62, 63, 90, 57, 54, 0]
17:0:[17, 62, 63, 91, 57, 54, 0]
17:0:[17, 62, 63, 92, 57, 54, 0]
17:0:[17, 62, 64, 93, 58, 54, 0]
17:0:[17, 62, 64, 94, 58, 54, 0]
17:0:[17, 62, 64, 95, 58, 54, 0]
17:0:[17, 62, 65, 96, 59, 54, 0]
17:0:[17, 62, 65, 97, 59, 54, 0]
17:0:[17, 62, 65, 98, 59, 54, 0]
17:1:[17, 62, 63, 90, 57, 54, 1]
17:1:[17, 62, 63, 91, 57, 54, 1]
17:1:[17, 62, 63, 92, 57, 54, 1]
17:1:[17, 62, 64, 93, 58, 54, 1]
17:1:[17, 62, 64, 94, 58, 54, 1]
17:1:[17, 62, 64, 95, 58, 54, 1]
17:1:[17, 62, 65, 96, 59, 54, 1]
17:1:[17, 62, 65, 97, 59, 54, 1]
17:1:[17, 62, 65, 98, 59, 54, 1]
17:2:[17, 62, 63, 90, 57, 54, 2]
17:2:[17, 62, 63, 91, 57, 54, 2]
17:2:[17, 62, 63, 92, 57, 54, 2]
17:2:[17, 62, 64, 93, 58, 54, 2]
17:2:[17, 62, 64, 94, 58, 54, 2]
17:2:[17, 62, 64, 95, 58, 54, 2]
17:2:[17, 62, 65, 96, 59, 54, 2]
17:2:[17, 62, 65, 97, 59, 54, 2]
17:2:[17, 62, 65, 98, 59, 54, 2]
17:3:[17, 62, 63, 90, 57, 55, 3]
17:3:[17, 62, 63, 91, 57, 55, 3]
17:3:[17, 62, 63, 92, 57, 55, 3]
17:3:[17, 62, 64, 93, 58, 55, 3]
17:3:[17, 62, 64, 94, 58, 55, 3]
17:3:[17, 62, 64, 95, 58, 55, 3]
17:3:[17, 62, 65, 96, 59, 55, 3]
17:3:[17, 62, 65, 97, 59, 55, 3]
17:3:[17, 62, 65, 98, 59, 55, 3]
17:4:[17, 62, 63, 90, 57, 55, 4]
17:4:[17, 62, 63, 91, 57, 55, 4]
17:4:[17, 62, 63, 92, 57, 55, 4]
17:4:[17, 62, 64, 93, 58, 55, 4]
17:4:[17, 62, 64, 94, 58, 55, 4]
17:4:[17, 62, 64, 95, 58, 55, 4]
17:4:[17, 62, 65, 96, 59, 55, 4]
17:4:[17, 62, 65, 97, 59, 55, 4]
17:4:[17, 62, 65, 98, 59, 55, 4]
17:5:[17, 62, 63, 90, 57, 55, 5]
17:5:[17, 62, 63, 91, 57, 55, 5]
17:5:[17, 62, 63, 92, 57, 55, 5]
17:5:[17, 62, 64, 93, 58, 55, 5]
17:5:[17, 62, 64, 94, 58, 55, 5]
17:5:[17, 62, 64, 95, 58, 55, 5]
17:5:[17, 62, 65, 96, 59, 55, 5]
17:5:[17, 62, 65, 97, 59, 55, 5]
17:5:[17, 62, 65, 98, 59, 55, 5]
17:6:[17, 62, 63, 90, 57, 56, 6]
17:6:[17, 62, 63, 91, 57, 56, 6]
17:6:[17, 62, 63, 92, 57, 56, 6]
17:6:[17, 62, 64, 93, 58, 56, 6]
17:6:[17, 62, 64, 94, 58, 56, 6]
17:6:[17, 62, 64, 95, 58, 56, 6]
17:6:[17, 62, 65, 96, 59, 56, 6]
17:6:[17, 62, 65, 97, 59, 56, 6]
17:6:[17, 62, 65, 98, 59, 56, 6]
17:7:[17, 62, 63, 90, 57, 56, 7]
17:7:[17, 62, 63, 91, 57, 56, 7]
17:7:[17, 62, 63, 92, 57, 56, 7]
17:7:[17, 62, 64, 93, 58, 56, 7]
17:7:[17, 62, 64, 94, 58, 56, 7]
17:7:[17, 62, 64, 95, 58, 56, 7]
17:7:[17, 62, 65, 96, 59, 56, 7]
17:7:[17, 62, 65, 97, 59, 56, 7]
17:7:[17, 62, 65, 98, 59, 56, 7]
17:8:[17, 62, 63, 90, 57, 56, 8]
17:8:[17, 62, 63, 91, 57, 56, 8]
17:8:[17, 62, 63, 92, 57, 56, 8]
17:8:[17, 62, 64, 93, 58, 56, 8]
17:8:[17, 62, 64, 94, 58, 56, 8]
17:8:[17, 62, 64, 95, 58, 56, 8]
17:8:[17, 62, 65, 96, 59, 56, 8]
17:8:[17, 62, 65, 97, 59, 56, 8]
17:8:[17, 62, 65, 98, 59, 56, 8]
17:9:[17, 62, 63, 60, 9]
17:9:[17, 62, 64, 60, 9]
17:9:[17, 62, 65, 60, 9]
17:10:[17, 62, 63, 60, 10]
17:10:[17, 62, 64, 60, 10]
17:10:[17, 62, 65, 60, 10]
17:11:[17, 62, 63, 60, 11]
17:11:[17, 62, 64, 60, 11]
17:11:[17, 62, 65, 60, 11]
17:12:[17, 62, 63, 61, 12]
17:12:[17, 62, 64, 61, 12]
17:12:[17, 62, 65, 61, 12]
17:13:[17, 62, 63, 61, 13]
17:13:[17, 62, 64, 61, 13]
17:13:[17, 62, 65, 61, 13]
17:14:[17, 62, 63, 61, 14]
17:14:[17, 62, 64, 61, 14]
17:14:[17, 62, 65, 61, 14]
17:15:[17, 62, 15]
17:16:[17, 62, 16]
17:18:[17, 62, 63, 90, 69, 66, 18]
17:18:[17, 62, 63, 91, 69, 66, 18]
17:18:[17, 62, 63, 92, 69, 66, 18]
17:18:[17, 62, 64, 93, 70, 66, 18]
17:18:[17, 62, 64, 94, 70, 66, 18]
17:18:[17, 62, 64, 95, 70, 66, 18]
17:18:[17, 62, 65, 96, 71, 66, 18]
17:18:[17, 62, 65, 97, 71, 66, 18]
17:18:[17, 62, 65, 98, 71, 66, 18]
17:19:[17, 62, 63, 90, 69, 66, 19]
17:19:[17, 62, 63, 91, 69, 66, 19]
17:19:[17, 62, 63, 92, 69, 66, 19]
17:19:[17, 62, 64, 93, 70, 66, 19]
17:19:[17, 62, 64, 94, 70, 66, 19]
17:19:[17, 62, 64, 95, 70, 66, 19]
17:19:[17, 62, 65, 96, 71, 66, 19]
17:19:[17, 62, 65, 97, 71, 66, 19]
17:19:[17, 62, 65, 98, 71, 66, 19]
17:20:[17, 62, 63, 90, 69, 66, 20]
17:20:[17, 62, 63, 91, 69, 66, 20]
17:20:[17, 62, 63, 92, 69, 66, 20]
17:20:[17, 62, 64, 93, 70, 66, 20]
17:20:[17, 62, 64, 94, 70, 66, 20]
17:20:[17, 62, 64, 95, 70, 66, 20]
17:20:[17, 62, 65, 96, 71, 66, 20]
17:20:[17, 62, 65, 97, 71, 66, 20]
17:20:[17, 62, 65, 98, 71, 66, 20]
17:21:[17, 62, 63, 90, 69, 67, 21]
17:21:[17, 62, 63, 91, 69, 67, 21]
17:21:[17, 62, 63, 92, 69, 67, 21]
17:21:[17, 62, 64, 93, 70, 67, 21]
17:21:[17, 62, 64, 94, 70, 67, 21]
17:21:[17, 62, 64, 95, 70, 67, 21]
17:21:[17, 62, 65, 96, 71, 67, 21]
17:21:[17, 62, 65, 97, 71, 67, 21]
17:21:[17, 62, 65, 98, 71, 67, 21]
17:22:[17, 62, 63, 90, 69, 67, 22]
17:22:[17, 62, 63, 91, 69, 67, 22]
17:22:[17, 62, 63, 92, 69, 67, 22]
17:22:[17, 62, 64, 93, 70, 67, 22]
17:22:[17, 62, 64, 94, 70, 67, 22]
17:22:[17, 62, 64, 95, 70, 67, 22]
17:22:[17, 62, 65, 96, 71, 67, 22]
17:22:[17, 62, 65, 97, 71, 67, 22]
17:22:[17, 62, 65, 98, 71, 67, 22]
17:23:[17, 62, 63, 90, 69, 67, 23]
17:23:[17, 62, 63, 91, 69, 67, 23]
17:23:[17, 62, 63, 92, 69, 67, 23]
17:23:[17, 62, 64, 93, 70, 67, 23]
17:23:[17, 62, 64, 94, 70, 67, 23]
17:23:[17, 62, 64, 95, 70, 67, 23]
17:23:[17, 62, 65, 96, 71, 67, 23]
17:23:[17, 62, 65, 97, 71, 67, 23]
17:23:[17, 62, 65, 98, 71, 67, 23]
17:24:[17, 62, 63, 90, 69, 68, 24]
17:24:[17, 62, 63, 91, 69, 68, 24]
17:24:[17, 62, 63, 92, 69, 68, 24]
17:24:[17, 62, 64, 93, 70, 68, 24]
17:24:[17, 62, 64, 94, 70, 68, 24]
17:24:[17, 62, 64, 95, 70, 68, 24]
17:24:[17, 62, 65, 96, 71, 68, 24]
17:24:[17, 62, 65, 97, 71, 68, 24]
17:24:[17, 62, 65, 98, 71, 68, 24]
17:25:[17, 62, 63, 90, 69, 68, 25]
17:25:[17, 62, 63, 91, 69, 68, 25]
17:25:[17, 62, 63, 92, 69, 68, 25]
17:25:[17, 62, 64, 93, 70, 68, 25]
17:25:[17, 62, 64, 94, 70, 68, 25]
17:25:[17, 62, 64, 95, 70, 68, 25]
17:25:[17, 62, 65, 96, 71, 68, 25]
17:25:[17, 62, 65, 97, 71, 68, 25]
17:25:[17, 62, 65, 98, 71, 68, 25]
17:26:[17, 62, 63, 90, 69, 68, 26]
17:26:[17, 62, 63, 91, 69, 68, 26]
17:26:[17, 62, 63, 92, 69, 68, 26]
17:26:[17, 62, 64, 93, 70, 68, 26]
17:26:[17, 62, 64, 94, 70, 68, 26]
17:26:[17, 62, 64, 95, 70, 68, 26]
17:26:[17, 62, 65, 96, 71, 68, 26]
17:26:[17, 62, 65, 97, 71, 68, 26]
17:26:[17, 62, 65, 98, 71, 68, 26]
17:27:[17, 62, 63, 90, 75, 72, 27]
17:27:[17, 62, 63, 91, 75, 72, 27]
17:27:[17, 62, 63, 92, 75, 72, 27]
17:27:[17, 62, 64, 93, 76, 72, 27]
17:27:[17, 62, 64, 94, 76, 72, 27]
17:27:[17, 62, 64, 95, 76, 72, 27]
17:27:[17, 62, 65, 96, 77, 72, 27]
17:27:[17, 62, 65, 97, 77, 72, 27]
17:27:[17, 62, 65, 98, 77, 72, 27]
17:28:[17, 62, 63, 90, 75, 72, 28]
17:28:[17, 62, 63, 91, 75, 72, 28]
17:28:[17, 62, 63, 92, 75, 72, 28]
17:28:[17, 62, 64, 93, 76, 72, 28]
17:28:[17, 62, 64, 94, 76, 72, 28]
17:28:[17, 62, 64, 95, 76, 72, 28]
17:28:[17, 62, 65, 96, 77, 72, 28]
17:28:[17, 62, 65, 97, 77, 72, 28]
17:28:[17, 62, 65, 98, 77, 72, 28]
17:29:[17, 62, 63, 90, 75, 72, 29]
17:29:[17, 62, 63, 91, 75, 72, 29]
17:29:[17, 62, 63, 92, 75, 72, 29]
17:29:[17, 62, 64, 93, 76, 72, 29]
17:29:[17, 62, 64, 94, 76, 72, 29]
17:29:[17, 62, 64, 95, 76, 72, 29]
17:29:[17, 62, 65, 96, 77, 72, 29]
17:29:[17, 62, 65, 97, 77, 72, 29]
17:29:[17, 62, 65, 98, 77, 72, 29]
17:30:[17, 62, 63, 90, 75, 73, 30]
17:30:[17, 62, 63, 91, 75, 73, 30]
17:30:[17, 62, 63, 92, 75, 73, 30]
17:30:[17, 62, 64, 93, 76, 73, 30]
17:30:[17, 62, 64, 94, 76, 73, 30]
17:30:[17, 62, 64, 95, 76, 73, 30]
17:30:[17, 62, 65, 96, 77, 73, 30]
17:30:[17, 62, 65, 97, 77, 73, 30]
17:30:[17, 62, 65, 98, 77, 73, 30]
17:31:[17, 62, 63, 90, 75, 73, 31]
17:31:[17, 62, 63, 91, 75, 73, 31]
17:31:[17, 62, 63, 92, 75, 73, 31]
17:31:[17, 62, 64, 93, 76, 73, 31]
17:31:[17, 62, 64, 94, 76, 73, 31]
17:31:[17, 62, 64, 95, 76, 73, 31]
17:31:[17, 62, 65, 96, 77, 73, 31]
17:31:[17, 62, 65, 97, 77, 73, 31]
17:31:[17, 62, 65, 98, 77, 73, 31]
17:32:[17, 62, 63, 90, 75, 73, 32]
17:32:[17, 62, 63, 91, 75, 73, 32]
17:32:[17, 62, 63, 92, 75, 73, 32]
17:32:[17, 62, 64, 93, 76, 73, 32]
17:32:[17, 62, 64, 94, 76, 73, 32]
17:32:[17, 62, 64, 95, 76, 73, 32]
17:32:[17, 62, 65, 96, 77, 73, 32]
17:32:[17, 62, 65, 97, 77, 73, 32]
17:32:[17, 62, 65, 98, 77, 73, 32]
17:33:[17, 62, 63, 90, 75, 74, 33]
17:33:[17, 62, 63, 91, 75, 74, 33]
17:33:[17, 62, 63, 92, 75, 74, 33]
17:33:[17, 62, 64, 93, 76, 74, 33]
17:33:[17, 62, 64, 94, 76, 74, 33]
17:33:[17, 62, 64, 95, 76, 74, 33]
17:33:[17, 62, 65, 96, 77, 74, 33]
17:33:[17, 62, 65, 97, 77, 74, 33]
17:33:[17, 62, 65, 98, 77, 74, 33]
17:34:[17, 62, 63, 90, 75, 74, 34]
17:34:[17, 62, 63, 91, 75, 74, 34]
17:34:[17, 62, 63, 92, 75, 74, 34]
17:34:[17, 62, 64, 93, 76, 74, 34]
17:34:[17, 62, 64, 94, 76, 74, 34]
17:34:[17, 62, 64, 95, 76, 74, 34]
17:34:[17, 62, 65, 96, 77, 74, 34]
17:34:[17, 62, 65, 97, 77, 74, 34]
17:34:[17, 62, 65, 98, 77, 74, 34]
17:35:[17, 62, 63, 90, 75, 74, 35]
17:35:[17, 62, 63, 91, 75, 74, 35]
17:35:[17, 62, 63, 92, 75, 74, 35]
17:35:[17, 62, 64, 93, 76, 74, 35]
17:35:[17, 62, 64, 94, 76, 74, 35]
17:35:[17, 62, 64, 95, 76, 74, 35]
17:35:[17, 62, 65, 96, 77, 74, 35]
17:35:[17, 62, 65, 97, 77, 74, 35]
17:35:[17, 62, 65, 98, 77, 74, 35]
17:36:[17, 62, 63, 90, 81, 78, 36]
17:36:[17, 62, 63, 91, 81, 78, 36]
17:36:[17, 62, 63, 92, 81, 78, 36]
17:36:[17, 62, 64, 93, 82, 78, 36]
17:36:[17, 62, 64, 94, 82, 78, 36]
17:36:[17, 62, 64, 95, 82, 78, 36]
17:36:[17, 62, 65, 96, 83, 78, 36]
17:36:[17, 62, 65, 97, 83, 78, 36]
17:36:[17, 62, 65, 98, 83, 78, 36]
17:37:[17, 62, 63, 90, 81, 78, 37]
17:37:[17, 62, 63, 91, 81, 78, 37]
17:37:[17, 62, 63, 92, 81, 78, 37]
17:37:[17, 62, 64, 93, 82, 78, 37]
17:37:[17, 62, 64, 94, 82, 78, 37]
17:37:[17, 62, 64, 95, 82, 78, 37]
17:37:[17, 62, 65, 96, 83, 78, 37]
17:37:[17, 62, 65, 97, 83, 78, 37]
17:37:[17, 62, 65, 98, 83, 78, 37]
17:38:[17, 62, 63, 90, 81, 78, 38]
17:38:[17, 62, 63, 91, 81, 78, 38]
17:38:[17, 62, 63, 92, 81, 78, 38]
17:38:[17, 62, 64, 93, 82, 78, 38]
17:38:[17, 62, 64, 94, 82, 78, 38]
17:38:[17, 62, 64, 95, 82, 78, 38]
17:38:[17, 62, 65, 96, 83, 78, 38]
17:38:[17, 62, 65, 97, 83, 78, 38]
17:38:[17, 62, 65, 98, 83, 78, 38]
17:39:[17, 62, 63, 90, 81, 79, 39]
17:39:[17, 62, 63, 91, 81, 79, 39]
17:39:[17, 62, 63, 92, 81, 79, 39]
17:39:[17, 62, 64, 93, 82, 79, 39]
17:39:[17, 62, 64, 94, 82, 79, 39]
17:39:[17, 62, 64, 95, 82, 79, 39]
17:39:[17, 62, 65, 96, 83, 79, 39]
17:39:[17, 62, 65, 97, 83, 79, 39]
17:39:[17, 62, 65, 98, 83, 79, 39]
17:40:[17, 62, 63, 90, 81, 79, 40]
17:40:[17, 62, 63, 91, 81, 79, 40]
17:40:[17, 62, 63, 92, 81, 79, 40]
17:40:[17, 62, 64, 93, 82, 79, 40]
17:40:[17, 62, 64, 94, 82, 79, 40]
17:40:[17, 62, 64, 95, 82, 79, 40]
17:40:[17, 62, 65, 96, 83, 79, 40]
17:40:[17, 62, 65, 97, 83, 79, 40]
17:40:[17, 62, 65, 98, 83, 79, 40]
17:41:[17, 62, 63, 90, 81, 79, 41]
17:41:[17, 62, 63, 91, 81, 79, 41]
17:41:[17, 62, 63, 92, 81, 79, 41]
17:41:[17, 62, 64, 93, 82, 79, 41]
17:41:[17, 62, 64, 94, 82, 79, 41]
17:41:[17, 62, 64, 95, 82, 79, 41]
17:41:[17, 62, 65, 96, 83, 79, 41]
17:41:[17, 62, 65, 97, 83, 79, 41]
17:41:[17, 62, 65, 98, 83, 79, 41]
17:42:[17, 62, 63, 90, 81, 80, 42]
17:42:[17, 62, 63, 91, 81, 80, 42]
17:42:[17, 62, 63, 92, 81, 80, 42]
17:42:[17, 62, 64, 93, 82, 80, 42]
17:42:[17, 62, 64, 94, 82, 80, 42]
17:42:[17, 62, 64, 95, 82, 80, 42]
17:42:[17, 62, 65, 96, 83, 80, 42]
17:42:[17, 62, 65, 97, 83, 80, 42]
17:42:[17, 62, 65, 98, 83, 80, 42]
17:43:[17, 62, 63, 90, 81, 80, 43]
17:43:[17, 62, 63, 91, 81, 80, 43]
17:43:[17, 62, 63, 92, 81, 80, 43]
17:43:[17, 62, 64, 93, 82, 80, 43]
17:43:[17, 62, 64, 94, 82, 80, 43]
17:43:[17, 62, 64, 95, 82, 80, 43]
17:43:[17, 62, 65, 96, 83, 80, 43]
17:43:[17, 62, 65, 97, 83, 80, 43]
17:43:[17, 62, 65, 98, 83, 80, 43]
17:44:[17, 62, 63, 90, 81, 80, 44]
17:44:[17, 62, 63, 91, 81, 80, 44]
17:44:[17, 62, 63, 92, 81, 80, 44]
17:44:[17, 62, 64, 93, 82, 80, 44]
17:44:[17, 62, 64, 94, 82, 80, 44]
17:44:[17, 62, 64, 95, 82, 80, 44]
17:44:[17, 62, 65, 96, 83, 80, 44]
17:44:[17, 62, 65, 97, 83, 80, 44]
17:44:[17, 62, 65, 98, 83, 80, 44]
17:45:[17, 62, 63, 90, 87, 84, 45]
17:45:[17, 62, 63, 91, 87, 84, 45]
17:45:[17, 62, 63, 92, 87, 84, 45]
17:45:[17, 62, 64, 93, 88, 84, 45]
17:45:[17, 62, 64, 94, 88, 84, 45]
17:45:[17, 62, 64, 95, 88, 84, 45]
17:45:[17, 62, 65, 96, 89, 84, 45]
17:45:[17, 62, 65, 97, 89, 84, 45]
17:45:[17, 62, 65, 98, 89, 84, 45]
17:46:[17, 62, 63, 90, 87, 84, 46]
17:46:[17, 62, 63, 91, 87, 84, 46]
17:46:[17, 62, 63, 92, 87, 84, 46]
17:46:[17, 62, 64, 93, 88, 84, 46]
17:46:[17, 62, 64, 94, 88, 84, 46]
17:46:[17, 62, 64, 95, 88, 84, 46]
17:46:[17, 62, 65, 96, 89, 84, 46]
17:46:[17, 62, 65, 97, 89, 84, 46]
17:46:[17, 62, 65, 98, 89, 84, 46]
17:47:[17, 62, 63, 90, 87, 84, 47]
17:47:[17, 62, 63, 91, 87, 84, 47]
17:47:[17, 62, 63, 92, 87, 84, 47]
17:47:[17, 62, 64, 93, 88, 84, 47]
17:47:[17, 62, 64, 94, 88, 84, 47]
17:47:[17, 62, 64, 95, 88, 84, 47]
17:47:[17, 62, 65, 96, 89, 84, 47]
17:47:[17, 62, 65, 97, 89, 84, 47]
17:47:[17, 62, 65, 98, 89, 84, 47]
17:48:[17, 62, 63, 90, 87, 85, 48]
17:48:[17, 62, 63, 91, 87, 85, 48]
17:48:[17, 62, 63, 92, 87, 85, 48]
17:48:[17, 62, 64, 93, 88, 85, 48]
17:48:[17, 62, 64, 94, 88, 85, 48]
17:48:[17, 62, 64, 95, 88, 85, 48]
17:48:[17, 62, 65, 96, 89, 85, 48]
17:48:[17, 62, 65, 97, 89, 85, 48]
17:48:[17, 62, 65, 98, 89, 85, 48]
17:49:[17, 62, 63, 90, 87, 85, 49]
17:49:[17, 62, 63, 91, 87, 85, 49]
17:49:[17, 62, 63, 92, 87, 85, 49]
17:49:[17, 62, 64, 93, 88, 85, 49]
17:49:[17, 62, 64, 94, 88, 85, 49]
17:49:[17, 62, 64, 95, 88, 85, 49]
17:49:[17, 62, 65, 96, 89, 85, 49]
17:49:[17, 62, 65, 97, 89, 85, 49]
17:49:[17, 62, 65, 98, 89, 85, 49]
17:50:[17, 62, 63, 90, 87, 85, 50]
17:50:[17, 62, 63, 91, 87, 85, 50]
17:50:[17, 62, 63, 92, 87, 85, 50]
17:50:[17, 62, 64, 93, 88, 85, 50]
17:50:[17, 62, 64, 94, 88, 85, 50]
17:50:[17, 62, 64, 95, 88, 85, 50]
17:50:[17, 62, 65, 96, 89, 85, 50]
17:50:[17, 62, 65, 97, 89, 85, 50]
17:50:[17, 62, 65, 98, 89, 85, 50]
17:51:[17, 62, 63, 90, 87, 86, 51]
17:51:[17, 62, 63, 91, 87, 86, 51]
17:51:[17, 62, 63, 92, 87, 86, 51]
17:51:[17, 62, 64, 93, 88, 86, 51]
17:51:[17, 62, 64, 94, 88, 86, 51]
17:51:[17, 62, 64, 95, 88, 86, 51]
17:51:[17, 62, 65, 96, 89, 86, 51]
17:51:[17, 62, 65, 97, 89, 86, 51]
17:51:[17, 62, 65, 98, 89, 86, 51]
17:52:[17, 62, 63, 90, 87, 86, 52]
17:52:[17, 62, 63, 91, 87, 86, 52]
17:52:[17, 62, 63, 92, 87, 86, 52]
17:52:[17, 62, 64, 93, 88, 86, 52]
17:52:[17, 62, 64, 94, 88, 86, 52]
17:52:[17, 62, 64, 95, 88, 86, 52]
17:52:[17, 62, 65, 96, 89, 86, 52]
17:52:[17, 62, 65, 97, 89, 86, 52]
17:52:[17, 62, 65, 98, 89, 86, 52]
17:53:[17, 62, 63, 90, 87, 86, 53]
17:53:[17, 62, 63, 91, 87, 86, 53]
17:53:[17, 62, 63, 92, 87, 86, 53]
17:53:[17, 62, 64, 93, 88, 86, 53]
17:53:[17, 62, 64, 94, 88, 86, 53]
17:53:[17, 62, 64, 95, 88, 86, 53]
17:53:[17, 62, 65, 96, 89, 86, 53]
17:53:[17, 62, 65, 97, 89, 86, 53]
17:53:[17, 62, 65, 98, 89, 86, 53]
18:0:[18, 66, 69, 90, 57, 54, 0]
18:0:[18, 66, 69, 91, 57, 54, 0]
18:0:[18, 66, 69, 92, 57, 54, 0]
18:0:[18, 66, 70, 93, 58, 54, 0]
18:0:[18, 66, 70, 94, 58, 54, 0]
18:0:[18, 66, 70, 95, 58, 54, 0]
18:0:[18, 66, 71, 96, 59, 54, 0]
18:0:[18, 66, 71, 97, 59, 54, 0]
18:0:[18, 66, 71, 98, 59, 54, 0]
18:1:[18, 66, 69, 90, 57, 54, 1]
18:1:[18, 66, 69, 91, 57, 54, 1]
18:1:[18, 66, 69, 92, 57, 54, 1]
18:1:[18, 66, 70, 93, 58, 54, 1]
18:1:[18, 66, 70, 94, 58, 54, 1]
18:1:[18, 66, 70, 95, 58, 54, 1]
18:1:[18, 66, 71, 96, 59, 54, 1]
18:1:[18, 66, 71, 97, 59, 54, 1]
18:1:[18, 66, 71, 98, 59, 54, 1]
18:2:[18, 66, 69, 90, 57, 54, 2]
18:2:[18, 66, 69, 91, 57, 54, 2]
18:2:[18, 66, 69, 92, 57, 54, 2]
18:2:[18, 66, 70, 93, 58, 54, 2]
18:2:[18, 66, 70, 94, 58, 54, 2]
18:2:[18, 66, 70, 95, 58, 54, 2]
18:2:[18, 66, 71, 96, 59, 54, 2]
18:2:[18, 66, 71, 97, 59, 54, 2]
18:2:[18, 66, 71, 98, 59, 54, 2]
18:3:[18, 66, 69, 90, 57, 55, 3]
18:3:[18, 66, 69, 91, 57, 55, 3]
18:3:[18, 66, 69, 92, 57, 55, 3]
18:3:[18, 66, 70, 93, 58, 55, 3]
18:3:[18, 66, 70, 94, 58, 55, 3]
18:3:[18, 66, 70, 95, 58, 55, 3]
18:3:[18, 66, 71, 96, 59, 55, 3]
18:3:[18, 66, 71, 97, 59, 55, 3]
18:3:[18, 66, 71, 98, 59, 55, 3]
18:4:[18, 66, 69, 90, 57, 55, 4]
18:4:[18, 66, 69, 91, 57, 55, 4]
18:4:[18, 66, 69, 92, 57, 55, 4]
18:4:[18, 66, 70, 93, 58, 55, 4]
18:4:[18, 66, 70, 94, 58, 55, 4]
18:4:[18, 66, 70, 95, 58, 55, 4]
18:4:[18, 66, 71, 96, 59, 55, 4]
18:4:[18, 66, 71, 97, 59, 55, 4]
18:4:[18, 66, 71, 98, 59, 55, 4]
18:5:[18, 66, 69, 90, 57, 55, 5]
18:5:[18, 66, 69, 91, 57, 55, 5]
18:5:[18, 66, 69, 92, 57, 55, 5]
18:5:[18, 66, 70, 93, 58, 55, 5]
18:5:[18, 66, 70, 94, 58, 55, 5]
18:5:[18, 66, 70, 95, 58, 55, 5]
18:5:[18, 66, 71, 96, 59, 55, 5]
18:5:[18, 66, 71, 97, 59, 55, 5]
18:5:[18, 66, 71, 98, 59, 55, 5]
18:6:[18, 66, 69, 90, 57, 56, 6]
18:6:[18, 66, 69, 91, 57, 56, 6]
18:6:[18, 66, 69, 92, 57, 56, 6]
18:6:[18, 66, 70, 93, 58, 56, 6]
18:6:[18, 66, 70, 94, 58, 56, 6]
18:6:[18, 66, 70, 95, 58, 56, 6]
18:6:[18, 66, 71, 96, 59, 56, 6]
18:6:[18, 66, 71, 97, 59, 56, 6]
18:6:[18, 66, 71, 98, 59, 56, 6]
18:7:[18, 66, 69, 90, 57, 56, 7]
18:7:[18, 66, 69, 91, 57, 56, 7]
18:7:[18, 66, 69, 92, 57, 56, 7]
18:7:[18, 66, 70, 93, 58, 56, 7]
18:7:[18, 66, 70, 94, 58, 56, 7]
18:7:[18, 66, 70, 95, 58, 56, 7]
18:7:[18, 66, 71, 96, 59, 56, 7]
18:7:[18, 66, 71, 97, 59, 56, 7]
18:7:[18, 66, 71, 98, 59, 56, 7]
18:8:[18, 66, 69, 90, 57, 56, 8]
18:8:[18, 66, 69, 91, 57, 56, 8]
18:8:[18, 66, 69, 92, 57, 56, 8]
18:8:[18, 66, 70, 93, 58, 56, 8]
18:8:[18, 66, 70, 94, 58, 56, 8]
18:8:[18, 66, 70, 95, 58, 56, 8]
18:8:[18, 66, 71, 96, 59, 56, 8]
18:8:[18, 66, 71, 97, 59, 56, 8]
18:8:[18, 66, 71, 98, 59, 56, 8]
18:9:[18, 66, 69, 90, 63, 60, 9]
18:9:[18, 66, 69, 91, 63, 60, 9]
18:9:[18, 66, 69, 92, 63, 60, 9]
18:9:[18, 66, 70, 93, 64, 60, 9]
18:9:[18, 66, 70, 94, 64, 60, 9]
18:9:[18, 66, 70, 95, 64, 60, 9]
18:9:[18, 66, 71, 96, 65, 60, 9]
18:9:[18, 66, 71, 97, 65, 60, 9]
18:9:[18, 66, 71, 98, 65, 60, 9]
18:10:[18, 66, 69, 90, 63, 60, 10]
18:10:[18, 66, 69, 91, 63, 60, 10]
18:10:[18, 66, 69, 92, 63, 60, 10]
18:10:[18, 66, 70, 93, 64, 60, 10]
18:10:[18, 66, 70, 94, 64, 60, 10]
18:10:[18, 66, 70, 95, 64, 60, 10]
18:10:[18, 66, 71, 96, 65, 60, 10]
18:10:[18, 66, 71, 97, 65, 60, 10]
18:10:[18, 66, 71, 98, 65, 60, 10]
18:11:[18, 66, 69, 90, 63, 60, 11]
18:11:[18, 66, 69, 91, 63, 60, 11]
18:11:[18, 66, 69, 92, 63, 60, 11]
18:11:[18, 66, 70, 93, 64, 60, 11]
18:11:[18, 66, 70, 94, 64, 60, 11]
18:11:[18, 66, 70, 95, 64, 60, 11]
18:11:[18, 66, 71, 96, 65, 60, 11]
18:11:[18, 66, 71, 97, 65, 60, 11]
18:11:[18, 66, 71, 98, 65, 60, 11]
18:12:[18, 66, 69, 90, 63, 61, 12]
18:12:[18, 66, 69, 91, 63, 61, 12]
18:12:[18, 66, 69, 92, 63, 61, 12]
18:12:[18, 66, 70, 93, 64, 61, 12]
18:12:[18, 66, 70, 94, 64, 61, 12]
18:12:[18, 66, 70, 95, 64, 61, 12]
18:12:[18, 66, 71, 96, 65, 61, 12]
18:12:[18, 66, 71, 97, 65, 61, 12]
18:12:[18, 66, 71, 98, 65, 61, 12]
18:13:[18, 66, 69, 90, 63, 61, 13]
18:13:[18, 66, 69, 91, 63, 61, 13]
18:13:[18, 66, 69, 92, 63, 61, 13]
18:13:[18, 66, 70, 93, 64, 61, 13]
18:13:[18, 66, 70, 94, 64, 61, 13]
18:13:[18, 66, 70, 95, 64, 61, 13]
18:13:[18, 66, 71, 96, 65, 61, 13]
18:13:[18, 66, 71, 97, 65, 61, 13]
18:13:[18, 66, 71, 98, 65, 61, 13]
18:14:[18, 66, 69, 90, 63, 61, 14]
18:14:[18, 66, 69, 91, 63, 61, 14]
18:14:[18, 66, 69, 92, 63, 61, 14]
18:14:[18, 66, 70, 93, 64, 61, 14]
18:14:[18, 66, 70, 94, 64, 61, 14]
18:14:[18, 66, 70, 95, 64, 61, 14]
18:14:[18, 66, 71, 96, 65, 61, 14]
18:14:[18, 66, 71, 97, 65, 61, 14]
18:14:[18, 66, 71, 98, 65, 61, 14]
18:15:[18, 66, 69, 90, 63, 62, 15]
18:15:[18, 66, 69, 91, 63, 62, 15]
18:15:[18, 66, 69, 92, 63, 62, 15]
18:15:[18, 66, 70, 93, 64, 62, 15]
18:15:[18, 66, 70, 94, 64, 62, 15]
18:15:[18, 66, 70, 95, 64, 62, 15]
18:15:[18, 66, 71, 96, 65, 62, 15]
18:15:[18, 66, 71, 97, 65, 62, 15]
18:15:[18, 66, 71, 98, 65, 62, 15]
18:16:[18, 66, 69, 90, 63, 62, 16]
18:16:[18, 66, 69, 91, 63, 62, 16]
18:16:[18, 66, 69, 92, 63, 62, 16]
18:16:[18, 66, 70, 93, 64, 62, 16]
18:16:[18, 66, 70, 94, 64, 62, 16]
18:16:[18, 66, 70, 95, 64, 62, 16]
18:16:[18, 66, 71, 96, 65, 62, 16]
18:16:[18, 66, 71, 97, 65, 62, 16]
18:16:[18, 66, 71, 98, 65, 62, 16]
18:17:[18, 66, 69, 90, 63, 62, 17]
18:17:[18, 66, 69, 91, 63, 62, 17]
18:17:[18, 66, 69, 92, 63, 62, 17]
18:17:[18, 66, 70, 93, 64, 62, 17]
18:17:[18, 66, 70, 94, 64, 62, 17]
18:17:[18, 66, 70, 95, 64, 62, 17]
18:17:[18, 66, 71, 96, 65, 62, 17]
18:17:[18, 66, 71, 97, 65, 62, 17]
18:17:[18, 66, 71, 98, 65, 62, 17]
18:19:[18, 66, 19]
18:20:[18, 66, 20]
18:21:[18, 66, 69, 67, 21]
18:21:[18, 66, 70, 67, 21]
18:21:[18, 66, 71, 67, 21]
18:22:[18, 66, 69, 67, 22]
18:22:[18, 66, 70, 67, 22]
18:22:[18, 66, 71, 67, 22]
18:23:[18, 66, 69, 67, 23]
18:23:[18, 66, 70, 67, 23]
18:23:[18, 66, 71, 67, 23]
18:24:[18, 66, 69, 68, 24]
18:24:[18, 66, 70, 68, 24]
18:24:[18, 66, 71, 68, 24]
18:25:[18, 66, 69, 68, 25]
18:25:[18, 66, 70, 68, 25]
18:25:[18, 66, 71, 68, 25]
18:26:[18, 66, 69, 68, 26]
18:26:[18, 66, 70, 68, 26]
18:26:[18, 66, 71, 68, 26]
18:27:[18, 66, 69, 90, 75, 72, 27]
18:27:[18, 66, 69, 91, 75, 72, 27]
18:27:[18, 66, 69, 92, 75, 72, 27]
18:27:[18, 66, 70, 93, 76, 72, 27]
18:27:[18, 66, 70, 94, 76, 72, 27]
18:27:[18, 66, 70, 95, 76, 72, 27]
18:27:[18, 66, 71, 96, 77, 72, 27]
18:27:[18, 66, 71, 97, 77, 72, 27]
18:27:[18, 66, 71, 98, 77, 72, 27]
18:28:[18, 66, 69, 90, 75, 72, 28]
18:28:[18, 66, 69, 91, 75, 72, 28]
18:28:[18, 66, 69, 92, 75, 72, 28]
18:28:[18, 66, 70, 93, 76, 72, 28]
18:28:[18, 66, 70, 94, 76, 72, 28]
18:28:[18, 66, 70, 95, 76, 72, 28]
18:28:[18, 66, 71, 96, 77, 72, 28]
18:28:[18, 66, 71, 97, 77, 72, 28]
18:28:[18, 66, 71, 98, 77, 72, 28]
18:29:[18, 66, 69, 90, 75, 72, 29]
18:29:[18, 66, 69, 91, 75, 72, 29]
18:29:[18, 66, 69, 92, 75, 72, 29]
18:29:[18, 66, 70, 93, 76, 72, 29]
18:29:[18, 66, 70, 94, 76, 72, 29]
18:29:[18, 66, 70, 95, 76, 72, 29]
18:29:[18, 66, 71, 96, 77, 72, 29]
18:29:[18, 66, 71, 97, 77, 72, 29]
18:29:[18, 66, 71, 98, 77, 72, 29]
18:30:[18, 66, 69, 90, 75, 73, 30]
18:30:[18, 66, 69, 91, 75, 73, 30]
18:30:[18, 66, 69, 92, 75, 73, 30]
18:30:[18, 66, 70, 93, 76, 73, 30]
18:30:[18, 66, 70, 94, 76, 73, 30]
18:30:[18, 66, 70, 95, 76, 73, 30]
18:30:[18, 66, 71, 96, 77, 73, 30]
18:30:[18, 66, 71, 97, 77, 73, 30]
18:30:[18, 66, 71, 98, 77, 73, 30]
18:31:[18, 66, 69, 90, 75, 73, 31]
18:31:[18, 66, 69, 91, 75, 73, 31]
18:31:[18, 66, 69, 92, 75, 73, 31]
18:31:[18, 66, 70, 93, 76, 73, 31]
18:31:[18, 66, 70, 94, 76, 73, 31]
18:31:[18, 66, 70, 95, 76, 73, 31]
18:31:[18, 66, 71, 96, 77, 73, 31]
18:31:[18, 66, 71, 97, 77, 73, 31]
18:31:[18, 66, 71, 98, 77, 73, 31]
18:32:[18, 66, 69, 90, 75, 73, 32]
18:32:[18, 66, 69, 91, 75, 73, 32]
18:32:[18, 66, 69, 92, 75, 73, 32]
18:32:[18, 66, 70, 93, 76, 73, 32]
18:32:[18, 66, 70, 94, 76, 73, 32]
18:32:[18, 66, 70, 95, 76, 73, 32]
18:32:[18, 66, 71, 96, 77, 73, 32]
18:32:[18, 66, 71, 97, 77, 73, 32]
18:32:[18, 66, 71, 98, 77, 73, 32]
18:33:[18, 66, 69, 90, 75, 74, 33]
18:33:[18, 66, 69, 91, 75, 74, 33]
18:33:[18, 66, 69, 92, 75, 74, 33]
18:33:[18, 66, 70, 93, 76, 74, 33]
18:33:[18, 66, 70, 94, 76, 74, 33]
18:33:[18, 66, 70, 95, 76, 74, 33]
18:33:[18, 66, 71, 96, 77, 74, 33]
18:33:[18, 66, 71, 97, 77, 74, 33]
18:33:[18, 66, 71, 98, 77, 74, 33]
18:34:[18, 66, 69, 90, 75, 74, 34]
18:34:[18, 66, 69, 91, 75, 74, 34]
18:34:[18, 66, 69, 92, 75, 74, 34]
18:34:[18, 66, 70, 93, 76, 74, 34]
18:34:[18, 66, 70, 94, 76, 74, 34]
18:34:[18, 66, 70, 95, 76, 74, 34]
18:34:[18, 66, 71, 96, 77, 74, 34]
18:34:[18, 66, 71, 97, 77, 74, 34]
18:34:[18, 66, 71, 98, 77, 74, 34]
18:35:[18, 66, 69, 90, 75, 74, 35]
18:35:[18, 66, 69, 91, 75, 74, 35]
18:35:[18, 66, 69, 92, 75, 74, 35]
18:35:[18, 66, 70, 93, 76, 74, 35]
18:35:[18, 66, 70, 94, 76, 74, 35]
18:35:[18, 66, 70, 95, 76, 74, 35]
18:35:[18, 66, 71, 96, 77, 74, 35]
18:35:[18, 66, 71, 97, 77, 74, 35]
18:35:[18, 66, 71, 98, 77, 74, 35]
18:36:[18, 66, 69, 90, 81, 78, 36]
18:36:[18, 66, 69, 91, 81, 78, 36]
18:36:[18, 66, 69, 92, 81, 78, 36]
18:36:[18, 66, 70, 93, 82, 78, 36]
18:36:[18, 66, 70, 94, 82, 78, 36]
18:36:[18, 66, 70, 95, 82, 78, 36]
18:36:[18, 66, 71, 96, 83, 78, 36]
18:36:[18, 66, 71, 97, 83, 78, 36]
18:36:[18, 66, 71, 98, 83, 78, 36]
18:37:[18, 66, 69, 90, 81, 78, 37]
18:37:[18, 66, 69, 91, 81, 78, 37]
18:37:[18, 66, 69, 92, 81, 78, 37]
18:37:[18, 66, 70, 93, 82, 78, 37]
18:37:[18, 66, 70, 94, 82, 78, 37]
18:37:[18, 66, 70, 95, 82, 78, 37]
18:37:[18, 66, 71, 96, 83, 78, 37]
18:37:[18, 66, 71, 97, 83, 78, 37]
18:37:[18, 66, 71, 98, 83, 78, 37]
18:38:[18, 66, 69, 90, 81, 78, 38]
18:38:[18, 66, 69, 91, 81, 78, 38]
18:38:[18, 66, 69, 92, 81, 78, 38]
18:38:[18, 66, 70, 93, 82, 78, 38]
18:38:[18, 66, 70, 94, 82, 78, 38]
18:38:[18, 66, 70, 95, 82, 78, 38]
18:38:[18, 66, 71, 96, 83, 78, 38]
18:38:[18, 66, 71, 97, 83, 78, 38]
18:38:[18, 66, 71, 98, 83, 78, 38]
18:39:[18, 66, 69, 90, 81, 79, 39]
18:39:[18, 66, 69, 91, 81, 79, 39]
18:39:[18, 66, 69, 92, 81, 79, 39]
18:39:[18, 66, 70, 93, 82, 79, 39]
18:39:[18, 66, 70, 94, 82, 79, 39]
18:39:[18, 66, 70, 95, 82, 79, 39]
18:39:[18, 66, 71, 96, 83, 79, 39]
18:39:[18, 66, 71, 97, 83, 79, 39]
18:39:[18, 66, 71, 98, 83, 79, 39]
18:40:[18, 66, 69, 90, 81, 79, 40]
18:40:[18, 66, 69, 91, 81, 79, 40]
18:40:[18, 66, 69, 92, 81, 79, 40]
18:40:[18, 66, 70, 93, 82, 79, 40]
18:40:[18, 66, 70, 94, 82, 79, 40]
18:40:[18, 66, 70, 95, 82, 79, 40]
18:40:[18, 66, 71, 96, 83, 79, 40]
18:40:[18, 66, 71, 97, 83, 79, 40]
18:40:[18, 66, 71, 98, 83, 79, 40]
18:41:[18, 66, 69, 90, 81, 79, 41]
18:41:[18, 66, 69, 91, 81, 79, 41]
18:41:[18, 66, 69, 92, 81, 79, 41]
18:41:[18, 66, 70, 93, 82, 79, 41]
18:41:[18, 66, 70, 94, 82, 79, 41]
18:41:[18, 66, 70, 95, 82, 79, 41]
18:41:[18, 66, 71, 96, 83, 79, 41]
18:41:[18, 66, 71, 97, 83, 79, 41]
18:41:[18, 66, 71, 98, 83, 79, 41]
18:42:[18, 66, 69, 90, 81, 80, 42]
18:42:[18, 66, 69, 91, 81, 80, 42]
18:42:[18, 66, 69, 92, 81, 80, 42]
18:42:[18, 66, 70, 93, 82, 80, 42]
18:42:[18, 66, 70, 94, 82, 80, 42]
18:42:[18, 66, 70, 95, 82, 80, 42]
18:42:[18, 66, 71, 96, 83, 80, 42]
18:42:[18, 66, 71, 97, 83, 80, 42]
18:42:[18, 66, 71, 98, 83, 80, 42]
18:43:[18, 66, 69, 90, 81, 80, 43]
18:43:[18, 66, 69, 91, 81, 80, 43]
18:43:[18, 66, 69, 92, 81, 80, 43]
18:43:[18, 66, 70, 93, 82, 80, 43]
18:43:[18, 66, 70, 94, 82, 80, 43]
18:43:[18, 66, 70, 95, 82, 80, 43]
18:43:[18, 66, 71, 96, 83, 80, 43]
18:43:[18, 66, 71, 97, 83, 80, 43]
18:43:[18, 66, 71, 98, 83, 80, 43]
18:44:[18, 66, 69, 90, 81, 80, 44]
18:44:[18, 66, 69, 91, 81, 80, 44]
18:44:[18, 66, 69, 92, 81, 80, 44]
18:44:[18, 66, 70, 93, 82, 80, 44]
18:44:[18, 66, 70, 94, 82, 80, 44]
18:44:[18, 66, 70, 95, 82, 80, 44]
18:44:[18, 66, 71, 96, 83, 80, 44]
18:44:[18, 66, 71, 97, 83, 80, 44]
18:44:[18, 66, 71, 98, 83, 80, 44]
18:45:[18, 66, 69, 90, 87, 84, 45]
18:45:[18, 66, 69, 91, 87, 84, 45]
18:45:[18, 66, 69, 92, 87, 84, 45]
18:45:[18, 66, 70, 93, 88, 84, 45]
18:45:[18, 66, 70, 94, 88, 84, 45]
18:45:[18, 66, 70, 95, 88, 84, 45]
18:45:[18, 66, 71, 96, 89, 84, 45]
18:45:[18, 66, 71, 97, 89, 84, 45]
18:45:[18, 66, 71, 98, 89, 84, 45]
18:46:[18, 66, 69, 90, 87, 84, 46]
18:46:[18, 66, 69, 91, 87, 84, 46]
18:46:[18, 66, 69, 92, 87, 84, 46]
18:46:[18, 66, 70, 93, 88, 84, 46]
18:46:[18, 66, 70, 94, 88, 84, 46]
18:46:[18, 66, 70, 95, 88, 84, 46]
18:46:[18, 66, 71, 96, 89, 84, 46]
18:46:[18, 66, 71, 97, 89, 84, 46]
18:46:[18, 66, 71, 98, 89, 84, 46]
18:47:[18, 66, 69, 90, 87, 84, 47]
18:47:[18, 66, 69, 91, 87, 84, 47]
18:47:[18, 66, 69, 92, 87, 84, 47]
18:47:[18, 66, 70, 93, 88, 84, 47]
18:47:[18, 66, 70, 94, 88, 84, 47]
18:47:[18, 66, 70, 95, 88, 84, 47]
18:47:[18, 66, 71, 96, 89, 84, 47]
18:47:[18, 66, 71, 97, 89, 84, 47]
18:47:[18, 66, 71, 98, 89, 84, 47]
18:48:[18, 66, 69, 90, 87, 85, 48]
18:48:[18, 66, 69, 91, 87, 85, 48]
18:48:[18, 66, 69, 92, 87, 85, 48]
18:48:[18, 66, 70, 93, 88, 85, 48]
18:48:[18, 66, 70, 94, 88, 85, 48]
18:48:[18, 66, 70, 95, 88, 85, 48]
18:48:[18, 66, 71, 96, 89, 85, 48]
18:48:[18, 66, 71, 97, 89, 85, 48]
18:48:[18, 66, 71, 98, 89, 85, 48]
18:49:[18, 66, 69, 90, 87, 85, 49]
18:49:[18, 66, 69, 91, 87, 85, 49]
18:49:[18, 66, 69, 92, 87, 85, 49]
18:49:[18, 66, 70, 93, 88, 85, 49]
18:49:[18, 66, 70, 94, 88, 85, 49]
18:49:[18, 66, 70, 95, 88, 85, 49]
18:49:[18, 66, 71, 96, 89, 85, 49]
18:49:[18, 66, 71, 97, 89, 85, 49]
18:49:[18, 66, 71, 98, 89, 85, 49]
18:50:[18, 66, 69, 90, 87, 85, 50]
18:50:[18, 66, 69, 91, 87, 85, 50]
18:50:[18, 66, 69, 92, 87, 85, 50]
18:50:[18, 66, 70, 93, 88, 85, 50]
18:50:[18, 66, 70, 94, 88, 85, 50]
18:50:[18, 66, 70, 95, 88, 85, 50]
18:50:[18, 66, 71, 96, 89, 85, 50]
18:50:[18, 66, 71, 97, 89, 85, 50]
18:50:[18, 66, 71, 98, 89, 85, 50]
18:51:[18, 66, 69, 90, 87, 86, 51]
18:51:[18, 66, 69, 91, 87, 86, 51]
18:51:[18, 66, 69, 92, 87, 86, 51]
18:51:[18, 66, 70, 93, 88, 86, 51]
18:51:[18, 66, 70, 94, 88, 86, 51]
18:51:[18, 66, 70, 95, 88, 86, 51]
18:51:[18, 66, 71, 96, 89, 86, 51]
18:51:[18, 66, 71, 97, 89, 86, 51]
18:51:[18, 66, 71, 98, 89, 86, 51]
18:52:[18, 66, 69, 90, 87, 86, 52]
18:52:[18, 66, 69, 91, 87, 86, 52]
18:52:[18, 66, 69, 92, 87, 86, 52]
18:52:[18, 66, 70, 93, 88, 86, 52]
18:52:[18, 66, 70, 94, 88, 86, 52]
18:52:[18, 66, 70, 95, 88, 86, 52]
18:52:[18, 66, 71, 96, 89, 86, 52]
18:52:[18, 66, 71, 97, 89, 86, 52]
18:52:[18, 66, 71, 98, 89, 86, 52]
18:53:[18, 66, 69, 90, 87, 86, 53]
18:53:[18, 66, 69, 91, 87, 86, 53]
18:53:[18, 66, 69, 92, 87, 86, 53]
18:53:[18, 66, 70, 93, 88, 86, 53]
18:53:[18, 66, 70, 94, 88, 86, 53]
18:53:[18, 66, 70, 95, 88, 86, 53]
18:53:[18, 66, 71, 96, 89, 86, 53]
18:53:[18, 66, 71, 97, 89, 86, 53]
18:53:[18, 66, 71, 98, 89, 86, 53]
19:0:[19, 66, 69, 90, 57, 54, 0]
19:0:[19, 66, 69, 91, 57, 54, 0]
19:0:[19, 66, 69, 92, 57, 54, 0]
19:0:[19, 66, 70, 93, 58, 54, 0]
19:0:[19, 66, 70, 94, 58, 54, 0]
19:0:[19, 66, 70, 95, 58, 54, 0]
19:0:[19, 66, 71, 96, 59, 54, 0]
19:0:[19, 66, 71, 97, 59, 54, 0]
19:0:[19, 66, 71, 98, 59, 54, 0]
19:1:[19, 66, 69, 90, 57, 54, 1]
19:1:[19, 66, 69, 91, 57, 54, 1]
19:1:[19, 66, 69, 92, 57, 54, 1]
19:1:[19, 66, 70, 93, 58, 54, 1]
19:1:[19, 66, 70, 94, 58, 54, 1]
19:1:[19, 66, 70, 95, 58, 54, 1]
19:1:[19, 66, 71, 96, 59, 54, 1]
19:1:[19, 66, 71, 97, 59, 54, 1]
19:1:[19, 66, 71, 98, 59, 54, 1]
19:2:[19, 66, 69, 90, 57, 54, 2]
19:2:[19, 66, 69, 91, 57, 54, 2]
19:2:[19, 66, 69, 92, 57, 54, 2]
19:2:[19, 66, 70, 93, 58, 54, 2]
19:2:[19, 66, 70, 94, 58, 54, 2]
19:2:[19, 66, 70, 95, 58, 54, 2]
19:2:[19, 66, 71, 96, 59, 54, 2]
19:2:[19, 66, 71, 97, 59, 54, 2]
19:2:[19, 66, 71, 98, 59, 54, 2]
19:3:[19, 66, 69, 90, 57, 55, 3]
19:3:[19, 66, 69, 91, 57, 55, 3]
19:3:[19, 66, 69, 92, 57, 55, 3]
19:3:[19, 66, 70, 93, 58, 55, 3]
19:3:[19, 66, 70, 94, 58, 55, 3]
19:3:[19, 66, 70, 95, 58, 55, 3]
19:3:[19, 66, 71, 96, 59, 55, 3]
19:3:[19, 66, 71, 97, 59, 55, 3]
19:3:[19, 66, 71, 98, 59, 55, 3]
19:4:[19, 66, 69, 90, 57, 55, 4]
19:4:[19, 66, 69, 91, 57, 55, 4]
19:4:[19, 66, 69, 92, 57, 55, 4]
19:4:[19, 66, 70, 93, 58, 55, 4]
19:4:[19, 66, 70, 94, 58, 55, 4]
19:4:[19, 66, 70, 95, 58, 55, 4]
19:4:[19, 66, 71, 96, 59, 55, 4]
19:4:[19, 66, 71, 97, 59, 55, 4]
19:4:[19, 66, 71, 98, 59, 55, 4]
19:5:[19, 66, 69, 90, 57, 55, 5]
19:5:[19, 66, 69, 91, 57, 55, 5]
19:5:[19, 66, 69, 92, 57, 55, 5]
19:5:[19, 66, 70, 93, 58, 55, 5]
19:5:[19, 66, 70, 94, 58, 55, 5]
19:5:[19, 66, 70, 95, 58, 55, 5]
19:5:[19, 66, 71, 96, 59, 55, 5]
19:5:[19, 66, 71, 97, 59, 55, 5]
19:5:[19, 66, 71, 98, 59, 55, 5]
19:6:[19, 66, 69, 90, 57, 56, 6]
19:6:[19, 66, 69, 91, 57, 56, 6]
19:6:[19, 66, 69, 92, 57, 56, 6]
19:6:[19, 66, 70, 93, 58, 56, 6]
19:6:[19, 66, 70, 94, 58, 56, 6]
19:6:[19, 66, 70, 95, 58, 56, 6]
19:6:[19, 66, 71, 96, 59, 56, 6]
19:6:[19, 66, 71, 97, 59, 56, 6]
19:6:[19, 66, 71, 98, 59, 56, 6]
19:7:[19, 66, 69, 90, 57, 56, 7]
19:7:[19, 66, 69, 91, 57, 56, 7]
19:7:[19, 66, 69, 92, 57, 56, 7]
19:7:[19, 66, 70, 93, 58, 56, 7]
19:7:[19, 66, 70, 94, 58, 56, 7]
19:7:[19, 66, 70, 95, 58, 56, 7]
19:7:[19, 66, 71, 96, 59, 56, 7]
19:7:[19, 66, 71, 97, 59, 56, 7]
19:7:[19, 66, 71, 98, 59, 56, 7]
19:8:[19, 66, 69, 90, 57, 56, 8]
19:8:[19, 66, 69, 91, 57, 56, 8]
19:8:[19, 66, 69, 92, 57, 56, 8]
19:8:[19, 66, 70, 93, 58, 56, 8]
19:8:[19, 66, 70, 94, 58, 56, 8]
19:8:[19, 66, 70, 95, 58, 56, 8]
19:8:[19, 66, 71, 96, 59, 56, 8]
19:8:[19, 66, 71, 97, 59, 56, 8]
19:8:[19, 66, 71, 98, 59, 56, 8]
19:9:[19, 66, 69, 90, 63, 60, 9]
19:9:[19, 66, 69, 91, 63, 60, 9]
19:9:[19, 66, 69, 92, 63, 60, 9]
19:9:[19, 66, 70, 93, 64, 60, 9]
19:9:[19, 66, 70, 94, 64, 60, 9]
19:9:[19, 66, 70, 95, 64, 60, 9]
19:9:[19, 66, 71, 96, 65, 60, 9]
19:9:[19, 66, 71, 97, 65, 60, 9]
19:9:[19, 66, 71, 98, 65, 60, 9]
19:10:[19, 66, 69, 90, 63, 60, 10]
19:10:[19, 66, 69, 91, 63, 60, 10]
19:10:[19, 66, 69, 92, 63, 60, 10]
19:10:[19, 66, 70, 93, 64, 60, 10]
19:10:[19, 66, 70, 94, 64, 60, 10]
19:10:[19, 66, 70, 95, 64, 60, 10]
19:10:[19, 66, 71, 96, 65, 60, 10]
19:10:[19, 66, 71, 97, 65, 60, 10]
19:10:[19, 66, 71, 98, 65, 60, 10]
19:11:[19, 66, 69, 90, 63, 60, 11]
19:11:[19, 66, 69, 91, 63, 60, 11]
19:11:[19, 66, 69, 92, 63, 60, 11]
19:11:[19, 66, 70, 93, 64, 60, 11]
19:11:[19, 66, 70, 94, 64, 60, 11]
19:11:[19, 66, 70, 95, 64, 60, 11]
19:11:[19, 66, 71, 96, 65, 60, 11]
19:11:[19, 66, 71, 97, 65, 60, 11]
19:11:[19, 66, 71, 98, 65, 60, 11]
19:12:[19, 66, 69, 90, 63, 61, 12]
19:12:[19, 66, 69, 91, 63, 61, 12]
19:12:[19, 66, 69, 92, 63, 61, 12]
19:12:[19, 66, 70, 93, 64, 61, 12]
19:12:[19, 66, 70, 94, 64, 61, 12]
19:12:[19, 66, 70, 95, 64, 61, 12]
19:12:[19, 66, 71, 96, 65, 61, 12]
19:12:[19, 66, 71, 97, 65, 61, 12]
19:12:[19, 66, 71, 98, 65, 61, 12]
19:13:[19, 66, 69, 90, 63, 61, 13]
19:13:[19, 66, 69, 91, 63, 61, 13]
19:13:[19, 66, 69, 92, 63, 61, 13]
19:13:[19, 66, 70, 93, 64, 61, 13]
19:13:[19, 66, 70, 94, 64, 61, 13]
19:13:[19, 66, 70, 95, 64, 61, 13]
19:13:[19, 66, 71, 96, 65, 61, 13]
19:13:[19, 66, 71, 97, 65, 61, 13]
19:13:[19, 66, 71, 98, 65, 61, 13]
19:14:[19, 66, 69, 90, 63, 61, 14]
19:14:[19, 66, 69, 91, 63, 61, 14]
19:14:[19, 66, 69, 92, 63, 61, 14]
19:14:[19, 66, 70, 93, 64, 61, 14]
19:14:[19, 66, 70, 94, 64, 61, 14]
19:14:[19, 66, 70, 95, 64, 61, 14]
19:14:[19, 66, 71, 96, 65, 61, 14]
19:14:[19, 66, 71, 97, 65, 61, 14]
19:14:[19, 66, 71, 98, 65, 61, 14]
19:15:[19, 66, 69, 90, 63, 62, 15]
19:15:[19, 66, 69, 91, 63, 62, 15]
19:15:[19, 66, 69, 92, 63, 62, 15]
19:15:[19, 66, 70, 93, 64, 62, 15]
19:15:[19, 66, 70, 94, 64, 62, 15]
19:15:[19, 66, 70, 95, 64, 62, 15]
19:15:[19, 66, 71, 96, 65, 62, 15]
19:15:[19, 66, 71, 97, 65, 62, 15]
19:15:[19, 66, 71, 98, 65, 62, 15]
19:16:[19, 66, 69, 90, 63, 62, 16]
19:16:[19, 66, 69, 91, 63, 62, 16]
19:16:[19, 66, 69, 92, 63, 62, 16]
19:16:[19, 66, 70, 93, 64, 62, 16]
19:16:[19, 66, 70, 94, 64, 62, 16]
19:16:[19, 66, 70, 95, 64, 62, 16]
19:16:[19, 66, 71, 96, 65, 62, 16]
19:16:[19, 66, 71, 97, 65, 62, 16]
19:16:[19, 66, 71, 98, 65, 62, 16]
19:17:[19, 66, 69, 90, 63, 62, 17]
19:17:[19, 66, 69, 91, 63, 62, 17]
19:17:[19, 66, 69, 92, 63, 62, 17]
19:17:[19, 66, 70, 93, 64, 62, 17]
19:17:[19, 66, 70, 94, 64, 62, 17]
19:17:[19, 66, 70, 95, 64, 62, 17]
19:17:[19, 66, 71, 96, 65, 62, 17]
19:17:[19, 66, 71, 97, 65, 62, 17]
19:17:[19, 66, 71, 98, 65, 62, 17]
19:18:[19, 66, 18]
19:20:[19, 66, 20]
19:21:[19, 66, 69, 67, 21]
19:21:[19, 66, 70, 67, 21]
19:21:[19, 66, 71, 67, 21]
19:22:[19, 66, 69, 67, 22]
19:22:[19, 66, 70, 67, 22]
19:22:[19, 66, 71, 67, 22]
19:23:[19, 66, 69, 67, 23]
19:23:[19, 66, 70, 67, 23]
19:23:[19, 66, 71, 67, 23]
19:24:[19, 66, 69, 68, 24]
19:24:[19, 66, 70, 68, 24]
19:24:[19, 66, 71, 68, 24]
19:25:[19, 66, 69, 68, 25]
19:25:[19, 66, 70, 68, 25]
19:25:[19, 66, 71, 68, 25]
19:26:[19, 66, 69, 68, 26]
19:26:[19, 66, 70, 68, 26]
19:26:[19, 66, 71, 68, 26]
19:27:[19, 66, 69, 90, 75, 72, 27]
19:27:[19, 66, 69, 91, 75, 72, 27]
19:27:[19, 66, 69, 92, 75, 72, 27]
19:27:[19, 66, 70, 93, 76, 72, 27]
19:27:[19, 66, 70, 94, 76, 72, 27]
19:27:[19, 66, 70, 95, 76, 72, 27]
19:27:[19, 66, 71, 96, 77, 72, 27]
19:27:[19, 66, 71, 97, 77, 72, 27]
19:27:[19, 66, 71, 98, 77, 72, 27]
19:28:[19, 66, 69, 90, 75, 72, 28]
19:28:[19, 66, 69, 91, 75, 72, 28]
19:28:[19, 66, 69, 92, 75, 72, 28]
19:28:[19, 66, 70, 93, 76, 72, 28]
19:28:[19, 66, 70, 94, 76, 72, 28]
19:28:[19, 66, 70, 95, 76, 72, 28]
19:28:[19, 66, 71, 96, 77, 72, 28]
19:28:[19, 66, 71, 97, 77, 72, 28]
19:28:[19, 66, 71, 98, 77, 72, 28]
19:29:[19, 66, 69, 90, 75, 72, 29]
19:29:[19, 66, 69, 91, 75, 72, 29]
19:29:[19, 66, 69, 92, 75, 72, 29]
19:29:[19, 66, 70, 93, 76, 72, 29]
19:29:[19, 66, 70, 94, 76, 72, 29]
19:29:[19, 66, 70, 95, 76, 72, 29]
19:29:[19, 66, 71, 96, 77, 72, 29]
19:29:[19, 66, 71, 97, 77, 72, 29]
19:29:[19, 66, 71, 98, 77, 72, 29]
19:30:[19, 66, 69, 90, 75, 73, 30]
19:30:[19, 66, 69, 91, 75, 73, 30]
19:30:[19, 66, 69, 92, 75, 73, 30]
19:30:[19, 66, 70, 93, 76, 73, 30]
19:30:[19, 66, 70, 94, 76, 73, 30]
19:30:[19, 66, 70, 95, 76, 73, 30]
19:30:[19, 66, 71, 96, 77, 73, 30]
19:30:[19, 66, 71, 97, 77, 73, 30]
19:30:[19, 66, 71, 98, 77, 73, 30]
19:31:[19, 66, 69, 90, 75, 73, 31]
19:31:[19, 66, 69, 91, 75, 73, 31]
19:31:[19, 66, 69, 92, 75, 73, 31]
19:31:[19, 66, 70, 93, 76, 73, 31]
19:31:[19, 66, 70, 94, 76, 73, 31]
19:31:[19, 66, 70, 95, 76, 73, 31]
19:31:[19, 66, 71, 96, 77, 73, 31]
19:31:[19, 66, 71, 97, 77, 73, 31]
19:31:[19, 66, 71, 98, 77, 73, 31]
19:32:[19, 66, 69, 90, 75, 73, 32]
19:32:[19, 66, 69, 91, 75, 73, 32]
19:32:[19, 66, 69, 92, 75, 73, 32]
19:32:[19, 66, 70, 93, 76, 73, 32]
19:32:[19, 66, 70, 94, 76, 73, 32]
19:32:[19, 66, 70, 95, 76, 73, 32]
19:32:[19, 66, 71, 96, 77, 73, 32]
19:32:[19, 66, 71, 97, 77, 73, 32]
19:32:[19, 66, 71, 98, 77, 73, 32]
19:33:[19, 66, 69, 90, 75, 74, 33]
19:33:[19, 66, 69, 91, 75, 74, 33]
19:33:[19, 66, 69, 92, 75, 74, 33]
19:33:[19, 66, 70, 93, 76, 74, 33]
19:33:[19, 66, 70, 94, 76, 74, 33]
19:33:[19, 66, 70, 95, 76, 74, 33]
19:33:[19, 66, 71, 96, 77, 74, 33]
19:33:[19, 66, 71, 97, 77, 74, 33]
19:33:[19, 66, 71, 98, 77, 74, 33]
19:34:[19, 66, 69, 90, 75, 74, 34]
19:34:[19, 66, 69, 91, 75, 74, 34]
19:34:[19, 66, 69, 92, 75, 74, 34]
19:34:[19, 66, 70, 93, 76, 74, 34]
19:34:[19, 66, 70, 94, 76, 74, 34]
19:34:[19, 66, 70, 95, 76, 74, 34]
19:34:[19, 66, 71, 96, 77, 74, 34]
19:34:[19, 66, 71, 97, 77, 74, 34]
19:34:[19, 66, 71, 98, 77, 74, 34]
19:35:[19, 66, 69, 90, 75, 74, 35]
19:35:[19, 66, 69, 91, 75, 74, 35]
19:35:[19, 66, 69, 92, 75, 74, 35]
19:35:[19, 66, 70, 93, 76, 74, 35]
19:35:[19, 66, 70, 94, 76, 74, 35]
19:35:[19, 66, 70, 95, 76, 74, 35]
19:35:[19, 66, 71, 96, 77, 74, 35]
19:35:[19, 66, 71, 97, 77, 74, 35]
19:35:[19, 66, 71, 98, 77, 74, 35]
19:36:[19, 66, 69, 90, 81, 78, 36]
19:36:[19, 66, 69, 91, 81, 78, 36]
19:36:[19, 66, 69, 92, 81, 78, 36]
19:36:[19, 66, 70, 93, 82, 78, 36]
19:36:[19, 66, 70, 94, 82, 78, 36]
19:36:[19, 66, 70, 95, 82, 78, 36]
19:36:[19, 66, 71, 96, 83, 78, 36]
19:36:[19, 66, 71, 97, 83, 78, 36]
19:36:[19, 66, 71, 98, 83, 78, 36]
19:37:[19, 66, 69, 90, 81, 78, 37]
19:37:[19, 66, 69, 91, 81, 78, 37]
19:37:[19, 66, 69, 92, 81, 78, 37]
19:37:[19, 66, 70, 93, 82, 78, 37]
19:37:[19, 66, 70, 94, 82, 78, 37]
19:37:[19, 66, 70, 95, 82, 78, 37]
19:37:[19, 66, 71, 96, 83, 78, 37]
19:37:[19, 66, 71, 97, 83, 78, 37]
19:37:[19, 66, 71, 98, 83, 78, 37]
19:38:[19, 66, 69, 90, 81, 78, 38]
19:38:[19, 66, 69, 91, 81, 78, 38]
19:38:[19, 66, 69, 92, 81, 78, 38]
19:38:[19, 66, 70, 93, 82, 78, 38]
19:38:[19, 66, 70, 94, 82, 78, 38]
19:38:[19, 66, 70, 95, 82, 78, 38]
19:38:[19, 66, 71, 96, 83, 78, 38]
19:38:[19, 66, 71, 97, 83, 78, 38]
19:38:[19, 66, 71, 98, 83, 78, 38]
19:39:[19, 66, 69, 90, 81, 79, 39]
19:39:[19, 66, 69, 91, 81, 79, 39]
19:39:[19, 66, 69, 92, 81, 79, 39]
19:39:[19, 66, 70, 93, 82, 79, 39]
19:39:[19, 66, 70, 94, 82, 79, 39]
19:39:[19, 66, 70, 95, 82, 79, 39]
19:39:[19, 66, 71, 96, 83, 79, 39]
19:39:[19, 66, 71, 97, 83, 79, 39]
19:39:[19, 66, 71, 98, 83, 79, 39]
19:40:[19, 66, 69, 90, 81, 79, 40]
19:40:[19, 66, 69, 91, 81, 79, 40]
19:40:[19, 66, 69, 92, 81, 79, 40]
19:40:[19, 66, 70, 93, 82, 79, 40]
19:40:[19, 66, 70, 94, 82, 79, 40]
19:40:[19, 66, 70, 95, 82, 79, 40]
19:40:[19, 66, 71, 96, 83, 79, 40]
19:40:[19, 66, 71, 97, 83, 79, 40]
19:40:[19, 66, 71, 98, 83, 79, 40]
19:41:[19, 66, 69, 90, 81, 79, 41]
19:41:[19, 66, 69, 91, 81, 79, 41]
19:41:[19, 66, 69, 92, 81, 79, 41]
19:41:[19, 66, 70, 93, 82, 79, 41]
19:41:[19, 66, 70, 94, 82, 79, 41]
19:41:[19, 66, 70, 95, 82, 79, 41]
19:41:[19, 66, 71, 96, 83, 79, 41]
19:41:[19, 66, 71, 97, 83, 79, 41]
19:41:[19, 66, 71, 98, 83, 79, 41]
19:42:[19, 66, 69, 90, 81, 80, 42]
19:42:[19, 66, 69, 91, 81, 80, 42]
19:42:[19, 66, 69, 92, 81, 80, 42]
19:42:[19, 66, 70, 93, 82, 80, 42]
19:42:[19, 66, 70, 94, 82, 80, 42]
19:42:[19, 66, 70, 95, 82, 80, 42]
19:42:[19, 66, 71, 96, 83, 80, 42]
19:42:[19, 66, 71, 97, 83, 80, 42]
19:42:[19, 66, 71, 98, 83, 80, 42]
19:43:[19, 66, 69, 90, 81, 80, 43]
19:43:[19, 66, 69, 91, 81, 80, 43]
19:43:[19, 66, 69, 92, 81, 80, 43]
19:43:[19, 66, 70, 93, 82, 80, 43]
19:43:[19, 66, 70, 94, 82, 80, 43]
19:43:[19, 66, 70, 95, 82, 80, 43]
19:43:[19, 66, 71, 96, 83, 80, 43]
19:43:[19, 66, 71, 97, 83, 80, 43]
19:43:[19, 66, 71, 98, 83, 80, 43]
19:44:[19, 66, 69, 90, 81, 80, 44]
19:44:[19, 66, 69, 91, 81, 80, 44]
19:44:[19, 66, 69, 92, 81, 80, 44]
19:44:[19, 66, 70, 93, 82, 80, 44]
19:44:[19, 66, 70, 94, 82, 80, 44]
19:44:[19, 66, 70, 95, 82, 80, 44]
19:44:[19, 66, 71, 96, 83, 80, 44]
19:44:[19, 66, 71, 97, 83, 80, 44]
19:44:[19, 66, 71, 98, 83, 80, 44]
19:45:[19, 66, 69, 90, 87, 84, 45]
19:45:[19, 66, 69, 91, 87, 84, 45]
19:45:[19, 66, 69, 92, 87, 84, 45]
19:45:[19, 66, 70, 93, 88, 84, 45]
19:45:[19, 66, 70, 94, 88, 84, 45]
19:45:[19, 66, 70, 95, 88, 84, 45]
19:45:[19, 66, 71, 96, 89, 84, 45]
19:45:[19, 66, 71, 97, 89, 84, 45]
19:45:[19, 66, 71, 98, 89, 84, 45]
19:46:[19, 66, 69, 90, 87, 84, 46]
19:46:[19, 66, 69, 91, 87, 84, 46]
19:46:[19, 66, 69, 92, 87, 84, 46]
19:46:[19, 66, 70, 93, 88, 84, 46]
19:46:[19, 66, 70, 94, 88, 84, 46]
19:46:[19, 66, 70, 95, 88, 84, 46]
19:46:[19, 66, 71, 96, 89, 84, 46]
19:46:[19, 66, 71, 97, 89, 84, 46]
19:46:[19, 66, 71, 98, 89, 84, 46]
19:47:[19, 66, 69, 90, 87, 84, 47]
19:47:[19, 66, 69, 91, 87, 84, 47]
19:47:[19, 66, 69, 92, 87, 84, 47]
19:47:[19, 66, 70, 93, 88, 84, 47]
19:47:[19, 66, 70, 94, 88, 84, 47]
19:47:[19, 66, 70, 95, 88, 84, 47]
19:47:[19, 66, 71, 96, 89, 84, 47]
19:47:[19, 66, 71, 97, 89, 84, 47]
19:47:[19, 66, 71, 98, 89, 84, 47]
19:48:[19, 66, 69, 90, 87, 85, 48]
19:48:[19, 66, 69, 91, 87, 85, 48]
19:48:[19, 66, 69, 92, 87, 85, 48]
19:48:[19, 66, 70, 93, 88, 85, 48]
19:48:[19, 66, 70, 94, 88, 85, 48]
19:48:[19, 66, 70, 95, 88, 85, 48]
19:48:[19, 66, 71, 96, 89, 85, 48]
19:48:[19, 66, 71, 97, 89, 85, 48]
19:48:[19, 66, 71, 98, 89, 85, 48]
19:49:[19, 66, 69, 90, 87, 85, 49]
19:49:[19, 66, 69, 91, 87, 85, 49]
19:49:[19, 66, 69, 92, 87, 85, 49]
19:49:[19, 66, 70, 93, 88, 85, 49]
19:49:[19, 66, 70, 94, 88, 85, 49]
19:49:[19, 66, 70, 95, 88, 85, 49]
19:49:[19, 66, 71, 96, 89, 85, 49]
19:49:[19, 66, 71, 97, 89, 85, 49]
19:49:[19, 66, 71, 98, 89, 85, 49]
19:50:[19, 66, 69, 90, 87, 85, 50]
19:50:[19, 66, 69, 91, 87, 85, 50]
19:50:[19, 66, 69, 92, 87, 85, 50]
19:50:[19, 66, 70, 93, 88, 85, 50]
19:50:[19, 66, 70, 94, 88, 85, 50]
19:50:[19, 66, 70, 95, 88, 85, 50]
19:50:[19, 66, 71, 96, 89, 85, 50]
19:50:[19, 66, 71, 97, 89, 85, 50]
19:50:[19, 66, 71, 98, 89, 85, 50]
19:51:[19, 66, 69, 90, 87, 86, 51]
19:51:[19, 66, 69, 91, 87, 86, 51]
19:51:[19, 66, 69, 92, 87, 86, 51]
19:51:[19, 66, 70, 93, 88, 86, 51]
19:51:[19, 66, 70, 94, 88, 86, 51]
19:51:[19, 66, 70, 95, 88, 86, 51]
19:51:[19, 66, 71, 96, 89, 86, 51]
19:51:[19, 66, 71, 97, 89, 86, 51]
19:51:[19, 66, 71, 98, 89, 86, 51]
19:52:[19, 66, 69, 90, 87, 86, 52]
19:52:[19, 66, 69, 91, 87, 86, 52]
19:52:[19, 66, 69, 92, 87, 86, 52]
19:52:[19, 66, 70, 93, 88, 86, 52]
19:52:[19, 66, 70, 94, 88, 86, 52]
19:52:[19, 66, 70, 95, 88, 86, 52]
19:52:[19, 66, 71, 96, 89, 86, 52]
19:52:[19, 66, 71, 97, 89, 86, 52]
19:52:[19, 66, 71, 98, 89, 86, 52]
19:53:[19, 66, 69, 90, 87, 86, 53]
19:53:[19, 66, 69, 91, 87, 86, 53]
19:53:[19, 66, 69, 92, 87, 86, 53]
19:53:[19, 66, 70, 93, 88, 86, 53]
19:53:[19, 66, 70, 94, 88, 86, 53]
19:53:[19, 66, 70, 95, 88, 86, 53]
19:53:[19, 66, 71, 96, 89, 86, 53]
19:53:[19, 66, 71, 97, 89, 86, 53]
19:53:[19, 66, 71, 98, 89, 86, 53]
20:0:[20, 66, 69, 90, 57, 54, 0]
20:0:[20, 66, 69, 91, 57, 54, 0]
20:0:[20, 66, 69, 92, 57, 54, 0]
20:0:[20, 66, 70, 93, 58, 54, 0]
20:0:[20, 66, 70, 94, 58, 54, 0]
20:0:[20, 66, 70, 95, 58, 54, 0]
20:0:[20, 66, 71, 96, 59, 54, 0]
20:0:[20, 66, 71, 97, 59, 54, 0]
20:0:[20, 66, 71, 98, 59, 54, 0]
20:1:[20, 66, 69, 90, 57, 54, 1]
20:1:[20, 66, 69, 91, 57, 54, 1]
20:1:[20, 66, 69, 92, 57, 54, 1]
20:1:[20, 66, 70, 93, 58, 54, 1]
20:1:[20, 66, 70, 94, 58, 54, 1]
20:1:[20, 66, 70, 95, 58, 54, 1]
20:1:[20, 66, 71, 96, 59, 54, 1]
20:1:[20, 66, 71, 97, 59, 54, 1]
20:1:[20, 66, 71, 98, 59, 54, 1]
20:2:[20, 66, 69, 90, 57, 54, 2]
20:2:[20, 66, 69, 91, 57, 54, 2]
20:2:[20, 66, 69, 92, 57, 54, 2]
20:2:[20, 66, 70, 93, 58, 54, 2]
20:2:[20, 66, 70, 94, 58, 54, 2]
20:2:[20, 66, 70, 95, 58, 54, 2]
20:2:[20, 66, 71, 96, 59, 54, 2]
20:2:[20, 66, 71, 97, 59, 54, 2]
20:2:[20, 66, 71, 98, 59, 54, 2]
20:3:[20, 66, 69, 90, 57, 55, 3]
20:3:[20, 66, 69, 91, 57, 55, 3]
20:3:[20, 66, 69, 92, 57, 55, 3]
20:3:[20, 66, 70, 93, 58, 55, 3]
20:3:[20, 66, 70, 94, 58, 55, 3]
20:3:[20, 66, 70, 95, 58, 55, 3]
20:3:[20, 66, 71, 96, 59, 55, 3]
20:3:[20, 66, 71, 97, 59, 55, 3]
20:3:[20, 66, 71, 98, 59, 55, 3]
20:4:[20, 66, 69, 90, 57, 55, 4]
20:4:[20, 66, 69, 91, 57, 55, 4]
20:4:[20, 66, 69, 92, 57, 55, 4]
20:4:[20, 66, 70, 93, 58, 55, 4]
20:4:[20, 66, 70, 94, 58, 55, 4]
20:4:[20, 66, 70, 95, 58, 55, 4]
20:4:[20, 66, 71, 96, 59, 55, 4]
20:4:[20, 66, 71, 97, 59, 55, 4]
20:4:[20, 66, 71, 98, 59, 55, 4]
20:5:[20, 66, 69, 90, 57, 55, 5]
20:5:[20, 66, 69, 91, 57, 55, 5]
20:5:[20, 66, 69, 92, 57, 55, 5]
20:5:[20, 66, 70, 93, 58, 55, 5]
20:5:[20, 66, 70, 94, 58, 55, 5]
20:5:[20, 66, 70, 95, 58, 55, 5]
20:5:[20, 66, 71, 96, 59, 55, 5]
20:5:[20, 66, 71, 97, 59, 55, 5]
20:5:[20, 66, 71, 98, 59, 55, 5]
20:6:[20, 66, 69, 90, 57, 56, 6]
20:6:[20, 66, 69, 91, 57, 56, 6]
20:6:[20, 66, 69, 92, 57, 56, 6]
20:6:[20, 66, 70, 93, 58, 56, 6]
20:6:[20, 66, 70, 94, 58, 56, 6]
20:6:[20, 66, 70, 95, 58, 56, 6]
20:6:[20, 66, 71, 96, 59, 56, 6]
20:6:[20, 66, 71, 97, 59, 56, 6]
20:6:[20, 66, 71, 98, 59, 56, 6]
20:7:[20, 66, 69, 90, 57, 56, 7]
20:7:[20, 66, 69, 91, 57, 56, 7]
20:7:[20, 66, 69, 92, 57, 56, 7]
20:7:[20, 66, 70, 93, 58, 56, 7]
20:7:[20, 66, 70, 94, 58, 56, 7]
20:7:[20, 66, 70, 95, 58, 56, 7]
20:7:[20, 66, 71, 96, 59, 56, 7]
20:7:[20, 66, 71, 97, 59, 56, 7]
20:7:[20, 66, 71, 98, 59, 56, 7]
20:8:[20, 66, 69, 90, 57, 56, 8]
20:8:[20, 66, 69, 91, 57, 56, 8]
20:8:[20, 66, 69, 92, 57, 56, 8]
20:8:[20, 66, 70, 93, 58, 56, 8]
20:8:[20, 66, 70, 94, 58, 56, 8]
20:8:[20, 66, 70, 95, 58, 56, 8]
20:8:[20, 66, 71, 96, 59, 56, 8]
20:8:[20, 66, 71, 97, 59, 56, 8]
20:8:[20, 66, 71, 98, 59, 56, 8]
20:9:[20, 66, 69, 90, 63, 60, 9]
20:9:[20, 66, 69, 91, 63, 60, 9]
20:9:[20, 66, 69, 92, 63, 60, 9]
20:9:[20, 66, 70, 93, 64, 60, 9]
20:9:[20, 66, 70, 94, 64, 60, 9]
20:9:[20, 66, 70, 95, 64, 60, 9]
20:9:[20, 66, 71, 96, 65, 60, 9]
20:9:[20, 66, 71, 97, 65, 60, 9]
20:9:[20, 66, 71, 98, 65, 60, 9]
20:10:[20, 66, 69, 90, 63, 60, 10]
20:10:[20, 66, 69, 91, 63, 60, 10]
20:10:[20, 66, 69, 92, 63, 60, 10]
20:10:[20, 66, 70, 93, 64, 60, 10]
20:10:[20, 66, 70, 94, 64, 60, 10]
20:10:[20, 66, 70, 95, 64, 60, 10]
20:10:[20, 66, 71, 96, 65, 60, 10]
20:10:[20, 66, 71, 97, 65, 60, 10]
20:10:[20, 66, 71, 98, 65, 60, 10]
20:11:[20, 66, 69, 90, 63, 60, 11]
20:11:[20, 66, 69, 91, 63, 60, 11]
20:11:[20, 66, 69, 92, 63, 60, 11]
20:11:[20, 66, 70, 93, 64, 60, 11]
20:11:[20, 66, 70, 94, 64, 60, 11]
20:11:[20, 66, 70, 95, 64, 60, 11]
20:11:[20, 66, 71, 96, 65, 60, 11]
20:11:[20, 66, 71, 97, 65, 60, 11]
20:11:[20, 66, 71, 98, 65, 60, 11]
20:12:[20, 66, 69, 90, 63, 61, 12]
20:12:[20, 66, 69, 91, 63, 61, 12]
20:12:[20, 66, 69, 92, 63, 61, 12]
20:12:[20, 66, 70, 93, 64, 61, 12]
20:12:[20, 66, 70, 94, 64, 61, 12]
20:12:[20, 66, 70, 95, 64, 61, 12]
20:12:[20, 66, 71, 96, 65, 61, 12]
20:12:[20, 66, 71, 97, 65, 61, 12]
20:12:[20, 66, 71, 98, 65, 61, 12]
20:13:[20, 66, 69, 90, 63, 61, 13]
20:13:[20, 66, 69, 91, 63, 61, 13]
20:13:[20, 66, 69, 92, 63, 61, 13]
20:13:[20, 66, 70, 93, 64, 61, 13]
20:13:[20, 66, 70, 94, 64, 61, 13]
20:13:[20, 66, 70, 95, 64, 61, 13]
20:13:[20, 66, 71, 96, 65, 61, 13]
20:13:[20, 66, 71, 97, 65, 61, 13]
20:13:[20, 66, 71, 98, 65, 61, 13]
20:14:[20, 66, 69, 90, 63, 61, 14]
20:14:[20, 66, 69, 91, 63, 61, 14]
20:14:[20, 66, 69, 92, 63, 61, 14]
20:14:[20, 66, 70, 93, 64, 61, 14]
20:14:[20, 66, 70, 94, 64, 61, 14]
20:14:[20, 66, 70, 95, 64, 61, 14]
20:14:[20, 66, 71, 96, 65, 61, 14]
20:14:[20, 66, 71, 97, 65, 61, 14]
20:14:[20, 66, 71, 98, 65, 61, 14]
20:15:[20, 66, 69, 90, 63, 62, 15]
20:15:[20, 66, 69, 91, 63, 62, 15]
20:15:[20, 66, 69, 92, 63, 62, 15]
20:15:[20, 66, 70, 93, 64, 62, 15]
20:15:[20, 66, 70, 94, 64, 62, 15]
20:15:[20, 66, 70, 95, 64, 62, 15]
20:15:[20, 66, 71, 96, 65, 62, 15]
20:15:[20, 66, 71, 97, 65, 62, 15]
20:15:[20, 66, 71, 98, 65, 62, 15]
20:16:[20, 66, 69, 90, 63, 62, 16]
20:16:[20, 66, 69, 91, 63, 62, 16]
20:16:[20, 66, 69, 92, 63, 62, 16]
20:16:[20, 66, 70, 93, 64, 62, 16]
20:16:[20, 66, 70, 94, 64, 62, 16]
20:16:[20, 66, 70, 95, 64, 62, 16]
20:16:[20, 66, 71, 96, 65, 62, 16]
20:16:[20, 66, 71, 97, 65, 62, 16]
20:16:[20, 66, 71, 98, 65, 62, 16]
20:17:[20, 66, 69, 90, 63, 62, 17]
20:17:[20, 66, 69, 91, 63, 62, 17]
20:17:[20, 66, 69, 92, 63, 62, 17]
20:17:[20, 66, 70, 93, 64, 62, 17]
20:17:[20, 66, 70, 94, 64, 62, 17]
20:17:[20, 66, 70, 95, 64, 62, 17]
20:17:[20, 66, 71, 96, 65, 62, 17]
20:17:[20, 66, 71, 97, 65, 62, 17]
20:17:[20, 66, 71, 98, 65, 62, 17]
20:18:[20, 66, 18]
20:19:[20, 66, 19]
20:21:[20, 66, 69, 67, 21]
20:21:[20, 66, 70, 67, 21]
20:21:[20, 66, 71, 67, 21]
20:22:[20, 66, 69, 67, 22]
20:22:[20, 66, 70, 67, 22]
20:22:[20, 66, 71, 67, 22]
20:23:[20, 66, 69, 67, 23]
20:23:[20, 66, 70, 67, 23]
20:23:[20, 66, 71, 67, 23]
20:24:[20, 66, 69, 68, 24]
20:24:[20, 66, 70, 68, 24]
20:24:[20, 66, 71, 68, 24]
20:25:[20, 66, 69, 68, 25]
20:25:[20, 66, 70, 68, 25]
20:25:[20, 66, 71, 68, 25]
20:26:[20, 66, 69, 68, 26]
20:26:[20, 66, 70, 68, 26]
20:26:[20, 66, 71, 68, 26]
20:27:[20, 66, 69, 90, 75, 72, 27]
20:27:[20, 66, 69, 91, 75, 72, 27]
20:27:[20, 66, 69, 92, 75, 72, 27]
20:27:[20, 66, 70, 93, 76, 72, 27]
20:27:[20, 66, 70, 94, 76, 72, 27]
20:27:[20, 66, 70, 95, 76, 72, 27]
20:27:[20, 66, 71, 96, 77, 72, 27]
20:27:[20, 66, 71, 97, 77, 72, 27]
20:27:[20, 66, 71, 98, 77, 72, 27]
20:28:[20, 66, 69, 90, 75, 72, 28]
20:28:[20, 66, 69, 91, 75, 72, 28]
20:28:[20, 66, 69, 92, 75, 72, 28]
20:28:[20, 66, 70, 93, 76, 72, 28]
20:28:[20, 66, 70, 94, 76, 72, 28]
20:28:[20, 66, 70, 95, 76, 72, 28]
20:28:[20, 66, 71, 96, 77, 72, 28]
20:28:[20, 66, 71, 97, 77, 72, 28]
20:28:[20, 66, 71, 98, 77, 72, 28]
20:29:[20, 66, 69, 90, 75, 72, 29]
20:29:[20, 66, 69, 91, 75, 72, 29]
20:29:[20, 66, 69, 92, 75, 72, 29]
20:29:[20, 66, 70, 93, 76, 72, 29]
20:29:[20, 66, 70, 94, 76, 72, 29]
20:29:[20, 66, 70, 95, 76, 72, 29]
20:29:[20, 66, 71, 96, 77, 72, 29]
20:29:[20, 66, 71, 97, 77, 72, 29]
20:29:[20, 66, 71, 98, 77, 72, 29]
20:30:[20, 66, 69, 90, 75, 73, 30]
20:30:[20, 66, 69, 91, 75, 73, 30]
20:30:[20, 66, 69, 92, 75, 73, 30]
20:30:[20, 66, 70, 93, 76, 73, 30]
20:30:[20, 66, 70, 94, 76, 73, 30]
20:30:[20, 66, 70, 95, 76, 73, 30]
20:30:[20, 66, 71, 96, 77, 73, 30]
20:30:[20, 66, 71, 97, 77, 73, 30]
20:30:[20, 66, 71, 98, 77, 73, 30]
20:31:[20, 66, 69, 90, 75, 73, 31]
20:31:[20, 66, 69, 91, 75, 73, 31]
20:31:[20, 66, 69, 92, 75, 73, 31]
20:31:[20, 66, 70, 93, 76, 73, 31]
20:31:[20, 66, 70, 94, 76, 73, 31]
20:31:[20, 66, 70, 95, 76, 73, 31]
20:31:[20, 66, 71, 96, 77, 73, 31]
20:31:[20, 66, 71, 97, 77, 73, 31]
20:31:[20, 66, 71, 98, 77, 73, 31]
20:32:[20, 66, 69, 90, 75, 73, 32]
20:32:[20, 66, 69, 91, 75, 73, 32]
20:32:[20, 66, 69, 92, 75, 73, 32]
20:32:[20, 66, 70, 93, 76, 73, 32]
20:32:[20, 66, 70, 94, 76, 73, 32]
20:32:[20, 66, 70, 95, 76, 73, 32]
20:32:[20, 66, 71, 96, 77, 73, 32]
20:32:[20, 66, 71, 97, 77, 73, 32]
20:32:[20, 66, 71, 98, 77, 73, 32]
20:33:[20, 66, 69, 90, 75, 74, 33]
20:33:[20, 66, 69, 91, 75, 74, 33]
20:33:[20, 66, 69, 92, 75, 74, 33]
20:33:[20, 66, 70, 93, 76, 74, 33]
20:33:[20, 66, 70, 94, 76, 74, 33]
20:33:[20, 66, 70, 95, 76, 74, 33]
20:33:[20, 66, 71, 96, 77, 74, 33]
20:33:[20, 66, 71, 97, 77, 74, 33]
20:33:[20, 66, 71, 98, 77, 74, 33]
20:34:[20, 66, 69, 90, 75, 74, 34]
20:34:[20, 66, 69, 91, 75, 74, 34]
20:34:[20, 66, 69, 92, 75, 74, 34]
20:34:[20, 66, 70, 93, 76, 74, 34]
20:34:[20, 66, 70, 94, 76, 74, 34]
20:34:[20, 66, 70, 95, 76, 74, 34]
20:34:[20, 66, 71, 96, 77, 74, 34]
20:34:[20, 66, 71, 97, 77, 74, 34]
20:34:[20, 66, 71, 98, 77, 74, 34]
20:35:[20, 66, 69, 90, 75, 74, 35]
20:35:[20, 66, 69, 91, 75, 74, 35]
20:35:[20, 66, 69, 92, 75, 74, 35]
20:35:[20, 66, 70, 93, 76, 74, 35]
20:35:[20, 66, 70, 94, 76, 74, 35]
20:35:[20, 66, 70, 95, 76, 74, 35]
20:35:[20, 66, 71, 96, 77, 74, 35]
20:35:[20, 66, 71, 97, 77, 74, 35]
20:35:[20, 66, 71, 98, 77, 74, 35]
20:36:[20, 66, 69, 90, 81, 78, 36]
20:36:[20, 66, 69, 91, 81, 78, 36]
20:36:[20, 66, 69, 92, 81, 78, 36]
20:36:[20, 66, 70, 93, 82, 78, 36]
20:36:[20, 66, 70, 94, 82, 78, 36]
20:36:[20, 66, 70, 95, 82, 78, 36]
20:36:[20, 66, 71, 96, 83, 78, 36]
20:36:[20, 66, 71, 97, 83, 78, 36]
20:36:[20, 66, 71, 98, 83, 78, 36]
20:37:[20, 66, 69, 90, 81, 78, 37]
20:37:[20, 66, 69, 91, 81, 78, 37]
20:37:[20, 66, 69, 92, 81, 78, 37]
20:37:[20, 66, 70, 93, 82, 78, 37]
20:37:[20, 66, 70, 94, 82, 78, 37]
20:37:[20, 66, 70, 95, 82, 78, 37]
20:37:[20, 66, 71, 96, 83, 78, 37]
20:37:[20, 66, 71, 97, 83, 78, 37]
20:37:[20, 66, 71, 98, 83, 78, 37]
20:38:[20, 66, 69, 90, 81, 78, 38]
20:38:[20, 66, 69, 91, 81, 78, 38]
20:38:[20, 66, 69, 92, 81, 78, 38]
20:38:[20, 66, 70, 93, 82, 78, 38]
20:38:[20, 66, 70, 94, 82, 78, 38]
20:38:[20, 66, 70, 95, 82, 78, 38]
20:38:[20, 66, 71, 96, 83, 78, 38]
20:38:[20, 66, 71, 97, 83, 78, 38]
20:38:[20, 66, 71, 98, 83, 78, 38]
20:39:[20, 66, 69, 90, 81, 79, 39]
20:39:[20, 66, 69, 91, 81, 79, 39]
20:39:[20, 66, 69, 92, 81, 79, 39]
20:39:[20, 66, 70, 93, 82, 79, 39]
20:39:[20, 66, 70, 94, 82, 79, 39]
20:39:[20, 66, 70, 95, 82, 79, 39]
20:39:[20, 66, 71, 96, 83, 79, 39]
20:39:[20, 66, 71, 97, 83, 79, 39]
20:39:[20, 66, 71, 98, 83, 79, 39]
20:40:[20, 66, 69, 90, 81, 79, 40]
20:40:[20, 66, 69, 91, 81, 79, 40]
20:40:[20, 66, 69, 92, 81, 79, 40]
20:40:[20, 66, 70, 93, 82, 79, 40]
20:40:[20, 66, 70, 94, 82, 79, 40]
20:40:[20, 66, 70, 95, 82, 79, 40]
20:40:[20, 66, 71, 96, 83, 79, 40]
20:40:[20, 66, 71, 97, 83, 79, 40]
20:40:[20, 66, 71, 98, 83, 79, 40]
20:41:[20, 66, 69, 90, 81, 79, 41]
20:41:[20, 66, 69, 91, 81, 79, 41]
20:41:[20, 66, 69, 92, 81, 79, 41]
20:41:[20, 66, 70, 93, 82, 79, 41]
20:41:[20, 66, 70, 94, 82, 79, 41]
20:41:[20, 66, 70, 95, 82, 79, 41]
20:41:[20, 66, 71, 96, 83, 79, 41]
20:41:[20, 66, 71, 97, 83, 79, 41]
20:41:[20, 66, 71, 98, 83, 79, 41]
20:42:[20, 66, 69, 90, 81, 80, 42]
20:42:[20, 66, 69, 91, 81, 80, 42]
20:42:[20, 66, 69, 92, 81, 80, 42]
20:42:[20, 66, 70, 93, 82, 80, 42]
20:42:[20, 66, 70, 94, 82, 80, 42]
20:42:[20, 66, 70, 95, 82, 80, 42]
20:42:[20, 66, 71, 96, 83, 80, 42]
20:42:[20, 66, 71, 97, 83, 80, 42]
20:42:[20, 66, 71, 98, 83, 80, 42]
20:43:[20, 66, 69, 90, 81, 80, 43]
20:43:[20, 66, 69, 91, 81, 80, 43]
20:43:[20, 66, 69, 92, 81, 80, 43]
20:43:[20, 66, 70, 93, 82, 80, 43]
20:43:[20, 66, 70, 94, 82, 80, 43]
20:43:[20, 66, 70, 95, 82, 80, 43]
20:43:[20, 66, 71, 96, 83, 80, 43]
20:43:[20, 66, 71, 97, 83, 80, 43]
20:43:[20, 66, 71, 98, 83, 80, 43]
20:44:[20, 66, 69, 90, 81, 80, 44]
20:44:[20, 66, 69, 91, 81, 80, 44]
20:44:[20, 66, 69, 92, 81, 80, 44]
20:44:[20, 66, 70, 93, 82, 80, 44]
20:44:[20, 66, 70, 94, 82, 80, 44]
20:44:[20, 66, 70, 95, 82, 80, 44]
20:44:[20, 66, 71, 96, 83, 80, 44]
20:44:[20, 66, 71, 97, 83, 80, 44]
20:44:[20, 66, 71, 98, 83, 80, 44]
20:45:[20, 66, 69, 90, 87, 84, 45]
20:45:[20, 66, 69, 91, 87, 84, 45]
20:45:[20, 66, 69, 92, 87, 84, 45]
20:45:[20, 66, 70, 93, 88, 84, 45]
20:45:[20, 66, 70, 94, 88, 84, 45]
20:45:[20, 66, 70, 95, 88, 84, 45]
20:45:[20, 66, 71, 96, 89, 84, 45]
20:45:[20, 66, 71, 97, 89, 84, 45]
20:45:[20, 66, 71, 98, 89, 84, 45]
20:46:[20, 66, 69, 90, 87, 84, 46]
20:46:[20, 66, 69, 91, 87, 84, 46]
20:46:[20, 66, 69, 92, 87, 84, 46]
20:46:[20, 66, 70, 93, 88, 84, 46]
20:46:[20, 66, 70, 94, 88, 84, 46]
20:46:[20, 66, 70, 95, 88, 84, 46]
20:46:[20, 66, 71, 96, 89, 84, 46]
20:46:[20, 66, 71, 97, 89, 84, 46]
20:46:[20, 66, 71, 98, 89, 84, 46]
20:47:[20, 66, 69, 90, 87, 84, 47]
20:47:[20, 66, 69, 91, 87, 84, 47]
20:47:[20, 66, 69, 92, 87, 84, 47]
20:47:[20, 66, 70, 93, 88, 84, 47]
20:47:[20, 66, 70, 94, 88, 84, 47]
20:47:[20, 66, 70, 95, 88, 84, 47]
20:47:[20, 66, 71, 96, 89, 84, 47]
20:47:[20, 66, 71, 97, 89, 84, 47]
20:47:[20, 66, 71, 98, 89, 84, 47]
20:48:[20, 66, 69, 90, 87, 85, 48]
20:48:[20, 66, 69, 91, 87, 85, 48]
20:48:[20, 66, 69, 92, 87, 85, 48]
20:48:[20, 66, 70, 93, 88, 85, 48]
20:48:[20, 66, 70, 94, 88, 85, 48]
20:48:[20, 66, 70, 95, 88, 85, 48]
20:48:[20, 66, 71, 96, 89, 85, 48]
20:48:[20, 66, 71, 97, 89, 85, 48]
20:48:[20, 66, 71, 98, 89, 85, 48]
20:49:[20, 66, 69, 90, 87, 85, 49]
20:49:[20, 66, 69, 91, 87, 85, 49]
20:49:[20, 66, 69, 92, 87, 85, 49]
20:49:[20, 66, 70, 93, 88, 85, 49]
20:49:[20, 66, 70, 94, 88, 85, 49]
20:49:[20, 66, 70, 95, 88, 85, 49]
20:49:[20, 66, 71, 96, 89, 85, 49]
20:49:[20, 66, 71, 97, 89, 85, 49]
20:49:[20, 66, 71, 98, 89, 85, 49]
20:50:[20, 66, 69, 90, 87, 85, 50]
20:50:[20, 66, 69, 91, 87, 85, 50]
20:50:[20, 66, 69, 92, 87, 85, 50]
20:50:[20, 66, 70, 93, 88, 85, 50]
20:50:[20, 66, 70, 94, 88, 85, 50]
20:50:[20, 66, 70, 95, 88, 85, 50]
20:50:[20, 66, 71, 96, 89, 85, 50]
20:50:[20, 66, 71, 97, 89, 85, 50]
20:50:[20, 66, 71, 98, 89, 85, 50]
20:51:[20, 66, 69, 90, 87, 86, 51]
20:51:[20, 66, 69, 91, 87, 86, 51]
20:51:[20, 66, 69, 92, 87, 86, 51]
20:51:[20, 66, 70, 93, 88, 86, 51]
20:51:[20, 66, 70, 94, 88, 86, 51]
20:51:[20, 66, 70, 95, 88, 86, 51]
20:51:[20, 66, 71, 96, 89, 86, 51]
20:51:[20, 66, 71, 97, 89, 86, 51]
20:51:[20, 66, 71, 98, 89, 86, 51]
20:52:[20, 66, 69, 90, 87, 86, 52]
20:52:[20, 66, 69, 91, 87, 86, 52]
20:52:[20, 66, 69, 92, 87, 86, 52]
20:52:[20, 66, 70, 93, 88, 86, 52]
20:52:[20, 66, 70, 94, 88, 86, 52]
20:52:[20, 66, 70, 95, 88, 86, 52]
20:52:[20, 66, 71, 96, 89, 86, 52]
20:52:[20, 66, 71, 97, 89, 86, 52]
20:52:[20, 66, 71, 98, 89, 86, 52]
20:53:[20, 66, 69, 90, 87, 86, 53]
20:53:[20, 66, 69, 91, 87, 86, 53]
20:53:[20, 66, 69, 92, 87, 86, 53]
20:53:[20, 66, 70, 93, 88, 86, 53]
20:53:[20, 66, 70, 94, 88, 86, 53]
20:53:[20, 66, 70, 95, 88, 86, 53]
20:53:[20, 66, 71, 96, 89, 86, 53]
20:53:[20, 66, 71, 97, 89, 86, 53]
20:53:[20, 66, 71, 98, 89, 86, 53]
21:0:[21, 67, 69, 90, 57, 54, 0]
21:0:[21, 67, 69, 91, 57, 54, 0]
21:0:[21, 67, 69, 92, 57, 54, 0]
21:0:[21, 67, 70, 93, 58, 54, 0]
21:0:[21, 67, 70, 94, 58, 54, 0]
21:0:[21, 67, 70, 95, 58, 54, 0]
21:0:[21, 67, 71, 96, 59, 54, 0]
21:0:[21, 67, 71, 97, 59, 54, 0]
21:0:[21, 67, 71, 98, 59, 54, 0]
21:1:[21, 67, 69, 90, 57, 54, 1]
21:1:[21, 67, 69, 91, 57, 54, 1]
21:1:[21, 67, 69, 92, 57, 54, 1]
21:1:[21, 67, 70, 93, 58, 54, 1]
21:1:[21, 67, 70, 94, 58, 54, 1]
21:1:[21, 67, 70, 95, 58, 54, 1]
21:1:[21, 67, 71, 96, 59, 54, 1]
21:1:[21, 67, 71, 97, 59, 54, 1]
21:1:[21, 67, 71, 98, 59, 54, 1]
21:2:[21, 67, 69, 90, 57, 54, 2]
21:2:[21, 67, 69, 91, 57, 54, 2]
21:2:[21, 67, 69, 92, 57, 54, 2]
21:2:[21, 67, 70, 93, 58, 54, 2]
21:2:[21, 67, 70, 94, 58, 54, 2]
21:2:[21, 67, 70, 95, 58, 54, 2]
21:2:[21, 67, 71, 96, 59, 54, 2]
21:2:[21, 67, 71, 97, 59, 54, 2]
21:2:[21, 67, 71, 98, 59, 54, 2]
21:3:[21, 67, 69, 90, 57, 55, 3]
21:3:[21, 67, 69, 91, 57, 55, 3]
21:3:[21, 67, 69, 92, 57, 55, 3]
21:3:[21, 67, 70, 93, 58, 55, 3]
21:3:[21, 67, 70, 94, 58, 55, 3]
21:3:[21, 67, 70, 95, 58, 55, 3]
21:3:[21, 67, 71, 96, 59, 55, 3]
21:3:[21, 67, 71, 97, 59, 55, 3]
21:3:[21, 67, 71, 98, 59, 55, 3]
21:4:[21, 67, 69, 90, 57, 55, 4]
21:4:[21, 67, 69, 91, 57, 55, 4]
21:4:[21, 67, 69, 92, 57, 55, 4]
21:4:[21, 67, 70, 93, 58, 55, 4]
21:4:[21, 67, 70, 94, 58, 55, 4]
21:4:[21, 67, 70, 95, 58, 55, 4]
21:4:[21, 67, 71, 96, 59, 55, 4]
21:4:[21, 67, 71, 97, 59, 55, 4]
21:4:[21, 67, 71, 98, 59, 55, 4]
21:5:[21, 67, 69, 90, 57, 55, 5]
21:5:[21, 67, 69, 91, 57, 55, 5]
21:5:[21, 67, 69, 92, 57, 55, 5]
21:5:[21, 67, 70, 93, 58, 55, 5]
21:5:[21, 67, 70, 94, 58, 55, 5]
21:5:[21, 67, 70, 95, 58, 55, 5]
21:5:[21, 67, 71, 96, 59, 55, 5]
21:5:[21, 67, 71, 97, 59, 55, 5]
21:5:[21, 67, 71, 98, 59, 55, 5]
21:6:[21, 67, 69, 90, 57, 56, 6]
21:6:[21, 67, 69, 91, 57, 56, 6]
21:6:[21, 67, 69, 92, 57, 56, 6]
21:6:[21, 67, 70, 93, 58, 56, 6]
21:6:[21, 67, 70, 94, 58, 56, 6]
21:6:[21, 67, 70, 95, 58, 56, 6]
21:6:[21, 67, 71, 96, 59, 56, 6]
21:6:[21, 67, 71, 97, 59, 56, 6]
21:6:[21, 67, 71, 98, 59, 56, 6]
21:7:[21, 67, 69, 90, 57, 56, 7]
21:7:[21, 67, 69, 91, 57, 56, 7]
21:7:[21, 67, 69, 92, 57, 56, 7]
21:7:[21, 67, 70, 93, 58, 56, 7]
21:7:[21, 67, 70, 94, 58, 56, 7]
21:7:[21, 67, 70, 95, 58, 56, 7]
21:7:[21, 67, 71, 96, 59, 56, 7]
21:7:[21, 67, 71, 97, 59, 56, 7]
21:7:[21, 67, 71, 98, 59, 56, 7]
21:8:[21, 67, 69, 90, 57, 56, 8]
21:8:[21, 67, 69, 91, 57, 56, 8]
21:8:[21, 67, 69, 92, 57, 56, 8]
21:8:[21, 67, 70, 93, 58, 56, 8]
21:8:[21, 67, 70, 94, 58, 56, 8]
21:8:[21, 67, 70, 95, 58, 56, 8]
21:8:[21, 67, 71, 96, 59, 56, 8]
21:8:[21, 67, 71, 97, 59, 56, 8]
21:8:[21, 67, 71, 98, 59, 56, 8]
21:9:[21, 67, 69, 90, 63, 60, 9]
21:9:[21, 67, 69, 91, 63, 60, 9]
21:9:[21, 67, 69, 92, 63, 60, 9]
21:9:[21, 67, 70, 93, 64, 60, 9]
21:9:[21, 67, 70, 94, 64, 60, 9]
21:9:[21, 67, 70, 95, 64, 60, 9]
21:9:[21, 67, 71, 96, 65, 60, 9]
21:9:[21, 67, 71, 97, 65, 60, 9]
21:9:[21, 67, 71, 98, 65, 60, 9]
21:10:[21, 67, 69, 90, 63, 60, 10]
21:10:[21, 67, 69, 91, 63, 60, 10]
21:10:[21, 67, 69, 92, 63, 60, 10]
21:10:[21, 67, 70, 93, 64, 60, 10]
21:10:[21, 67, 70, 94, 64, 60, 10]
21:10:[21, 67, 70, 95, 64, 60, 10]
21:10:[21, 67, 71, 96, 65, 60, 10]
21:10:[21, 67, 71, 97, 65, 60, 10]
21:10:[21, 67, 71, 98, 65, 60, 10]
21:11:[21, 67, 69, 90, 63, 60, 11]
21:11:[21, 67, 69, 91, 63, 60, 11]
21:11:[21, 67, 69, 92, 63, 60, 11]
21:11:[21, 67, 70, 93, 64, 60, 11]
21:11:[21, 67, 70, 94, 64, 60, 11]
21:11:[21, 67, 70, 95, 64, 60, 11]
21:11:[21, 67, 71, 96, 65, 60, 11]
21:11:[21, 67, 71, 97, 65, 60, 11]
21:11:[21, 67, 71, 98, 65, 60, 11]
21:12:[21, 67, 69, 90, 63, 61, 12]
21:12:[21, 67, 69, 91, 63, 61, 12]
21:12:[21, 67, 69, 92, 63, 61, 12]
21:12:[21, 67, 70, 93, 64, 61, 12]
21:12:[21, 67, 70, 94, 64, 61, 12]
21:12:[21, 67, 70, 95, 64, 61, 12]
21:12:[21, 67, 71, 96, 65, 61, 12]
21:12:[21, 67, 71, 97, 65, 61, 12]
21:12:[21, 67, 71, 98, 65, 61, 12]
21:13:[21, 67, 69, 90, 63, 61, 13]
21:13:[21, 67, 69, 91, 63, 61, 13]
21:13:[21, 67, 69, 92, 63, 61, 13]
21:13:[21, 67, 70, 93, 64, 61, 13]
21:13:[21, 67, 70, 94, 64, 61, 13]
21:13:[21, 67, 70, 95, 64, 61, 13]
21:13:[21, 67, 71, 96, 65, 61, 13]
21:13:[21, 67, 71, 97, 65, 61, 13]
21:13:[21, 67, 71, 98, 65, 61, 13]
21:14:[21, 67, 69, 90, 63, 61, 14]
21:14:[21, 67, 69, 91, 63, 61, 14]
21:14:[21, 67, 69, 92, 63, 61, 14]
21:14:[21, 67, 70, 93, 64, 61, 14]
21:14:[21, 67, 70, 94, 64, 61, 14]
21:14:[21, 67, 70, 95, 64, 61, 14]
21:14:[21, 67, 71, 96, 65, 61, 14]
21:14:[21, 67, 71, 97, 65, 61, 14]
21:14:[21, 67, 71, 98, 65, 61, 14]
21:15:[21, 67, 69, 90, 63, 62, 15]
21:15:[21, 67, 69, 91, 63, 62, 15]
21:15:[21, 67, 69, 92, 63, 62, 15]
21:15:[21, 67, 70, 93, 64, 62, 15]
21:15:[21, 67, 70, 94, 64, 62, 15]
21:15:[21, 67, 70, 95, 64, 62, 15]
21:15:[21, 67, 71, 96, 65, 62, 15]
21:15:[21, 67, 71, 97, 65, 62, 15]
21:15:[21, 67, 71, 98, 65, 62, 15]
21:16:[21, 67, 69, 90, 63, 62, 16]
21:16:[21, 67, 69, 91, 63, 62, 16]
21:16:[21, 67, 69, 92, 63, 62, 16]
21:16:[21, 67, 70, 93, 64, 62, 16]
21:16:[21, 67, 70, 94, 64, 62, 16]
21:16:[21, 67, 70, 95, 64, 62, 16]
21:16:[21, 67, 71, 96, 65, 62, 16]
21:16:[21, 67, 71, 97, 65, 62, 16]
21:16:[21, 67, 71, 98, 65, 62, 16]
21:17:[21, 67, 69, 90, 63, 62, 17]
21:17:[21, 67, 69, 91, 63, 62, 17]
21:17:[21, 67, 69, 92, 63, 62, 17]
21:17:[21, 67, 70, 93, 64, 62, 17]
21:17:[21, 67, 70, 94, 64, 62, 17]
21:17:[21, 67, 70, 95, 64, 62, 17]
21:17:[21, 67, 71, 96, 65, 62, 17]
21:17:[21, 67, 71, 97, 65, 62, 17]
21:17:[21, 67, 71, 98, 65, 62, 17]
21:18:[21, 67, 69, 66, 18]
21:18:[21, 67, 70, 66, 18]
21:18:[21, 67, 71, 66, 18]
21:19:[21, 67, 69, 66, 19]
21:19:[21, 67, 70, 66, 19]
21:19:[21, 67, 71, 66, 19]
21:20:[21, 67, 69, 66, 20]
21:20:[21, 67, 70, 66, 20]
21:20:[21, 67, 71, 66, 20]
21:22:[21, 67, 22]
21:23:[21, 67, 23]
21:24:[21, 67, 69, 68, 24]
21:24:[21, 67, 70, 68, 24]
21:24:[21, 67, 71, 68, 24]
21:25:[21, 67, 69, 68, 25]
21:25:[21, 67, 70, 68, 25]
21:25:[21, 67, 71, 68, 25]
21:26:[21, 67, 69, 68, 26]
21:26:[21, 67, 70, 68, 26]
21:26:[21, 67, 71, 68, 26]
21:27:[21, 67, 69, 90, 75, 72, 27]
21:27:[21, 67, 69, 91, 75, 72, 27]
21:27:[21, 67, 69, 92, 75, 72, 27]
21:27:[21, 67, 70, 93, 76, 72, 27]
21:27:[21, 67, 70, 94, 76, 72, 27]
21:27:[21, 67, 70, 95, 76, 72, 27]
21:27:[21, 67, 71, 96, 77, 72, 27]
21:27:[21, 67, 71, 97, 77, 72, 27]
21:27:[21, 67, 71, 98, 77, 72, 27]
21:28:[21, 67, 69, 90, 75, 72, 28]
21:28:[21, 67, 69, 91, 75, 72, 28]
21:28:[21, 67, 69, 92, 75, 72, 28]
21:28:[21, 67, 70, 93, 76, 72, 28]
21:28:[21, 67, 70, 94, 76, 72, 28]
21:28:[21, 67, 70, 95, 76, 72, 28]
21:28:[21, 67, 71, 96, 77, 72, 28]
21:28:[21, 67, 71, 97, 77, 72, 28]
21:28:[21, 67, 71, 98, 77, 72, 28]
21:29:[21, 67, 69, 90, 75, 72, 29]
21:29:[21, 67, 69, 91, 75, 72, 29]
21:29:[21, 67, 69, 92, 75, 72, 29]
21:29:[21, 67, 70, 93, 76, 72, 29]
21:29:[21, 67, 70, 94, 76, 72, 29]
21:29:[21, 67, 70, 95, 76, 72, 29]
21:29:[21, 67, 71, 96, 77, 72, 29]
21:29:[21, 67, 71, 97, 77, 72, 29]
21:29:[21, 67, 71, 98, 77, 72, 29]
21:30:[21, 67, 69, 90, 75, 73, 30]
21:30:[21, 67, 69, 91, 75, 73, 30]
21:30:[21, 67, 69, 92, 75, 73, 30]
21:30:[21, 67, 70, 93, 76, 73, 30]
21:30:[21, 67, 70, 94, 76, 73, 30]
21:30:[21, 67, 70, 95, 76, 73, 30]
21:30:[21, 67, 71, 96, 77, 73, 30]
21:30:[21, 67, 71, 97, 77, 73, 30]
21:30:[21, 67, 71, 98, 77, 73, 30]
21:31:[21, 67, 69, 90, 75, 73, 31]
21:31:[21, 67, 69, 91, 75, 73, 31]
21:31:[21, 67, 69, 92, 75, 73, 31]
21:31:[21, 67, 70, 93, 76, 73, 31]
21:31:[21, 67, 70, 94, 76, 73, 31]
21:31:[21, 67, 70, 95, 76, 73, 31]
21:31:[21, 67, 71, 96, 77, 73, 31]
21:31:[21, 67, 71, 97, 77, 73, 31]
21:31:[21, 67, 71, 98, 77, 73, 31]
21:32:[21, 67, 69, 90, 75, 73, 32]
21:32:[21, 67, 69, 91, 75, 73, 32]
21:32:[21, 67, 69, 92, 75, 73, 32]
21:32:[21, 67, 70, 93, 76, 73, 32]
21:32:[21, 67, 70, 94, 76, 73, 32]
21:32:[21, 67, 70, 95, 76, 73, 32]
21:32:[21, 67, 71, 96, 77, 73, 32]
21:32:[21, 67, 71, 97, 77, 73, 32]
21:32:[21, 67, 71, 98, 77, 73, 32]
21:33:[21, 67, 69, 90, 75, 74, 33]
21:33:[21, 67, 69, 91, 75, 74, 33]
21:33:[21, 67, 69, 92, 75, 74, 33]
21:33:[21, 67, 70, 93, 76, 74, 33]
21:33:[21, 67, 70, 94, 76, 74, 33]
21:33:[21, 67, 70, 95, 76, 74, 33]
21:33:[21, 67, 71, 96, 77, 74, 33]
21:33:[21, 67, 71, 97, 77, 74, 33]
21:33:[21, 67, 71, 98, 77, 74, 33]
21:34:[21, 67, 69, 90, 75, 74, 34]
21:34:[21, 67, 69, 91, 75, 74, 34]
21:34:[21, 67, 69, 92, 75, 74, 34]
21:34:[21, 67, 70, 93, 76, 74, 34]
21:34:[21, 67, 70, 94, 76, 74, 34]
21:34:[21, 67, 70, 95, 76, 74, 34]
21:34:[21, 67, 71, 96, 77, 74, 34]
21:34:[21, 67, 71, 97, 77, 74, 34]
21:34:[21, 67, 71, 98, 77, 74, 34]
21:35:[21, 67, 69, 90, 75, 74, 35]
21:35:[21, 67, 69, 91, 75, 74, 35]
21:35:[21, 67, 69, 92, 75, 74, 35]
21:35:[21, 67, 70, 93, 76, 74, 35]
21:35:[21, 67, 70, 94, 76, 74, 35]
21:35:[21, 67, 70, 95, 76, 74, 35]
21:35:[21, 67, 71, 96, 77, 74, 35]
21:35:[21, 67, 71, 97, 77, 74, 35]
21:35:[21, 67, 71, 98, 77, 74, 35]
21:36:[21, 67, 69, 90, 81, 78, 36]
21:36:[21, 67, 69, 91, 81, 78, 36]
21:36:[21, 67, 69, 92, 81, 78, 36]
21:36:[21, 67, 70, 93, 82, 78, 36]
21:36:[21, 67, 70, 94, 82, 78, 36]
21:36:[21, 67, 70, 95, 82, 78, 36]
21:36:[21, 67, 71, 96, 83, 78, 36]
21:36:[21, 67, 71, 97, 83, 78, 36]
21:36:[21, 67, 71, 98, 83, 78, 36]
21:37:[21, 67, 69, 90, 81, 78, 37]
21:37:[21, 67, 69, 91, 81, 78, 37]
21:37:[21, 67, 69, 92, 81, 78, 37]
21:37:[21, 67, 70, 93, 82, 78, 37]
21:37:[21, 67, 70, 94, 82, 78, 37]
21:37:[21, 67, 70, 95, 82, 78, 37]
21:37:[21, 67, 71, 96, 83, 78, 37]
21:37:[21, 67, 71, 97, 83, 78, 37]
21:37:[21, 67, 71, 98, 83, 78, 37]
21:38:[21, 67, 69, 90, 81, 78, 38]
21:38:[21, 67, 69, 91, 81, 78, 38]
21:38:[21, 67, 69, 92, 81, 78, 38]
21:38:[21, 67, 70, 93, 82, 78, 38]
21:38:[21, 67, 70, 94, 82, 78, 38]
21:38:[21, 67, 70, 95, 82, 78, 38]
21:38:[21, 67, 71, 96, 83, 78, 38]
21:38:[21, 67, 71, 97, 83, 78, 38]
21:38:[21, 67, 71, 98, 83, 78, 38]
21:39:[21, 67, 69, 90, 81, 79, 39]
21:39:[21, 67, 69, 91, 81, 79, 39]
21:39:[21, 67, 69, 92, 81, 79, 39]
21:39:[21, 67, 70, 93, 82, 79, 39]
21:39:[21, 67, 70, 94, 82, 79, 39]
21:39:[21, 67, 70, 95, 82, 79, 39]
21:39:[21, 67, 71, 96, 83, 79, 39]
21:39:[21, 67, 71, 97, 83, 79, 39]
21:39:[21, 67, 71, 98, 83, 79, 39]
21:40:[21, 67, 69, 90, 81, 79, 40]
21:40:[21, 67, 69, 91, 81, 79, 40]
21:40:[21, 67, 69, 92, 81, 79, 40]
21:40:[21, 67, 70, 93, 82, 79, 40]
21:40:[21, 67, 70, 94, 82, 79, 40]
21:40:[21, 67, 70, 95, 82, 79, 40]
21:40:[21, 67, 71, 96, 83, 79, 40]
21:40:[21, 67, 71, 97, 83, 79, 40]
21:40:[21, 67, 71, 98, 83, 79, 40]
21:41:[21, 67, 69, 90, 81, 79, 41]
21:41:[21, 67, 69, 91, 81, 79, 41]
21:41:[21, 67, 69, 92, 81, 79, 41]
21:41:[21, 67, 70, 93, 82, 79, 41]
21:41:[21, 67, 70, 94, 82, 79, 41]
21:41:[21, 67, 70, 95, 82, 79, 41]
21:41:[21, 67, 71, 96, 83, 79, 41]
21:41:[21, 67, 71, 97, 83, 79, 41]
21:41:[21, 67, 71, 98, 83, 79, 41]
21:42:[21, 67, 69, 90, 81, 80, 42]
21:42:[21, 67, 69, 91, 81, 80, 42]
21:42:[21, 67, 69, 92, 81, 80, 42]
21:42:[21, 67, 70, 93, 82, 80, 42]
21:42:[21, 67, 70, 94, 82, 80, 42]
21:42:[21, 67, 70, 95, 82, 80, 42]
21:42:[21, 67, 71, 96, 83, 80, 42]
21:42:[21, 67, 71, 97, 83, 80, 42]
21:42:[21, 67, 71, 98, 83, 80, 42]
21:43:[21, 67, 69, 90, 81, 80, 43]
21:43:[21, 67, 69, 91, 81, 80, 43]
21:43:[21, 67, 69, 92, 81, 80, 43]
21:43:[21, 67, 70, 93, 82, 80, 43]
21:43:[21, 67, 70, 94, 82, 80, 43]
21:43:[21, 67, 70, 95, 82, 80, 43]
21:43:[21, 67, 71, 96, 83, 80, 43]
21:43:[21, 67, 71, 97, 83, 80, 43]
21:43:[21, 67, 71, 98, 83, 80, 43]
21:44:[21, 67, 69, 90, 81, 80, 44]
21:44:[21, 67, 69, 91, 81, 80, 44]
21:44:[21, 67, 69, 92, 81, 80, 44]
21:44:[21, 67, 70, 93, 82, 80, 44]
21:44:[21, 67, 70, 94, 82, 80, 44]
21:44:[21, 67, 70, 95, 82, 80, 44]
21:44:[21, 67, 71, 96, 83, 80, 44]
21:44:[21, 67, 71, 97, 83, 80, 44]
21:44:[21, 67, 71, 98, 83, 80, 44]
21:45:[21, 67, 69, 90, 87, 84, 45]
21:45:[21, 67, 69, 91, 87, 84, 45]
21:45:[21, 67, 69, 92, 87, 84, 45]
21:45:[21, 67, 70, 93, 88, 84, 45]
21:45:[21, 67, 70, 94, 88, 84, 45]
21:45:[21, 67, 70, 95, 88, 84, 45]
21:45:[21, 67, 71, 96, 89, 84, 45]
21:45:[21, 67, 71, 97, 89, 84, 45]
21:45:[21, 67, 71, 98, 89, 84, 45]
21:46:[21, 67, 69, 90, 87, 84, 46]
21:46:[21, 67, 69, 91, 87, 84, 46]
21:46:[21, 67, 69, 92, 87, 84, 46]
21:46:[21, 67, 70, 93, 88, 84, 46]
21:46:[21, 67, 70, 94, 88, 84, 46]
21:46:[21, 67, 70, 95, 88, 84, 46]
21:46:[21, 67, 71, 96, 89, 84, 46]
21:46:[21, 67, 71, 97, 89, 84, 46]
21:46:[21, 67, 71, 98, 89, 84, 46]
21:47:[21, 67, 69, 90, 87, 84, 47]
21:47:[21, 67, 69, 91, 87, 84, 47]
21:47:[21, 67, 69, 92, 87, 84, 47]
21:47:[21, 67, 70, 93, 88, 84, 47]
21:47:[21, 67, 70, 94, 88, 84, 47]
21:47:[21, 67, 70, 95, 88, 84, 47]
21:47:[21, 67, 71, 96, 89, 84, 47]
21:47:[21, 67, 71, 97, 89, 84, 47]
21:47:[21, 67, 71, 98, 89, 84, 47]
21:48:[21, 67, 69, 90, 87, 85, 48]
21:48:[21, 67, 69, 91, 87, 85, 48]
21:48:[21, 67, 69, 92, 87, 85, 48]
21:48:[21, 67, 70, 93, 88, 85, 48]
21:48:[21, 67, 70, 94, 88, 85, 48]
21:48:[21, 67, 70, 95, 88, 85, 48]
21:48:[21, 67, 71, 96, 89, 85, 48]
21:48:[21, 67, 71, 97, 89, 85, 48]
21:48:[21, 67, 71, 98, 89, 85, 48]
21:49:[21, 67, 69, 90, 87, 85, 49]
21:49:[21, 67, 69, 91, 87, 85, 49]
21:49:[21, 67, 69, 92, 87, 85, 49]
21:49:[21, 67, 70, 93, 88, 85, 49]
21:49:[21, 67, 70, 94, 88, 85, 49]
21:49:[21, 67, 70, 95, 88, 85, 49]
21:49:[21, 67, 71, 96, 89, 85, 49]
21:49:[21, 67, 71, 97, 89, 85, 49]
21:49:[21, 67, 71, 98, 89, 85, 49]
21:50:[21, 67, 69, 90, 87, 85, 50]
21:50:[21, 67, 69, 91, 87, 85, 50]
21:50:[21, 67, 69, 92, 87, 85, 50]
21:50:[21, 67, 70, 93, 88, 85, 50]
21:50:[21, 67, 70, 94, 88, 85, 50]
21:50:[21, 67, 70, 95, 88, 85, 50]
21:50:[21, 67, 71, 96, 89, 85, 50]
21:50:[21, 67, 71, 97, 89, 85, 50]
21:50:[21, 67, 71, 98, 89, 85, 50]
21:51:[21, 67, 69, 90, 87, 86, 51]
21:51:[21, 67, 69, 91, 87, 86, 51]
21:51:[21, 67, 69, 92, 87, 86, 51]
21:51:[21, 67, 70, 93, 88, 86, 51]
21:51:[21, 67, 70, 94, 88, 86, 51]
21:51:[21, 67, 70, 95, 88, 86, 51]
21:51:[21, 67, 71, 96, 89, 86, 51]
21:51:[21, 67, 71, 97, 89, 86, 51]
21:51:[21, 67, 71, 98, 89, 86, 51]
21:52:[21, 67, 69, 90, 87, 86, 52]
21:52:[21, 67, 69, 91, 87, 86, 52]
21:52:[21, 67, 69, 92, 87, 86, 52]
21:52:[21, 67, 70, 93, 88, 86, 52]
21:52:[21, 67, 70, 94, 88, 86, 52]
21:52:[21, 67, 70, 95, 88, 86, 52]
21:52:[21, 67, 71, 96, 89, 86, 52]
21:52:[21, 67, 71, 97, 89, 86, 52]
21:52:[21, 67, 71, 98, 89, 86, 52]
21:53:[21, 67, 69, 90, 87, 86, 53]
21:53:[21, 67, 69, 91, 87, 86, 53]
21:53:[21, 67, 69, 92, 87, 86, 53]
21:53:[21, 67, 70, 93, 88, 86, 53]
21:53:[21, 67, 70, 94, 88, 86, 53]
21:53:[21, 67, 70, 95, 88, 86, 53]
21:53:[21, 67, 71, 96, 89, 86, 53]
21:53:[21, 67, 71, 97, 89, 86, 53]
21:53:[21, 67, 71, 98, 89, 86, 53]
22:0:[22, 67, 69, 90, 57, 54, 0]
22:0:[22, 67, 69, 91, 57, 54, 0]
22:0:[22, 67, 69, 92, 57, 54, 0]
22:0:[22, 67, 70, 93, 58, 54, 0]
22:0:[22, 67, 70, 94, 58, 54, 0]
22:0:[22, 67, 70, 95, 58, 54, 0]
22:0:[22, 67, 71, 96, 59, 54, 0]
22:0:[22, 67, 71, 97, 59, 54, 0]
22:0:[22, 67, 71, 98, 59, 54, 0]
22:1:[22, 67, 69, 90, 57, 54, 1]
22:1:[22, 67, 69, 91, 57, 54, 1]
22:1:[22, 67, 69, 92, 57, 54, 1]
22:1:[22, 67, 70, 93, 58, 54, 1]
22:1:[22, 67, 70, 94, 58, 54, 1]
22:1:[22, 67, 70, 95, 58, 54, 1]
22:1:[22, 67, 71, 96, 59, 54, 1]
22:1:[22, 67, 71, 97, 59, 54, 1]
22:1:[22, 67, 71, 98, 59, 54, 1]
22:2:[22, 67, 69, 90, 57, 54, 2]
22:2:[22, 67, 69, 91, 57, 54, 2]
22:2:[22, 67, 69, 92, 57, 54, 2]
22:2:[22, 67, 70, 93, 58, 54, 2]
22:2:[22, 67, 70, 94, 58, 54, 2]
22:2:[22, 67, 70, 95, 58, 54, 2]
22:2:[22, 67, 71, 96, 59, 54, 2]
22:2:[22, 67, 71, 97, 59, 54, 2]
22:2:[22, 67, 71, 98, 59, 54, 2]
22:3:[22, 67, 69, 90, 57, 55, 3]
22:3:[22, 67, 69, 91, 57, 55, 3]
22:3:[22, 67, 69, 92, 57, 55, 3]
22:3:[22, 67, 70, 93, 58, 55, 3]
22:3:[22, 67, 70, 94, 58, 55, 3]
22:3:[22, 67, 70, 95, 58, 55, 3]
22:3:[22, 67, 71, 96, 59, 55, 3]
22:3:[22, 67, 71, 97, 59, 55, 3]
22:3:[22, 67, 71, 98, 59, 55, 3]
22:4:[22, 67, 69, 90, 57, 55, 4]
22:4:[22, 67, 69, 91, 57, 55, 4]
22:4:[22, 67, 69, 92, 57, 55, 4]
22:4:[22, 67, 70, 93, 58, 55, 4]
22:4:[22, 67, 70, 94, 58, 55, 4]
22:4:[22, 67, 70, 95, 58, 55, 4]
22:4:[22, 67, 71, 96, 59, 55, 4]
22:4:[22, 67, 71, 97, 59, 55, 4]
22:4:[22, 67, 71, 98, 59, 55, 4]
22:5:[22, 67, 69, 90, 57, 55, 5]
22:5:[22, 67, 69, 91, 57, 55, 5]
22:5:[22, 67, 69, 92, 57, 55, 5]
22:5:[22, 67, 70, 93, 58, 55, 5]
22:5:[22, 67, 70, 94, 58, 55, 5]
22:5:[22, 67, 70, 95, 58, 55, 5]
22:5:[22, 67, 71, 96, 59, 55, 5]
22:5:[22, 67, 71, 97, 59, 55, 5]
22:5:[22, 67, 71, 98, 59, 55, 5]
22:6:[22, 67, 69, 90, 57, 56, 6]
22:6:[22, 67, 69, 91, 57, 56, 6]
22:6:[22, 67, 69, 92, 57, 56, 6]
22:6:[22, 67, 70, 93, 58, 56, 6]
22:6:[22, 67, 70, 94, 58, 56, 6]
22:6:[22, 67, 70, 95, 58, 56, 6]
22:6:[22, 67, 71, 96, 59, 56, 6]
22:6:[22, 67, 71, 97, 59, 56, 6]
22:6:[22, 67, 71, 98, 59, 56, 6]
22:7:[22, 67, 69, 90, 57, 56, 7]
22:7:[22, 67, 69, 91, 57, 56, 7]
22:7:[22, 67, 69, 92, 57, 56, 7]
22:7:[22, 67, 70, 93, 58, 56, 7]
22:7:[22, 67, 70, 94, 58, 56, 7]
22:7:[22, 67, 70, 95, 58, 56, 7]
22:7:[22, 67, 71, 96, 59, 56, 7]
22:7:[22, 67, 71, 97, 59, 56, 7]
22:7:[22, 67, 71, 98, 59, 56, 7]
22:8:[22, 67, 69, 90, 57, 56, 8]
22:8:[22, 67, 69, 91, 57, 56, 8]
22:8:[22, 67, 69, 92, 57, 56, 8]
22:8:[22, 67, 70, 93, 58, 56, 8]
22:8:[22, 67, 70, 94, 58, 56, 8]
22:8:[22, 67, 70, 95, 58, 56, 8]
22:8:[22, 67, 71, 96, 59, 56, 8]
22:8:[22, 67, 71, 97, 59, 56, 8]
22:8:[22, 67, 71, 98, 59, 56, 8]
22:9:[22, 67, 69, 90, 63, 60, 9]
22:9:[22, 67, 69, 91, 63, 60, 9]
22:9:[22, 67, 69, 92, 63, 60, 9]
22:9:[22, 67, 70, 93, 64, 60, 9]
22:9:[22, 67, 70, 94, 64, 60, 9]
22:9:[22, 67, 70, 95, 64, 60, 9]
22:9:[22, 67, 71, 96, 65, 60, 9]
22:9:[22, 67, 71, 97, 65, 60, 9]
22:9:[22, 67, 71, 98, 65, 60, 9]
22:10:[22, 67, 69, 90, 63, 60, 10]
22:10:[22, 67, 69, 91, 63, 60, 10]
22:10:[22, 67, 69, 92, 63, 60, 10]
22:10:[22, 67, 70, 93, 64, 60, 10]
22:10:[22, 67, 70, 94, 64, 60, 10]
22:10:[22, 67, 70, 95, 64, 60, 10]
22:10:[22, 67, 71, 96, 65, 60, 10]
22:10:[22, 67, 71, 97, 65, 60, 10]
22:10:[22, 67, 71, 98, 65, 60, 10]
22:11:[22, 67, 69, 90, 63, 60, 11]
22:11:[22, 67, 69, 91, 63, 60, 11]
22:11:[22, 67, 69, 92, 63, 60, 11]
22:11:[22, 67, 70, 93, 64, 60, 11]
22:11:[22, 67, 70, 94, 64, 60, 11]
22:11:[22, 67, 70, 95, 64, 60, 11]
22:11:[22, 67, 71, 96, 65, 60, 11]
22:11:[22, 67, 71, 97, 65, 60, 11]
22:11:[22, 67, 71, 98, 65, 60, 11]
22:12:[22, 67, 69, 90, 63, 61, 12]
22:12:[22, 67, 69, 91, 63, 61, 12]
22:12:[22, 67, 69, 92, 63, 61, 12]
22:12:[22, 67, 70, 93, 64, 61, 12]
22:12:[22, 67, 70, 94, 64, 61, 12]
22:12:[22, 67, 70, 95, 64, 61, 12]
22:12:[22, 67, 71, 96, 65, 61, 12]
22:12:[22, 67, 71, 97, 65, 61, 12]
22:12:[22, 67, 71, 98, 65, 61, 12]
22:13:[22, 67, 69, 90, 63, 61, 13]
22:13:[22, 67, 69, 91, 63, 61, 13]
22:13:[22, 67, 69, 92, 63, 61, 13]
22:13:[22, 67, 70, 93, 64, 61, 13]
22:13:[22, 67, 70, 94, 64, 61, 13]
22:13:[22, 67, 70, 95, 64, 61, 13]
22:13:[22, 67, 71, 96, 65, 61, 13]
22:13:[22, 67, 71, 97, 65, 61, 13]
22:13:[22, 67, 71, 98, 65, 61, 13]
22:14:[22, 67, 69, 90, 63, 61, 14]
22:14:[22, 67, 69, 91, 63, 61, 14]
22:14:[22, 67, 69, 92, 63, 61, 14]
22:14:[22, 67, 70, 93, 64, 61, 14]
22:14:[22, 67, 70, 94, 64, 61, 14]
22:14:[22, 67, 70, 95, 64, 61, 14]
22:14:[22, 67, 71, 96, 65, 61, 14]
22:14:[22, 67, 71, 97, 65, 61, 14]
22:14:[22, 67, 71, 98, 65, 61, 14]
22:15:[22, 67, 69, 90, 63, 62, 15]
22:15:[22, 67, 69, 91, 63, 62, 15]
22:15:[22, 67, 69, 92, 63, 62, 15]
22:15:[22, 67, 70, 93, 64, 62, 15]
22:15:[22, 67, 70, 94, 64, 62, 15]
22:15:[22, 67, 70, 95, 64, 62, 15]
22:15:[22, 67, 71, 96, 65, 62, 15]
22:15:[22, 67, 71, 97, 65, 62, 15]
22:15:[22, 67, 71, 98, 65, 62, 15]
22:16:[22, 67, 69, 90, 63, 62, 16]
22:16:[22, 67, 69, 91, 63, 62, 16]
22:16:[22, 67, 69, 92, 63, 62, 16]
22:16:[22, 67, 70, 93, 64, 62, 16]
22:16:[22, 67, 70, 94, 64, 62, 16]
22:16:[22, 67, 70, 95, 64, 62, 16]
22:16:[22, 67, 71, 96, 65, 62, 16]
22:16:[22, 67, 71, 97, 65, 62, 16]
22:16:[22, 67, 71, 98, 65, 62, 16]
22:17:[22, 67, 69, 90, 63, 62, 17]
22:17:[22, 67, 69, 91, 63, 62, 17]
22:17:[22, 67, 69, 92, 63, 62, 17]
22:17:[22, 67, 70, 93, 64, 62, 17]
22:17:[22, 67, 70, 94, 64, 62, 17]
22:17:[22, 67, 70, 95, 64, 62, 17]
22:17:[22, 67, 71, 96, 65, 62, 17]
22:17:[22, 67, 71, 97, 65, 62, 17]
22:17:[22, 67, 71, 98, 65, 62, 17]
22:18:[22, 67, 69, 66, 18]
22:18:[22, 67, 70, 66, 18]
22:18:[22, 67, 71, 66, 18]
22:19:[22, 67, 69, 66, 19]
22:19:[22, 67, 70, 66, 19]
22:19:[22, 67, 71, 66, 19]
22:20:[22, 67, 69, 66, 20]
22:20:[22, 67, 70, 66, 20]
22:20:[22, 67, 71, 66, 20]
22:21:[22, 67, 21]
22:23:[22, 67, 23]
22:24:[22, 67, 69, 68, 24]
22:24:[22, 67, 70, 68, 24]
22:24:[22, 67, 71, 68, 24]
22:25:[22, 67, 69, 68, 25]
22:25:[22, 67, 70, 68, 25]
22:25:[22, 67, 71, 68, 25]
22:26:[22, 67, 69, 68, 26]
22:26:[22, 67, 70, 68, 26]
22:26:[22, 67, 71, 68, 26]
22:27:[22, 67, 69, 90, 75, 72, 27]
22:27:[22, 67, 69, 91, 75, 72, 27]
22:27:[22, 67, 69, 92, 75, 72, 27]
22:27:[22, 67, 70, 93, 76, 72, 27]
22:27:[22, 67, 70, 94, 76, 72, 27]
22:27:[22, 67, 70, 95, 76, 72, 27]
22:27:[22, 67, 71, 96, 77, 72, 27]
22:27:[22, 67, 71, 97, 77, 72, 27]
22:27:[22, 67, 71, 98, 77, 72, 27]
22:28:[22, 67, 69, 90, 75, 72, 28]
22:28:[22, 67, 69, 91, 75, 72, 28]
22:28:[22, 67, 69, 92, 75, 72, 28]
22:28:[22, 67, 70, 93, 76, 72, 28]
22:28:[22, 67, 70, 94, 76, 72, 28]
22:28:[22, 67, 70, 95, 76, 72, 28]
22:28:[22, 67, 71, 96, 77, 72, 28]
22:28:[22, 67, 71, 97, 77, 72, 28]
22:28:[22, 67, 71, 98, 77, 72, 28]
22:29:[22, 67, 69, 90, 75, 72, 29]
22:29:[22, 67, 69, 91, 75, 72, 29]
22:29:[22, 67, 69, 92, 75, 72, 29]
22:29:[22, 67, 70, 93, 76, 72, 29]
22:29:[22, 67, 70, 94, 76, 72, 29]
22:29:[22, 67, 70, 95, 76, 72, 29]
22:29:[22, 67, 71, 96, 77, 72, 29]
22:29:[22, 67, 71, 97, 77, 72, 29]
22:29:[22, 67, 71, 98, 77, 72, 29]
22:30:[22, 67, 69, 90, 75, 73, 30]
22:30:[22, 67, 69, 91, 75, 73, 30]
22:30:[22, 67, 69, 92, 75, 73, 30]
22:30:[22, 67, 70, 93, 76, 73, 30]
22:30:[22, 67, 70, 94, 76, 73, 30]
22:30:[22, 67, 70, 95, 76, 73, 30]
22:30:[22, 67, 71, 96, 77, 73, 30]
22:30:[22, 67, 71, 97, 77, 73, 30]
22:30:[22, 67, 71, 98, 77, 73, 30]
22:31:[22, 67, 69, 90, 75, 73, 31]
22:31:[22, 67, 69, 91, 75, 73, 31]
22:31:[22, 67, 69, 92, 75, 73, 31]
22:31:[22, 67, 70, 93, 76, 73, 31]
22:31:[22, 67, 70, 94, 76, 73, 31]
22:31:[22, 67, 70, 95, 76, 73, 31]
22:31:[22, 67, 71, 96, 77, 73, 31]
22:31:[22, 67, 71, 97, 77, 73, 31]
22:31:[22, 67, 71, 98, 77, 73, 31]
22:32:[22, 67, 69, 90, 75, 73, 32]
22:32:[22, 67, 69, 91, 75, 73, 32]
22:32:[22, 67, 69, 92, 75, 73, 32]
22:32:[22, 67, 70, 93, 76, 73, 32]
22:32:[22, 67, 70, 94, 76, 73, 32]
22:32:[22, 67, 70, 95, 76, 73, 32]
22:32:[22, 67, 71, 96, 77, 73, 32]
22:32:[22, 67, 71, 97, 77, 73, 32]
22:32:[22, 67, 71, 98, 77, 73, 32]
22:33:[22, 67, 69, 90, 75, 74, 33]
22:33:[22, 67, 69, 91, 75, 74, 33]
22:33:[22, 67, 69, 92, 75, 74, 33]
22:33:[22, 67, 70, 93, 76, 74, 33]
22:33:[22, 67, 70, 94, 76, 74, 33]
22:33:[22, 67, 70, 95, 76, 74, 33]
22:33:[22, 67, 71, 96, 77, 74, 33]
22:33:[22, 67, 71, 97, 77, 74, 33]
22:33:[22, 67, 71, 98, 77, 74, 33]
22:34:[22, 67, 69, 90, 75, 74, 34]
22:34:[22, 67, 69, 91, 75, 74, 34]
22:34:[22, 67, 69, 92, 75, 74, 34]
22:34:[22, 67, 70, 93, 76, 74, 34]
22:34:[22, 67, 70, 94, 76, 74, 34]
22:34:[22, 67, 70, 95, 76, 74, 34]
22:34:[22, 67, 71, 96, 77, 74, 34]
22:34:[22, 67, 71, 97, 77, 74, 34]
22:34:[22, 67, 71, 98, 77, 74, 34]
22:35:[22, 67, 69, 90, 75, 74, 35]
22:35:[22, 67, 69, 91, 75, 74, 35]
22:35:[22, 67, 69, 92, 75, 74, 35]
22:35:[22, 67, 70, 93, 76, 74, 35]
22:35:[22, 67, 70, 94, 76, 74, 35]
22:35:[22, 67, 70, 95, 76, 74, 35]
22:35:[22, 67, 71, 96, 77, 74, 35]
22:35:[22, 67, 71, 97, 77, 74, 35]
22:35:[22, 67, 71, 98, 77, 74, 35]
22:36:[22, 67, 69, 90, 81, 78, 36]
22:36:[22, 67, 69, 91, 81, 78, 36]
22:36:[22, 67, 69, 92, 81, 78, 36]
22:36:[22, 67, 70, 93, 82, 78, 36]
22:36:[22, 67, 70, 94, 82, 78, 36]
22:36:[22, 67, 70, 95, 82, 78, 36]
22:36:[22, 67, 71, 96, 83, 78, 36]
22:36:[22, 67, 71, 97, 83, 78, 36]
22:36:[22, 67, 71, 98, 83, 78, 36]
22:37:[22, 67, 69, 90, 81, 78, 37]
22:37:[22, 67, 69, 91, 81, 78, 37]
22:37:[22, 67, 69, 92, 81, 78, 37]
22:37:[22, 67, 70, 93, 82, 78, 37]
22:37:[22, 67, 70, 94, 82, 78, 37]
22:37:[22, 67, 70, 95, 82, 78, 37]
22:37:[22, 67, 71, 96, 83, 78, 37]
22:37:[22, 67, 71, 97, 83, 78, 37]
22:37:[22, 67, 71, 98, 83, 78, 37]
22:38:[22, 67, 69, 90, 81, 78, 38]
22:38:[22, 67, 69, 91, 81, 78, 38]
22:38:[22, 67, 69, 92, 81, 78, 38]
22:38:[22, 67, 70, 93, 82, 78, 38]
22:38:[22, 67, 70, 94, 82, 78, 38]
22:38:[22, 67, 70, 95, 82, 78, 38]
22:38:[22, 67, 71, 96, 83, 78, 38]
22:38:[22, 67, 71, 97, 83, 78, 38]
22:38:[22, 67, 71, 98, 83, 78, 38]
22:39:[22, 67, 69, 90, 81, 79, 39]
22:39:[22, 67, 69, 91, 81, 79, 39]
22:39:[22, 67, 69, 92, 81, 79, 39]
22:39:[22, 67, 70, 93, 82, 79, 39]
22:39:[22, 67, 70, 94, 82, 79, 39]
22:39:[22, 67, 70, 95, 82, 79, 39]
22:39:[22, 67, 71, 96, 83, 79, 39]
22:39:[22, 67, 71, 97, 83, 79, 39]
22:39:[22, 67, 71, 98, 83, 79, 39]
22:40:[22, 67, 69, 90, 81, 79, 40]
22:40:[22, 67, 69, 91, 81, 79, 40]
22:40:[22, 67, 69, 92, 81, 79, 40]
22:40:[22, 67, 70, 93, 82, 79, 40]
22:40:[22, 67, 70, 94, 82, 79, 40]
22:40:[22, 67, 70, 95, 82, 79, 40]
22:40:[22, 67, 71, 96, 83, 79, 40]
22:40:[22, 67, 71, 97, 83, 79, 40]
22:40:[22, 67, 71, 98, 83, 79, 40]
22:41:[22, 67, 69, 90, 81, 79, 41]
22:41:[22, 67, 69, 91, 81, 79, 41]
22:41:[22, 67, 69, 92, 81, 79, 41]
22:41:[22, 67, 70, 93, 82, 79, 41]
22:41:[22, 67, 70, 94, 82, 79, 41]
22:41:[22, 67, 70, 95, 82, 79, 41]
22:41:[22, 67, 71, 96, 83, 79, 41]
22:41:[22, 67, 71, 97, 83, 79, 41]
22:41:[22, 67, 71, 98, 83, 79, 41]
22:42:[22, 67, 69, 90, 81, 80, 42]
22:42:[22, 67, 69, 91, 81, 80, 42]
22:42:[22, 67, 69, 92, 81, 80, 42]
22:42:[22, 67, 70, 93, 82, 80, 42]
22:42:[22, 67, 70, 94, 82, 80, 42]
22:42:[22, 67, 70, 95, 82, 80, 42]
22:42:[22, 67, 71, 96, 83, 80, 42]
22:42:[22, 67, 71, 97, 83, 80, 42]
22:42:[22, 67, 71, 98, 83, 80, 42]
22:43:[22, 67, 69, 90, 81, 80, 43]
22:43:[22, 67, 69, 91, 81, 80, 43]
22:43:[22, 67, 69, 92, 81, 80, 43]
22:43:[22, 67, 70, 93, 82, 80, 43]
22:43:[22, 67, 70, 94, 82, 80, 43]
22:43:[22, 67, 70, 95, 82, 80, 43]
22:43:[22, 67, 71, 96, 83, 80, 43]
22:43:[22, 67, 71, 97, 83, 80, 43]
22:43:[22, 67, 71, 98, 83, 80, 43]
22:44:[22, 67, 69, 90, 81, 80, 44]
22:44:[22, 67, 69, 91, 81, 80, 44]
22:44:[22, 67, 69, 92, 81, 80, 44]
22:44:[22, 67, 70, 93, 82, 80, 44]
22:44:[22, 67, 70, 94, 82, 80, 44]
22:44:[22, 67, 70, 95, 82, 80, 44]
22:44:[22, 67, 71, 96, 83, 80, 44]
22:44:[22, 67, 71, 97, 83, 80, 44]
22:44:[22, 67, 71, 98, 83, 80, 44]
22:45:[22, 67, 69, 90, 87, 84, 45]
22:45:[22, 67, 69, 91, 87, 84, 45]
22:45:[22, 67, 69, 92, 87, 84, 45]
22:45:[22, 67, 70, 93, 88, 84, 45]
22:45:[22, 67, 70, 94, 88, 84, 45]
22:45:[22, 67, 70, 95, 88, 84, 45]
22:45:[22, 67, 71, 96, 89, 84, 45]
22:45:[22, 67, 71, 97, 89, 84, 45]
22:45:[22, 67, 71, 98, 89, 84, 45]
22:46:[22, 67, 69, 90, 87, 84, 46]
22:46:[22, 67, 69, 91, 87, 84, 46]
22:46:[22, 67, 69, 92, 87, 84, 46]
22:46:[22, 67, 70, 93, 88, 84, 46]
22:46:[22, 67, 70, 94, 88, 84, 46]
22:46:[22, 67, 70, 95, 88, 84, 46]
22:46:[22, 67, 71, 96, 89, 84, 46]
22:46:[22, 67, 71, 97, 89, 84, 46]
22:46:[22, 67, 71, 98, 89, 84, 46]
22:47:[22, 67, 69, 90, 87, 84, 47]
22:47:[22, 67, 69, 91, 87, 84, 47]
22:47:[22, 67, 69, 92, 87, 84, 47]
22:47:[22, 67, 70, 93, 88, 84, 47]
22:47:[22, 67, 70, 94, 88, 84, 47]
22:47:[22, 67, 70, 95, 88, 84, 47]
22:47:[22, 67, 71, 96, 89, 84, 47]
22:47:[22, 67, 71, 97, 89, 84, 47]
22:47:[22, 67, 71, 98, 89, 84, 47]
22:48:[22, 67, 69, 90, 87, 85, 48]
22:48:[22, 67, 69, 91, 87, 85, 48]
22:48:[22, 67, 69, 92, 87, 85, 48]
22:48:[22, 67, 70, 93, 88, 85, 48]
22:48:[22, 67, 70, 94, 88, 85, 48]
22:48:[22, 67, 70, 95, 88, 85, 48]
22:48:[22, 67, 71, 96, 89, 85, 48]
22:48:[22, 67, 71, 97, 89, 85, 48]
22:48:[22, 67, 71, 98, 89, 85, 48]
22:49:[22, 67, 69, 90, 87, 85, 49]
22:49:[22, 67, 69, 91, 87, 85, 49]
22:49:[22, 67, 69, 92, 87, 85, 49]
22:49:[22, 67, 70, 93, 88, 85, 49]
22:49:[22, 67, 70, 94, 88, 85, 49]
22:49:[22, 67, 70, 95, 88, 85, 49]
22:49:[22, 67, 71, 96, 89, 85, 49]
22:49:[22, 67, 71, 97, 89, 85, 49]
22:49:[22, 67, 71, 98, 89, 85, 49]
22:50:[22, 67, 69, 90, 87, 85, 50]
22:50:[22, 67, 69, 91, 87, 85, 50]
22:50:[22, 67, 69, 92, 87, 85, 50]
22:50:[22, 67, 70, 93, 88, 85, 50]
22:50:[22, 67, 70, 94, 88, 85, 50]
22:50:[22, 67, 70, 95, 88, 85, 50]
22:50:[22, 67, 71, 96, 89, 85, 50]
22:50:[22, 67, 71, 97, 89, 85, 50]
22:50:[22, 67, 71, 98, 89, 85, 50]
22:51:[22, 67, 69, 90, 87, 86, 51]
22:51:[22, 67, 69, 91, 87, 86, 51]
22:51:[22, 67, 69, 92, 87, 86, 51]
22:51:[22, 67, 70, 93, 88, 86, 51]
22:51:[22, 67, 70, 94, 88, 86, 51]
22:51:[22, 67, 70, 95, 88, 86, 51]
22:51:[22, 67, 71, 96, 89, 86, 51]
22:51:[22, 67, 71, 97, 89, 86, 51]
22:51:[22, 67, 71, 98, 89, 86, 51]
22:52:[22, 67, 69, 90, 87, 86, 52]
22:52:[22, 67, 69, 91, 87, 86, 52]
22:52:[22, 67, 69, 92, 87, 86, 52]
22:52:[22, 67, 70, 93, 88, 86, 52]
22:52:[22, 67, 70, 94, 88, 86, 52]
22:52:[22, 67, 70, 95, 88, 86, 52]
22:52:[22, 67, 71, 96, 89, 86, 52]
22:52:[22, 67, 71, 97, 89, 86, 52]
22:52:[22, 67, 71, 98, 89, 86, 52]
22:53:[22, 67, 69, 90, 87, 86, 53]
22:53:[22, 67, 69, 91, 87, 86, 53]
22:53:[22, 67, 69, 92, 87, 86, 53]
22:53:[22, 67, 70, 93, 88, 86, 53]
22:53:[22, 67, 70, 94, 88, 86, 53]
22:53:[22, 67, 70, 95, 88, 86, 53]
22:53:[22, 67, 71, 96, 89, 86, 53]
22:53:[22, 67, 71, 97, 89, 86, 53]
22:53:[22, 67, 71, 98, 89, 86, 53]
23:0:[23, 67, 69, 90, 57, 54, 0]
23:0:[23, 67, 69, 91, 57, 54, 0]
23:0:[23, 67, 69, 92, 57, 54, 0]
23:0:[23, 67, 70, 93, 58, 54, 0]
23:0:[23, 67, 70, 94, 58, 54, 0]
23:0:[23, 67, 70, 95, 58, 54, 0]
23:0:[23, 67, 71, 96, 59, 54, 0]
23:0:[23, 67, 71, 97, 59, 54, 0]
23:0:[23, 67, 71, 98, 59, 54, 0]
23:1:[23, 67, 69, 90, 57, 54, 1]
23:1:[23, 67, 69, 91, 57, 54, 1]
23:1:[23, 67, 69, 92, 57, 54, 1]
23:1:[23, 67, 70, 93, 58, 54, 1]
23:1:[23, 67, 70, 94, 58, 54, 1]
23:1:[23, 67, 70, 95, 58, 54, 1]
23:1:[23, 67, 71, 96, 59, 54, 1]
23:1:[23, 67, 71, 97, 59, 54, 1]
23:1:[23, 67, 71, 98, 59, 54, 1]
23:2:[23, 67, 69, 90, 57, 54, 2]
23:2:[23, 67, 69, 91, 57, 54, 2]
23:2:[23, 67, 69, 92, 57, 54, 2]
23:2:[23, 67, 70, 93, 58, 54, 2]
23:2:[23, 67, 70, 94, 58, 54, 2]
23:2:[23, 67, 70, 95, 58, 54, 2]
23:2:[23, 67, 71, 96, 59, 54, 2]
23:2:[23, 67, 71, 97, 59, 54, 2]
23:2:[23, 67, 71, 98, 59, 54, 2]
23:3:[23, 67, 69, 90, 57, 55, 3]
23:3:[23, 67, 69, 91, 57, 55, 3]
23:3:[23, 67, 69, 92, 57, 55, 3]
23:3:[23, 67, 70, 93, 58, 55, 3]
23:3:[23, 67, 70, 94, 58, 55, 3]
23:3:[23, 67, 70, 95, 58, 55, 3]
23:3:[23, 67, 71, 96, 59, 55, 3]
23:3:[23, 67, 71, 97, 59, 55, 3]
23:3:[23, 67, 71, 98, 59, 55, 3]
23:4:[23, 67, 69, 90, 57, 55, 4]
23:4:[23, 67, 69, 91, 57, 55, 4]
23:4:[23, 67, 69, 92, 57, 55, 4]
23:4:[23, 67, 70, 93, 58, 55, 4]
23:4:[23, 67, 70, 94, 58, 55, 4]
23:4:[23, 67, 70, 95, 58, 55, 4]
23:4:[23, 67, 71, 96, 59, 55, 4]
23:4:[23, 67, 71, 97, 59, 55, 4]
23:4:[23, 67, 71, 98, 59, 55, 4]
23:5:[23, 67, 69, 90, 57, 55, 5]
23:5:[23, 67, 69, 91, 57, 55, 5]
23:5:[23, 67, 69, 92, 57, 55, 5]
23:5:[23, 67, 70, 93, 58, 55, 5]
23:5:[23, 67, 70, 94, 58, 55, 5]
23:5:[23, 67, 70, 95, 58, 55, 5]
23:5:[23, 67, 71, 96, 59, 55, 5]
23:5:[23, 67, 71, 97, 59, 55, 5]
23:5:[23, 67, 71, 98, 59, 55, 5]
23:6:[23, 67, 69, 90, 57, 56, 6]
23:6:[23, 67, 69, 91, 57, 56, 6]
23:6:[23, 67, 69, 92, 57, 56, 6]
23:6:[23, 67, 70, 93, 58, 56, 6]
23:6:[23, 67, 70, 94, 58, 56, 6]
23:6:[23, 67, 70, 95, 58, 56, 6]
23:6:[23, 67, 71, 96, 59, 56, 6]
23:6:[23, 67, 71, 97, 59, 56, 6]
23:6:[23, 67, 71, 98, 59, 56, 6]
23:7:[23, 67, 69, 90, 57, 56, 7]
23:7:[23, 67, 69, 91, 57, 56, 7]
23:7:[23, 67, 69, 92, 57, 56, 7]
23:7:[23, 67, 70, 93, 58, 56, 7]
23:7:[23, 67, 70, 94, 58, 56, 7]
23:7:[23, 67, 70, 95, 58, 56, 7]
23:7:[23, 67, 71, 96, 59, 56, 7]
23:7:[23, 67, 71, 97, 59, 56, 7]
23:7:[23, 67, 71, 98, 59, 56, 7]
23:8:[23, 67, 69, 90, 57, 56, 8]
23:8:[23, 67, 69, 91, 57, 56, 8]
23:8:[23, 67, 69, 92, 57, 56, 8]
23:8:[23, 67, 70, 93, 58, 56, 8]
23:8:[23, 67, 70, 94, 58, 56, 8]
23:8:[23, 67, 70, 95, 58, 56, 8]
23:8:[23, 67, 71, 96, 59, 56, 8]
23:8:[23, 67, 71, 97, 59, 56, 8]
23:8:[23, 67, 71, 98, 59, 56, 8]
23:9:[23, 67, 69, 90, 63, 60, 9]
23:9:[23, 67, 69, 91, 63, 60, 9]
23:9:[23, 67, 69, 92, 63, 60, 9]
23:9:[23, 67, 70, 93, 64, 60, 9]
23:9:[23, 67, 70, 94, 64, 60, 9]
23:9:[23, 67, 70, 95, 64, 60, 9]
23:9:[23, 67, 71, 96, 65, 60, 9]
23:9:[23, 67, 71, 97, 65, 60, 9]
23:9:[23, 67, 71, 98, 65, 60, 9]
23:10:[23, 67, 69, 90, 63, 60, 10]
23:10:[23, 67, 69, 91, 63, 60, 10]
23:10:[23, 67, 69, 92, 63, 60, 10]
23:10:[23, 67, 70, 93, 64, 60, 10]
23:10:[23, 67, 70, 94, 64, 60, 10]
23:10:[23, 67, 70, 95, 64, 60, 10]
23:10:[23, 67, 71, 96, 65, 60, 10]
23:10:[23, 67, 71, 97, 65, 60, 10]
23:10:[23, 67, 71, 98, 65, 60, 10]
23:11:[23, 67, 69, 90, 63, 60, 11]
23:11:[23, 67, 69, 91, 63, 60, 11]
23:11:[23, 67, 69, 92, 63, 60, 11]
23:11:[23, 67, 70, 93, 64, 60, 11]
23:11:[23, 67, 70, 94, 64, 60, 11]
23:11:[23, 67, 70, 95, 64, 60, 11]
23:11:[23, 67, 71, 96, 65, 60, 11]
23:11:[23, 67, 71, 97, 65, 60, 11]
23:11:[23, 67, 71, 98, 65, 60, 11]
23:12:[23, 67, 69, 90, 63, 61, 12]
23:12:[23, 67, 69, 91, 63, 61, 12]
23:12:[23, 67, 69, 92, 63, 61, 12]
23:12:[23, 67, 70, 93, 64, 61, 12]
23:12:[23, 67, 70, 94, 64, 61, 12]
23:12:[23, 67, 70, 95, 64, 61, 12]
23:12:[23, 67, 71, 96, 65, 61, 12]
23:12:[23, 67, 71, 97, 65, 61, 12]
23:12:[23, 67, 71, 98, 65, 61, 12]
23:13:[23, 67, 69, 90, 63, 61, 13]
23:13:[23, 67, 69, 91, 63, 61, 13]
23:13:[23, 67, 69, 92, 63, 61, 13]
23:13:[23, 67, 70, 93, 64, 61, 13]
23:13:[23, 67, 70, 94, 64, 61, 13]
23:13:[23, 67, 70, 95, 64, 61, 13]
23:13:[23, 67, 71, 96, 65, 61, 13]
23:13:[23, 67, 71, 97, 65, 61, 13]
23:13:[23, 67, 71, 98, 65, 61, 13]
23:14:[23, 67, 69, 90, 63, 61, 14]
23:14:[23, 67, 69, 91, 63, 61, 14]
23:14:[23, 67, 69, 92, 63, 61, 14]
23:14:[23, 67, 70, 93, 64, 61, 14]
23:14:[23, 67, 70, 94, 64, 61, 14]
23:14:[23, 67, 70, 95, 64, 61, 14]
23:14:[23, 67, 71, 96, 65, 61, 14]
23:14:[23, 67, 71, 97, 65, 61, 14]
23:14:[23, 67, 71, 98, 65, 61, 14]
23:15:[23, 67, 69, 90, 63, 62, 15]
23:15:[23, 67, 69, 91, 63, 62, 15]
23:15:[23, 67, 69, 92, 63, 62, 15]
23:15:[23, 67, 70, 93, 64, 62, 15]
23:15:[23, 67, 70, 94, 64, 62, 15]
23:15:[23, 67, 70, 95, 64, 62, 15]
23:15:[23, 67, 71, 96, 65, 62, 15]
23:15:[23, 67, 71, 97, 65, 62, 15]
23:15:[23, 67, 71, 98, 65, 62, 15]
23:16:[23, 67, 69, 90, 63, 62, 16]
23:16:[23, 67, 69, 91, 63, 62, 16]
23:16:[23, 67, 69, 92, 63, 62, 16]
23:16:[23, 67, 70, 93, 64, 62, 16]
23:16:[23, 67, 70, 94, 64, 62, 16]
23:16:[23, 67, 70, 95, 64, 62, 16]
23:16:[23, 67, 71, 96, 65, 62, 16]
23:16:[23, 67, 71, 97, 65, 62, 16]
23:16:[23, 67, 71, 98, 65, 62, 16]
23:17:[23, 67, 69, 90, 63, 62, 17]
23:17:[23, 67, 69, 91, 63, 62, 17]
23:17:[23, 67, 69, 92, 63, 62, 17]
23:17:[23, 67, 70, 93, 64, 62, 17]
23:17:[23, 67, 70, 94, 64, 62, 17]
23:17:[23, 67, 70, 95, 64, 62, 17]
23:17:[23, 67, 71, 96, 65, 62, 17]
23:17:[23, 67, 71, 97, 65, 62, 17]
23:17:[23, 67, 71, 98, 65, 62, 17]
23:18:[23, 67, 69, 66, 18]
23:18:[23, 67, 70, 66, 18]
23:18:[23, 67, 71, 66, 18]
23:19:[23, 67, 69, 66, 19]
23:19:[23, 67, 70, 66, 19]
23:19:[23, 67, 71, 66, 19]
23:20:[23, 67, 69, 66, 20]
23:20:[23, 67, 70, 66, 20]
23:20:[23, 67, 71, 66, 20]
23:21:[23, 67, 21]
23:22:[23, 67, 22]
23:24:[23, 67, 69, 68, 24]
23:24:[23, 67, 70, 68, 24]
23:24:[23, 67, 71, 68, 24]
23:25:[23, 67, 69, 68, 25]
23:25:[23, 67, 70, 68, 25]
23:25:[23, 67, 71, 68, 25]
23:26:[23, 67, 69, 68, 26]
23:26:[23, 67, 70, 68, 26]
23:26:[23, 67, 71, 68, 26]
23:27:[23, 67, 69, 90, 75, 72, 27]
23:27:[23, 67, 69, 91, 75, 72, 27]
23:27:[23, 67, 69, 92, 75, 72, 27]
23:27:[23, 67, 70, 93, 76, 72, 27]
23:27:[23, 67, 70, 94, 76, 72, 27]
23:27:[23, 67, 70, 95, 76, 72, 27]
23:27:[23, 67, 71, 96, 77, 72, 27]
23:27:[23, 67, 71, 97, 77, 72, 27]
23:27:[23, 67, 71, 98, 77, 72, 27]
23:28:[23, 67, 69, 90, 75, 72, 28]
23:28:[23, 67, 69, 91, 75, 72, 28]
23:28:[23, 67, 69, 92, 75, 72, 28]
23:28:[23, 67, 70, 93, 76, 72, 28]
23:28:[23, 67, 70, 94, 76, 72, 28]
23:28:[23, 67, 70, 95, 76, 72, 28]
23:28:[23, 67, 71, 96, 77, 72, 28]
23:28:[23, 67, 71, 97, 77, 72, 28]
23:28:[23, 67, 71, 98, 77, 72, 28]
23:29:[23, 67, 69, 90, 75, 72, 29]
23:29:[23, 67, 69, 91, 75, 72, 29]
23:29:[23, 67, 69, 92, 75, 72, 29]
23:29:[23, 67, 70, 93, 76, 72, 29]
23:29:[23, 67, 70, 94, 76, 72, 29]
23:29:[23, 67, 70, 95, 76, 72, 29]
23:29:[23, 67, 71, 96, 77, 72, 29]
23:29:[23, 67, 71, 97, 77, 72, 29]
23:29:[23, 67, 71, 98, 77, 72, 29]
23:30:[23, 67, 69, 90, 75, 73, 30]
23:30:[23, 67, 69, 91, 75, 73, 30]
23:30:[23, 67, 69, 92, 75, 73, 30]
23:30:[23, 67, 70, 93, 76, 73, 30]
23:30:[23, 67, 70, 94, 76, 73, 30]
23:30:[23, 67, 70, 95, 76, 73, 30]
23:30:[23, 67, 71, 96, 77, 73, 30]
23:30:[23, 67, 71, 97, 77, 73, 30]
23:30:[23, 67, 71, 98, 77, 73, 30]
23:31:[23, 67, 69, 90, 75, 73, 31]
23:31:[23, 67, 69, 91, 75, 73, 31]
23:31:[23, 67, 69, 92, 75, 73, 31]
23:31:[23, 67, 70, 93, 76, 73, 31]
23:31:[23, 67, 70, 94, 76, 73, 31]
23:31:[23, 67, 70, 95, 76, 73, 31]
23:31:[23, 67, 71, 96, 77, 73, 31]
23:31:[23, 67, 71, 97, 77, 73, 31]
23:31:[23, 67, 71, 98, 77, 73, 31]
23:32:[23, 67, 69, 90, 75, 73, 32]
23:32:[23, 67, 69, 91, 75, 73, 32]
23:32:[23, 67, 69, 92, 75, 73, 32]
23:32:[23, 67, 70, 93, 76, 73, 32]
23:32:[23, 67, 70, 94, 76, 73, 32]
23:32:[23, 67, 70, 95, 76, 73, 32]
23:32:[23, 67, 71, 96, 77, 73, 32]
23:32:[23, 67, 71, 97, 77, 73, 32]
23:32:[23, 67, 71, 98, 77, 73, 32]
23:33:[23, 67, 69, 90, 75, 74, 33]
23:33:[23, 67, 69, 91, 75, 74, 33]
23:33:[23, 67, 69, 92, 75, 74, 33]
23:33:[23, 67, 70, 93, 76, 74, 33]
23:33:[23, 67, 70, 94, 76, 74, 33]
23:33:[23, 67, 70, 95, 76, 74, 33]
23:33:[23, 67, 71, 96, 77, 74, 33]
23:33:[23, 67, 71, 97, 77, 74, 33]
23:33:[23, 67, 71, 98, 77, 74, 33]
23:34:[23, 67, 69, 90, 75, 74, 34]
23:34:[23, 67, 69, 91, 75, 74, 34]
23:34:[23, 67, 69, 92, 75, 74, 34]
23:34:[23, 67, 70, 93, 76, 74, 34]
23:34:[23, 67, 70, 94, 76, 74, 34]
23:34:[23, 67, 70, 95, 76, 74, 34]
23:34:[23, 67, 71, 96, 77, 74, 34]
23:34:[23, 67, 71, 97, 77, 74, 34]
23:34:[23, 67, 71, 98, 77, 74, 34]
23:35:[23, 67, 69, 90, 75, 74, 35]
23:35:[23, 67, 69, 91, 75, 74, 35]
23:35:[23, 67, 69, 92, 75, 74, 35]
23:35:[23, 67, 70, 93, 76, 74, 35]
23:35:[23, 67, 70, 94, 76, 74, 35]
23:35:[23, 67, 70, 95, 76, 74, 35]
23:35:[23, 67, 71, 96, 77, 74, 35]
23:35:[23, 67, 71, 97, 77, 74, 35]
23:35:[23, 67, 71, 98, 77, 74, 35]
23:36:[23, 67, 69, 90, 81, 78, 36]
23:36:[23, 67, 69, 91, 81, 78, 36]
23:36:[23, 67, 69, 92, 81, 78, 36]
23:36:[23, 67, 70, 93, 82, 78, 36]
23:36:[23, 67, 70, 94, 82, 78, 36]
23:36:[23, 67, 70, 95, 82, 78, 36]
23:36:[23, 67, 71, 96, 83, 78, 36]
23:36:[23, 67, 71, 97, 83, 78, 36]
23:36:[23, 67, 71, 98, 83, 78, 36]
23:37:[23, 67, 69, 90, 81, 78, 37]
23:37:[23, 67, 69, 91, 81, 78, 37]
23:37:[23, 67, 69, 92, 81, 78, 37]
23:37:[23, 67, 70, 93, 82, 78, 37]
23:37:[23, 67, 70, 94, 82, 78, 37]
23:37:[23, 67, 70, 95, 82, 78, 37]
23:37:[23, 67, 71, 96, 83, 78, 37]
23:37:[23, 67, 71, 97, 83, 78, 37]
23:37:[23, 67, 71, 98, 83, 78, 37]
23:38:[23, 67, 69, 90, 81, 78, 38]
23:38:[23, 67, 69, 91, 81, 78, 38]
23:38:[23, 67, 69, 92, 81, 78, 38]
23:38:[23, 67, 70, 93, 82, 78, 38]
23:38:[23, 67, 70, 94, 82, 78, 38]
23:38:[23, 67, 70, 95, 82, 78, 38]
23:38:[23, 67, 71, 96, 83, 78, 38]
23:38:[23, 67, 71, 97, 83, 78, 38]
23:38:[23, 67, 71, 98, 83, 78, 38]
23:39:[23, 67, 69, 90, 81, 79, 39]
23:39:[23, 67, 69, 91, 81, 79, 39]
23:39:[23, 67, 69, 92, 81, 79, 39]
23:39:[23, 67, 70, 93, 82, 79, 39]
23:39:[23, 67, 70, 94, 82, 79, 39]
23:39:[23, 67, 70, 95, 82, 79, 39]
23:39:[23, 67, 71, 96, 83, 79, 39]
23:39:[23, 67, 71, 97, 83, 79, 39]
23:39:[23, 67, 71, 98, 83, 79, 39]
23:40:[23, 67, 69, 90, 81, 79, 40]
23:40:[23, 67, 69, 91, 81, 79, 40]
23:40:[23, 67, 69, 92, 81, 79, 40]
23:40:[23, 67, 70, 93, 82, 79, 40]
23:40:[23, 67, 70, 94, 82, 79, 40]
23:40:[23, 67, 70, 95, 82, 79, 40]
23:40:[23, 67, 71, 96, 83, 79, 40]
23:40:[23, 67, 71, 97, 83, 79, 40]
23:40:[23, 67, 71, 98, 83, 79, 40]
23:41:[23, 67, 69, 90, 81, 79, 41]
23:41:[23, 67, 69, 91, 81, 79, 41]
23:41:[23, 67, 69, 92, 81, 79, 41]
23:41:[23, 67, 70, 93, 82, 79, 41]
23:41:[23, 67, 70, 94, 82, 79, 41]
23:41:[23, 67, 70, 95, 82, 79, 41]
23:41:[23, 67, 71, 96, 83, 79, 41]
23:41:[23, 67, 71, 97, 83, 79, 41]
23:41:[23, 67, 71, 98, 83, 79, 41]
23:42:[23, 67, 69, 90, 81, 80, 42]
23:42:[23, 67, 69, 91, 81, 80, 42]
23:42:[23, 67, 69, 92, 81, 80, 42]
23:42:[23, 67, 70, 93, 82, 80, 42]
23:42:[23, 67, 70, 94, 82, 80, 42]
23:42:[23, 67, 70, 95, 82, 80, 42]
23:42:[23, 67, 71, 96, 83, 80, 42]
23:42:[23, 67, 71, 97, 83, 80, 42]
23:42:[23, 67, 71, 98, 83, 80, 42]
23:43:[23, 67, 69, 90, 81, 80, 43]
23:43:[23, 67, 69, 91, 81, 80, 43]
23:43:[23, 67, 69, 92, 81, 80, 43]
23:43:[23, 67, 70, 93, 82, 80, 43]
23:43:[23, 67, 70, 94, 82, 80, 43]
23:43:[23, 67, 70, 95, 82, 80, 43]
23:43:[23, 67, 71, 96, 83, 80, 43]
23:43:[23, 67, 71, 97, 83, 80, 43]
23:43:[23, 67, 71, 98, 83, 80, 43]
23:44:[23, 67, 69, 90, 81, 80, 44]
23:44:[23, 67, 69, 91, 81, 80, 44]
23:44:[23, 67, 69, 92, 81, 80, 44]
23:44:[23, 67, 70, 93, 82, 80, 44]
23:44:[23, 67, 70, 94, 82, 80, 44]
23:44:[23, 67, 70, 95, 82, 80, 44]
23:44:[23, 67, 71, 96, 83, 80, 44]
23:44:[23, 67, 71, 97, 83, 80, 44]
23:44:[23, 67, 71, 98, 83, 80, 44]
23:45:[23, 67, 69, 90, 87, 84, 45]
23:45:[23, 67, 69, 91, 87, 84, 45]
23:45:[23, 67, 69, 92, 87, 84, 45]
23:45:[23, 67, 70, 93, 88, 84, 45]
23:45:[23, 67, 70, 94, 88, 84, 45]
23:45:[23, 67, 70, 95, 88, 84, 45]
23:45:[23, 67, 71, 96, 89, 84, 45]
23:45:[23, 67, 71, 97, 89, 84, 45]
23:45:[23, 67, 71, 98, 89, 84, 45]
23:46:[23, 67, 69, 90, 87, 84, 46]
23:46:[23, 67, 69, 91, 87, 84, 46]
23:46:[23, 67, 69, 92, 87, 84, 46]
23:46:[23, 67, 70, 93, 88, 84, 46]
23:46:[23, 67, 70, 94, 88, 84, 46]
23:46:[23, 67, 70, 95, 88, 84, 46]
23:46:[23, 67, 71, 96, 89, 84, 46]
23:46:[23, 67, 71, 97, 89, 84, 46]
23:46:[23, 67, 71, 98, 89, 84, 46]
23:47:[23, 67, 69, 90, 87, 84, 47]
23:47:[23, 67, 69, 91, 87, 84, 47]
23:47:[23, 67, 69, 92, 87, 84, 47]
23:47:[23, 67, 70, 93, 88, 84, 47]
23:47:[23, 67, 70, 94, 88, 84, 47]
23:47:[23, 67, 70, 95, 88, 84, 47]
23:47:[23, 67, 71, 96, 89, 84, 47]
23:47:[23, 67, 71, 97, 89, 84, 47]
23:47:[23, 67, 71, 98, 89, 84, 47]
23:48:[23, 67, 69, 90, 87, 85, 48]
23:48:[23, 67, 69, 91, 87, 85, 48]
23:48:[23, 67, 69, 92, 87, 85, 48]
23:48:[23, 67, 70, 93, 88, 85, 48]
23:48:[23, 67, 70, 94, 88, 85, 48]
23:48:[23, 67, 70, 95, 88, 85, 48]
23:48:[23, 67, 71, 96, 89, 85, 48]
23:48:[23, 67, 71, 97, 89, 85, 48]
23:48:[23, 67, 71, 98, 89, 85, 48]
23:49:[23, 67, 69, 90, 87, 85, 49]
23:49:[23, 67, 69, 91, 87, 85, 49]
23:49:[23, 67, 69, 92, 87, 85, 49]
23:49:[23, 67, 70, 93, 88, 85, 49]
23:49:[23, 67, 70, 94, 88, 85, 49]
23:49:[23, 67, 70, 95, 88, 85, 49]
23:49:[23, 67, 71, 96, 89, 85, 49]
23:49:[23, 67, 71, 97, 89, 85, 49]
23:49:[23, 67, 71, 98, 89, 85, 49]
23:50:[23, 67, 69, 90, 87, 85, 50]
23:50:[23, 67, 69, 91, 87, 85, 50]
23:50:[23, 67, 69, 92, 87, 85, 50]
23:50:[23, 67, 70, 93, 88, 85, 50]
23:50:[23, 67, 70, 94, 88, 85, 50]
23:50:[23, 67, 70, 95, 88, 85, 50]
23:50:[23, 67, 71, 96, 89, 85, 50]
23:50:[23, 67, 71, 97, 89, 85, 50]
23:50:[23, 67, 71, 98, 89, 85, 50]
23:51:[23, 67, 69, 90, 87, 86, 51]
23:51:[23, 67, 69, 91, 87, 86, 51]
23:51:[23, 67, 69, 92, 87, 86, 51]
23:51:[23, 67, 70, 93, 88, 86, 51]
23:51:[23, 67, 70, 94, 88, 86, 51]
23:51:[23, 67, 70, 95, 88, 86, 51]
23:51:[23, 67, 71, 96, 89, 86, 51]
23:51:[23, 67, 71, 97, 89, 86, 51]
23:51:[23, 67, 71, 98, 89, 86, 51]
23:52:[23, 67, 69, 90, 87, 86, 52]
23:52:[23, 67, 69, 91, 87, 86, 52]
23:52:[23, 67, 69, 92, 87, 86, 52]
23:52:[23, 67, 70, 93, 88, 86, 52]
23:52:[23, 67, 70, 94, 88, 86, 52]
23:52:[23, 67, 70, 95, 88, 86, 52]
23:52:[23, 67, 71, 96, 89, 86, 52]
23:52:[23, 67, 71, 97, 89, 86, 52]
23:52:[23, 67, 71, 98, 89, 86, 52]
23:53:[23, 67, 69, 90, 87, 86, 53]
23:53:[23, 67, 69, 91, 87, 86, 53]
23:53:[23, 67, 69, 92, 87, 86, 53]
23:53:[23, 67, 70, 93, 88, 86, 53]
23:53:[23, 67, 70, 94, 88, 86, 53]
23:53:[23, 67, 70, 95, 88, 86, 53]
23:53:[23, 67, 71, 96, 89, 86, 53]
23:53:[23, 67, 71, 97, 89, 86, 53]
23:53:[23, 67, 71, 98, 89, 86, 53]
24:0:[24, 68, 69, 90, 57, 54, 0]
24:0:[24, 68, 69, 91, 57, 54, 0]
24:0:[24, 68, 69, 92, 57, 54, 0]
24:0:[24, 68, 70, 93, 58, 54, 0]
24:0:[24, 68, 70, 94, 58, 54, 0]
24:0:[24, 68, 70, 95, 58, 54, 0]
24:0:[24, 68, 71, 96, 59, 54, 0]
24:0:[24, 68, 71, 97, 59, 54, 0]
24:0:[24, 68, 71, 98, 59, 54, 0]
24:1:[24, 68, 69, 90, 57, 54, 1]
24:1:[24, 68, 69, 91, 57, 54, 1]
24:1:[24, 68, 69, 92, 57, 54, 1]
24:1:[24, 68, 70, 93, 58, 54, 1]
24:1:[24, 68, 70, 94, 58, 54, 1]
24:1:[24, 68, 70, 95, 58, 54, 1]
24:1:[24, 68, 71, 96, 59, 54, 1]
24:1:[24, 68, 71, 97, 59, 54, 1]
24:1:[24, 68, 71, 98, 59, 54, 1]
24:2:[24, 68, 69, 90, 57, 54, 2]
24:2:[24, 68, 69, 91, 57, 54, 2]
24:2:[24, 68, 69, 92, 57, 54, 2]
24:2:[24, 68, 70, 93, 58, 54, 2]
24:2:[24, 68, 70, 94, 58, 54, 2]
24:2:[24, 68, 70, 95, 58, 54, 2]
24:2:[24, 68, 71, 96, 59, 54, 2]
24:2:[24, 68, 71, 97, 59, 54, 2]
24:2:[24, 68, 71, 98, 59, 54, 2]
24:3:[24, 68, 69, 90, 57, 55, 3]
24:3:[24, 68, 69, 91, 57, 55, 3]
24:3:[24, 68, 69, 92, 57, 55, 3]
24:3:[24, 68, 70, 93, 58, 55, 3]
24:3:[24, 68, 70, 94, 58, 55, 3]
24:3:[24, 68, 70, 95, 58, 55, 3]
24:3:[24, 68, 71, 96, 59, 55, 3]
24:3:[24, 68, 71, 97, 59, 55, 3]
24:3:[24, 68, 71, 98, 59, 55, 3]
24:4:[24, 68, 69, 90, 57, 55, 4]
24:4:[24, 68, 69, 91, 57, 55, 4]
24:4:[24, 68, 69, 92, 57, 55, 4]
24:4:[24, 68, 70, 93, 58, 55, 4]
24:4:[24, 68, 70, 94, 58, 55, 4]
24:4:[24, 68, 70, 95, 58, 55, 4]
24:4:[24, 68, 71, 96, 59, 55, 4]
24:4:[24, 68, 71, 97, 59, 55, 4]
24:4:[24, 68, 71, 98, 59, 55, 4]
24:5:[24, 68, 69, 90, 57, 55, 5]
24:5:[24, 68, 69, 91, 57, 55, 5]
24:5:[24, 68, 69, 92, 57, 55, 5]
24:5:[24, 68, 70, 93, 58, 55, 5]
24:5:[24, 68, 70, 94, 58, 55, 5]
24:5:[24, 68, 70, 95, 58, 55, 5]
24:5:[24, 68, 71, 96, 59, 55, 5]
24:5:[24, 68, 71, 97, 59, 55, 5]
24:5:[24, 68, 71, 98, 59, 55, 5]
24:6:[24, 68, 69, 90, 57, 56, 6]
24:6:[24, 68, 69, 91, 57, 56, 6]
24:6:[24, 68, 69, 92, 57, 56, 6]
24:6:[24, 68, 70, 93, 58, 56, 6]
24:6:[24, 68, 70, 94, 58, 56, 6]
24:6:[24, 68, 70, 95, 58, 56, 6]
24:6:[24, 68, 71, 96, 59, 56, 6]
24:6:[24, 68, 71, 97, 59, 56, 6]
24:6:[24, 68, 71, 98, 59, 56, 6]
24:7:[24, 68, 69, 90, 57, 56, 7]
24:7:[24, 68, 69, 91, 57, 56, 7]
24:7:[24, 68, 69, 92, 57, 56, 7]
24:7:[24, 68, 70, 93, 58, 56, 7]
24:7:[24, 68, 70, 94, 58, 56, 7]
24:7:[24, 68, 70, 95, 58, 56, 7]
24:7:[24, 68, 71, 96, 59, 56, 7]
24:7:[24, 68, 71, 97, 59, 56, 7]
24:7:[24, 68, 71, 98, 59, 56, 7]
24:8:[24, 68, 69, 90, 57, 56, 8]
24:8:[24, 68, 69, 91, 57, 56, 8]
24:8:[24, 68, 69, 92, 57, 56, 8]
24:8:[24, 68, 70, 93, 58, 56, 8]
24:8:[24, 68, 70, 94, 58, 56, 8]
24:8:[24, 68, 70, 95, 58, 56, 8]
24:8:[24, 68, 71, 96, 59, 56, 8]
24:8:[24, 68, 71, 97, 59, 56, 8]
24:8:[24, 68, 71, 98, 59, 56, 8]
24:9:[24, 68, 69, 90, 63, 60, 9]
24:9:[24, 68, 69, 91, 63, 60, 9]
24:9:[24, 68, 69, 92, 63, 60, 9]
24:9:[24, 68, 70, 93, 64, 60, 9]
24:9:[24, 68, 70, 94, 64, 60, 9]
24:9:[24, 68, 70, 95, 64, 60, 9]
24:9:[24, 68, 71, 96, 65, 60, 9]
24:9:[24, 68, 71, 97, 65, 60, 9]
24:9:[24, 68, 71, 98, 65, 60, 9]
24:10:[24, 68, 69, 90, 63, 60, 10]
24:10:[24, 68, 69, 91, 63, 60, 10]
24:10:[24, 68, 69, 92, 63, 60, 10]
24:10:[24, 68, 70, 93, 64, 60, 10]
24:10:[24, 68, 70, 94, 64, 60, 10]
24:10:[24, 68, 70, 95, 64, 60, 10]
24:10:[24, 68, 71, 96, 65, 60, 10]
24:10:[24, 68, 71, 97, 65, 60, 10]
24:10:[24, 68, 71, 98, 65, 60, 10]
24:11:[24, 68, 69, 90, 63, 60, 11]
24:11:[24, 68, 69, 91, 63, 60, 11]
24:11:[24, 68, 69, 92, 63, 60, 11]
24:11:[24, 68, 70, 93, 64, 60, 11]
24:11:[24, 68, 70, 94, 64, 60, 11]
24:11:[24, 68, 70, 95, 64, 60, 11]
24:11:[24, 68, 71, 96, 65, 60, 11]
24:11:[24, 68, 71, 97, 65, 60, 11]
24:11:[24, 68, 71, 98, 65, 60, 11]
24:12:[24, 68, 69, 90, 63, 61, 12]
24:12:[24, 68, 69, 91, 63, 61, 12]
24:12:[24, 68, 69, 92, 63, 61, 12]
24:12:[24, 68, 70, 93, 64, 61, 12]
24:12:[24, 68, 70, 94, 64, 61, 12]
24:12:[24, 68, 70, 95, 64, 61, 12]
24:12:[24, 68, 71, 96, 65, 61, 12]
24:12:[24, 68, 71, 97, 65, 61, 12]
24:12:[24, 68, 71, 98, 65, 61, 12]
24:13:[24, 68, 69, 90, 63, 61, 13]
24:13:[24, 68, 69, 91, 63, 61, 13]
24:13:[24, 68, 69, 92, 63, 61, 13]
24:13:[24, 68, 70, 93, 64, 61, 13]
24:13:[24, 68, 70, 94, 64, 61, 13]
24:13:[24, 68, 70, 95, 64, 61, 13]
24:13:[24, 68, 71, 96, 65, 61, 13]
24:13:[24, 68, 71, 97, 65, 61, 13]
24:13:[24, 68, 71, 98, 65, 61, 13]
24:14:[24, 68, 69, 90, 63, 61, 14]
24:14:[24, 68, 69, 91, 63, 61, 14]
24:14:[24, 68, 69, 92, 63, 61, 14]
24:14:[24, 68, 70, 93, 64, 61, 14]
24:14:[24, 68, 70, 94, 64, 61, 14]
24:14:[24, 68, 70, 95, 64, 61, 14]
24:14:[24, 68, 71, 96, 65, 61, 14]
24:14:[24, 68, 71, 97, 65, 61, 14]
24:14:[24, 68, 71, 98, 65, 61, 14]
24:15:[24, 68, 69, 90, 63, 62, 15]
24:15:[24, 68, 69, 91, 63, 62, 15]
24:15:[24, 68, 69, 92, 63, 62, 15]
24:15:[24, 68, 70, 93, 64, 62, 15]
24:15:[24, 68, 70, 94, 64, 62, 15]
24:15:[24, 68, 70, 95, 64, 62, 15]
24:15:[24, 68, 71, 96, 65, 62, 15]
24:15:[24, 68, 71, 97, 65, 62, 15]
24:15:[24, 68, 71, 98, 65, 62, 15]
24:16:[24, 68, 69, 90, 63, 62, 16]
24:16:[24, 68, 69, 91, 63, 62, 16]
24:16:[24, 68, 69, 92, 63, 62, 16]
24:16:[24, 68, 70, 93, 64, 62, 16]
24:16:[24, 68, 70, 94, 64, 62, 16]
24:16:[24, 68, 70, 95, 64, 62, 16]
24:16:[24, 68, 71, 96, 65, 62, 16]
24:16:[24, 68, 71, 97, 65, 62, 16]
24:16:[24, 68, 71, 98, 65, 62, 16]
24:17:[24, 68, 69, 90, 63, 62, 17]
24:17:[24, 68, 69, 91, 63, 62, 17]
24:17:[24, 68, 69, 92, 63, 62, 17]
24:17:[24, 68, 70, 93, 64, 62, 17]
24:17:[24, 68, 70, 94, 64, 62, 17]
24:17:[24, 68, 70, 95, 64, 62, 17]
24:17:[24, 68, 71, 96, 65, 62, 17]
24:17:[24, 68, 71, 97, 65, 62, 17]
24:17:[24, 68, 71, 98, 65, 62, 17]
24:18:[24, 68, 69, 66, 18]
24:18:[24, 68, 70, 66, 18]
24:18:[24, 68, 71, 66, 18]
24:19:[24, 68, 69, 66, 19]
24:19:[24, 68, 70, 66, 19]
24:19:[24, 68, 71, 66, 19]
24:20:[24, 68, 69, 66, 20]
24:20:[24, 68, 70, 66, 20]
24:20:[24, 68, 71, 66, 20]
24:21:[24, 68, 69, 67, 21]
24:21:[24, 68, 70, 67, 21]
24:21:[24, 68, 71, 67, 21]
24:22:[24, 68, 69, 67, 22]
24:22:[24, 68, 70, 67, 22]
24:22:[24, 68, 71, 67, 22]
24:23:[24, 68, 69, 67, 23]
24:23:[24, 68, 70, 67, 23]
24:23:[24, 68, 71, 67, 23]
24:25:[24, 68, 25]
24:26:[24, 68, 26]
24:27:[24, 68, 69, 90, 75, 72, 27]
24:27:[24, 68, 69, 91, 75, 72, 27]
24:27:[24, 68, 69, 92, 75, 72, 27]
24:27:[24, 68, 70, 93, 76, 72, 27]
24:27:[24, 68, 70, 94, 76, 72, 27]
24:27:[24, 68, 70, 95, 76, 72, 27]
24:27:[24, 68, 71, 96, 77, 72, 27]
24:27:[24, 68, 71, 97, 77, 72, 27]
24:27:[24, 68, 71, 98, 77, 72, 27]
24:28:[24, 68, 69, 90, 75, 72, 28]
24:28:[24, 68, 69, 91, 75, 72, 28]
24:28:[24, 68, 69, 92, 75, 72, 28]
24:28:[24, 68, 70, 93, 76, 72, 28]
24:28:[24, 68, 70, 94, 76, 72, 28]
24:28:[24, 68, 70, 95, 76, 72, 28]
24:28:[24, 68, 71, 96, 77, 72, 28]
24:28:[24, 68, 71, 97, 77, 72, 28]
24:28:[24, 68, 71, 98, 77, 72, 28]
24:29:[24, 68, 69, 90, 75, 72, 29]
24:29:[24, 68, 69, 91, 75, 72, 29]
24:29:[24, 68, 69, 92, 75, 72, 29]
24:29:[24, 68, 70, 93, 76, 72, 29]
24:29:[24, 68, 70, 94, 76, 72, 29]
24:29:[24, 68, 70, 95, 76, 72, 29]
24:29:[24, 68, 71, 96, 77, 72, 29]
24:29:[24, 68, 71, 97, 77, 72, 29]
24:29:[24, 68, 71, 98, 77, 72, 29]
24:30:[24, 68, 69, 90, 75, 73, 30]
24:30:[24, 68, 69, 91, 75, 73, 30]
24:30:[24, 68, 69, 92, 75, 73, 30]
24:30:[24, 68, 70, 93, 76, 73, 30]
24:30:[24, 68, 70, 94, 76, 73, 30]
24:30:[24, 68, 70, 95, 76, 73, 30]
24:30:[24, 68, 71, 96, 77, 73, 30]
24:30:[24, 68, 71, 97, 77, 73, 30]
24:30:[24, 68, 71, 98, 77, 73, 30]
24:31:[24, 68, 69, 90, 75, 73, 31]
24:31:[24, 68, 69, 91, 75, 73, 31]
24:31:[24, 68, 69, 92, 75, 73, 31]
24:31:[24, 68, 70, 93, 76, 73, 31]
24:31:[24, 68, 70, 94, 76, 73, 31]
24:31:[24, 68, 70, 95, 76, 73, 31]
24:31:[24, 68, 71, 96, 77, 73, 31]
24:31:[24, 68, 71, 97, 77, 73, 31]
24:31:[24, 68, 71, 98, 77, 73, 31]
24:32:[24, 68, 69, 90, 75, 73, 32]
24:32:[24, 68, 69, 91, 75, 73, 32]
24:32:[24, 68, 69, 92, 75, 73, 32]
24:32:[24, 68, 70, 93, 76, 73, 32]
24:32:[24, 68, 70, 94, 76, 73, 32]
24:32:[24, 68, 70, 95, 76, 73, 32]
24:32:[24, 68, 71, 96, 77, 73, 32]
24:32:[24, 68, 71, 97, 77, 73, 32]
24:32:[24, 68, 71, 98, 77, 73, 32]
24:33:[24, 68, 69, 90, 75, 74, 33]
24:33:[24, 68, 69, 91, 75, 74, 33]
24:33:[24, 68, 69, 92, 75, 74, 33]
24:33:[24, 68, 70, 93, 76, 74, 33]
24:33:[24, 68, 70, 94, 76, 74, 33]
24:33:[24, 68, 70, 95, 76, 74, 33]
24:33:[24, 68, 71, 96, 77, 74, 33]
24:33:[24, 68, 71, 97, 77, 74, 33]
24:33:[24, 68, 71, 98, 77, 74, 33]
24:34:[24, 68, 69, 90, 75, 74, 34]
24:34:[24, 68, 69, 91, 75, 74, 34]
24:34:[24, 68, 69, 92, 75, 74, 34]
24:34:[24, 68, 70, 93, 76, 74, 34]
24:34:[24, 68, 70, 94, 76, 74, 34]
24:34:[24, 68, 70, 95, 76, 74, 34]
24:34:[24, 68, 71, 96, 77, 74, 34]
24:34:[24, 68, 71, 97, 77, 74, 34]
24:34:[24, 68, 71, 98, 77, 74, 34]
24:35:[24, 68, 69, 90, 75, 74, 35]
24:35:[24, 68, 69, 91, 75, 74, 35]
24:35:[24, 68, 69, 92, 75, 74, 35]
24:35:[24, 68, 70, 93, 76, 74, 35]
24:35:[24, 68, 70, 94, 76, 74, 35]
24:35:[24, 68, 70, 95, 76, 74, 35]
24:35:[24, 68, 71, 96, 77, 74, 35]
24:35:[24, 68, 71, 97, 77, 74, 35]
24:35:[24, 68, 71, 98, 77, 74, 35]
24:36:[24, 68, 69, 90, 81, 78, 36]
24:36:[24, 68, 69, 91, 81, 78, 36]
24:36:[24, 68, 69, 92, 81, 78, 36]
24:36:[24, 68, 70, 93, 82, 78, 36]
24:36:[24, 68, 70, 94, 82, 78, 36]
24:36:[24, 68, 70, 95, 82, 78, 36]
24:36:[24, 68, 71, 96, 83, 78, 36]
24:36:[24, 68, 71, 97, 83, 78, 36]
24:36:[24, 68, 71, 98, 83, 78, 36]
24:37:[24, 68, 69, 90, 81, 78, 37]
24:37:[24, 68, 69, 91, 81, 78, 37]
24:37:[24, 68, 69, 92, 81, 78, 37]
24:37:[24, 68, 70, 93, 82, 78, 37]
24:37:[24, 68, 70, 94, 82, 78, 37]
24:37:[24, 68, 70, 95, 82, 78, 37]
24:37:[24, 68, 71, 96, 83, 78, 37]
24:37:[24, 68, 71, 97, 83, 78, 37]
24:37:[24, 68, 71, 98, 83, 78, 37]
24:38:[24, 68, 69, 90, 81, 78, 38]
24:38:[24, 68, 69, 91, 81, 78, 38]
24:38:[24, 68, 69, 92, 81, 78, 38]
24:38:[24, 68, 70, 93, 82, 78, 38]
24:38:[24, 68, 70, 94, 82, 78, 38]
24:38:[24, 68, 70, 95, 82, 78, 38]
24:38:[24, 68, 71, 96, 83, 78, 38]
24:38:[24, 68, 71, 97, 83, 78, 38]
24:38:[24, 68, 71, 98, 83, 78, 38]
24:39:[24, 68, 69, 90, 81, 79, 39]
24:39:[24, 68, 69, 91, 81, 79, 39]
24:39:[24, 68, 69, 92, 81, 79, 39]
24:39:[24, 68, 70, 93, 82, 79, 39]
24:39:[24, 68, 70, 94, 82, 79, 39]
24:39:[24, 68, 70, 95, 82, 79, 39]
24:39:[24, 68, 71, 96, 83, 79, 39]
24:39:[24, 68, 71, 97, 83, 79, 39]
24:39:[24, 68, 71, 98, 83, 79, 39]
24:40:[24, 68, 69, 90, 81, 79, 40]
24:40:[24, 68, 69, 91, 81, 79, 40]
24:40:[24, 68, 69, 92, 81, 79, 40]
24:40:[24, 68, 70, 93, 82, 79, 40]
24:40:[24, 68, 70, 94, 82, 79, 40]
24:40:[24, 68, 70, 95, 82, 79, 40]
24:40:[24, 68, 71, 96, 83, 79, 40]
24:40:[24, 68, 71, 97, 83, 79, 40]
24:40:[24, 68, 71, 98, 83, 79, 40]
24:41:[24, 68, 69, 90, 81, 79, 41]
24:41:[24, 68, 69, 91, 81, 79, 41]
24:41:[24, 68, 69, 92, 81, 79, 41]
24:41:[24, 68, 70, 93, 82, 79, 41]
24:41:[24, 68, 70, 94, 82, 79, 41]
24:41:[24, 68, 70, 95, 82, 79, 41]
24:41:[24, 68, 71, 96, 83, 79, 41]
24:41:[24, 68, 71, 97, 83, 79, 41]
24:41:[24, 68, 71, 98, 83, 79, 41]
24:42:[24, 68, 69, 90, 81, 80, 42]
24:42:[24, 68, 69, 91, 81, 80, 42]
24:42:[24, 68, 69, 92, 81, 80, 42]
24:42:[24, 68, 70, 93, 82, 80, 42]
24:42:[24, 68, 70, 94, 82, 80, 42]
24:42:[24, 68, 70, 95, 82, 80, 42]
24:42:[24, 68, 71, 96, 83, 80, 42]
24:42:[24, 68, 71, 97, 83, 80, 42]
24:42:[24, 68, 71, 98, 83, 80, 42]
24:43:[24, 68, 69, 90, 81, 80, 43]
24:43:[24, 68, 69, 91, 81, 80, 43]
24:43:[24, 68, 69, 92, 81, 80, 43]
24:43:[24, 68, 70, 93, 82, 80, 43]
24:43:[24, 68, 70, 94, 82, 80, 43]
24:43:[24, 68, 70, 95, 82, 80, 43]
24:43:[24, 68, 71, 96, 83, 80, 43]
24:43:[24, 68, 71, 97, 83, 80, 43]
24:43:[24, 68, 71, 98, 83, 80, 43]
24:44:[24, 68, 69, 90, 81, 80, 44]
24:44:[24, 68, 69, 91, 81, 80, 44]
24:44:[24, 68, 69, 92, 81, 80, 44]
24:44:[24, 68, 70, 93, 82, 80, 44]
24:44:[24, 68, 70, 94, 82, 80, 44]
24:44:[24, 68, 70, 95, 82, 80, 44]
24:44:[24, 68, 71, 96, 83, 80, 44]
24:44:[24, 68, 71, 97, 83, 80, 44]
24:44:[24, 68, 71, 98, 83, 80, 44]
24:45:[24, 68, 69, 90, 87, 84, 45]
24:45:[24, 68, 69, 91, 87, 84, 45]
24:45:[24, 68, 69, 92, 87, 84, 45]
24:45:[24, 68, 70, 93, 88, 84, 45]
24:45:[24, 68, 70, 94, 88, 84, 45]
24:45:[24, 68, 70, 95, 88, 84, 45]
24:45:[24, 68, 71, 96, 89, 84, 45]
24:45:[24, 68, 71, 97, 89, 84, 45]
24:45:[24, 68, 71, 98, 89, 84, 45]
24:46:[24, 68, 69, 90, 87, 84, 46]
24:46:[24, 68, 69, 91, 87, 84, 46]
24:46:[24, 68, 69, 92, 87, 84, 46]
24:46:[24, 68, 70, 93, 88, 84, 46]
24:46:[24, 68, 70, 94, 88, 84, 46]
24:46:[24, 68, 70, 95, 88, 84, 46]
24:46:[24, 68, 71, 96, 89, 84, 46]
24:46:[24, 68, 71, 97, 89, 84, 46]
24:46:[24, 68, 71, 98, 89, 84, 46]
24:47:[24, 68, 69, 90, 87, 84, 47]
24:47:[24, 68, 69, 91, 87, 84, 47]
24:47:[24, 68, 69, 92, 87, 84, 47]
24:47:[24, 68, 70, 93, 88, 84, 47]
24:47:[24, 68, 70, 94, 88, 84, 47]
24:47:[24, 68, 70, 95, 88, 84, 47]
24:47:[24, 68, 71, 96, 89, 84, 47]
24:47:[24, 68, 71, 97, 89, 84, 47]
24:47:[24, 68, 71, 98, 89, 84, 47]
24:48:[24, 68, 69, 90, 87, 85, 48]
24:48:[24, 68, 69, 91, 87, 85, 48]
24:48:[24, 68, 69, 92, 87, 85, 48]
24:48:[24, 68, 70, 93, 88, 85, 48]
24:48:[24, 68, 70, 94, 88, 85, 48]
24:48:[24, 68, 70, 95, 88, 85, 48]
24:48:[24, 68, 71, 96, 89, 85, 48]
24:48:[24, 68, 71, 97, 89, 85, 48]
24:48:[24, 68, 71, 98, 89, 85, 48]
24:49:[24, 68, 69, 90, 87, 85, 49]
24:49:[24, 68, 69, 91, 87, 85, 49]
24:49:[24, 68, 69, 92, 87, 85, 49]
24:49:[24, 68, 70, 93, 88, 85, 49]
24:49:[24, 68, 70, 94, 88, 85, 49]
24:49:[24, 68, 70, 95, 88, 85, 49]
24:49:[24, 68, 71, 96, 89, 85, 49]
24:49:[24, 68, 71, 97, 89, 85, 49]
24:49:[24, 68, 71, 98, 89, 85, 49]
24:50:[24, 68, 69, 90, 87, 85, 50]
24:50:[24, 68, 69, 91, 87, 85, 50]
24:50:[24, 68, 69, 92, 87, 85, 50]
24:50:[24, 68, 70, 93, 88, 85, 50]
24:50:[24, 68, 70, 94, 88, 85, 50]
24:50:[24, 68, 70, 95, 88, 85, 50]
24:50:[24, 68, 71, 96, 89, 85, 50]
24:50:[24, 68, 71, 97, 89, 85, 50]
24:50:[24, 68, 71, 98, 89, 85, 50]
24:51:[24, 68, 69, 90, 87, 86, 51]
24:51:[24, 68, 69, 91, 87, 86, 51]
24:51:[24, 68, 69, 92, 87, 86, 51]
24:51:[24, 68, 70, 93, 88, 86, 51]
24:51:[24, 68, 70, 94, 88, 86, 51]
24:51:[24, 68, 70, 95, 88, 86, 51]
24:51:[24, 68, 71, 96, 89, 86, 51]
24:51:[24, 68, 71, 97, 89, 86, 51]
24:51:[24, 68, 71, 98, 89, 86, 51]
24:52:[24, 68, 69, 90, 87, 86, 52]
24:52:[24, 68, 69, 91, 87, 86, 52]
24:52:[24, 68, 69, 92, 87, 86, 52]
24:52:[24, 68, 70, 93, 88, 86, 52]
24:52:[24, 68, 70, 94, 88, 86, 52]
24:52:[24, 68, 70, 95, 88, 86, 52]
24:52:[24, 68, 71, 96, 89, 86, 52]
24:52:[24, 68, 71, 97, 89, 86, 52]
24:52:[24, 68, 71, 98, 89, 86, 52]
24:53:[24, 68, 69, 90, 87, 86, 53]
24:53:[24, 68, 69, 91, 87, 86, 53]
24:53:[24, 68, 69, 92, 87, 86, 53]
24:53:[24, 68, 70, 93, 88, 86, 53]
24:53:[24, 68, 70, 94, 88, 86, 53]
24:53:[24, 68, 70, 95, 88, 86, 53]
24:53:[24, 68, 71, 96, 89, 86, 53]
24:53:[24, 68, 71, 97, 89, 86, 53]
24:53:[24, 68, 71, 98, 89, 86, 53]
25:0:[25, 68, 69, 90, 57, 54, 0]
25:0:[25, 68, 69, 91, 57, 54, 0]
25:0:[25, 68, 69, 92, 57, 54, 0]
25:0:[25, 68, 70, 93, 58, 54, 0]
25:0:[25, 68, 70, 94, 58, 54, 0]
25:0:[25, 68, 70, 95, 58, 54, 0]
25:0:[25, 68, 71, 96, 59, 54, 0]
25:0:[25, 68, 71, 97, 59, 54, 0]
25:0:[25, 68, 71, 98, 59, 54, 0]
25:1:[25, 68, 69, 90, 57, 54, 1]
25:1:[25, 68, 69, 91, 57, 54, 1]
25:1:[25, 68, 69, 92, 57, 54, 1]
25:1:[25, 68, 70, 93, 58, 54, 1]
25:1:[25, 68, 70, 94, 58, 54, 1]
25:1:[25, 68, 70, 95, 58, 54, 1]
25:1:[25, 68, 71, 96, 59, 54, 1]
25:1:[25, 68, 71, 97, 59, 54, 1]
25:1:[25, 68, 71, 98, 59, 54, 1]
25:2:[25, 68, 69, 90, 57, 54, 2]
25:2:[25, 68, 69, 91, 57, 54, 2]
25:2:[25, 68, 69, 92, 57, 54, 2]
25:2:[25, 68, 70, 93, 58, 54, 2]
25:2:[25, 68, 70, 94, 58, 54, 2]
25:2:[25, 68, 70, 95, 58, 54, 2]
25:2:[25, 68, 71, 96, 59, 54, 2]
25:2:[25, 68, 71, 97, 59, 54, 2]
25:2:[25, 68, 71, 98, 59, 54, 2]
25:3:[25, 68, 69, 90, 57, 55, 3]
25:3:[25, 68, 69, 91, 57, 55, 3]
25:3:[25, 68, 69, 92, 57, 55, 3]
25:3:[25, 68, 70, 93, 58, 55, 3]
25:3:[25, 68, 70, 94, 58, 55, 3]
25:3:[25, 68, 70, 95, 58, 55, 3]
25:3:[25, 68, 71, 96, 59, 55, 3]
25:3:[25, 68, 71, 97, 59, 55, 3]
25:3:[25, 68, 71, 98, 59, 55, 3]
25:4:[25, 68, 69, 90, 57, 55, 4]
25:4:[25, 68, 69, 91, 57, 55, 4]
25:4:[25, 68, 69, 92, 57, 55, 4]
25:4:[25, 68, 70, 93, 58, 55, 4]
25:4:[25, 68, 70, 94, 58, 55, 4]
25:4:[25, 68, 70, 95, 58, 55, 4]
25:4:[25, 68, 71, 96, 59, 55, 4]
25:4:[25, 68, 71, 97, 59, 55, 4]
25:4:[25, 68, 71, 98, 59, 55, 4]
25:5:[25, 68, 69, 90, 57, 55, 5]
25:5:[25, 68, 69, 91, 57, 55, 5]
25:5:[25, 68, 69, 92, 57, 55, 5]
25:5:[25, 68, 70, 93, 58, 55, 5]
25:5:[25, 68, 70, 94, 58, 55, 5]
25:5:[25, 68, 70, 95, 58, 55, 5]
25:5:[25, 68, 71, 96, 59, 55, 5]
25:5:[25, 68, 71, 97, 59, 55, 5]
25:5:[25, 68, 71, 98, 59, 55, 5]
25:6:[25, 68, 69, 90, 57, 56, 6]
25:6:[25, 68, 69, 91, 57, 56, 6]
25:6:[25, 68, 69, 92, 57, 56, 6]
25:6:[25, 68, 70, 93, 58, 56, 6]
25:6:[25, 68, 70, 94, 58, 56, 6]
25:6:[25, 68, 70, 95, 58, 56, 6]
25:6:[25, 68, 71, 96, 59, 56, 6]
25:6:[25, 68, 71, 97, 59, 56, 6]
25:6:[25, 68, 71, 98, 59, 56, 6]
25:7:[25, 68, 69, 90, 57, 56, 7]
25:7:[25, 68, 69, 91, 57, 56, 7]
25:7:[25, 68, 69, 92, 57, 56, 7]
25:7:[25, 68, 70, 93, 58, 56, 7]
25:7:[25, 68, 70, 94, 58, 56, 7]
25:7:[25, 68, 70, 95, 58, 56, 7]
25:7:[25, 68, 71, 96, 59, 56, 7]
25:7:[25, 68, 71, 97, 59, 56, 7]
25:7:[25, 68, 71, 98, 59, 56, 7]
25:8:[25, 68, 69, 90, 57, 56, 8]
25:8:[25, 68, 69, 91, 57, 56, 8]
25:8:[25, 68, 69, 92, 57, 56, 8]
25:8:[25, 68, 70, 93, 58, 56, 8]
25:8:[25, 68, 70, 94, 58, 56, 8]
25:8:[25, 68, 70, 95, 58, 56, 8]
25:8:[25, 68, 71, 96, 59, 56, 8]
25:8:[25, 68, 71, 97, 59, 56, 8]
25:8:[25, 68, 71, 98, 59, 56, 8]
25:9:[25, 68, 69, 90, 63, 60, 9]
25:9:[25, 68, 69, 91, 63, 60, 9]
25:9:[25, 68, 69, 92, 63, 60, 9]
25:9:[25, 68, 70, 93, 64, 60, 9]
25:9:[25, 68, 70, 94, 64, 60, 9]
25:9:[25, 68, 70, 95, 64, 60, 9]
25:9:[25, 68, 71, 96, 65, 60, 9]
25:9:[25, 68, 71, 97, 65, 60, 9]
25:9:[25, 68, 71, 98, 65, 60, 9]
25:10:[25, 68, 69, 90, 63, 60, 10]
25:10:[25, 68, 69, 91, 63, 60, 10]
25:10:[25, 68, 69, 92, 63, 60, 10]
25:10:[25, 68, 70, 93, 64, 60, 10]
25:10:[25, 68, 70, 94, 64, 60, 10]
25:10:[25, 68, 70, 95, 64, 60, 10]
25:10:[25, 68, 71, 96, 65, 60, 10]
25:10:[25, 68, 71, 97, 65, 60, 10]
25:10:[25, 68, 71, 98, 65, 60, 10]
25:11:[25, 68, 69, 90, 63, 60, 11]
25:11:[25, 68, 69, 91, 63, 60, 11]
25:11:[25, 68, 69, 92, 63, 60, 11]
25:11:[25, 68, 70, 93, 64, 60, 11]
25:11:[25, 68, 70, 94, 64, 60, 11]
25:11:[25, 68, 70, 95, 64, 60, 11]
25:11:[25, 68, 71, 96, 65, 60, 11]
25:11:[25, 68, 71, 97, 65, 60, 11]
25:11:[25, 68, 71, 98, 65, 60, 11]
25:12:[25, 68, 69, 90, 63, 61, 12]
25:12:[25, 68, 69, 91, 63, 61, 12]
25:12:[25, 68, 69, 92, 63, 61, 12]
25:12:[25, 68, 70, 93, 64, 61, 12]
25:12:[25, 68, 70, 94, 64, 61, 12]
25:12:[25, 68, 70, 95, 64, 61, 12]
25:12:[25, 68, 71, 96, 65, 61, 12]
25:12:[25, 68, 71, 97, 65, 61, 12]
25:12:[25, 68, 71, 98, 65, 61, 12]
25:13:[25, 68, 69, 90, 63, 61, 13]
25:13:[25, 68, 69, 91, 63, 61, 13]
25:13:[25, 68, 69, 92, 63, 61, 13]
25:13:[25, 68, 70, 93, 64, 61, 13]
25:13:[25, 68, 70, 94, 64, 61, 13]
25:13:[25, 68, 70, 95, 64, 61, 13]
25:13:[25, 68, 71, 96, 65, 61, 13]
25:13:[25, 68, 71, 97, 65, 61, 13]
25:13:[25, 68, 71, 98, 65, 61, 13]
25:14:[25, 68, 69, 90, 63, 61, 14]
25:14:[25, 68, 69, 91, 63, 61, 14]
25:14:[25, 68, 69, 92, 63, 61, 14]
25:14:[25, 68, 70, 93, 64, 61, 14]
25:14:[25, 68, 70, 94, 64, 61, 14]
25:14:[25, 68, 70, 95, 64, 61, 14]
25:14:[25, 68, 71, 96, 65, 61, 14]
25:14:[25, 68, 71, 97, 65, 61, 14]
25:14:[25, 68, 71, 98, 65, 61, 14]
25:15:[25, 68, 69, 90, 63, 62, 15]
25:15:[25, 68, 69, 91, 63, 62, 15]
25:15:[25, 68, 69, 92, 63, 62, 15]
25:15:[25, 68, 70, 93, 64, 62, 15]
25:15:[25, 68, 70, 94, 64, 62, 15]
25:15:[25, 68, 70, 95, 64, 62, 15]
25:15:[25, 68, 71, 96, 65, 62, 15]
25:15:[25, 68, 71, 97, 65, 62, 15]
25:15:[25, 68, 71, 98, 65, 62, 15]
25:16:[25, 68, 69, 90, 63, 62, 16]
25:16:[25, 68, 69, 91, 63, 62, 16]
25:16:[25, 68, 69, 92, 63, 62, 16]
25:16:[25, 68, 70, 93, 64, 62, 16]
25:16:[25, 68, 70, 94, 64, 62, 16]
25:16:[25, 68, 70, 95, 64, 62, 16]
25:16:[25, 68, 71, 96, 65, 62, 16]
25:16:[25, 68, 71, 97, 65, 62, 16]
25:16:[25, 68, 71, 98, 65, 62, 16]
25:17:[25, 68, 69, 90, 63, 62, 17]
25:17:[25, 68, 69, 91, 63, 62, 17]
25:17:[25, 68, 69, 92, 63, 62, 17]
25:17:[25, 68, 70, 93, 64, 62, 17]
25:17:[25, 68, 70, 94, 64, 62, 17]
25:17:[25, 68, 70, 95, 64, 62, 17]
25:17:[25, 68, 71, 96, 65, 62, 17]
25:17:[25, 68, 71, 97, 65, 62, 17]
25:17:[25, 68, 71, 98, 65, 62, 17]
25:18:[25, 68, 69, 66, 18]
25:18:[25, 68, 70, 66, 18]
25:18:[25, 68, 71, 66, 18]
25:19:[25, 68, 69, 66, 19]
25:19:[25, 68, 70, 66, 19]
25:19:[25, 68, 71, 66, 19]
25:20:[25, 68, 69, 66, 20]
25:20:[25, 68, 70, 66, 20]
25:20:[25, 68, 71, 66, 20]
25:21:[25, 68, 69, 67, 21]
25:21:[25, 68, 70, 67, 21]
25:21:[25, 68, 71, 67, 21]
25:22:[25, 68, 69, 67, 22]
25:22:[25, 68, 70, 67, 22]
25:22:[25, 68, 71, 67, 22]
25:23:[25, 68, 69, 67, 23]
25:23:[25, 68, 70, 67, 23]
25:23:[25, 68, 71, 67, 23]
25:24:[25, 68, 24]
25:26:[25, 68, 26]
25:27:[25, 68, 69, 90, 75, 72, 27]
25:27:[25, 68, 69, 91, 75, 72, 27]
25:27:[25, 68, 69, 92, 75, 72, 27]
25:27:[25, 68, 70, 93, 76, 72, 27]
25:27:[25, 68, 70, 94, 76, 72, 27]
25:27:[25, 68, 70, 95, 76, 72, 27]
25:27:[25, 68, 71, 96, 77, 72, 27]
25:27:[25, 68, 71, 97, 77, 72, 27]
25:27:[25, 68, 71, 98, 77, 72, 27]
25:28:[25, 68, 69, 90, 75, 72, 28]
25:28:[25, 68, 69, 91, 75, 72, 28]
25:28:[25, 68, 69, 92, 75, 72, 28]
25:28:[25, 68, 70, 93, 76, 72, 28]
25:28:[25, 68, 70, 94, 76, 72, 28]
25:28:[25, 68, 70, 95, 76, 72, 28]
25:28:[25, 68, 71, 96, 77, 72, 28]
25:28:[25, 68, 71, 97, 77, 72, 28]
25:28:[25, 68, 71, 98, 77, 72, 28]
25:29:[25, 68, 69, 90, 75, 72, 29]
25:29:[25, 68, 69, 91, 75, 72, 29]
25:29:[25, 68, 69, 92, 75, 72, 29]
25:29:[25, 68, 70, 93, 76, 72, 29]
25:29:[25, 68, 70, 94, 76, 72, 29]
25:29:[25, 68, 70, 95, 76, 72, 29]
25:29:[25, 68, 71, 96, 77, 72, 29]
25:29:[25, 68, 71, 97, 77, 72, 29]
25:29:[25, 68, 71, 98, 77, 72, 29]
25:30:[25, 68, 69, 90, 75, 73, 30]
25:30:[25, 68, 69, 91, 75, 73, 30]
25:30:[25, 68, 69, 92, 75, 73, 30]
25:30:[25, 68, 70, 93, 76, 73, 30]
25:30:[25, 68, 70, 94, 76, 73, 30]
25:30:[25, 68, 70, 95, 76, 73, 30]
25:30:[25, 68, 71, 96, 77, 73, 30]
25:30:[25, 68, 71, 97, 77, 73, 30]
25:30:[25, 68, 71, 98, 77, 73, 30]
25:31:[25, 68, 69, 90, 75, 73, 31]
25:31:[25, 68, 69, 91, 75, 73, 31]
25:31:[25, 68, 69, 92, 75, 73, 31]
25:31:[25, 68, 70, 93, 76, 73, 31]
25:31:[25, 68, 70, 94, 76, 73, 31]
25:31:[25, 68, 70, 95, 76, 73, 31]
25:31:[25, 68, 71, 96, 77, 73, 31]
25:31:[25, 68, 71, 97, 77, 73, 31]
25:31:[25, 68, 71, 98, 77, 73, 31]
25:32:[25, 68, 69, 90, 75, 73, 32]
25:32:[25, 68, 69, 91, 75, 73, 32]
25:32:[25, 68, 69, 92, 75, 73, 32]
25:32:[25, 68, 70, 93, 76, 73, 32]
25:32:[25, 68, 70, 94, 76, 73, 32]
25:32:[25, 68, 70, 95, 76, 73, 32]
25:32:[25, 68, 71, 96, 77, 73, 32]
25:32:[25, 68, 71, 97, 77, 73, 32]
25:32:[25, 68, 71, 98, 77, 73, 32]
25:33:[25, 68, 69, 90, 75, 74, 33]
25:33:[25, 68, 69, 91, 75, 74, 33]
25:33:[25, 68, 69, 92, 75, 74, 33]
25:33:[25, 68, 70, 93, 76, 74, 33]
25:33:[25, 68, 70, 94, 76, 74, 33]
25:33:[25, 68, 70, 95, 76, 74, 33]
25:33:[25, 68, 71, 96, 77, 74, 33]
25:33:[25, 68, 71, 97, 77, 74, 33]
25:33:[25, 68, 71, 98, 77, 74, 33]
25:34:[25, 68, 69, 90, 75, 74, 34]
25:34:[25, 68, 69, 91, 75, 74, 34]
25:34:[25, 68, 69, 92, 75, 74, 34]
25:34:[25, 68, 70, 93, 76, 74, 34]
25:34:[25, 68, 70, 94, 76, 74, 34]
25:34:[25, 68, 70, 95, 76, 74, 34]
25:34:[25, 68, 71, 96, 77, 74, 34]
25:34:[25, 68, 71, 97, 77, 74, 34]
25:34:[25, 68, 71, 98, 77, 74, 34]
25:35:[25, 68, 69, 90, 75, 74, 35]
25:35:[25, 68, 69, 91, 75, 74, 35]
25:35:[25, 68, 69, 92, 75, 74, 35]
25:35:[25, 68, 70, 93, 76, 74, 35]
25:35:[25, 68, 70, 94, 76, 74, 35]
25:35:[25, 68, 70, 95, 76, 74, 35]
25:35:[25, 68, 71, 96, 77, 74, 35]
25:35:[25, 68, 71, 97, 77, 74, 35]
25:35:[25, 68, 71, 98, 77, 74, 35]
25:36:[25, 68, 69, 90, 81, 78, 36]
25:36:[25, 68, 69, 91, 81, 78, 36]
25:36:[25, 68, 69, 92, 81, 78, 36]
25:36:[25, 68, 70, 93, 82, 78, 36]
25:36:[25, 68, 70, 94, 82, 78, 36]
25:36:[25, 68, 70, 95, 82, 78, 36]
25:36:[25, 68, 71, 96, 83, 78, 36]
25:36:[25, 68, 71, 97, 83, 78, 36]
25:36:[25, 68, 71, 98, 83, 78, 36]
25:37:[25, 68, 69, 90, 81, 78, 37]
25:37:[25, 68, 69, 91, 81, 78, 37]
25:37:[25, 68, 69, 92, 81, 78, 37]
25:37:[25, 68, 70, 93, 82, 78, 37]
25:37:[25, 68, 70, 94, 82, 78, 37]
25:37:[25, 68, 70, 95, 82, 78, 37]
25:37:[25, 68, 71, 96, 83, 78, 37]
25:37:[25, 68, 71, 97, 83, 78, 37]
25:37:[25, 68, 71, 98, 83, 78, 37]
25:38:[25, 68, 69, 90, 81, 78, 38]
25:38:[25, 68, 69, 91, 81, 78, 38]
25:38:[25, 68, 69, 92, 81, 78, 38]
25:38:[25, 68, 70, 93, 82, 78, 38]
25:38:[25, 68, 70, 94, 82, 78, 38]
25:38:[25, 68, 70, 95, 82, 78, 38]
25:38:[25, 68, 71, 96, 83, 78, 38]
25:38:[25, 68, 71, 97, 83, 78, 38]
25:38:[25, 68, 71, 98, 83, 78, 38]
25:39:[25, 68, 69, 90, 81, 79, 39]
25:39:[25, 68, 69, 91, 81, 79, 39]
25:39:[25, 68, 69, 92, 81, 79, 39]
25:39:[25, 68, 70, 93, 82, 79, 39]
25:39:[25, 68, 70, 94, 82, 79, 39]
25:39:[25, 68, 70, 95, 82, 79, 39]
25:39:[25, 68, 71, 96, 83, 79, 39]
25:39:[25, 68, 71, 97, 83, 79, 39]
25:39:[25, 68, 71, 98, 83, 79, 39]
25:40:[25, 68, 69, 90, 81, 79, 40]
25:40:[25, 68, 69, 91, 81, 79, 40]
25:40:[25, 68, 69, 92, 81, 79, 40]
25:40:[25, 68, 70, 93, 82, 79, 40]
25:40:[25, 68, 70, 94, 82, 79, 40]
25:40:[25, 68, 70, 95, 82, 79, 40]
25:40:[25, 68, 71, 96, 83, 79, 40]
25:40:[25, 68, 71, 97, 83, 79, 40]
25:40:[25, 68, 71, 98, 83, 79, 40]
25:41:[25, 68, 69, 90, 81, 79, 41]
25:41:[25, 68, 69, 91, 81, 79, 41]
25:41:[25, 68, 69, 92, 81, 79, 41]
25:41:[25, 68, 70, 93, 82, 79, 41]
25:41:[25, 68, 70, 94, 82, 79, 41]
25:41:[25, 68, 70, 95, 82, 79, 41]
25:41:[25, 68, 71, 96, 83, 79, 41]
25:41:[25, 68, 71, 97, 83, 79, 41]
25:41:[25, 68, 71, 98, 83, 79, 41]
25:42:[25, 68, 69, 90, 81, 80, 42]
25:42:[25, 68, 69, 91, 81, 80, 42]
25:42:[25, 68, 69, 92, 81, 80, 42]
25:42:[25, 68, 70, 93, 82, 80, 42]
25:42:[25, 68, 70, 94, 82, 80, 42]
25:42:[25, 68, 70, 95, 82, 80, 42]
25:42:[25, 68, 71, 96, 83, 80, 42]
25:42:[25, 68, 71, 97, 83, 80, 42]
25:42:[25, 68, 71, 98, 83, 80, 42]
25:43:[25, 68, 69, 90, 81, 80, 43]
25:43:[25, 68, 69, 91, 81, 80, 43]
25:43:[25, 68, 69, 92, 81, 80, 43]
25:43:[25, 68, 70, 93, 82, 80, 43]
25:43:[25, 68, 70, 94, 82, 80, 43]
25:43:[25, 68, 70, 95, 82, 80, 43]
25:43:[25, 68, 71, 96, 83, 80, 43]
25:43:[25, 68, 71, 97, 83, 80, 43]
25:43:[25, 68, 71, 98, 83, 80, 43]
25:44:[25, 68, 69, 90, 81, 80, 44]
25:44:[25, 68, 69, 91, 81, 80, 44]
25:44:[25, 68, 69, 92, 81, 80, 44]
25:44:[25, 68, 70, 93, 82, 80, 44]
25:44:[25, 68, 70, 94, 82, 80, 44]
25:44:[25, 68, 70, 95, 82, 80, 44]
25:44:[25, 68, 71, 96, 83, 80, 44]
25:44:[25, 68, 71, 97, 83, 80, 44]
25:44:[25, 68, 71, 98, 83, 80, 44]
25:45:[25, 68, 69, 90, 87, 84, 45]
25:45:[25, 68, 69, 91, 87, 84, 45]
25:45:[25, 68, 69, 92, 87, 84, 45]
25:45:[25, 68, 70, 93, 88, 84, 45]
25:45:[25, 68, 70, 94, 88, 84, 45]
25:45:[25, 68, 70, 95, 88, 84, 45]
25:45:[25, 68, 71, 96, 89, 84, 45]
25:45:[25, 68, 71, 97, 89, 84, 45]
25:45:[25, 68, 71, 98, 89, 84, 45]
25:46:[25, 68, 69, 90, 87, 84, 46]
25:46:[25, 68, 69, 91, 87, 84, 46]
25:46:[25, 68, 69, 92, 87, 84, 46]
25:46:[25, 68, 70, 93, 88, 84, 46]
25:46:[25, 68, 70, 94, 88, 84, 46]
25:46:[25, 68, 70, 95, 88, 84, 46]
25:46:[25, 68, 71, 96, 89, 84, 46]
25:46:[25, 68, 71, 97, 89, 84, 46]
25:46:[25, 68, 71, 98, 89, 84, 46]
25:47:[25, 68, 69, 90, 87, 84, 47]
25:47:[25, 68, 69, 91, 87, 84, 47]
25:47:[25, 68, 69, 92, 87, 84, 47]
25:47:[25, 68, 70, 93, 88, 84, 47]
25:47:[25, 68, 70, 94, 88, 84, 47]
25:47:[25, 68, 70, 95, 88, 84, 47]
25:47:[25, 68, 71, 96, 89, 84, 47]
25:47:[25, 68, 71, 97, 89, 84, 47]
25:47:[25, 68, 71, 98, 89, 84, 47]
25:48:[25, 68, 69, 90, 87, 85, 48]
25:48:[25, 68, 69, 91, 87, 85, 48]
25:48:[25, 68, 69, 92, 87, 85, 48]
25:48:[25, 68, 70, 93, 88, 85, 48]
25:48:[25, 68, 70, 94, 88, 85, 48]
25:48:[25, 68, 70, 95, 88, 85, 48]
25:48:[25, 68, 71, 96, 89, 85, 48]
25:48:[25, 68, 71, 97, 89, 85, 48]
25:48:[25, 68, 71, 98, 89, 85, 48]
25:49:[25, 68, 69, 90, 87, 85, 49]
25:49:[25, 68, 69, 91, 87, 85, 49]
25:49:[25, 68, 69, 92, 87, 85, 49]
25:49:[25, 68, 70, 93, 88, 85, 49]
25:49:[25, 68, 70, 94, 88, 85, 49]
25:49:[25, 68, 70, 95, 88, 85, 49]
25:49:[25, 68, 71, 96, 89, 85, 49]
25:49:[25, 68, 71, 97, 89, 85, 49]
25:49:[25, 68, 71, 98, 89, 85, 49]
25:50:[25, 68, 69, 90, 87, 85, 50]
25:50:[25, 68, 69, 91, 87, 85, 50]
25:50:[25, 68, 69, 92, 87, 85, 50]
25:50:[25, 68, 70, 93, 88, 85, 50]
25:50:[25, 68, 70, 94, 88, 85, 50]
25:50:[25, 68, 70, 95, 88, 85, 50]
25:50:[25, 68, 71, 96, 89, 85, 50]
25:50:[25, 68, 71, 97, 89, 85, 50]
25:50:[25, 68, 71, 98, 89, 85, 50]
25:51:[25, 68, 69, 90, 87, 86, 51]
25:51:[25, 68, 69, 91, 87, 86, 51]
25:51:[25, 68, 69, 92, 87, 86, 51]
25:51:[25, 68, 70, 93, 88, 86, 51]
25:51:[25, 68, 70, 94, 88, 86, 51]
25:51:[25, 68, 70, 95, 88, 86, 51]
25:51:[25, 68, 71, 96, 89, 86, 51]
25:51:[25, 68, 71, 97, 89, 86, 51]
25:51:[25, 68, 71, 98, 89, 86, 51]
25:52:[25, 68, 69, 90, 87, 86, 52]
25:52:[25, 68, 69, 91, 87, 86, 52]
25:52:[25, 68, 69, 92, 87, 86, 52]
25:52:[25, 68, 70, 93, 88, 86, 52]
25:52:[25, 68, 70, 94, 88, 86, 52]
25:52:[25, 68, 70, 95, 88, 86, 52]
25:52:[25, 68, 71, 96, 89, 86, 52]
25:52:[25, 68, 71, 97, 89, 86, 52]
25:52:[25, 68, 71, 98, 89, 86, 52]
25:53:[25, 68, 69, 90, 87, 86, 53]
25:53:[25, 68, 69, 91, 87, 86, 53]
25:53:[25, 68, 69, 92, 87, 86, 53]
25:53:[25, 68, 70, 93, 88, 86, 53]
25:53:[25, 68, 70, 94, 88, 86, 53]
25:53:[25, 68, 70, 95, 88, 86, 53]
25:53:[25, 68, 71, 96, 89, 86, 53]
25:53:[25, 68, 71, 97, 89, 86, 53]
25:53:[25, 68, 71, 98, 89, 86, 53]
26:0:[26, 68, 69, 90, 57, 54, 0]
26:0:[26, 68, 69, 91, 57, 54, 0]
26:0:[26, 68, 69, 92, 57, 54, 0]
26:0:[26, 68, 70, 93, 58, 54, 0]
26:0:[26, 68, 70, 94, 58, 54, 0]
26:0:[26, 68, 70, 95, 58, 54, 0]
26:0:[26, 68, 71, 96, 59, 54, 0]
26:0:[26, 68, 71, 97, 59, 54, 0]
26:0:[26, 68, 71, 98, 59, 54, 0]
26:1:[26, 68, 69, 90, 57, 54, 1]
26:1:[26, 68, 69, 91, 57, 54, 1]
26:1:[26, 68, 69, 92, 57, 54, 1]
26:1:[26, 68, 70, 93, 58, 54, 1]
26:1:[26, 68, 70, 94, 58, 54, 1]
26:1:[26, 68, 70, 95, 58, 54, 1]
26:1:[26, 68, 71, 96, 59, 54, 1]
26:1:[26, 68, 71, 97, 59, 54, 1]
26:1:[26, 68, 71, 98, 59, 54, 1]
26:2:[26, 68, 69, 90, 57, 54, 2]
26:2:[26, 68, 69, 91, 57, 54, 2]
26:2:[26, 68, 69, 92, 57, 54, 2]
26:2:[26, 68, 70, 93, 58, 54, 2]
26:2:[26, 68, 70, 94, 58, 54, 2]
26:2:[26, 68, 70, 95, 58, 54, 2]
26:2:[26, 68, 71, 96, 59, 54, 2]
26:2:[26, 68, 71, 97, 59, 54, 2]
26:2:[26, 68, 71, 98, 59, 54, 2]
26:3:[26, 68, 69, 90, 57, 55, 3]
26:3:[26, 68, 69, 91, 57, 55, 3]
26:3:[26, 68, 69, 92, 57, 55, 3]
26:3:[26, 68, 70, 93, 58, 55, 3]
26:3:[26, 68, 70, 94, 58, 55, 3]
26:3:[26, 68, 70, 95, 58, 55, 3]
26:3:[26, 68, 71, 96, 59, 55, 3]
26:3:[26, 68, 71, 97, 59, 55, 3]
26:3:[26, 68, 71, 98, 59, 55, 3]
26:4:[26, 68, 69, 90, 57, 55, 4]
26:4:[26, 68, 69, 91, 57, 55, 4]
26:4:[26, 68, 69, 92, 57, 55, 4]
26:4:[26, 68, 70, 93, 58, 55, 4]
26:4:[26, 68, 70, 94, 58, 55, 4]
26:4:[26, 68, 70, 95, 58, 55, 4]
26:4:[26, 68, 71, 96, 59, 55, 4]
26:4:[26, 68, 71, 97, 59, 55, 4]
26:4:[26, 68, 71, 98, 59, 55, 4]
26:5:[26, 68, 69, 90, 57, 55, 5]
26:5:[26, 68, 69, 91, 57, 55, 5]
26:5:[26, 68, 69, 92, 57, 55, 5]
26:5:[26, 68, 70, 93, 58, 55, 5]
26:5:[26, 68, 70, 94, 58, 55, 5]
26:5:[26, 68, 70, 95, 58, 55, 5]
26:5:[26, 68, 71, 96, 59, 55, 5]
26:5:[26, 68, 71, 97, 59, 55, 5]
26:5:[26, 68, 71, 98, 59, 55, 5]
26:6:[26, 68, 69, 90, 57, 56, 6]
26:6:[26, 68, 69, 91, 57, 56, 6]
26:6:[26, 68, 69, 92, 57, 56, 6]
26:6:[26, 68, 70, 93, 58, 56, 6]
26:6:[26, 68, 70, 94, 58, 56, 6]
26:6:[26, 68, 70, 95, 58, 56, 6]
26:6:[26, 68, 71, 96, 59, 56, 6]
26:6:[26, 68, 71, 97, 59, 56, 6]
26:6:[26, 68, 71, 98, 59, 56, 6]
26:7:[26, 68, 69, 90, 57, 56, 7]
26:7:[26, 68, 69, 91, 57, 56, 7]
26:7:[26, 68, 69, 92, 57, 56, 7]
26:7:[26, 68, 70, 93, 58, 56, 7]
26:7:[26, 68, 70, 94, 58, 56, 7]
26:7:[26, 68, 70, 95, 58, 56, 7]
26:7:[26, 68, 71, 96, 59, 56, 7]
26:7:[26, 68, 71, 97, 59, 56, 7]
26:7:[26, 68, 71, 98, 59, 56, 7]
26:8:[26, 68, 69, 90, 57, 56, 8]
26:8:[26, 68, 69, 91, 57, 56, 8]
26:8:[26, 68, 69, 92, 57, 56, 8]
26:8:[26, 68, 70, 93, 58, 56, 8]
26:8:[26, 68, 70, 94, 58, 56, 8]
26:8:[26, 68, 70, 95, 58, 56, 8]
26:8:[26, 68, 71, 96, 59, 56, 8]
26:8:[26, 68, 71, 97, 59, 56, 8]
26:8:[26, 68, 71, 98, 59, 56, 8]
26:9:[26, 68, 69, 90, 63, 60, 9]
26:9:[26, 68, 69, 91, 63, 60, 9]
26:9:[26, 68, 69, 92, 63, 60, 9]
26:9:[26, 68, 70, 93, 64, 60, 9]
26:9:[26, 68, 70, 94, 64, 60, 9]
26:9:[26, 68, 70, 95, 64, 60, 9]
26:9:[26, 68, 71, 96, 65, 60, 9]
26:9:[26, 68, 71, 97, 65, 60, 9]
26:9:[26, 68, 71, 98, 65, 60, 9]
26:10:[26, 68, 69, 90, 63, 60, 10]
26:10:[26, 68, 69, 91, 63, 60, 10]
26:10:[26, 68, 69, 92, 63, 60, 10]
26:10:[26, 68, 70, 93, 64, 60, 10]
26:10:[26, 68, 70, 94, 64, 60, 10]
26:10:[26, 68, 70, 95, 64, 60, 10]
26:10:[26, 68, 71, 96, 65, 60, 10]
26:10:[26, 68, 71, 97, 65, 60, 10]
26:10:[26, 68, 71, 98, 65, 60, 10]
26:11:[26, 68, 69, 90, 63, 60, 11]
26:11:[26, 68, 69, 91, 63, 60, 11]
26:11:[26, 68, 69, 92, 63, 60, 11]
26:11:[26, 68, 70, 93, 64, 60, 11]
26:11:[26, 68, 70, 94, 64, 60, 11]
26:11:[26, 68, 70, 95, 64, 60, 11]
26:11:[26, 68, 71, 96, 65, 60, 11]
26:11:[26, 68, 71, 97, 65, 60, 11]
26:11:[26, 68, 71, 98, 65, 60, 11]
26:12:[26, 68, 69, 90, 63, 61, 12]
26:12:[26, 68, 69, 91, 63, 61, 12]
26:12:[26, 68, 69, 92, 63, 61, 12]
26:12:[26, 68, 70, 93, 64, 61, 12]
26:12:[26, 68, 70, 94, 64, 61, 12]
26:12:[26, 68, 70, 95, 64, 61, 12]
26:12:[26, 68, 71, 96, 65, 61, 12]
26:12:[26, 68, 71, 97, 65, 61, 12]
26:12:[26, 68, 71, 98, 65, 61, 12]
26:13:[26, 68, 69, 90, 63, 61, 13]
26:13:[26, 68, 69, 91, 63, 61, 13]
26:13:[26, 68, 69, 92, 63, 61, 13]
26:13:[26, 68, 70, 93, 64, 61, 13]
26:13:[26, 68, 70, 94, 64, 61, 13]
26:13:[26, 68, 70, 95, 64, 61, 13]
26:13:[26, 68, 71, 96, 65, 61, 13]
26:13:[26, 68, 71, 97, 65, 61, 13]
26:13:[26, 68, 71, 98, 65, 61, 13]
26:14:[26, 68, 69, 90, 63, 61, 14]
26:14:[26, 68, 69, 91, 63, 61, 14]
26:14:[26, 68, 69, 92, 63, 61, 14]
26:14:[26, 68, 70, 93, 64, 61, 14]
26:14:[26, 68, 70, 94, 64, 61, 14]
26:14:[26, 68, 70, 95, 64, 61, 14]
26:14:[26, 68, 71, 96, 65, 61, 14]
26:14:[26, 68, 71, 97, 65, 61, 14]
26:14:[26, 68, 71, 98, 65, 61, 14]
26:15:[26, 68, 69, 90, 63, 62, 15]
26:15:[26, 68, 69, 91, 63, 62, 15]
26:15:[26, 68, 69, 92, 63, 62, 15]
26:15:[26, 68, 70, 93, 64, 62, 15]
26:15:[26, 68, 70, 94, 64, 62, 15]
26:15:[26, 68, 70, 95, 64, 62, 15]
26:15:[26, 68, 71, 96, 65, 62, 15]
26:15:[26, 68, 71, 97, 65, 62, 15]
26:15:[26, 68, 71, 98, 65, 62, 15]
26:16:[26, 68, 69, 90, 63, 62, 16]
26:16:[26, 68, 69, 91, 63, 62, 16]
26:16:[26, 68, 69, 92, 63, 62, 16]
26:16:[26, 68, 70, 93, 64, 62, 16]
26:16:[26, 68, 70, 94, 64, 62, 16]
26:16:[26, 68, 70, 95, 64, 62, 16]
26:16:[26, 68, 71, 96, 65, 62, 16]
26:16:[26, 68, 71, 97, 65, 62, 16]
26:16:[26, 68, 71, 98, 65, 62, 16]
26:17:[26, 68, 69, 90, 63, 62, 17]
26:17:[26, 68, 69, 91, 63, 62, 17]
26:17:[26, 68, 69, 92, 63, 62, 17]
26:17:[26, 68, 70, 93, 64, 62, 17]
26:17:[26, 68, 70, 94, 64, 62, 17]
26:17:[26, 68, 70, 95, 64, 62, 17]
26:17:[26, 68, 71, 96, 65, 62, 17]
26:17:[26, 68, 71, 97, 65, 62, 17]
26:17:[26, 68, 71, 98, 65, 62, 17]
26:18:[26, 68, 69, 66, 18]
26:18:[26, 68, 70, 66, 18]
26:18:[26, 68, 71, 66, 18]
26:19:[26, 68, 69, 66, 19]
26:19:[26, 68, 70, 66, 19]
26:19:[26, 68, 71, 66, 19]
26:20:[26, 68, 69, 66, 20]
26:20:[26, 68, 70, 66, 20]
26:20:[26, 68, 71, 66, 20]
26:21:[26, 68, 69, 67, 21]
26:21:[26, 68, 70, 67, 21]
26:21:[26, 68, 71, 67, 21]
26:22:[26, 68, 69, 67, 22]
26:22:[26, 68, 70, 67, 22]
26:22:[26, 68, 71, 67, 22]
26:23:[26, 68, 69, 67, 23]
26:23:[26, 68, 70, 67, 23]
26:23:[26, 68, 71, 67, 23]
26:24:[26, 68, 24]
26:25:[26, 68, 25]
26:27:[26, 68, 69, 90, 75, 72, 27]
26:27:[26, 68, 69, 91, 75, 72, 27]
26:27:[26, 68, 69, 92, 75, 72, 27]
26:27:[26, 68, 70, 93, 76, 72, 27]
26:27:[26, 68, 70, 94, 76, 72, 27]
26:27:[26, 68, 70, 95, 76, 72, 27]
26:27:[26, 68, 71, 96, 77, 72, 27]
26:27:[26, 68, 71, 97, 77, 72, 27]
26:27:[26, 68, 71, 98, 77, 72, 27]
26:28:[26, 68, 69, 90, 75, 72, 28]
26:28:[26, 68, 69, 91, 75, 72, 28]
26:28:[26, 68, 69, 92, 75, 72, 28]
26:28:[26, 68, 70, 93, 76, 72, 28]
26:28:[26, 68, 70, 94, 76, 72, 28]
26:28:[26, 68, 70, 95, 76, 72, 28]
26:28:[26, 68, 71, 96, 77, 72, 28]
26:28:[26, 68, 71, 97, 77, 72, 28]
26:28:[26, 68, 71, 98, 77, 72, 28]
26:29:[26, 68, 69, 90, 75, 72, 29]
26:29:[26, 68, 69, 91, 75, 72, 29]
26:29:[26, 68, 69, 92, 75, 72, 29]
26:29:[26, 68, 70, 93, 76, 72, 29]
26:29:[26, 68, 70, 94, 76, 72, 29]
26:29:[26, 68, 70, 95, 76, 72, 29]
26:29:[26, 68, 71, 96, 77, 72, 29]
26:29:[26, 68, 71, 97, 77, 72, 29]
26:29:[26, 68, 71, 98, 77, 72, 29]
26:30:[26, 68, 69, 90, 75, 73, 30]
26:30:[26, 68, 69, 91, 75, 73, 30]
26:30:[26, 68, 69, 92, 75, 73, 30]
26:30:[26, 68, 70, 93, 76, 73, 30]
26:30:[26, 68, 70, 94, 76, 73, 30]
26:30:[26, 68, 70, 95, 76, 73, 30]
26:30:[26, 68, 71, 96, 77, 73, 30]
26:30:[26, 68, 71, 97, 77, 73, 30]
26:30:[26, 68, 71, 98, 77, 73, 30]
26:31:[26, 68, 69, 90, 75, 73, 31]
26:31:[26, 68, 69, 91, 75, 73, 31]
26:31:[26, 68, 69, 92, 75, 73, 31]
26:31:[26, 68, 70, 93, 76, 73, 31]
26:31:[26, 68, 70, 94, 76, 73, 31]
26:31:[26, 68, 70, 95, 76, 73, 31]
26:31:[26, 68, 71, 96, 77, 73, 31]
26:31:[26, 68, 71, 97, 77, 73, 31]
26:31:[26, 68, 71, 98, 77, 73, 31]
26:32:[26, 68, 69, 90, 75, 73, 32]
26:32:[26, 68, 69, 91, 75, 73, 32]
26:32:[26, 68, 69, 92, 75, 73, 32]
26:32:[26, 68, 70, 93, 76, 73, 32]
26:32:[26, 68, 70, 94, 76, 73, 32]
26:32:[26, 68, 70, 95, 76, 73, 32]
26:32:[26, 68, 71, 96, 77, 73, 32]
26:32:[26, 68, 71, 97, 77, 73, 32]
26:32:[26, 68, 71, 98, 77, 73, 32]
26:33:[26, 68, 69, 90, 75, 74, 33]
26:33:[26, 68, 69, 91, 75, 74, 33]
26:33:[26, 68, 69, 92, 75, 74, 33]
26:33:[26, 68, 70, 93, 76, 74, 33]
26:33:[26, 68, 70, 94, 76, 74, 33]
26:33:[26, 68, 70, 95, 76, 74, 33]
26:33:[26, 68, 71, 96, 77, 74, 33]
26:33:[26, 68, 71, 97, 77, 74, 33]
26:33:[26, 68, 71, 98, 77, 74, 33]
26:34:[26, 68, 69, 90, 75, 74, 34]
26:34:[26, 68, 69, 91, 75, 74, 34]
26:34:[26, 68, 69, 92, 75, 74, 34]
26:34:[26, 68, 70, 93, 76, 74, 34]
26:34:[26, 68, 70, 94, 76, 74, 34]
26:34:[26, 68, 70, 95, 76, 74, 34]
26:34:[26, 68, 71, 96, 77, 74, 34]
26:34:[26, 68, 71, 97, 77, 74, 34]
26:34:[26, 68, 71, 98, 77, 74, 34]
26:35:[26, 68, 69, 90, 75, 74, 35]
26:35:[26, 68, 69, 91, 75, 74, 35]
26:35:[26, 68, 69, 92, 75, 74, 35]
26:35:[26, 68, 70, 93, 76, 74, 35]
26:35:[26, 68, 70, 94, 76, 74, 35]
26:35:[26, 68, 70, 95, 76, 74, 35]
26:35:[26, 68, 71, 96, 77, 74, 35]
26:35:[26, 68, 71, 97, 77, 74, 35]
26:35:[26, 68, 71, 98, 77, 74, 35]
26:36:[26, 68, 69, 90, 81, 78, 36]
26:36:[26, 68, 69, 91, 81, 78, 36]
26:36:[26, 68, 69, 92, 81, 78, 36]
26:36:[26, 68, 70, 93, 82, 78, 36]
26:36:[26, 68, 70, 94, 82, 78, 36]
26:36:[26, 68, 70, 95, 82, 78, 36]
26:36:[26, 68, 71, 96, 83, 78, 36]
26:36:[26, 68, 71, 97, 83, 78, 36]
26:36:[26, 68, 71, 98, 83, 78, 36]
26:37:[26, 68, 69, 90, 81, 78, 37]
26:37:[26, 68, 69, 91, 81, 78, 37]
26:37:[26, 68, 69, 92, 81, 78, 37]
26:37:[26, 68, 70, 93, 82, 78, 37]
26:37:[26, 68, 70, 94, 82, 78, 37]
26:37:[26, 68, 70, 95, 82, 78, 37]
26:37:[26, 68, 71, 96, 83, 78, 37]
26:37:[26, 68, 71, 97, 83, 78, 37]
26:37:[26, 68, 71, 98, 83, 78, 37]
26:38:[26, 68, 69, 90, 81, 78, 38]
26:38:[26, 68, 69, 91, 81, 78, 38]
26:38:[26, 68, 69, 92, 81, 78, 38]
26:38:[26, 68, 70, 93, 82, 78, 38]
26:38:[26, 68, 70, 94, 82, 78, 38]
26:38:[26, 68, 70, 95, 82, 78, 38]
26:38:[26, 68, 71, 96, 83, 78, 38]
26:38:[26, 68, 71, 97, 83, 78, 38]
26:38:[26, 68, 71, 98, 83, 78, 38]
26:39:[26, 68, 69, 90, 81, 79, 39]
26:39:[26, 68, 69, 91, 81, 79, 39]
26:39:[26, 68, 69, 92, 81, 79, 39]
26:39:[26, 68, 70, 93, 82, 79, 39]
26:39:[26, 68, 70, 94, 82, 79, 39]
26:39:[26, 68, 70, 95, 82, 79, 39]
26:39:[26, 68, 71, 96, 83, 79, 39]
26:39:[26, 68, 71, 97, 83, 79, 39]
26:39:[26, 68, 71, 98, 83, 79, 39]
26:40:[26, 68, 69, 90, 81, 79, 40]
26:40:[26, 68, 69, 91, 81, 79, 40]
26:40:[26, 68, 69, 92, 81, 79, 40]
26:40:[26, 68, 70, 93, 82, 79, 40]
26:40:[26, 68, 70, 94, 82, 79, 40]
26:40:[26, 68, 70, 95, 82, 79, 40]
26:40:[26, 68, 71, 96, 83, 79, 40]
26:40:[26, 68, 71, 97, 83, 79, 40]
26:40:[26, 68, 71, 98, 83, 79, 40]
26:41:[26, 68, 69, 90, 81, 79, 41]
26:41:[26, 68, 69, 91, 81, 79, 41]
26:41:[26, 68, 69, 92, 81, 79, 41]
26:41:[26, 68, 70, 93, 82, 79, 41]
26:41:[26, 68, 70, 94, 82, 79, 41]
26:41:[26, 68, 70, 95, 82, 79, 41]
26:41:[26, 68, 71, 96, 83, 79, 41]
26:41:[26, 68, 71, 97, 83, 79, 41]
26:41:[26, 68, 71, 98, 83, 79, 41]
26:42:[26, 68, 69, 90, 81, 80, 42]
26:42:[26, 68, 69, 91, 81, 80, 42]
26:42:[26, 68, 69, 92, 81, 80, 42]
26:42:[26, 68, 70, 93, 82, 80, 42]
26:42:[26, 68, 70, 94, 82, 80, 42]
26:42:[26, 68, 70, 95, 82, 80, 42]
26:42:[26, 68, 71, 96, 83, 80, 42]
26:42:[26, 68, 71, 97, 83, 80, 42]
26:42:[26, 68, 71, 98, 83, 80, 42]
26:43:[26, 68, 69, 90, 81, 80, 43]
26:43:[26, 68, 69, 91, 81, 80, 43]
26:43:[26, 68, 69, 92, 81, 80, 43]
26:43:[26, 68, 70, 93, 82, 80, 43]
26:43:[26, 68, 70, 94, 82, 80, 43]
26:43:[26, 68, 70, 95, 82, 80, 43]
26:43:[26, 68, 71, 96, 83, 80, 43]
26:43:[26, 68, 71, 97, 83, 80, 43]
26:43:[26, 68, 71, 98, 83, 80, 43]
26:44:[26, 68, 69, 90, 81, 80, 44]
26:44:[26, 68, 69, 91, 81, 80, 44]
26:44:[26, 68, 69, 92, 81, 80, 44]
26:44:[26, 68, 70, 93, 82, 80, 44]
26:44:[26, 68, 70, 94, 82, 80, 44]
26:44:[26, 68, 70, 95, 82, 80, 44]
26:44:[26, 68, 71, 96, 83, 80, 44]
26:44:[26, 68, 71, 97, 83, 80, 44]
26:44:[26, 68, 71, 98, 83, 80, 44]
26:45:[26, 68, 69, 90, 87, 84, 45]
26:45:[26, 68, 69, 91, 87, 84, 45]
26:45:[26, 68, 69, 92, 87, 84, 45]
26:45:[26, 68, 70, 93, 88, 84, 45]
26:45:[26, 68, 70, 94, 88, 84, 45]
26:45:[26, 68, 70, 95, 88, 84, 45]
26:45:[26, 68, 71, 96, 89, 84, 45]
26:45:[26, 68, 71, 97, 89, 84, 45]
26:45:[26, 68, 71, 98, 89, 84, 45]
26:46:[26, 68, 69, 90, 87, 84, 46]
26:46:[26, 68, 69, 91, 87, 84, 46]
26:46:[26, 68, 69, 92, 87, 84, 46]
26:46:[26, 68, 70, 93, 88, 84, 46]
26:46:[26, 68, 70, 94, 88, 84, 46]
26:46:[26, 68, 70, 95, 88, 84, 46]
26:46:[26, 68, 71, 96, 89, 84, 46]
26:46:[26, 68, 71, 97, 89, 84, 46]
26:46:[26, 68, 71, 98, 89, 84, 46]
26:47:[26, 68, 69, 90, 87, 84, 47]
26:47:[26, 68, 69, 91, 87, 84, 47]
26:47:[26, 68, 69, 92, 87, 84, 47]
26:47:[26, 68, 70, 93, 88, 84, 47]
26:47:[26, 68, 70, 94, 88, 84, 47]
26:47:[26, 68, 70, 95, 88, 84, 47]
26:47:[26, 68, 71, 96, 89, 84, 47]
26:47:[26, 68, 71, 97, 89, 84, 47]
26:47:[26, 68, 71, 98, 89, 84, 47]
26:48:[26, 68, 69, 90, 87, 85, 48]
26:48:[26, 68, 69, 91, 87, 85, 48]
26:48:[26, 68, 69, 92, 87, 85, 48]
26:48:[26, 68, 70, 93, 88, 85, 48]
26:48:[26, 68, 70, 94, 88, 85, 48]
26:48:[26, 68, 70, 95, 88, 85, 48]
26:48:[26, 68, 71, 96, 89, 85, 48]
26:48:[26, 68, 71, 97, 89, 85, 48]
26:48:[26, 68, 71, 98, 89, 85, 48]
26:49:[26, 68, 69, 90, 87, 85, 49]
26:49:[26, 68, 69, 91, 87, 85, 49]
26:49:[26, 68, 69, 92, 87, 85, 49]
26:49:[26, 68, 70, 93, 88, 85, 49]
26:49:[26, 68, 70, 94, 88, 85, 49]
26:49:[26, 68, 70, 95, 88, 85, 49]
26:49:[26, 68, 71, 96, 89, 85, 49]
26:49:[26, 68, 71, 97, 89, 85, 49]
26:49:[26, 68, 71, 98, 89, 85, 49]
26:50:[26, 68, 69, 90, 87, 85, 50]
26:50:[26, 68, 69, 91, 87, 85, 50]
26:50:[26, 68, 69, 92, 87, 85, 50]
26:50:[26, 68, 70, 93, 88, 85, 50]
26:50:[26, 68, 70, 94, 88, 85, 50]
26:50:[26, 68, 70, 95, 88, 85, 50]
26:50:[26, 68, 71, 96, 89, 85, 50]
26:50:[26, 68, 71, 97, 89, 85, 50]
26:50:[26, 68, 71, 98, 89, 85, 50]
26:51:[26, 68, 69, 90, 87, 86, 51]
26:51:[26, 68, 69, 91, 87, 86, 51]
26:51:[26, 68, 69, 92, 87, 86, 51]
26:51:[26, 68, 70, 93, 88, 86, 51]
26:51:[26, 68, 70, 94, 88, 86, 51]
26:51:[26, 68, 70, 95, 88, 86, 51]
26:51:[26, 68, 71, 96, 89, 86, 51]
26:51:[26, 68, 71, 97, 89, 86, 51]
26:51:[26, 68, 71, 98, 89, 86, 51]
26:52:[26, 68, 69, 90, 87, 86, 52]
26:52:[26, 68, 69, 91, 87, 86, 52]
26:52:[26, 68, 69, 92, 87, 86, 52]
26:52:[26, 68, 70, 93, 88, 86, 52]
26:52:[26, 68, 70, 94, 88, 86, 52]
26:52:[26, 68, 70, 95, 88, 86, 52]
26:52:[26, 68, 71, 96, 89, 86, 52]
26:52:[26, 68, 71, 97, 89, 86, 52]
26:52:[26, 68, 71, 98, 89, 86, 52]
26:53:[26, 68, 69, 90, 87, 86, 53]
26:53:[26, 68, 69, 91, 87, 86, 53]
26:53:[26, 68, 69, 92, 87, 86, 53]
26:53:[26, 68, 70, 93, 88, 86, 53]
26:53:[26, 68, 70, 94, 88, 86, 53]
26:53:[26, 68, 70, 95, 88, 86, 53]
26:53:[26, 68, 71, 96, 89, 86, 53]
26:53:[26, 68, 71, 97, 89, 86, 53]
26:53:[26, 68, 71, 98, 89, 86, 53]
27:0:[27, 72, 75, 90, 57, 54, 0]
27:0:[27, 72, 75, 91, 57, 54, 0]
27:0:[27, 72, 75, 92, 57, 54, 0]
27:0:[27, 72, 76, 93, 58, 54, 0]
27:0:[27, 72, 76, 94, 58, 54, 0]
27:0:[27, 72, 76, 95, 58, 54, 0]
27:0:[27, 72, 77, 96, 59, 54, 0]
27:0:[27, 72, 77, 97, 59, 54, 0]
27:0:[27, 72, 77, 98, 59, 54, 0]
27:1:[27, 72, 75, 90, 57, 54, 1]
27:1:[27, 72, 75, 91, 57, 54, 1]
27:1:[27, 72, 75, 92, 57, 54, 1]
27:1:[27, 72, 76, 93, 58, 54, 1]
27:1:[27, 72, 76, 94, 58, 54, 1]
27:1:[27, 72, 76, 95, 58, 54, 1]
27:1:[27, 72, 77, 96, 59, 54, 1]
27:1:[27, 72, 77, 97, 59, 54, 1]
27:1:[27, 72, 77, 98, 59, 54, 1]
27:2:[27, 72, 75, 90, 57, 54, 2]
27:2:[27, 72, 75, 91, 57, 54, 2]
27:2:[27, 72, 75, 92, 57, 54, 2]
27:2:[27, 72, 76, 93, 58, 54, 2]
27:2:[27, 72, 76, 94, 58, 54, 2]
27:2:[27, 72, 76, 95, 58, 54, 2]
27:2:[27, 72, 77, 96, 59, 54, 2]
27:2:[27, 72, 77, 97, 59, 54, 2]
27:2:[27, 72, 77, 98, 59, 54, 2]
27:3:[27, 72, 75, 90, 57, 55, 3]
27:3:[27, 72, 75, 91, 57, 55, 3]
27:3:[27, 72, 75, 92, 57, 55, 3]
27:3:[27, 72, 76, 93, 58, 55, 3]
27:3:[27, 72, 76, 94, 58, 55, 3]
27:3:[27, 72, 76, 95, 58, 55, 3]
27:3:[27, 72, 77, 96, 59, 55, 3]
27:3:[27, 72, 77, 97, 59, 55, 3]
27:3:[27, 72, 77, 98, 59, 55, 3]
27:4:[27, 72, 75, 90, 57, 55, 4]
27:4:[27, 72, 75, 91, 57, 55, 4]
27:4:[27, 72, 75, 92, 57, 55, 4]
27:4:[27, 72, 76, 93, 58, 55, 4]
27:4:[27, 72, 76, 94, 58, 55, 4]
27:4:[27, 72, 76, 95, 58, 55, 4]
27:4:[27, 72, 77, 96, 59, 55, 4]
27:4:[27, 72, 77, 97, 59, 55, 4]
27:4:[27, 72, 77, 98, 59, 55, 4]
27:5:[27, 72, 75, 90, 57, 55, 5]
27:5:[27, 72, 75, 91, 57, 55, 5]
27:5:[27, 72, 75, 92, 57, 55, 5]
27:5:[27, 72, 76, 93, 58, 55, 5]
27:5:[27, 72, 76, 94, 58, 55, 5]
27:5:[27, 72, 76, 95, 58, 55, 5]
27:5:[27, 72, 77, 96, 59, 55, 5]
27:5:[27, 72, 77, 97, 59, 55, 5]
27:5:[27, 72, 77, 98, 59, 55, 5]
27:6:[27, 72, 75, 90, 57, 56, 6]
27:6:[27, 72, 75, 91, 57, 56, 6]
27:6:[27, 72, 75, 92, 57, 56, 6]
27:6:[27, 72, 76, 93, 58, 56, 6]
27:6:[27, 72, 76, 94, 58, 56, 6]
27:6:[27, 72, 76, 95, 58, 56, 6]
27:6:[27, 72, 77, 96, 59, 56, 6]
27:6:[27, 72, 77, 97, 59, 56, 6]
27:6:[27, 72, 77, 98, 59, 56, 6]
27:7:[27, 72, 75, 90, 57, 56, 7]
27:7:[27, 72, 75, 91, 57, 56, 7]
27:7:[27, 72, 75, 92, 57, 56, 7]
27:7:[27, 72, 76, 93, 58, 56, 7]
27:7:[27, 72, 76, 94, 58, 56, 7]
27:7:[27, 72, 76, 95, 58, 56, 7]
27:7:[27, 72, 77, 96, 59, 56, 7]
27:7:[27, 72, 77, 97, 59, 56, 7]
27:7:[27, 72, 77, 98, 59, 56, 7]
27:8:[27, 72, 75, 90, 57, 56, 8]
27:8:[27, 72, 75, 91, 57, 56, 8]
27:8:[27, 72, 75, 92, 57, 56, 8]
27:8:[27, 72, 76, 93, 58, 56, 8]
27:8:[27, 72, 76, 94, 58, 56, 8]
27:8:[27, 72, 76, 95, 58, 56, 8]
27:8:[27, 72, 77, 96, 59, 56, 8]
27:8:[27, 72, 77, 97, 59, 56, 8]
27:8:[27, 72, 77, 98, 59, 56, 8]
27:9:[27, 72, 75, 90, 63, 60, 9]
27:9:[27, 72, 75, 91, 63, 60, 9]
27:9:[27, 72, 75, 92, 63, 60, 9]
27:9:[27, 72, 76, 93, 64, 60, 9]
27:9:[27, 72, 76, 94, 64, 60, 9]
27:9:[27, 72, 76, 95, 64, 60, 9]
27:9:[27, 72, 77, 96, 65, 60, 9]
27:9:[27, 72, 77, 97, 65, 60, 9]
27:9:[27, 72, 77, 98, 65, 60, 9]
27:10:[27, 72, 75, 90, 63, 60, 10]
27:10:[27, 72, 75, 91, 63, 60, 10]
27:10:[27, 72, 75, 92, 63, 60, 10]
27:10:[27, 72, 76, 93, 64, 60, 10]
27:10:[27, 72, 76, 94, 64, 60, 10]
27:10:[27, 72, 76, 95, 64, 60, 10]
27:10:[27, 72, 77, 96, 65, 60, 10]
27:10:[27, 72, 77, 97, 65, 60, 10]
27:10:[27, 72, 77, 98, 65, 60, 10]
27:11:[27, 72, 75, 90, 63, 60, 11]
27:11:[27, 72, 75, 91, 63, 60, 11]
27:11:[27, 72, 75, 92, 63, 60, 11]
27:11:[27, 72, 76, 93, 64, 60, 11]
27:11:[27, 72, 76, 94, 64, 60, 11]
27:11:[27, 72, 76, 95, 64, 60, 11]
27:11:[27, 72, 77, 96, 65, 60, 11]
27:11:[27, 72, 77, 97, 65, 60, 11]
27:11:[27, 72, 77, 98, 65, 60, 11]
27:12:[27, 72, 75, 90, 63, 61, 12]
27:12:[27, 72, 75, 91, 63, 61, 12]
27:12:[27, 72, 75, 92, 63, 61, 12]
27:12:[27, 72, 76, 93, 64, 61, 12]
27:12:[27, 72, 76, 94, 64, 61, 12]
27:12:[27, 72, 76, 95, 64, 61, 12]
27:12:[27, 72, 77, 96, 65, 61, 12]
27:12:[27, 72, 77, 97, 65, 61, 12]
27:12:[27, 72, 77, 98, 65, 61, 12]
27:13:[27, 72, 75, 90, 63, 61, 13]
27:13:[27, 72, 75, 91, 63, 61, 13]
27:13:[27, 72, 75, 92, 63, 61, 13]
27:13:[27, 72, 76, 93, 64, 61, 13]
27:13:[27, 72, 76, 94, 64, 61, 13]
27:13:[27, 72, 76, 95, 64, 61, 13]
27:13:[27, 72, 77, 96, 65, 61, 13]
27:13:[27, 72, 77, 97, 65, 61, 13]
27:13:[27, 72, 77, 98, 65, 61, 13]
27:14:[27, 72, 75, 90, 63, 61, 14]
27:14:[27, 72, 75, 91, 63, 61, 14]
27:14:[27, 72, 75, 92, 63, 61, 14]
27:14:[27, 72, 76, 93, 64, 61, 14]
27:14:[27, 72, 76, 94, 64, 61, 14]
27:14:[27, 72, 76, 95, 64, 61, 14]
27:14:[27, 72, 77, 96, 65, 61, 14]
27:14:[27, 72, 77, 97, 65, 61, 14]
27:14:[27, 72, 77, 98, 65, 61, 14]
27:15:[27, 72, 75, 90, 63, 62, 15]
27:15:[27, 72, 75, 91, 63, 62, 15]
27:15:[27, 72, 75, 92, 63, 62, 15]
27:15:[27, 72, 76, 93, 64, 62, 15]
27:15:[27, 72, 76, 94, 64, 62, 15]
27:15:[27, 72, 76, 95, 64, 62, 15]
27:15:[27, 72, 77, 96, 65, 62, 15]
27:15:[27, 72, 77, 97, 65, 62, 15]
27:15:[27, 72, 77, 98, 65, 62, 15]
27:16:[27, 72, 75, 90, 63, 62, 16]
27:16:[27, 72, 75, 91, 63, 62, 16]
27:16:[27, 72, 75, 92, 63, 62, 16]
27:16:[27, 72, 76, 93, 64, 62, 16]
27:16:[27, 72, 76, 94, 64, 62, 16]
27:16:[27, 72, 76, 95, 64, 62, 16]
27:16:[27, 72, 77, 96, 65, 62, 16]
27:16:[27, 72, 77, 97, 65, 62, 16]
27:16:[27, 72, 77, 98, 65, 62, 16]
27:17:[27, 72, 75, 90, 63, 62, 17]
27:17:[27, 72, 75, 91, 63, 62, 17]
27:17:[27, 72, 75, 92, 63, 62, 17]
27:17:[27, 72, 76, 93, 64, 62, 17]
27:17:[27, 72, 76, 94, 64, 62, 17]
27:17:[27, 72, 76, 95, 64, 62, 17]
27:17:[27, 72, 77, 96, 65, 62, 17]
27:17:[27, 72, 77, 97, 65, 62, 17]
27:17:[27, 72, 77, 98, 65, 62, 17]
27:18:[27, 72, 75, 90, 69, 66, 18]
27:18:[27, 72, 75, 91, 69, 66, 18]
27:18:[27, 72, 75, 92, 69, 66, 18]
27:18:[27, 72, 76, 93, 70, 66, 18]
27:18:[27, 72, 76, 94, 70, 66, 18]
27:18:[27, 72, 76, 95, 70, 66, 18]
27:18:[27, 72, 77, 96, 71, 66, 18]
27:18:[27, 72, 77, 97, 71, 66, 18]
27:18:[27, 72, 77, 98, 71, 66, 18]
27:19:[27, 72, 75, 90, 69, 66, 19]
27:19:[27, 72, 75, 91, 69, 66, 19]
27:19:[27, 72, 75, 92, 69, 66, 19]
27:19:[27, 72, 76, 93, 70, 66, 19]
27:19:[27, 72, 76, 94, 70, 66, 19]
27:19:[27, 72, 76, 95, 70, 66, 19]
27:19:[27, 72, 77, 96, 71, 66, 19]
27:19:[27, 72, 77, 97, 71, 66, 19]
27:19:[27, 72, 77, 98, 71, 66, 19]
27:20:[27, 72, 75, 90, 69, 66, 20]
27:20:[27, 72, 75, 91, 69, 66, 20]
27:20:[27, 72, 75, 92, 69, 66, 20]
27:20:[27, 72, 76, 93, 70, 66, 20]
27:20:[27, 72, 76, 94, 70, 66, 20]
27:20:[27, 72, 76, 95, 70, 66, 20]
27:20:[27, 72, 77, 96, 71, 66, 20]
27:20:[27, 72, 77, 97, 71, 66, 20]
27:20:[27, 72, 77, 98, 71, 66, 20]
27:21:[27, 72, 75, 90, 69, 67, 21]
27:21:[27, 72, 75, 91, 69, 67, 21]
27:21:[27, 72, 75, 92, 69, 67, 21]
27:21:[27, 72, 76, 93, 70, 67, 21]
27:21:[27, 72, 76, 94, 70, 67, 21]
27:21:[27, 72, 76, 95, 70, 67, 21]
27:21:[27, 72, 77, 96, 71, 67, 21]
27:21:[27, 72, 77, 97, 71, 67, 21]
27:21:[27, 72, 77, 98, 71, 67, 21]
27:22:[27, 72, 75, 90, 69, 67, 22]
27:22:[27, 72, 75, 91, 69, 67, 22]
27:22:[27, 72, 75, 92, 69, 67, 22]
27:22:[27, 72, 76, 93, 70, 67, 22]
27:22:[27, 72, 76, 94, 70, 67, 22]
27:22:[27, 72, 76, 95, 70, 67, 22]
27:22:[27, 72, 77, 96, 71, 67, 22]
27:22:[27, 72, 77, 97, 71, 67, 22]
27:22:[27, 72, 77, 98, 71, 67, 22]
27:23:[27, 72, 75, 90, 69, 67, 23]
27:23:[27, 72, 75, 91, 69, 67, 23]
27:23:[27, 72, 75, 92, 69, 67, 23]
27:23:[27, 72, 76, 93, 70, 67, 23]
27:23:[27, 72, 76, 94, 70, 67, 23]
27:23:[27, 72, 76, 95, 70, 67, 23]
27:23:[27, 72, 77, 96, 71, 67, 23]
27:23:[27, 72, 77, 97, 71, 67, 23]
27:23:[27, 72, 77, 98, 71, 67, 23]
27:24:[27, 72, 75, 90, 69, 68, 24]
27:24:[27, 72, 75, 91, 69, 68, 24]
27:24:[27, 72, 75, 92, 69, 68, 24]
27:24:[27, 72, 76, 93, 70, 68, 24]
27:24:[27, 72, 76, 94, 70, 68, 24]
27:24:[27, 72, 76, 95, 70, 68, 24]
27:24:[27, 72, 77, 96, 71, 68, 24]
27:24:[27, 72, 77, 97, 71, 68, 24]
27:24:[27, 72, 77, 98, 71, 68, 24]
27:25:[27, 72, 75, 90, 69, 68, 25]
27:25:[27, 72, 75, 91, 69, 68, 25]
27:25:[27, 72, 75, 92, 69, 68, 25]
27:25:[27, 72, 76, 93, 70, 68, 25]
27:25:[27, 72, 76, 94, 70, 68, 25]
27:25:[27, 72, 76, 95, 70, 68, 25]
27:25:[27, 72, 77, 96, 71, 68, 25]
27:25:[27, 72, 77, 97, 71, 68, 25]
27:25:[27, 72, 77, 98, 71, 68, 25]
27:26:[27, 72, 75, 90, 69, 68, 26]
27:26:[27, 72, 75, 91, 69, 68, 26]
27:26:[27, 72, 75, 92, 69, 68, 26]
27:26:[27, 72, 76, 93, 70, 68, 26]
27:26:[27, 72, 76, 94, 70, 68, 26]
27:26:[27, 72, 76, 95, 70, 68, 26]
27:26:[27, 72, 77, 96, 71, 68, 26]
27:26:[27, 72, 77, 97, 71, 68, 26]
27:26:[27, 72, 77, 98, 71, 68, 26]
27:28:[27, 72, 28]
27:29:[27, 72, 29]
27:30:[27, 72, 75, 73, 30]
27:30:[27, 72, 76, 73, 30]
27:30:[27, 72, 77, 73, 30]
27:31:[27, 72, 75, 73, 31]
27:31:[27, 72, 76, 73, 31]
27:31:[27, 72, 77, 73, 31]
27:32:[27, 72, 75, 73, 32]
27:32:[27, 72, 76, 73, 32]
27:32:[27, 72, 77, 73, 32]
27:33:[27, 72, 75, 74, 33]
27:33:[27, 72, 76, 74, 33]
27:33:[27, 72, 77, 74, 33]
27:34:[27, 72, 75, 74, 34]
27:34:[27, 72, 76, 74, 34]
27:34:[27, 72, 77, 74, 34]
27:35:[27, 72, 75, 74, 35]
27:35:[27, 72, 76, 74, 35]
27:35:[27, 72, 77, 74, 35]
27:36:[27, 72, 75, 90, 81, 78, 36]
27:36:[27, 72, 75, 91, 81, 78, 36]
27:36:[27, 72, 75, 92, 81, 78, 36]
27:36:[27, 72, 76, 93, 82, 78, 36]
27:36:[27, 72, 76, 94, 82, 78, 36]
27:36:[27, 72, 76, 95, 82, 78, 36]
27:36:[27, 72, 77, 96, 83, 78, 36]
27:36:[27, 72, 77, 97, 83, 78, 36]
27:36:[27, 72, 77, 98, 83, 78, 36]
27:37:[27, 72, 75, 90, 81, 78, 37]
27:37:[27, 72, 75, 91, 81, 78, 37]
27:37:[27, 72, 75, 92, 81, 78, 37]
27:37:[27, 72, 76, 93, 82, 78, 37]
27:37:[27, 72, 76, 94, 82, 78, 37]
27:37:[27, 72, 76, 95, 82, 78, 37]
27:37:[27, 72, 77, 96, 83, 78, 37]
27:37:[27, 72, 77, 97, 83, 78, 37]
27:37:[27, 72, 77, 98, 83, 78, 37]
27:38:[27, 72, 75, 90, 81, 78, 38]
27:38:[27, 72, 75, 91, 81, 78, 38]
27:38:[27, 72, 75, 92, 81, 78, 38]
27:38:[27, 72, 76, 93, 82, 78, 38]
27:38:[27, 72, 76, 94, 82, 78, 38]
27:38:[27, 72, 76, 95, 82, 78, 38]
27:38:[27, 72, 77, 96, 83, 78, 38]
27:38:[27, 72, 77, 97, 83, 78, 38]
27:38:[27, 72, 77, 98, 83, 78, 38]
27:39:[27, 72, 75, 90, 81, 79, 39]
27:39:[27, 72, 75, 91, 81, 79, 39]
27:39:[27, 72, 75, 92, 81, 79, 39]
27:39:[27, 72, 76, 93, 82, 79, 39]
27:39:[27, 72, 76, 94, 82, 79, 39]
27:39:[27, 72, 76, 95, 82, 79, 39]
27:39:[27, 72, 77, 96, 83, 79, 39]
27:39:[27, 72, 77, 97, 83, 79, 39]
27:39:[27, 72, 77, 98, 83, 79, 39]
27:40:[27, 72, 75, 90, 81, 79, 40]
27:40:[27, 72, 75, 91, 81, 79, 40]
27:40:[27, 72, 75, 92, 81, 79, 40]
27:40:[27, 72, 76, 93, 82, 79, 40]
27:40:[27, 72, 76, 94, 82, 79, 40]
27:40:[27, 72, 76, 95, 82, 79, 40]
27:40:[27, 72, 77, 96, 83, 79, 40]
27:40:[27, 72, 77, 97, 83, 79, 40]
27:40:[27, 72, 77, 98, 83, 79, 40]
27:41:[27, 72, 75, 90, 81, 79, 41]
27:41:[27, 72, 75, 91, 81, 79, 41]
27:41:[27, 72, 75, 92, 81, 79, 41]
27:41:[27, 72, 76, 93, 82, 79, 41]
27:41:[27, 72, 76, 94, 82, 79, 41]
27:41:[27, 72, 76, 95, 82, 79, 41]
27:41:[27, 72, 77, 96, 83, 79, 41]
27:41:[27, 72, 77, 97, 83, 79, 41]
27:41:[27, 72, 77, 98, 83, 79, 41]
27:42:[27, 72, 75, 90, 81, 80, 42]
27:42:[27, 72, 75, 91, 81, 80, 42]
27:42:[27, 72, 75, 92, 81, 80, 42]
27:42:[27, 72, 76, 93, 82, 80, 42]
27:42:[27, 72, 76, 94, 82, 80, 42]
27:42:[27, 72, 76, 95, 82, 80, 42]
27:42:[27, 72, 77, 96, 83, 80, 42]
27:42:[27, 72, 77, 97, 83, 80, 42]
27:42:[27, 72, 77, 98, 83, 80, 42]
27:43:[27, 72, 75, 90, 81, 80, 43]
27:43:[27, 72, 75, 91, 81, 80, 43]
27:43:[27, 72, 75, 92, 81, 80, 43]
27:43:[27, 72, 76, 93, 82, 80, 43]
27:43:[27, 72, 76, 94, 82, 80, 43]
27:43:[27, 72, 76, 95, 82, 80, 43]
27:43:[27, 72, 77, 96, 83, 80, 43]
27:43:[27, 72, 77, 97, 83, 80, 43]
27:43:[27, 72, 77, 98, 83, 80, 43]
27:44:[27, 72, 75, 90, 81, 80, 44]
27:44:[27, 72, 75, 91, 81, 80, 44]
27:44:[27, 72, 75, 92, 81, 80, 44]
27:44:[27, 72, 76, 93, 82, 80, 44]
27:44:[27, 72, 76, 94, 82, 80, 44]
27:44:[27, 72, 76, 95, 82, 80, 44]
27:44:[27, 72, 77, 96, 83, 80, 44]
27:44:[27, 72, 77, 97, 83, 80, 44]
27:44:[27, 72, 77, 98, 83, 80, 44]
27:45:[27, 72, 75, 90, 87, 84, 45]
27:45:[27, 72, 75, 91, 87, 84, 45]
27:45:[27, 72, 75, 92, 87, 84, 45]
27:45:[27, 72, 76, 93, 88, 84, 45]
27:45:[27, 72, 76, 94, 88, 84, 45]
27:45:[27, 72, 76, 95, 88, 84, 45]
27:45:[27, 72, 77, 96, 89, 84, 45]
27:45:[27, 72, 77, 97, 89, 84, 45]
27:45:[27, 72, 77, 98, 89, 84, 45]
27:46:[27, 72, 75, 90, 87, 84, 46]
27:46:[27, 72, 75, 91, 87, 84, 46]
27:46:[27, 72, 75, 92, 87, 84, 46]
27:46:[27, 72, 76, 93, 88, 84, 46]
27:46:[27, 72, 76, 94, 88, 84, 46]
27:46:[27, 72, 76, 95, 88, 84, 46]
27:46:[27, 72, 77, 96, 89, 84, 46]
27:46:[27, 72, 77, 97, 89, 84, 46]
27:46:[27, 72, 77, 98, 89, 84, 46]
27:47:[27, 72, 75, 90, 87, 84, 47]
27:47:[27, 72, 75, 91, 87, 84, 47]
27:47:[27, 72, 75, 92, 87, 84, 47]
27:47:[27, 72, 76, 93, 88, 84, 47]
27:47:[27, 72, 76, 94, 88, 84, 47]
27:47:[27, 72, 76, 95, 88, 84, 47]
27:47:[27, 72, 77, 96, 89, 84, 47]
27:47:[27, 72, 77, 97, 89, 84, 47]
27:47:[27, 72, 77, 98, 89, 84, 47]
27:48:[27, 72, 75, 90, 87, 85, 48]
27:48:[27, 72, 75, 91, 87, 85, 48]
27:48:[27, 72, 75, 92, 87, 85, 48]
27:48:[27, 72, 76, 93, 88, 85, 48]
27:48:[27, 72, 76, 94, 88, 85, 48]
27:48:[27, 72, 76, 95, 88, 85, 48]
27:48:[27, 72, 77, 96, 89, 85, 48]
27:48:[27, 72, 77, 97, 89, 85, 48]
27:48:[27, 72, 77, 98, 89, 85, 48]
27:49:[27, 72, 75, 90, 87, 85, 49]
27:49:[27, 72, 75, 91, 87, 85, 49]
27:49:[27, 72, 75, 92, 87, 85, 49]
27:49:[27, 72, 76, 93, 88, 85, 49]
27:49:[27, 72, 76, 94, 88, 85, 49]
27:49:[27, 72, 76, 95, 88, 85, 49]
27:49:[27, 72, 77, 96, 89, 85, 49]
27:49:[27, 72, 77, 97, 89, 85, 49]
27:49:[27, 72, 77, 98, 89, 85, 49]
27:50:[27, 72, 75, 90, 87, 85, 50]
27:50:[27, 72, 75, 91, 87, 85, 50]
27:50:[27, 72, 75, 92, 87, 85, 50]
27:50:[27, 72, 76, 93, 88, 85, 50]
27:50:[27, 72, 76, 94, 88, 85, 50]
27:50:[27, 72, 76, 95, 88, 85, 50]
27:50:[27, 72, 77, 96, 89, 85, 50]
27:50:[27, 72, 77, 97, 89, 85, 50]
27:50:[27, 72, 77, 98, 89, 85, 50]
27:51:[27, 72, 75, 90, 87, 86, 51]
27:51:[27, 72, 75, 91, 87, 86, 51]
27:51:[27, 72, 75, 92, 87, 86, 51]
27:51:[27, 72, 76, 93, 88, 86, 51]
27:51:[27, 72, 76, 94, 88, 86, 51]
27:51:[27, 72, 76, 95, 88, 86, 51]
27:51:[27, 72, 77, 96, 89, 86, 51]
27:51:[27, 72, 77, 97, 89, 86, 51]
27:51:[27, 72, 77, 98, 89, 86, 51]
27:52:[27, 72, 75, 90, 87, 86, 52]
27:52:[27, 72, 75, 91, 87, 86, 52]
27:52:[27, 72, 75, 92, 87, 86, 52]
27:52:[27, 72, 76, 93, 88, 86, 52]
27:52:[27, 72, 76, 94, 88, 86, 52]
27:52:[27, 72, 76, 95, 88, 86, 52]
27:52:[27, 72, 77, 96, 89, 86, 52]
27:52:[27, 72, 77, 97, 89, 86, 52]
27:52:[27, 72, 77, 98, 89, 86, 52]
27:53:[27, 72, 75, 90, 87, 86, 53]
27:53:[27, 72, 75, 91, 87, 86, 53]
27:53:[27, 72, 75, 92, 87, 86, 53]
27:53:[27, 72, 76, 93, 88, 86, 53]
27:53:[27, 72, 76, 94, 88, 86, 53]
27:53:[27, 72, 76, 95, 88, 86, 53]
27:53:[27, 72, 77, 96, 89, 86, 53]
27:53:[27, 72, 77, 97, 89, 86, 53]
27:53:[27, 72, 77, 98, 89, 86, 53]
28:0:[28, 72, 75, 90, 57, 54, 0]
28:0:[28, 72, 75, 91, 57, 54, 0]
28:0:[28, 72, 75, 92, 57, 54, 0]
28:0:[28, 72, 76, 93, 58, 54, 0]
28:0:[28, 72, 76, 94, 58, 54, 0]
28:0:[28, 72, 76, 95, 58, 54, 0]
28:0:[28, 72, 77, 96, 59, 54, 0]
28:0:[28, 72, 77, 97, 59, 54, 0]
28:0:[28, 72, 77, 98, 59, 54, 0]
28:1:[28, 72, 75, 90, 57, 54, 1]
28:1:[28, 72, 75, 91, 57, 54, 1]
28:1:[28, 72, 75, 92, 57, 54, 1]
28:1:[28, 72, 76, 93, 58, 54, 1]
28:1:[28, 72, 76, 94, 58, 54, 1]
28:1:[28, 72, 76, 95, 58, 54, 1]
28:1:[28, 72, 77, 96, 59, 54, 1]
28:1:[28, 72, 77, 97, 59, 54, 1]
28:1:[28, 72, 77, 98, 59, 54, 1]
28:2:[28, 72, 75, 90, 57, 54, 2]
28:2:[28, 72, 75, 91, 57, 54, 2]
28:2:[28, 72, 75, 92, 57, 54, 2]
28:2:[28, 72, 76, 93, 58, 54, 2]
28:2:[28, 72, 76, 94, 58, 54, 2]
28:2:[28, 72, 76, 95, 58, 54, 2]
28:2:[28, 72, 77, 96, 59, 54, 2]
28:2:[28, 72, 77, 97, 59, 54, 2]
28:2:[28, 72, 77, 98, 59, 54, 2]
28:3:[28, 72, 75, 90, 57, 55, 3]
28:3:[28, 72, 75, 91, 57, 55, 3]
28:3:[28, 72, 75, 92, 57, 55, 3]
28:3:[28, 72, 76, 93, 58, 55, 3]
28:3:[28, 72, 76, 94, 58, 55, 3]
28:3:[28, 72, 76, 95, 58, 55, 3]
28:3:[28, 72, 77, 96, 59, 55, 3]
28:3:[28, 72, 77, 97, 59, 55, 3]
28:3:[28, 72, 77, 98, 59, 55, 3]
28:4:[28, 72, 75, 90, 57, 55, 4]
28:4:[28, 72, 75, 91, 57, 55, 4]
28:4:[28, 72, 75, 92, 57, 55, 4]
28:4:[28, 72, 76, 93, 58, 55, 4]
28:4:[28, 72, 76, 94, 58, 55, 4]
28:4:[28, 72, 76, 95, 58, 55, 4]
28:4:[28, 72, 77, 96, 59, 55, 4]
28:4:[28, 72, 77, 97, 59, 55, 4]
28:4:[28, 72, 77, 98, 59, 55, 4]
28:5:[28, 72, 75, 90, 57, 55, 5]
28:5:[28, 72, 75, 91, 57, 55, 5]
28:5:[28, 72, 75, 92, 57, 55, 5]
28:5:[28, 72, 76, 93, 58, 55, 5]
28:5:[28, 72, 76, 94, 58, 55, 5]
28:5:[28, 72, 76, 95, 58, 55, 5]
28:5:[28, 72, 77, 96, 59, 55, 5]
28:5:[28, 72, 77, 97, 59, 55, 5]
28:5:[28, 72, 77, 98, 59, 55, 5]
28:6:[28, 72, 75, 90, 57, 56, 6]
28:6:[28, 72, 75, 91, 57, 56, 6]
28:6:[28, 72, 75, 92, 57, 56, 6]
28:6:[28, 72, 76, 93, 58, 56, 6]
28:6:[28, 72, 76, 94, 58, 56, 6]
28:6:[28, 72, 76, 95, 58, 56, 6]
28:6:[28, 72, 77, 96, 59, 56, 6]
28:6:[28, 72, 77, 97, 59, 56, 6]
28:6:[28, 72, 77, 98, 59, 56, 6]
28:7:[28, 72, 75, 90, 57, 56, 7]
28:7:[28, 72, 75, 91, 57, 56, 7]
28:7:[28, 72, 75, 92, 57, 56, 7]
28:7:[28, 72, 76, 93, 58, 56, 7]
28:7:[28, 72, 76, 94, 58, 56, 7]
28:7:[28, 72, 76, 95, 58, 56, 7]
28:7:[28, 72, 77, 96, 59, 56, 7]
28:7:[28, 72, 77, 97, 59, 56, 7]
28:7:[28, 72, 77, 98, 59, 56, 7]
28:8:[28, 72, 75, 90, 57, 56, 8]
28:8:[28, 72, 75, 91, 57, 56, 8]
28:8:[28, 72, 75, 92, 57, 56, 8]
28:8:[28, 72, 76, 93, 58, 56, 8]
28:8:[28, 72, 76, 94, 58, 56, 8]
28:8:[28, 72, 76, 95, 58, 56, 8]
28:8:[28, 72, 77, 96, 59, 56, 8]
28:8:[28, 72, 77, 97, 59, 56, 8]
28:8:[28, 72, 77, 98, 59, 56, 8]
28:9:[28, 72, 75, 90, 63, 60, 9]
28:9:[28, 72, 75, 91, 63, 60, 9]
28:9:[28, 72, 75, 92, 63, 60, 9]
28:9:[28, 72, 76, 93, 64, 60, 9]
28:9:[28, 72, 76, 94, 64, 60, 9]
28:9:[28, 72, 76, 95, 64, 60, 9]
28:9:[28, 72, 77, 96, 65, 60, 9]
28:9:[28, 72, 77, 97, 65, 60, 9]
28:9:[28, 72, 77, 98, 65, 60, 9]
28:10:[28, 72, 75, 90, 63, 60, 10]
28:10:[28, 72, 75, 91, 63, 60, 10]
28:10:[28, 72, 75, 92, 63, 60, 10]
28:10:[28, 72, 76, 93, 64, 60, 10]
28:10:[28, 72, 76, 94, 64, 60, 10]
28:10:[28, 72, 76, 95, 64, 60, 10]
28:10:[28, 72, 77, 96, 65, 60, 10]
28:10:[28, 72, 77, 97, 65, 60, 10]
28:10:[28, 72, 77, 98, 65, 60, 10]
28:11:[28, 72, 75, 90, 63, 60, 11]
28:11:[28, 72, 75, 91, 63, 60, 11]
28:11:[28, 72, 75, 92, 63, 60, 11]
28:11:[28, 72, 76, 93, 64, 60, 11]
28:11:[28, 72, 76, 94, 64, 60, 11]
28:11:[28, 72, 76, 95, 64, 60, 11]
28:11:[28, 72, 77, 96, 65, 60, 11]
28:11:[28, 72, 77, 97, 65, 60, 11]
28:11:[28, 72, 77, 98, 65, 60, 11]
28:12:[28, 72, 75, 90, 63, 61, 12]
28:12:[28, 72, 75, 91, 63, 61, 12]
28:12:[28, 72, 75, 92, 63, 61, 12]
28:12:[28, 72, 76, 93, 64, 61, 12]
28:12:[28, 72, 76, 94, 64, 61, 12]
28:12:[28, 72, 76, 95, 64, 61, 12]
28:12:[28, 72, 77, 96, 65, 61, 12]
28:12:[28, 72, 77, 97, 65, 61, 12]
28:12:[28, 72, 77, 98, 65, 61, 12]
28:13:[28, 72, 75, 90, 63, 61, 13]
28:13:[28, 72, 75, 91, 63, 61, 13]
28:13:[28, 72, 75, 92, 63, 61, 13]
28:13:[28, 72, 76, 93, 64, 61, 13]
28:13:[28, 72, 76, 94, 64, 61, 13]
28:13:[28, 72, 76, 95, 64, 61, 13]
28:13:[28, 72, 77, 96, 65, 61, 13]
28:13:[28, 72, 77, 97, 65, 61, 13]
28:13:[28, 72, 77, 98, 65, 61, 13]
28:14:[28, 72, 75, 90, 63, 61, 14]
28:14:[28, 72, 75, 91, 63, 61, 14]
28:14:[28, 72, 75, 92, 63, 61, 14]
28:14:[28, 72, 76, 93, 64, 61, 14]
28:14:[28, 72, 76, 94, 64, 61, 14]
28:14:[28, 72, 76, 95, 64, 61, 14]
28:14:[28, 72, 77, 96, 65, 61, 14]
28:14:[28, 72, 77, 97, 65, 61, 14]
28:14:[28, 72, 77, 98, 65, 61, 14]
28:15:[28, 72, 75, 90, 63, 62, 15]
28:15:[28, 72, 75, 91, 63, 62, 15]
28:15:[28, 72, 75, 92, 63, 62, 15]
28:15:[28, 72, 76, 93, 64, 62, 15]
28:15:[28, 72, 76, 94, 64, 62, 15]
28:15:[28, 72, 76, 95, 64, 62, 15]
28:15:[28, 72, 77, 96, 65, 62, 15]
28:15:[28, 72, 77, 97, 65, 62, 15]
28:15:[28, 72, 77, 98, 65, 62, 15]
28:16:[28, 72, 75, 90, 63, 62, 16]
28:16:[28, 72, 75, 91, 63, 62, 16]
28:16:[28, 72, 75, 92, 63, 62, 16]
28:16:[28, 72, 76, 93, 64, 62, 16]
28:16:[28, 72, 76, 94, 64, 62, 16]
28:16:[28, 72, 76, 95, 64, 62, 16]
28:16:[28, 72, 77, 96, 65, 62, 16]
28:16:[28, 72, 77, 97, 65, 62, 16]
28:16:[28, 72, 77, 98, 65, 62, 16]
28:17:[28, 72, 75, 90, 63, 62, 17]
28:17:[28, 72, 75, 91, 63, 62, 17]
28:17:[28, 72, 75, 92, 63, 62, 17]
28:17:[28, 72, 76, 93, 64, 62, 17]
28:17:[28, 72, 76, 94, 64, 62, 17]
28:17:[28, 72, 76, 95, 64, 62, 17]
28:17:[28, 72, 77, 96, 65, 62, 17]
28:17:[28, 72, 77, 97, 65, 62, 17]
28:17:[28, 72, 77, 98, 65, 62, 17]
28:18:[28, 72, 75, 90, 69, 66, 18]
28:18:[28, 72, 75, 91, 69, 66, 18]
28:18:[28, 72, 75, 92, 69, 66, 18]
28:18:[28, 72, 76, 93, 70, 66, 18]
28:18:[28, 72, 76, 94, 70, 66, 18]
28:18:[28, 72, 76, 95, 70, 66, 18]
28:18:[28, 72, 77, 96, 71, 66, 18]
28:18:[28, 72, 77, 97, 71, 66, 18]
28:18:[28, 72, 77, 98, 71, 66, 18]
28:19:[28, 72, 75, 90, 69, 66, 19]
28:19:[28, 72, 75, 91, 69, 66, 19]
28:19:[28, 72, 75, 92, 69, 66, 19]
28:19:[28, 72, 76, 93, 70, 66, 19]
28:19:[28, 72, 76, 94, 70, 66, 19]
28:19:[28, 72, 76, 95, 70, 66, 19]
28:19:[28, 72, 77, 96, 71, 66, 19]
28:19:[28, 72, 77, 97, 71, 66, 19]
28:19:[28, 72, 77, 98, 71, 66, 19]
28:20:[28, 72, 75, 90, 69, 66, 20]
28:20:[28, 72, 75, 91, 69, 66, 20]
28:20:[28, 72, 75, 92, 69, 66, 20]
28:20:[28, 72, 76, 93, 70, 66, 20]
28:20:[28, 72, 76, 94, 70, 66, 20]
28:20:[28, 72, 76, 95, 70, 66, 20]
28:20:[28, 72, 77, 96, 71, 66, 20]
28:20:[28, 72, 77, 97, 71, 66, 20]
28:20:[28, 72, 77, 98, 71, 66, 20]
28:21:[28, 72, 75, 90, 69, 67, 21]
28:21:[28, 72, 75, 91, 69, 67, 21]
28:21:[28, 72, 75, 92, 69, 67, 21]
28:21:[28, 72, 76, 93, 70, 67, 21]
28:21:[28, 72, 76, 94, 70, 67, 21]
28:21:[28, 72, 76, 95, 70, 67, 21]
28:21:[28, 72, 77, 96, 71, 67, 21]
28:21:[28, 72, 77, 97, 71, 67, 21]
28:21:[28, 72, 77, 98, 71, 67, 21]
28:22:[28, 72, 75, 90, 69, 67, 22]
28:22:[28, 72, 75, 91, 69, 67, 22]
28:22:[28, 72, 75, 92, 69, 67, 22]
28:22:[28, 72, 76, 93, 70, 67, 22]
28:22:[28, 72, 76, 94, 70, 67, 22]
28:22:[28, 72, 76, 95, 70, 67, 22]
28:22:[28, 72, 77, 96, 71, 67, 22]
28:22:[28, 72, 77, 97, 71, 67, 22]
28:22:[28, 72, 77, 98, 71, 67, 22]
28:23:[28, 72, 75, 90, 69, 67, 23]
28:23:[28, 72, 75, 91, 69, 67, 23]
28:23:[28, 72, 75, 92, 69, 67, 23]
28:23:[28, 72, 76, 93, 70, 67, 23]
28:23:[28, 72, 76, 94, 70, 67, 23]
28:23:[28, 72, 76, 95, 70, 67, 23]
28:23:[28, 72, 77, 96, 71, 67, 23]
28:23:[28, 72, 77, 97, 71, 67, 23]
28:23:[28, 72, 77, 98, 71, 67, 23]
28:24:[28, 72, 75, 90, 69, 68, 24]
28:24:[28, 72, 75, 91, 69, 68, 24]
28:24:[28, 72, 75, 92, 69, 68, 24]
28:24:[28, 72, 76, 93, 70, 68, 24]
28:24:[28, 72, 76, 94, 70, 68, 24]
28:24:[28, 72, 76, 95, 70, 68, 24]
28:24:[28, 72, 77, 96, 71, 68, 24]
28:24:[28, 72, 77, 97, 71, 68, 24]
28:24:[28, 72, 77, 98, 71, 68, 24]
28:25:[28, 72, 75, 90, 69, 68, 25]
28:25:[28, 72, 75, 91, 69, 68, 25]
28:25:[28, 72, 75, 92, 69, 68, 25]
28:25:[28, 72, 76, 93, 70, 68, 25]
28:25:[28, 72, 76, 94, 70, 68, 25]
28:25:[28, 72, 76, 95, 70, 68, 25]
28:25:[28, 72, 77, 96, 71, 68, 25]
28:25:[28, 72, 77, 97, 71, 68, 25]
28:25:[28, 72, 77, 98, 71, 68, 25]
28:26:[28, 72, 75, 90, 69, 68, 26]
28:26:[28, 72, 75, 91, 69, 68, 26]
28:26:[28, 72, 75, 92, 69, 68, 26]
28:26:[28, 72, 76, 93, 70, 68, 26]
28:26:[28, 72, 76, 94, 70, 68, 26]
28:26:[28, 72, 76, 95, 70, 68, 26]
28:26:[28, 72, 77, 96, 71, 68, 26]
28:26:[28, 72, 77, 97, 71, 68, 26]
28:26:[28, 72, 77, 98, 71, 68, 26]
28:27:[28, 72, 27]
28:29:[28, 72, 29]
28:30:[28, 72, 75, 73, 30]
28:30:[28, 72, 76, 73, 30]
28:30:[28, 72, 77, 73, 30]
28:31:[28, 72, 75, 73, 31]
28:31:[28, 72, 76, 73, 31]
28:31:[28, 72, 77, 73, 31]
28:32:[28, 72, 75, 73, 32]
28:32:[28, 72, 76, 73, 32]
28:32:[28, 72, 77, 73, 32]
28:33:[28, 72, 75, 74, 33]
28:33:[28, 72, 76, 74, 33]
28:33:[28, 72, 77, 74, 33]
28:34:[28, 72, 75, 74, 34]
28:34:[28, 72, 76, 74, 34]
28:34:[28, 72, 77, 74, 34]
28:35:[28, 72, 75, 74, 35]
28:35:[28, 72, 76, 74, 35]
28:35:[28, 72, 77, 74, 35]
28:36:[28, 72, 75, 90, 81, 78, 36]
28:36:[28, 72, 75, 91, 81, 78, 36]
28:36:[28, 72, 75, 92, 81, 78, 36]
28:36:[28, 72, 76, 93, 82, 78, 36]
28:36:[28, 72, 76, 94, 82, 78, 36]
28:36:[28, 72, 76, 95, 82, 78, 36]
28:36:[28, 72, 77, 96, 83, 78, 36]
28:36:[28, 72, 77, 97, 83, 78, 36]
28:36:[28, 72, 77, 98, 83, 78, 36]
28:37:[28, 72, 75, 90, 81, 78, 37]
28:37:[28, 72, 75, 91, 81, 78, 37]
28:37:[28, 72, 75, 92, 81, 78, 37]
28:37:[28, 72, 76, 93, 82, 78, 37]
28:37:[28, 72, 76, 94, 82, 78, 37]
28:37:[28, 72, 76, 95, 82, 78, 37]
28:37:[28, 72, 77, 96, 83, 78, 37]
28:37:[28, 72, 77, 97, 83, 78, 37]
28:37:[28, 72, 77, 98, 83, 78, 37]
28:38:[28, 72, 75, 90, 81, 78, 38]
28:38:[28, 72, 75, 91, 81, 78, 38]
28:38:[28, 72, 75, 92, 81, 78, 38]
28:38:[28, 72, 76, 93, 82, 78, 38]
28:38:[28, 72, 76, 94, 82, 78, 38]
28:38:[28, 72, 76, 95, 82, 78, 38]
28:38:[28, 72, 77, 96, 83, 78, 38]
28:38:[28, 72, 77, 97, 83, 78, 38]
28:38:[28, 72, 77, 98, 83, 78, 38]
28:39:[28, 72, 75, 90, 81, 79, 39]
28:39:[28, 72, 75, 91, 81, 79, 39]
28:39:[28, 72, 75, 92, 81, 79, 39]
28:39:[28, 72, 76, 93, 82, 79, 39]
28:39:[28, 72, 76, 94, 82, 79, 39]
28:39:[28, 72, 76, 95, 82, 79, 39]
28:39:[28, 72, 77, 96, 83, 79, 39]
28:39:[28, 72, 77, 97, 83, 79, 39]
28:39:[28, 72, 77, 98, 83, 79, 39]
28:40:[28, 72, 75, 90, 81, 79, 40]
28:40:[28, 72, 75, 91, 81, 79, 40]
28:40:[28, 72, 75, 92, 81, 79, 40]
28:40:[28, 72, 76, 93, 82, 79, 40]
28:40:[28, 72, 76, 94, 82, 79, 40]
28:40:[28, 72, 76, 95, 82, 79, 40]
28:40:[28, 72, 77, 96, 83, 79, 40]
28:40:[28, 72, 77, 97, 83, 79, 40]
28:40:[28, 72, 77, 98, 83, 79, 40]
28:41:[28, 72, 75, 90, 81, 79, 41]
28:41:[28, 72, 75, 91, 81, 79, 41]
28:41:[28, 72, 75, 92, 81, 79, 41]
28:41:[28, 72, 76, 93, 82, 79, 41]
28:41:[28, 72, 76, 94, 82, 79, 41]
28:41:[28, 72, 76, 95, 82, 79, 41]
28:41:[28, 72, 77, 96, 83, 79, 41]
28:41:[28, 72, 77, 97, 83, 79, 41]
28:41:[28, 72, 77, 98, 83, 79, 41]
28:42:[28, 72, 75, 90, 81, 80, 42]
28:42:[28, 72, 75, 91, 81, 80, 42]
28:42:[28, 72, 75, 92, 81, 80, 42]
28:42:[28, 72, 76, 93, 82, 80, 42]
28:42:[28, 72, 76, 94, 82, 80, 42]
28:42:[28, 72, 76, 95, 82, 80, 42]
28:42:[28, 72, 77, 96, 83, 80, 42]
28:42:[28, 72, 77, 97, 83, 80, 42]
28:42:[28, 72, 77, 98, 83, 80, 42]
28:43:[28, 72, 75, 90, 81, 80, 43]
28:43:[28, 72, 75, 91, 81, 80, 43]
28:43:[28, 72, 75, 92, 81, 80, 43]
28:43:[28, 72, 76, 93, 82, 80, 43]
28:43:[28, 72, 76, 94, 82, 80, 43]
28:43:[28, 72, 76, 95, 82, 80, 43]
28:43:[28, 72, 77, 96, 83, 80, 43]
28:43:[28, 72, 77, 97, 83, 80, 43]
28:43:[28, 72, 77, 98, 83, 80, 43]
28:44:[28, 72, 75, 90, 81, 80, 44]
28:44:[28, 72, 75, 91, 81, 80, 44]
28:44:[28, 72, 75, 92, 81, 80, 44]
28:44:[28, 72, 76, 93, 82, 80, 44]
28:44:[28, 72, 76, 94, 82, 80, 44]
28:44:[28, 72, 76, 95, 82, 80, 44]
28:44:[28, 72, 77, 96, 83, 80, 44]
28:44:[28, 72, 77, 97, 83, 80, 44]
28:44:[28, 72, 77, 98, 83, 80, 44]
28:45:[28, 72, 75, 90, 87, 84, 45]
28:45:[28, 72, 75, 91, 87, 84, 45]
28:45:[28, 72, 75, 92, 87, 84, 45]
28:45:[28, 72, 76, 93, 88, 84, 45]
28:45:[28, 72, 76, 94, 88, 84, 45]
28:45:[28, 72, 76, 95, 88, 84, 45]
28:45:[28, 72, 77, 96, 89, 84, 45]
28:45:[28, 72, 77, 97, 89, 84, 45]
28:45:[28, 72, 77, 98, 89, 84, 45]
28:46:[28, 72, 75, 90, 87, 84, 46]
28:46:[28, 72, 75, 91, 87, 84, 46]
28:46:[28, 72, 75, 92, 87, 84, 46]
28:46:[28, 72, 76, 93, 88, 84, 46]
28:46:[28, 72, 76, 94, 88, 84, 46]
28:46:[28, 72, 76, 95, 88, 84, 46]
28:46:[28, 72, 77, 96, 89, 84, 46]
28:46:[28, 72, 77, 97, 89, 84, 46]
28:46:[28, 72, 77, 98, 89, 84, 46]
28:47:[28, 72, 75, 90, 87, 84, 47]
28:47:[28, 72, 75, 91, 87, 84, 47]
28:47:[28, 72, 75, 92, 87, 84, 47]
28:47:[28, 72, 76, 93, 88, 84, 47]
28:47:[28, 72, 76, 94, 88, 84, 47]
28:47:[28, 72, 76, 95, 88, 84, 47]
28:47:[28, 72, 77, 96, 89, 84, 47]
28:47:[28, 72, 77, 97, 89, 84, 47]
28:47:[28, 72, 77, 98, 89, 84, 47]
28:48:[28, 72, 75, 90, 87, 85, 48]
28:48:[28, 72, 75, 91, 87, 85, 48]
28:48:[28, 72, 75, 92, 87, 85, 48]
28:48:[28, 72, 76, 93, 88, 85, 48]
28:48:[28, 72, 76, 94, 88, 85, 48]
28:48:[28, 72, 76, 95, 88, 85, 48]
28:48:[28, 72, 77, 96, 89, 85, 48]
28:48:[28, 72, 77, 97, 89, 85, 48]
28:48:[28, 72, 77, 98, 89, 85, 48]
28:49:[28, 72, 75, 90, 87, 85, 49]
28:49:[28, 72, 75, 91, 87, 85, 49]
28:49:[28, 72, 75, 92, 87, 85, 49]
28:49:[28, 72, 76, 93, 88, 85, 49]
28:49:[28, 72, 76, 94, 88, 85, 49]
28:49:[28, 72, 76, 95, 88, 85, 49]
28:49:[28, 72, 77, 96, 89, 85, 49]
28:49:[28, 72, 77, 97, 89, 85, 49]
28:49:[28, 72, 77, 98, 89, 85, 49]
28:50:[28, 72, 75, 90, 87, 85, 50]
28:50:[28, 72, 75, 91, 87, 85, 50]
28:50:[28, 72, 75, 92, 87, 85, 50]
28:50:[28, 72, 76, 93, 88, 85, 50]
28:50:[28, 72, 76, 94, 88, 85, 50]
28:50:[28, 72, 76, 95, 88, 85, 50]
28:50:[28, 72, 77, 96, 89, 85, 50]
28:50:[28, 72, 77, 97, 89, 85, 50]
28:50:[28, 72, 77, 98, 89, 85, 50]
28:51:[28, 72, 75, 90, 87, 86, 51]
28:51:[28, 72, 75, 91, 87, 86, 51]
28:51:[28, 72, 75, 92, 87, 86, 51]
28:51:[28, 72, 76, 93, 88, 86, 51]
28:51:[28, 72, 76, 94, 88, 86, 51]
28:51:[28, 72, 76, 95, 88, 86, 51]
28:51:[28, 72, 77, 96, 89, 86, 51]
28:51:[28, 72, 77, 97, 89, 86, 51]
28:51:[28, 72, 77, 98, 89, 86, 51]
28:52:[28, 72, 75, 90, 87, 86, 52]
28:52:[28, 72, 75, 91, 87, 86, 52]
28:52:[28, 72, 75, 92, 87, 86, 52]
28:52:[28, 72, 76, 93, 88, 86, 52]
28:52:[28, 72, 76, 94, 88, 86, 52]
28:52:[28, 72, 76, 95, 88, 86, 52]
28:52:[28, 72, 77, 96, 89, 86, 52]
28:52:[28, 72, 77, 97, 89, 86, 52]
28:52:[28, 72, 77, 98, 89, 86, 52]
28:53:[28, 72, 75, 90, 87, 86, 53]
28:53:[28, 72, 75, 91, 87, 86, 53]
28:53:[28, 72, 75, 92, 87, 86, 53]
28:53:[28, 72, 76, 93, 88, 86, 53]
28:53:[28, 72, 76, 94, 88, 86, 53]
28:53:[28, 72, 76, 95, 88, 86, 53]
28:53:[28, 72, 77, 96, 89, 86, 53]
28:53:[28, 72, 77, 97, 89, 86, 53]
28:53:[28, 72, 77, 98, 89, 86, 53]
29:0:[29, 72, 75, 90, 57, 54, 0]
29:0:[29, 72, 75, 91, 57, 54, 0]
29:0:[29, 72, 75, 92, 57, 54, 0]
29:0:[29, 72, 76, 93, 58, 54, 0]
29:0:[29, 72, 76, 94, 58, 54, 0]
29:0:[29, 72, 76, 95, 58, 54, 0]
29:0:[29, 72, 77, 96, 59, 54, 0]
29:0:[29, 72, 77, 97, 59, 54, 0]
29:0:[29, 72, 77, 98, 59, 54, 0]
29:1:[29, 72, 75, 90, 57, 54, 1]
29:1:[29, 72, 75, 91, 57, 54, 1]
29:1:[29, 72, 75, 92, 57, 54, 1]
29:1:[29, 72, 76, 93, 58, 54, 1]
29:1:[29, 72, 76, 94, 58, 54, 1]
29:1:[29, 72, 76, 95, 58, 54, 1]
29:1:[29, 72, 77, 96, 59, 54, 1]
29:1:[29, 72, 77, 97, 59, 54, 1]
29:1:[29, 72, 77, 98, 59, 54, 1]
29:2:[29, 72, 75, 90, 57, 54, 2]
29:2:[29, 72, 75, 91, 57, 54, 2]
29:2:[29, 72, 75, 92, 57, 54, 2]
29:2:[29, 72, 76, 93, 58, 54, 2]
29:2:[29, 72, 76, 94, 58, 54, 2]
29:2:[29, 72, 76, 95, 58, 54, 2]
29:2:[29, 72, 77, 96, 59, 54, 2]
29:2:[29, 72, 77, 97, 59, 54, 2]
29:2:[29, 72, 77, 98, 59, 54, 2]
29:3:[29, 72, 75, 90, 57, 55, 3]
29:3:[29, 72, 75, 91, 57, 55, 3]
29:3:[29, 72, 75, 92, 57, 55, 3]
29:3:[29, 72, 76, 93, 58, 55, 3]
29:3:[29, 72, 76, 94, 58, 55, 3]
29:3:[29, 72, 76, 95, 58, 55, 3]
29:3:[29, 72, 77, 96, 59, 55, 3]
29:3:[29, 72, 77, 97, 59, 55, 3]
29:3:[29, 72, 77, 98, 59, 55, 3]
29:4:[29, 72, 75, 90, 57, 55, 4]
29:4:[29, 72, 75, 91, 57, 55, 4]
29:4:[29, 72, 75, 92, 57, 55, 4]
29:4:[29, 72, 76, 93, 58, 55, 4]
29:4:[29, 72, 76, 94, 58, 55, 4]
29:4:[29, 72, 76, 95, 58, 55, 4]
29:4:[29, 72, 77, 96, 59, 55, 4]
29:4:[29, 72, 77, 97, 59, 55, 4]
29:4:[29, 72, 77, 98, 59, 55, 4]
29:5:[29, 72, 75, 90, 57, 55, 5]
29:5:[29, 72, 75, 91, 57, 55, 5]
29:5:[29, 72, 75, 92, 57, 55, 5]
29:5:[29, 72, 76, 93, 58, 55, 5]
29:5:[29, 72, 76, 94, 58, 55, 5]
29:5:[29, 72, 76, 95, 58, 55, 5]
29:5:[29, 72, 77, 96, 59, 55, 5]
29:5:[29, 72, 77, 97, 59, 55, 5]
29:5:[29, 72, 77, 98, 59, 55, 5]
29:6:[29, 72, 75, 90, 57, 56, 6]
29:6:[29, 72, 75, 91, 57, 56, 6]
29:6:[29, 72, 75, 92, 57, 56, 6]
29:6:[29, 72, 76, 93, 58, 56, 6]
29:6:[29, 72, 76, 94, 58, 56, 6]
29:6:[29, 72, 76, 95, 58, 56, 6]
29:6:[29, 72, 77, 96, 59, 56, 6]
29:6:[29, 72, 77, 97, 59, 56, 6]
29:6:[29, 72, 77, 98, 59, 56, 6]
29:7:[29, 72, 75, 90, 57, 56, 7]
29:7:[29, 72, 75, 91, 57, 56, 7]
29:7:[29, 72, 75, 92, 57, 56, 7]
29:7:[29, 72, 76, 93, 58, 56, 7]
29:7:[29, 72, 76, 94, 58, 56, 7]
29:7:[29, 72, 76, 95, 58, 56, 7]
29:7:[29, 72, 77, 96, 59, 56, 7]
29:7:[29, 72, 77, 97, 59, 56, 7]
29:7:[29, 72, 77, 98, 59, 56, 7]
29:8:[29, 72, 75, 90, 57, 56, 8]
29:8:[29, 72, 75, 91, 57, 56, 8]
29:8:[29, 72, 75, 92, 57, 56, 8]
29:8:[29, 72, 76, 93, 58, 56, 8]
29:8:[29, 72, 76, 94, 58, 56, 8]
29:8:[29, 72, 76, 95, 58, 56, 8]
29:8:[29, 72, 77, 96, 59, 56, 8]
29:8:[29, 72, 77, 97, 59, 56, 8]
29:8:[29, 72, 77, 98, 59, 56, 8]
29:9:[29, 72, 75, 90, 63, 60, 9]
29:9:[29, 72, 75, 91, 63, 60, 9]
29:9:[29, 72, 75, 92, 63, 60, 9]
29:9:[29, 72, 76, 93, 64, 60, 9]
29:9:[29, 72, 76, 94, 64, 60, 9]
29:9:[29, 72, 76, 95, 64, 60, 9]
29:9:[29, 72, 77, 96, 65, 60, 9]
29:9:[29, 72, 77, 97, 65, 60, 9]
29:9:[29, 72, 77, 98, 65, 60, 9]
29:10:[29, 72, 75, 90, 63, 60, 10]
29:10:[29, 72, 75, 91, 63, 60, 10]
29:10:[29, 72, 75, 92, 63, 60, 10]
29:10:[29, 72, 76, 93, 64, 60, 10]
29:10:[29, 72, 76, 94, 64, 60, 10]
29:10:[29, 72, 76, 95, 64, 60, 10]
29:10:[29, 72, 77, 96, 65, 60, 10]
29:10:[29, 72, 77, 97, 65, 60, 10]
29:10:[29, 72, 77, 98, 65, 60, 10]
29:11:[29, 72, 75, 90, 63, 60, 11]
29:11:[29, 72, 75, 91, 63, 60, 11]
29:11:[29, 72, 75, 92, 63, 60, 11]
29:11:[29, 72, 76, 93, 64, 60, 11]
29:11:[29, 72, 76, 94, 64, 60, 11]
29:11:[29, 72, 76, 95, 64, 60, 11]
29:11:[29, 72, 77, 96, 65, 60, 11]
29:11:[29, 72, 77, 97, 65, 60, 11]
29:11:[29, 72, 77, 98, 65, 60, 11]
29:12:[29, 72, 75, 90, 63, 61, 12]
29:12:[29, 72, 75, 91, 63, 61, 12]
29:12:[29, 72, 75, 92, 63, 61, 12]
29:12:[29, 72, 76, 93, 64, 61, 12]
29:12:[29, 72, 76, 94, 64, 61, 12]
29:12:[29, 72, 76, 95, 64, 61, 12]
29:12:[29, 72, 77, 96, 65, 61, 12]
29:12:[29, 72, 77, 97, 65, 61, 12]
29:12:[29, 72, 77, 98, 65, 61, 12]
29:13:[29, 72, 75, 90, 63, 61, 13]
29:13:[29, 72, 75, 91, 63, 61, 13]
29:13:[29, 72, 75, 92, 63, 61, 13]
29:13:[29, 72, 76, 93, 64, 61, 13]
29:13:[29, 72, 76, 94, 64, 61, 13]
29:13:[29, 72, 76, 95, 64, 61, 13]
29:13:[29, 72, 77, 96, 65, 61, 13]
29:13:[29, 72, 77, 97, 65, 61, 13]
29:13:[29, 72, 77, 98, 65, 61, 13]
29:14:[29, 72, 75, 90, 63, 61, 14]
29:14:[29, 72, 75, 91, 63, 61, 14]
29:14:[29, 72, 75, 92, 63, 61, 14]
29:14:[29, 72, 76, 93, 64, 61, 14]
29:14:[29, 72, 76, 94, 64, 61, 14]
29:14:[29, 72, 76, 95, 64, 61, 14]
29:14:[29, 72, 77, 96, 65, 61, 14]
29:14:[29, 72, 77, 97, 65, 61, 14]
29:14:[29, 72, 77, 98, 65, 61, 14]
29:15:[29, 72, 75, 90, 63, 62, 15]
29:15:[29, 72, 75, 91, 63, 62, 15]
29:15:[29, 72, 75, 92, 63, 62, 15]
29:15:[29, 72, 76, 93, 64, 62, 15]
29:15:[29, 72, 76, 94, 64, 62, 15]
29:15:[29, 72, 76, 95, 64, 62, 15]
29:15:[29, 72, 77, 96, 65, 62, 15]
29:15:[29, 72, 77, 97, 65, 62, 15]
29:15:[29, 72, 77, 98, 65, 62, 15]
29:16:[29, 72, 75, 90, 63, 62, 16]
29:16:[29, 72, 75, 91, 63, 62, 16]
29:16:[29, 72, 75, 92, 63, 62, 16]
29:16:[29, 72, 76, 93, 64, 62, 16]
29:16:[29, 72, 76, 94, 64, 62, 16]
29:16:[29, 72, 76, 95, 64, 62, 16]
29:16:[29, 72, 77, 96, 65, 62, 16]
29:16:[29, 72, 77, 97, 65, 62, 16]
29:16:[29, 72, 77, 98, 65, 62, 16]
29:17:[29, 72, 75, 90, 63, 62, 17]
29:17:[29, 72, 75, 91, 63, 62, 17]
29:17:[29, 72, 75, 92, 63, 62, 17]
29:17:[29, 72, 76, 93, 64, 62, 17]
29:17:[29, 72, 76, 94, 64, 62, 17]
29:17:[29, 72, 76, 95, 64, 62, 17]
29:17:[29, 72, 77, 96, 65, 62, 17]
29:17:[29, 72, 77, 97, 65, 62, 17]
29:17:[29, 72, 77, 98, 65, 62, 17]
29:18:[29, 72, 75, 90, 69, 66, 18]
29:18:[29, 72, 75, 91, 69, 66, 18]
29:18:[29, 72, 75, 92, 69, 66, 18]
29:18:[29, 72, 76, 93, 70, 66, 18]
29:18:[29, 72, 76, 94, 70, 66, 18]
29:18:[29, 72, 76, 95, 70, 66, 18]
29:18:[29, 72, 77, 96, 71, 66, 18]
29:18:[29, 72, 77, 97, 71, 66, 18]
29:18:[29, 72, 77, 98, 71, 66, 18]
29:19:[29, 72, 75, 90, 69, 66, 19]
29:19:[29, 72, 75, 91, 69, 66, 19]
29:19:[29, 72, 75, 92, 69, 66, 19]
29:19:[29, 72, 76, 93, 70, 66, 19]
29:19:[29, 72, 76, 94, 70, 66, 19]
29:19:[29, 72, 76, 95, 70, 66, 19]
29:19:[29, 72, 77, 96, 71, 66, 19]
29:19:[29, 72, 77, 97, 71, 66, 19]
29:19:[29, 72, 77, 98, 71, 66, 19]
29:20:[29, 72, 75, 90, 69, 66, 20]
29:20:[29, 72, 75, 91, 69, 66, 20]
29:20:[29, 72, 75, 92, 69, 66, 20]
29:20:[29, 72, 76, 93, 70, 66, 20]
29:20:[29, 72, 76, 94, 70, 66, 20]
29:20:[29, 72, 76, 95, 70, 66, 20]
29:20:[29, 72, 77, 96, 71, 66, 20]
29:20:[29, 72, 77, 97, 71, 66, 20]
29:20:[29, 72, 77, 98, 71, 66, 20]
29:21:[29, 72, 75, 90, 69, 67, 21]
29:21:[29, 72, 75, 91, 69, 67, 21]
29:21:[29, 72, 75, 92, 69, 67, 21]
29:21:[29, 72, 76, 93, 70, 67, 21]
29:21:[29, 72, 76, 94, 70, 67, 21]
29:21:[29, 72, 76, 95, 70, 67, 21]
29:21:[29, 72, 77, 96, 71, 67, 21]
29:21:[29, 72, 77, 97, 71, 67, 21]
29:21:[29, 72, 77, 98, 71, 67, 21]
29:22:[29, 72, 75, 90, 69, 67, 22]
29:22:[29, 72, 75, 91, 69, 67, 22]
29:22:[29, 72, 75, 92, 69, 67, 22]
29:22:[29, 72, 76, 93, 70, 67, 22]
29:22:[29, 72, 76, 94, 70, 67, 22]
29:22:[29, 72, 76, 95, 70, 67, 22]
29:22:[29, 72, 77, 96, 71, 67, 22]
29:22:[29, 72, 77, 97, 71, 67, 22]
29:22:[29, 72, 77, 98, 71, 67, 22]
29:23:[29, 72, 75, 90, 69, 67, 23]
29:23:[29, 72, 75, 91, 69, 67, 23]
29:23:[29, 72, 75, 92, 69, 67, 23]
29:23:[29, 72, 76, 93, 70, 67, 23]
29:23:[29, 72, 76, 94, 70, 67, 23]
29:23:[29, 72, 76, 95, 70, 67, 23]
29:23:[29, 72, 77, 96, 71, 67, 23]
29:23:[29, 72, 77, 97, 71, 67, 23]
29:23:[29, 72, 77, 98, 71, 67, 23]
29:24:[29, 72, 75, 90, 69, 68, 24]
29:24:[29, 72, 75, 91, 69, 68, 24]
29:24:[29, 72, 75, 92, 69, 68, 24]
29:24:[29, 72, 76, 93, 70, 68, 24]
29:24:[29, 72, 76, 94, 70, 68, 24]
29:24:[29, 72, 76, 95, 70, 68, 24]
29:24:[29, 72, 77, 96, 71, 68, 24]
29:24:[29, 72, 77, 97, 71, 68, 24]
29:24:[29, 72, 77, 98, 71, 68, 24]
29:25:[29, 72, 75, 90, 69, 68, 25]
29:25:[29, 72, 75, 91, 69, 68, 25]
29:25:[29, 72, 75, 92, 69, 68, 25]
29:25:[29, 72, 76, 93, 70, 68, 25]
29:25:[29, 72, 76, 94, 70, 68, 25]
29:25:[29, 72, 76, 95, 70, 68, 25]
29:25:[29, 72, 77, 96, 71, 68, 25]
29:25:[29, 72, 77, 97, 71, 68, 25]
29:25:[29, 72, 77, 98, 71, 68, 25]
29:26:[29, 72, 75, 90, 69, 68, 26]
29:26:[29, 72, 75, 91, 69, 68, 26]
29:26:[29, 72, 75, 92, 69, 68, 26]
29:26:[29, 72, 76, 93, 70, 68, 26]
29:26:[29, 72, 76, 94, 70, 68, 26]
29:26:[29, 72, 76, 95, 70, 68, 26]
29:26:[29, 72, 77, 96, 71, 68, 26]
29:26:[29, 72, 77, 97, 71, 68, 26]
29:26:[29, 72, 77, 98, 71, 68, 26]
29:27:[29, 72, 27]
29:28:[29, 72, 28]
29:30:[29, 72, 75, 73, 30]
29:30:[29, 72, 76, 73, 30]
29:30:[29, 72, 77, 73, 30]
29:31:[29, 72, 75, 73, 31]
29:31:[29, 72, 76, 73, 31]
29:31:[29, 72, 77, 73, 31]
29:32:[29, 72, 75, 73, 32]
29:32:[29, 72, 76, 73, 32]
29:32:[29, 72, 77, 73, 32]
29:33:[29, 72, 75, 74, 33]
29:33:[29, 72, 76, 74, 33]
29:33:[29, 72, 77, 74, 33]
29:34:[29, 72, 75, 74, 34]
29:34:[29, 72, 76, 74, 34]
29:34:[29, 72, 77, 74, 34]
29:35:[29, 72, 75, 74, 35]
29:35:[29, 72, 76, 74, 35]
29:35:[29, 72, 77, 74, 35]
29:36:[29, 72, 75, 90, 81, 78, 36]
29:36:[29, 72, 75, 91, 81, 78, 36]
29:36:[29, 72, 75, 92, 81, 78, 36]
29:36:[29, 72, 76, 93, 82, 78, 36]
29:36:[29, 72, 76, 94, 82, 78, 36]
29:36:[29, 72, 76, 95, 82, 78, 36]
29:36:[29, 72, 77, 96, 83, 78, 36]
29:36:[29, 72, 77, 97, 83, 78, 36]
29:36:[29, 72, 77, 98, 83, 78, 36]
29:37:[29, 72, 75, 90, 81, 78, 37]
29:37:[29, 72, 75, 91, 81, 78, 37]
29:37:[29, 72, 75, 92, 81, 78, 37]
29:37:[29, 72, 76, 93, 82, 78, 37]
29:37:[29, 72, 76, 94, 82, 78, 37]
29:37:[29, 72, 76, 95, 82, 78, 37]
29:37:[29, 72, 77, 96, 83, 78, 37]
29:37:[29, 72, 77, 97, 83, 78, 37]
29:37:[29, 72, 77, 98, 83, 78, 37]
29:38:[29, 72, 75, 90, 81, 78, 38]
29:38:[29, 72, 75, 91, 81, 78, 38]
29:38:[29, 72, 75, 92, 81, 78, 38]
29:38:[29, 72, 76, 93, 82, 78, 38]
29:38:[29, 72, 76, 94, 82, 78, 38]
29:38:[29, 72, 76, 95, 82, 78, 38]
29:38:[29, 72, 77, 96, 83, 78, 38]
29:38:[29, 72, 77, 97, 83, 78, 38]
29:38:[29, 72, 77, 98, 83, 78, 38]
29:39:[29, 72, 75, 90, 81, 79, 39]
29:39:[29, 72, 75, 91, 81, 79, 39]
29:39:[29, 72, 75, 92, 81, 79, 39]
29:39:[29, 72, 76, 93, 82, 79, 39]
29:39:[29, 72, 76, 94, 82, 79, 39]
29:39:[29, 72, 76, 95, 82, 79, 39]
29:39:[29, 72, 77, 96, 83, 79, 39]
29:39:[29, 72, 77, 97, 83, 79, 39]
29:39:[29, 72, 77, 98, 83, 79, 39]
29:40:[29, 72, 75, 90, 81, 79, 40]
29:40:[29, 72, 75, 91, 81, 79, 40]
29:40:[29, 72, 75, 92, 81, 79, 40]
29:40:[29, 72, 76, 93, 82, 79, 40]
29:40:[29, 72, 76, 94, 82, 79, 40]
29:40:[29, 72, 76, 95, 82, 79, 40]
29:40:[29, 72, 77, 96, 83, 79, 40]
29:40:[29, 72, 77, 97, 83, 79, 40]
29:40:[29, 72, 77, 98, 83, 79, 40]
29:41:[29, 72, 75, 90, 81, 79, 41]
29:41:[29, 72, 75, 91, 81, 79, 41]
29:41:[29, 72, 75, 92, 81, 79, 41]
29:41:[29, 72, 76, 93, 82, 79, 41]
29:41:[29, 72, 76, 94, 82, 79, 41]
29:41:[29, 72, 76, 95, 82, 79, 41]
29:41:[29, 72, 77, 96, 83, 79, 41]
29:41:[29, 72, 77, 97, 83, 79, 41]
29:41:[29, 72, 77, 98, 83, 79, 41]
29:42:[29, 72, 75, 90, 81, 80, 42]
29:42:[29, 72, 75, 91, 81, 80, 42]
29:42:[29, 72, 75, 92, 81, 80, 42]
29:42:[29, 72, 76, 93, 82, 80, 42]
29:42:[29, 72, 76, 94, 82, 80, 42]
29:42:[29, 72, 76, 95, 82, 80, 42]
29:42:[29, 72, 77, 96, 83, 80, 42]
29:42:[29, 72, 77, 97, 83, 80, 42]
29:42:[29, 72, 77, 98, 83, 80, 42]
29:43:[29, 72, 75, 90, 81, 80, 43]
29:43:[29, 72, 75, 91, 81, 80, 43]
29:43:[29, 72, 75, 92, 81, 80, 43]
29:43:[29, 72, 76, 93, 82, 80, 43]
29:43:[29, 72, 76, 94, 82, 80, 43]
29:43:[29, 72, 76, 95, 82, 80, 43]
29:43:[29, 72, 77, 96, 83, 80, 43]
29:43:[29, 72, 77, 97, 83, 80, 43]
29:43:[29, 72, 77, 98, 83, 80, 43]
29:44:[29, 72, 75, 90, 81, 80, 44]
29:44:[29, 72, 75, 91, 81, 80, 44]
29:44:[29, 72, 75, 92, 81, 80, 44]
29:44:[29, 72, 76, 93, 82, 80, 44]
29:44:[29, 72, 76, 94, 82, 80, 44]
29:44:[29, 72, 76, 95, 82, 80, 44]
29:44:[29, 72, 77, 96, 83, 80, 44]
29:44:[29, 72, 77, 97, 83, 80, 44]
29:44:[29, 72, 77, 98, 83, 80, 44]
29:45:[29, 72, 75, 90, 87, 84, 45]
29:45:[29, 72, 75, 91, 87, 84, 45]
29:45:[29, 72, 75, 92, 87, 84, 45]
29:45:[29, 72, 76, 93, 88, 84, 45]
29:45:[29, 72, 76, 94, 88, 84, 45]
29:45:[29, 72, 76, 95, 88, 84, 45]
29:45:[29, 72, 77, 96, 89, 84, 45]
29:45:[29, 72, 77, 97, 89, 84, 45]
29:45:[29, 72, 77, 98, 89, 84, 45]
29:46:[29, 72, 75, 90, 87, 84, 46]
29:46:[29, 72, 75, 91, 87, 84, 46]
29:46:[29, 72, 75, 92, 87, 84, 46]
29:46:[29, 72, 76, 93, 88, 84, 46]
29:46:[29, 72, 76, 94, 88, 84, 46]
29:46:[29, 72, 76, 95, 88, 84, 46]
29:46:[29, 72, 77, 96, 89, 84, 46]
29:46:[29, 72, 77, 97, 89, 84, 46]
29:46:[29, 72, 77, 98, 89, 84, 46]
29:47:[29, 72, 75, 90, 87, 84, 47]
29:47:[29, 72, 75, 91, 87, 84, 47]
29:47:[29, 72, 75, 92, 87, 84, 47]
29:47:[29, 72, 76, 93, 88, 84, 47]
29:47:[29, 72, 76, 94, 88, 84, 47]
29:47:[29, 72, 76, 95, 88, 84, 47]
29:47:[29, 72, 77, 96, 89, 84, 47]
29:47:[29, 72, 77, 97, 89, 84, 47]
29:47:[29, 72, 77, 98, 89, 84, 47]
29:48:[29, 72, 75, 90, 87, 85, 48]
29:48:[29, 72, 75, 91, 87, 85, 48]
29:48:[29, 72, 75, 92, 87, 85, 48]
29:48:[29, 72, 76, 93, 88, 85, 48]
29:48:[29, 72, 76, 94, 88, 85, 48]
29:48:[29, 72, 76, 95, 88, 85, 48]
29:48:[29, 72, 77, 96, 89, 85, 48]
29:48:[29, 72, 77, 97, 89, 85, 48]
29:48:[29, 72, 77, 98, 89, 85, 48]
29:49:[29, 72, 75, 90, 87, 85, 49]
29:49:[29, 72, 75, 91, 87, 85, 49]
29:49:[29, 72, 75, 92, 87, 85, 49]
29:49:[29, 72, 76, 93, 88, 85, 49]
29:49:[29, 72, 76, 94, 88, 85, 49]
29:49:[29, 72, 76, 95, 88, 85, 49]
29:49:[29, 72, 77, 96, 89, 85, 49]
29:49:[29, 72, 77, 97, 89, 85, 49]
29:49:[29, 72, 77, 98, 89, 85, 49]
29:50:[29, 72, 75, 90, 87, 85, 50]
29:50:[29, 72, 75, 91, 87, 85, 50]
29:50:[29, 72, 75, 92, 87, 85, 50]
29:50:[29, 72, 76, 93, 88, 85, 50]
29:50:[29, 72, 76, 94, 88, 85, 50]
29:50:[29, 72, 76, 95, 88, 85, 50]
29:50:[29, 72, 77, 96, 89, 85, 50]
29:50:[29, 72, 77, 97, 89, 85, 50]
29:50:[29, 72, 77, 98, 89, 85, 50]
29:51:[29, 72, 75, 90, 87, 86, 51]
29:51:[29, 72, 75, 91, 87, 86, 51]
29:51:[29, 72, 75, 92, 87, 86, 51]
29:51:[29, 72, 76, 93, 88, 86, 51]
29:51:[29, 72, 76, 94, 88, 86, 51]
29:51:[29, 72, 76, 95, 88, 86, 51]
29:51:[29, 72, 77, 96, 89, 86, 51]
29:51:[29, 72, 77, 97, 89, 86, 51]
29:51:[29, 72, 77, 98, 89, 86, 51]
29:52:[29, 72, 75, 90, 87, 86, 52]
29:52:[29, 72, 75, 91, 87, 86, 52]
29:52:[29, 72, 75, 92, 87, 86, 52]
29:52:[29, 72, 76, 93, 88, 86, 52]
29:52:[29, 72, 76, 94, 88, 86, 52]
29:52:[29, 72, 76, 95, 88, 86, 52]
29:52:[29, 72, 77, 96, 89, 86, 52]
29:52:[29, 72, 77, 97, 89, 86, 52]
29:52:[29, 72, 77, 98, 89, 86, 52]
29:53:[29, 72, 75, 90, 87, 86, 53]
29:53:[29, 72, 75, 91, 87, 86, 53]
29:53:[29, 72, 75, 92, 87, 86, 53]
29:53:[29, 72, 76, 93, 88, 86, 53]
29:53:[29, 72, 76, 94, 88, 86, 53]
29:53:[29, 72, 76, 95, 88, 86, 53]
29:53:[29, 72, 77, 96, 89, 86, 53]
29:53:[29, 72, 77, 97, 89, 86, 53]
29:53:[29, 72, 77, 98, 89, 86, 53]
30:0:[30, 73, 75, 90, 57, 54, 0]
30:0:[30, 73, 75, 91, 57, 54, 0]
30:0:[30, 73, 75, 92, 57, 54, 0]
30:0:[30, 73, 76, 93, 58, 54, 0]
30:0:[30, 73, 76, 94, 58, 54, 0]
30:0:[30, 73, 76, 95, 58, 54, 0]
30:0:[30, 73, 77, 96, 59, 54, 0]
30:0:[30, 73, 77, 97, 59, 54, 0]
30:0:[30, 73, 77, 98, 59, 54, 0]
30:1:[30, 73, 75, 90, 57, 54, 1]
30:1:[30, 73, 75, 91, 57, 54, 1]
30:1:[30, 73, 75, 92, 57, 54, 1]
30:1:[30, 73, 76, 93, 58, 54, 1]
30:1:[30, 73, 76, 94, 58, 54, 1]
30:1:[30, 73, 76, 95, 58, 54, 1]
30:1:[30, 73, 77, 96, 59, 54, 1]
30:1:[30, 73, 77, 97, 59, 54, 1]
30:1:[30, 73, 77, 98, 59, 54, 1]
30:2:[30, 73, 75, 90, 57, 54, 2]
30:2:[30, 73, 75, 91, 57, 54, 2]
30:2:[30, 73, 75, 92, 57, 54, 2]
30:2:[30, 73, 76, 93, 58, 54, 2]
30:2:[30, 73, 76, 94, 58, 54, 2]
30:2:[30, 73, 76, 95, 58, 54, 2]
30:2:[30, 73, 77, 96, 59, 54, 2]
30:2:[30, 73, 77, 97, 59, 54, 2]
30:2:[30, 73, 77, 98, 59, 54, 2]
30:3:[30, 73, 75, 90, 57, 55, 3]
30:3:[30, 73, 75, 91, 57, 55, 3]
30:3:[30, 73, 75, 92, 57, 55, 3]
30:3:[30, 73, 76, 93, 58, 55, 3]
30:3:[30, 73, 76, 94, 58, 55, 3]
30:3:[30, 73, 76, 95, 58, 55, 3]
30:3:[30, 73, 77, 96, 59, 55, 3]
30:3:[30, 73, 77, 97, 59, 55, 3]
30:3:[30, 73, 77, 98, 59, 55, 3]
30:4:[30, 73, 75, 90, 57, 55, 4]
30:4:[30, 73, 75, 91, 57, 55, 4]
30:4:[30, 73, 75, 92, 57, 55, 4]
30:4:[30, 73, 76, 93, 58, 55, 4]
30:4:[30, 73, 76, 94, 58, 55, 4]
30:4:[30, 73, 76, 95, 58, 55, 4]
30:4:[30, 73, 77, 96, 59, 55, 4]
30:4:[30, 73, 77, 97, 59, 55, 4]
30:4:[30, 73, 77, 98, 59, 55, 4]
30:5:[30, 73, 75, 90, 57, 55, 5]
30:5:[30, 73, 75, 91, 57, 55, 5]
30:5:[30, 73, 75, 92, 57, 55, 5]
30:5:[30, 73, 76, 93, 58, 55, 5]
30:5:[30, 73, 76, 94, 58, 55, 5]
30:5:[30, 73, 76, 95, 58, 55, 5]
30:5:[30, 73, 77, 96, 59, 55, 5]
30:5:[30, 73, 77, 97, 59, 55, 5]
30:5:[30, 73, 77, 98, 59, 55, 5]
30:6:[30, 73, 75, 90, 57, 56, 6]
30:6:[30, 73, 75, 91, 57, 56, 6]
30:6:[30, 73, 75, 92, 57, 56, 6]
30:6:[30, 73, 76, 93, 58, 56, 6]
30:6:[30, 73, 76, 94, 58, 56, 6]
30:6:[30, 73, 76, 95, 58, 56, 6]
30:6:[30, 73, 77, 96, 59, 56, 6]
30:6:[30, 73, 77, 97, 59, 56, 6]
30:6:[30, 73, 77, 98, 59, 56, 6]
30:7:[30, 73, 75, 90, 57, 56, 7]
30:7:[30, 73, 75, 91, 57, 56, 7]
30:7:[30, 73, 75, 92, 57, 56, 7]
30:7:[30, 73, 76, 93, 58, 56, 7]
30:7:[30, 73, 76, 94, 58, 56, 7]
30:7:[30, 73, 76, 95, 58, 56, 7]
30:7:[30, 73, 77, 96, 59, 56, 7]
30:7:[30, 73, 77, 97, 59, 56, 7]
30:7:[30, 73, 77, 98, 59, 56, 7]
30:8:[30, 73, 75, 90, 57, 56, 8]
30:8:[30, 73, 75, 91, 57, 56, 8]
30:8:[30, 73, 75, 92, 57, 56, 8]
30:8:[30, 73, 76, 93, 58, 56, 8]
30:8:[30, 73, 76, 94, 58, 56, 8]
30:8:[30, 73, 76, 95, 58, 56, 8]
30:8:[30, 73, 77, 96, 59, 56, 8]
30:8:[30, 73, 77, 97, 59, 56, 8]
30:8:[30, 73, 77, 98, 59, 56, 8]
30:9:[30, 73, 75, 90, 63, 60, 9]
30:9:[30, 73, 75, 91, 63, 60, 9]
30:9:[30, 73, 75, 92, 63, 60, 9]
30:9:[30, 73, 76, 93, 64, 60, 9]
30:9:[30, 73, 76, 94, 64, 60, 9]
30:9:[30, 73, 76, 95, 64, 60, 9]
30:9:[30, 73, 77, 96, 65, 60, 9]
30:9:[30, 73, 77, 97, 65, 60, 9]
30:9:[30, 73, 77, 98, 65, 60, 9]
30:10:[30, 73, 75, 90, 63, 60, 10]
30:10:[30, 73, 75, 91, 63, 60, 10]
30:10:[30, 73, 75, 92, 63, 60, 10]
30:10:[30, 73, 76, 93, 64, 60, 10]
30:10:[30, 73, 76, 94, 64, 60, 10]
30:10:[30, 73, 76, 95, 64, 60, 10]
30:10:[30, 73, 77, 96, 65, 60, 10]
30:10:[30, 73, 77, 97, 65, 60, 10]
30:10:[30, 73, 77, 98, 65, 60, 10]
30:11:[30, 73, 75, 90, 63, 60, 11]
30:11:[30, 73, 75, 91, 63, 60, 11]
30:11:[30, 73, 75, 92, 63, 60, 11]
30:11:[30, 73, 76, 93, 64, 60, 11]
30:11:[30, 73, 76, 94, 64, 60, 11]
30:11:[30, 73, 76, 95, 64, 60, 11]
30:11:[30, 73, 77, 96, 65, 60, 11]
30:11:[30, 73, 77, 97, 65, 60, 11]
30:11:[30, 73, 77, 98, 65, 60, 11]
30:12:[30, 73, 75, 90, 63, 61, 12]
30:12:[30, 73, 75, 91, 63, 61, 12]
30:12:[30, 73, 75, 92, 63, 61, 12]
30:12:[30, 73, 76, 93, 64, 61, 12]
30:12:[30, 73, 76, 94, 64, 61, 12]
30:12:[30, 73, 76, 95, 64, 61, 12]
30:12:[30, 73, 77, 96, 65, 61, 12]
30:12:[30, 73, 77, 97, 65, 61, 12]
30:12:[30, 73, 77, 98, 65, 61, 12]
30:13:[30, 73, 75, 90, 63, 61, 13]
30:13:[30, 73, 75, 91, 63, 61, 13]
30:13:[30, 73, 75, 92, 63, 61, 13]
30:13:[30, 73, 76, 93, 64, 61, 13]
30:13:[30, 73, 76, 94, 64, 61, 13]
30:13:[30, 73, 76, 95, 64, 61, 13]
30:13:[30, 73, 77, 96, 65, 61, 13]
30:13:[30, 73, 77, 97, 65, 61, 13]
30:13:[30, 73, 77, 98, 65, 61, 13]
30:14:[30, 73, 75, 90, 63, 61, 14]
30:14:[30, 73, 75, 91, 63, 61, 14]
30:14:[30, 73, 75, 92, 63, 61, 14]
30:14:[30, 73, 76, 93, 64, 61, 14]
30:14:[30, 73, 76, 94, 64, 61, 14]
30:14:[30, 73, 76, 95, 64, 61, 14]
30:14:[30, 73, 77, 96, 65, 61, 14]
30:14:[30, 73, 77, 97, 65, 61, 14]
30:14:[30, 73, 77, 98, 65, 61, 14]
30:15:[30, 73, 75, 90, 63, 62, 15]
30:15:[30, 73, 75, 91, 63, 62, 15]
30:15:[30, 73, 75, 92, 63, 62, 15]
30:15:[30, 73, 76, 93, 64, 62, 15]
30:15:[30, 73, 76, 94, 64, 62, 15]
30:15:[30, 73, 76, 95, 64, 62, 15]
30:15:[30, 73, 77, 96, 65, 62, 15]
30:15:[30, 73, 77, 97, 65, 62, 15]
30:15:[30, 73, 77, 98, 65, 62, 15]
30:16:[30, 73, 75, 90, 63, 62, 16]
30:16:[30, 73, 75, 91, 63, 62, 16]
30:16:[30, 73, 75, 92, 63, 62, 16]
30:16:[30, 73, 76, 93, 64, 62, 16]
30:16:[30, 73, 76, 94, 64, 62, 16]
30:16:[30, 73, 76, 95, 64, 62, 16]
30:16:[30, 73, 77, 96, 65, 62, 16]
30:16:[30, 73, 77, 97, 65, 62, 16]
30:16:[30, 73, 77, 98, 65, 62, 16]
30:17:[30, 73, 75, 90, 63, 62, 17]
30:17:[30, 73, 75, 91, 63, 62, 17]
30:17:[30, 73, 75, 92, 63, 62, 17]
30:17:[30, 73, 76, 93, 64, 62, 17]
30:17:[30, 73, 76, 94, 64, 62, 17]
30:17:[30, 73, 76, 95, 64, 62, 17]
30:17:[30, 73, 77, 96, 65, 62, 17]
30:17:[30, 73, 77, 97, 65, 62, 17]
30:17:[30, 73, 77, 98, 65, 62, 17]
30:18:[30, 73, 75, 90, 69, 66, 18]
30:18:[30, 73, 75, 91, 69, 66, 18]
30:18:[30, 73, 75, 92, 69, 66, 18]
30:18:[30, 73, 76, 93, 70, 66, 18]
30:18:[30, 73, 76, 94, 70, 66, 18]
30:18:[30, 73, 76, 95, 70, 66, 18]
30:18:[30, 73, 77, 96, 71, 66, 18]
30:18:[30, 73, 77, 97, 71, 66, 18]
30:18:[30, 73, 77, 98, 71, 66, 18]
30:19:[30, 73, 75, 90, 69, 66, 19]
30:19:[30, 73, 75, 91, 69, 66, 19]
30:19:[30, 73, 75, 92, 69, 66, 19]
30:19:[30, 73, 76, 93, 70, 66, 19]
30:19:[30, 73, 76, 94, 70, 66, 19]
30:19:[30, 73, 76, 95, 70, 66, 19]
30:19:[30, 73, 77, 96, 71, 66, 19]
30:19:[30, 73, 77, 97, 71, 66, 19]
30:19:[30, 73, 77, 98, 71, 66, 19]
30:20:[30, 73, 75, 90, 69, 66, 20]
30:20:[30, 73, 75, 91, 69, 66, 20]
30:20:[30, 73, 75, 92, 69, 66, 20]
30:20:[30, 73, 76, 93, 70, 66, 20]
30:20:[30, 73, 76, 94, 70, 66, 20]
30:20:[30, 73, 76, 95, 70, 66, 20]
30:20:[30, 73, 77, 96, 71, 66, 20]
30:20:[30, 73, 77, 97, 71, 66, 20]
30:20:[30, 73, 77, 98, 71, 66, 20]
30:21:[30, 73, 75, 90, 69, 67, 21]
30:21:[30, 73, 75, 91, 69, 67, 21]
30:21:[30, 73, 75, 92, 69, 67, 21]
30:21:[30, 73, 76, 93, 70, 67, 21]
30:21:[30, 73, 76, 94, 70, 67, 21]
30:21:[30, 73, 76, 95, 70, 67, 21]
30:21:[30, 73, 77, 96, 71, 67, 21]
30:21:[30, 73, 77, 97, 71, 67, 21]
30:21:[30, 73, 77, 98, 71, 67, 21]
30:22:[30, 73, 75, 90, 69, 67, 22]
30:22:[30, 73, 75, 91, 69, 67, 22]
30:22:[30, 73, 75, 92, 69, 67, 22]
30:22:[30, 73, 76, 93, 70, 67, 22]
30:22:[30, 73, 76, 94, 70, 67, 22]
30:22:[30, 73, 76, 95, 70, 67, 22]
30:22:[30, 73, 77, 96, 71, 67, 22]
30:22:[30, 73, 77, 97, 71, 67, 22]
30:22:[30, 73, 77, 98, 71, 67, 22]
30:23:[30, 73, 75, 90, 69, 67, 23]
30:23:[30, 73, 75, 91, 69, 67, 23]
30:23:[30, 73, 75, 92, 69, 67, 23]
30:23:[30, 73, 76, 93, 70, 67, 23]
30:23:[30, 73, 76, 94, 70, 67, 23]
30:23:[30, 73, 76, 95, 70, 67, 23]
30:23:[30, 73, 77, 96, 71, 67, 23]
30:23:[30, 73, 77, 97, 71, 67, 23]
30:23:[30, 73, 77, 98, 71, 67, 23]
30:24:[30, 73, 75, 90, 69, 68, 24]
30:24:[30, 73, 75, 91, 69, 68, 24]
30:24:[30, 73, 75, 92, 69, 68, 24]
30:24:[30, 73, 76, 93, 70, 68, 24]
30:24:[30, 73, 76, 94, 70, 68, 24]
30:24:[30, 73, 76, 95, 70, 68, 24]
30:24:[30, 73, 77, 96, 71, 68, 24]
30:24:[30, 73, 77, 97, 71, 68, 24]
30:24:[30, 73, 77, 98, 71, 68, 24]
30:25:[30, 73, 75, 90, 69, 68, 25]
30:25:[30, 73, 75, 91, 69, 68, 25]
30:25:[30, 73, 75, 92, 69, 68, 25]
30:25:[30, 73, 76, 93, 70, 68, 25]
30:25:[30, 73, 76, 94, 70, 68, 25]
30:25:[30, 73, 76, 95, 70, 68, 25]
30:25:[30, 73, 77, 96, 71, 68, 25]
30:25:[30, 73, 77, 97, 71, 68, 25]
30:25:[30, 73, 77, 98, 71, 68, 25]
30:26:[30, 73, 75, 90, 69, 68, 26]
30:26:[30, 73, 75, 91, 69, 68, 26]
30:26:[30, 73, 75, 92, 69, 68, 26]
30:26:[30, 73, 76, 93, 70, 68, 26]
30:26:[30, 73, 76, 94, 70, 68, 26]
30:26:[30, 73, 76, 95, 70, 68, 26]
30:26:[30, 73, 77, 96, 71, 68, 26]
30:26:[30, 73, 77, 97, 71, 68, 26]
30:26:[30, 73, 77, 98, 71, 68, 26]
30:27:[30, 73, 75, 72, 27]
30:27:[30, 73, 76, 72, 27]
30:27:[30, 73, 77, 72, 27]
30:28:[30, 73, 75, 72, 28]
30:28:[30, 73, 76, 72, 28]
30:28:[30, 73, 77, 72, 28]
30:29:[30, 73, 75, 72, 29]
30:29:[30, 73, 76, 72, 29]
30:29:[30, 73, 77, 72, 29]
30:31:[30, 73, 31]
30:32:[30, 73, 32]
30:33:[30, 73, 75, 74, 33]
30:33:[30, 73, 76, 74, 33]
30:33:[30, 73, 77, 74, 33]
30:34:[30, 73, 75, 74, 34]
30:34:[30, 73, 76, 74, 34]
30:34:[30, 73, 77, 74, 34]
30:35:[30, 73, 75, 74, 35]
30:35:[30, 73, 76, 74, 35]
30:35:[30, 73, 77, 74, 35]
30:36:[30, 73, 75, 90, 81, 78, 36]
30:36:[30, 73, 75, 91, 81, 78, 36]
30:36:[30, 73, 75, 92, 81, 78, 36]
30:36:[30, 73, 76, 93, 82, 78, 36]
30:36:[30, 73, 76, 94, 82, 78, 36]
30:36:[30, 73, 76, 95, 82, 78, 36]
30:36:[30, 73, 77, 96, 83, 78, 36]
30:36:[30, 73, 77, 97, 83, 78, 36]
30:36:[30, 73, 77, 98, 83, 78, 36]
30:37:[30, 73, 75, 90, 81, 78, 37]
30:37:[30, 73, 75, 91, 81, 78, 37]
30:37:[30, 73, 75, 92, 81, 78, 37]
30:37:[30, 73, 76, 93, 82, 78, 37]
30:37:[30, 73, 76, 94, 82, 78, 37]
30:37:[30, 73, 76, 95, 82, 78, 37]
30:37:[30, 73, 77, 96, 83, 78, 37]
30:37:[30, 73, 77, 97, 83, 78, 37]
30:37:[30, 73, 77, 98, 83, 78, 37]
30:38:[30, 73, 75, 90, 81, 78, 38]
30:38:[30, 73, 75, 91, 81, 78, 38]
30:38:[30, 73, 75, 92, 81, 78, 38]
30:38:[30, 73, 76, 93, 82, 78, 38]
30:38:[30, 73, 76, 94, 82, 78, 38]
30:38:[30, 73, 76, 95, 82, 78, 38]
30:38:[30, 73, 77, 96, 83, 78, 38]
30:38:[30, 73, 77, 97, 83, 78, 38]
30:38:[30, 73, 77, 98, 83, 78, 38]
30:39:[30, 73, 75, 90, 81, 79, 39]
30:39:[30, 73, 75, 91, 81, 79, 39]
30:39:[30, 73, 75, 92, 81, 79, 39]
30:39:[30, 73, 76, 93, 82, 79, 39]
30:39:[30, 73, 76, 94, 82, 79, 39]
30:39:[30, 73, 76, 95, 82, 79, 39]
30:39:[30, 73, 77, 96, 83, 79, 39]
30:39:[30, 73, 77, 97, 83, 79, 39]
30:39:[30, 73, 77, 98, 83, 79, 39]
30:40:[30, 73, 75, 90, 81, 79, 40]
30:40:[30, 73, 75, 91, 81, 79, 40]
30:40:[30, 73, 75, 92, 81, 79, 40]
30:40:[30, 73, 76, 93, 82, 79, 40]
30:40:[30, 73, 76, 94, 82, 79, 40]
30:40:[30, 73, 76, 95, 82, 79, 40]
30:40:[30, 73, 77, 96, 83, 79, 40]
30:40:[30, 73, 77, 97, 83, 79, 40]
30:40:[30, 73, 77, 98, 83, 79, 40]
30:41:[30, 73, 75, 90, 81, 79, 41]
30:41:[30, 73, 75, 91, 81, 79, 41]
30:41:[30, 73, 75, 92, 81, 79, 41]
30:41:[30, 73, 76, 93, 82, 79, 41]
30:41:[30, 73, 76, 94, 82, 79, 41]
30:41:[30, 73, 76, 95, 82, 79, 41]
30:41:[30, 73, 77, 96, 83, 79, 41]
30:41:[30, 73, 77, 97, 83, 79, 41]
30:41:[30, 73, 77, 98, 83, 79, 41]
30:42:[30, 73, 75, 90, 81, 80, 42]
30:42:[30, 73, 75, 91, 81, 80, 42]
30:42:[30, 73, 75, 92, 81, 80, 42]
30:42:[30, 73, 76, 93, 82, 80, 42]
30:42:[30, 73, 76, 94, 82, 80, 42]
30:42:[30, 73, 76, 95, 82, 80, 42]
30:42:[30, 73, 77, 96, 83, 80, 42]
30:42:[30, 73, 77, 97, 83, 80, 42]
30:42:[30, 73, 77, 98, 83, 80, 42]
30:43:[30, 73, 75, 90, 81, 80, 43]
30:43:[30, 73, 75, 91, 81, 80, 43]
30:43:[30, 73, 75, 92, 81, 80, 43]
30:43:[30, 73, 76, 93, 82, 80, 43]
30:43:[30, 73, 76, 94, 82, 80, 43]
30:43:[30, 73, 76, 95, 82, 80, 43]
30:43:[30, 73, 77, 96, 83, 80, 43]
30:43:[30, 73, 77, 97, 83, 80, 43]
30:43:[30, 73, 77, 98, 83, 80, 43]
30:44:[30, 73, 75, 90, 81, 80, 44]
30:44:[30, 73, 75, 91, 81, 80, 44]
30:44:[30, 73, 75, 92, 81, 80, 44]
30:44:[30, 73, 76, 93, 82, 80, 44]
30:44:[30, 73, 76, 94, 82, 80, 44]
30:44:[30, 73, 76, 95, 82, 80, 44]
30:44:[30, 73, 77, 96, 83, 80, 44]
30:44:[30, 73, 77, 97, 83, 80, 44]
30:44:[30, 73, 77, 98, 83, 80, 44]
30:45:[30, 73, 75, 90, 87, 84, 45]
30:45:[30, 73, 75, 91, 87, 84, 45]
30:45:[30, 73, 75, 92, 87, 84, 45]
30:45:[30, 73, 76, 93, 88, 84, 45]
30:45:[30, 73, 76, 94, 88, 84, 45]
30:45:[30, 73, 76, 95, 88, 84, 45]
30:45:[30, 73, 77, 96, 89, 84, 45]
30:45:[30, 73, 77, 97, 89, 84, 45]
30:45:[30, 73, 77, 98, 89, 84, 45]
30:46:[30, 73, 75, 90, 87, 84, 46]
30:46:[30, 73, 75, 91, 87, 84, 46]
30:46:[30, 73, 75, 92, 87, 84, 46]
30:46:[30, 73, 76, 93, 88, 84, 46]
30:46:[30, 73, 76, 94, 88, 84, 46]
30:46:[30, 73, 76, 95, 88, 84, 46]
30:46:[30, 73, 77, 96, 89, 84, 46]
30:46:[30, 73, 77, 97, 89, 84, 46]
30:46:[30, 73, 77, 98, 89, 84, 46]
30:47:[30, 73, 75, 90, 87, 84, 47]
30:47:[30, 73, 75, 91, 87, 84, 47]
30:47:[30, 73, 75, 92, 87, 84, 47]
30:47:[30, 73, 76, 93, 88, 84, 47]
30:47:[30, 73, 76, 94, 88, 84, 47]
30:47:[30, 73, 76, 95, 88, 84, 47]
30:47:[30, 73, 77, 96, 89, 84, 47]
30:47:[30, 73, 77, 97, 89, 84, 47]
30:47:[30, 73, 77, 98, 89, 84, 47]
30:48:[30, 73, 75, 90, 87, 85, 48]
30:48:[30, 73, 75, 91, 87, 85, 48]
30:48:[30, 73, 75, 92, 87, 85, 48]
30:48:[30, 73, 76, 93, 88, 85, 48]
30:48:[30, 73, 76, 94, 88, 85, 48]
30:48:[30, 73, 76, 95, 88, 85, 48]
30:48:[30, 73, 77, 96, 89, 85, 48]
30:48:[30, 73, 77, 97, 89, 85, 48]
30:48:[30, 73, 77, 98, 89, 85, 48]
30:49:[30, 73, 75, 90, 87, 85, 49]
30:49:[30, 73, 75, 91, 87, 85, 49]
30:49:[30, 73, 75, 92, 87, 85, 49]
30:49:[30, 73, 76, 93, 88, 85, 49]
30:49:[30, 73, 76, 94, 88, 85, 49]
30:49:[30, 73, 76, 95, 88, 85, 49]
30:49:[30, 73, 77, 96, 89, 85, 49]
30:49:[30, 73, 77, 97, 89, 85, 49]
30:49:[30, 73, 77, 98, 89, 85, 49]
30:50:[30, 73, 75, 90, 87, 85, 50]
30:50:[30, 73, 75, 91, 87, 85, 50]
30:50:[30, 73, 75, 92, 87, 85, 50]
30:50:[30, 73, 76, 93, 88, 85, 50]
30:50:[30, 73, 76, 94, 88, 85, 50]
30:50:[30, 73, 76, 95, 88, 85, 50]
30:50:[30, 73, 77, 96, 89, 85, 50]
30:50:[30, 73, 77, 97, 89, 85, 50]
30:50:[30, 73, 77, 98, 89, 85, 50]
30:51:[30, 73, 75, 90, 87, 86, 51]
30:51:[30, 73, 75, 91, 87, 86, 51]
30:51:[30, 73, 75, 92, 87, 86, 51]
30:51:[30, 73, 76, 93, 88, 86, 51]
30:51:[30, 73, 76, 94, 88, 86, 51]
30:51:[30, 73, 76, 95, 88, 86, 51]
30:51:[30, 73, 77, 96, 89, 86, 51]
30:51:[30, 73, 77, 97, 89, 86, 51]
30:51:[30, 73, 77, 98, 89, 86, 51]
30:52:[30, 73, 75, 90, 87, 86, 52]
30:52:[30, 73, 75, 91, 87, 86, 52]
30:52:[30, 73, 75, 92, 87, 86, 52]
30:52:[30, 73, 76, 93, 88, 86, 52]
30:52:[30, 73, 76, 94, 88, 86, 52]
30:52:[30, 73, 76, 95, 88, 86, 52]
30:52:[30, 73, 77, 96, 89, 86, 52]
30:52:[30, 73, 77, 97, 89, 86, 52]
30:52:[30, 73, 77, 98, 89, 86, 52]
30:53:[30, 73, 75, 90, 87, 86, 53]
30:53:[30, 73, 75, 91, 87, 86, 53]
30:53:[30, 73, 75, 92, 87, 86, 53]
30:53:[30, 73, 76, 93, 88, 86, 53]
30:53:[30, 73, 76, 94, 88, 86, 53]
30:53:[30, 73, 76, 95, 88, 86, 53]
30:53:[30, 73, 77, 96, 89, 86, 53]
30:53:[30, 73, 77, 97, 89, 86, 53]
30:53:[30, 73, 77, 98, 89, 86, 53]
31:0:[31, 73, 75, 90, 57, 54, 0]
31:0:[31, 73, 75, 91, 57, 54, 0]
31:0:[31, 73, 75, 92, 57, 54, 0]
31:0:[31, 73, 76, 93, 58, 54, 0]
31:0:[31, 73, 76, 94, 58, 54, 0]
31:0:[31, 73, 76, 95, 58, 54, 0]
31:0:[31, 73, 77, 96, 59, 54, 0]
31:0:[31, 73, 77, 97, 59, 54, 0]
31:0:[31, 73, 77, 98, 59, 54, 0]
31:1:[31, 73, 75, 90, 57, 54, 1]
31:1:[31, 73, 75, 91, 57, 54, 1]
31:1:[31, 73, 75, 92, 57, 54, 1]
31:1:[31, 73, 76, 93, 58, 54, 1]
31:1:[31, 73, 76, 94, 58, 54, 1]
31:1:[31, 73, 76, 95, 58, 54, 1]
31:1:[31, 73, 77, 96, 59, 54, 1]
31:1:[31, 73, 77, 97, 59, 54, 1]
31:1:[31, 73, 77, 98, 59, 54, 1]
31:2:[31, 73, 75, 90, 57, 54, 2]
31:2:[31, 73, 75, 91, 57, 54, 2]
31:2:[31, 73, 75, 92, 57, 54, 2]
31:2:[31, 73, 76, 93, 58, 54, 2]
31:2:[31, 73, 76, 94, 58, 54, 2]
31:2:[31, 73, 76, 95, 58, 54, 2]
31:2:[31, 73, 77, 96, 59, 54, 2]
31:2:[31, 73, 77, 97, 59, 54, 2]
31:2:[31, 73, 77, 98, 59, 54, 2]
31:3:[31, 73, 75, 90, 57, 55, 3]
31:3:[31, 73, 75, 91, 57, 55, 3]
31:3:[31, 73, 75, 92, 57, 55, 3]
31:3:[31, 73, 76, 93, 58, 55, 3]
31:3:[31, 73, 76, 94, 58, 55, 3]
31:3:[31, 73, 76, 95, 58, 55, 3]
31:3:[31, 73, 77, 96, 59, 55, 3]
31:3:[31, 73, 77, 97, 59, 55, 3]
31:3:[31, 73, 77, 98, 59, 55, 3]
31:4:[31, 73, 75, 90, 57, 55, 4]
31:4:[31, 73, 75, 91, 57, 55, 4]
31:4:[31, 73, 75, 92, 57, 55, 4]
31:4:[31, 73, 76, 93, 58, 55, 4]
31:4:[31, 73, 76, 94, 58, 55, 4]
31:4:[31, 73, 76, 95, 58, 55, 4]
31:4:[31, 73, 77, 96, 59, 55, 4]
31:4:[31, 73, 77, 97, 59, 55, 4]
31:4:[31, 73, 77, 98, 59, 55, 4]
31:5:[31, 73, 75, 90, 57, 55, 5]
31:5:[31, 73, 75, 91, 57, 55, 5]
31:5:[31, 73, 75, 92, 57, 55, 5]
31:5:[31, 73, 76, 93, 58, 55, 5]
31:5:[31, 73, 76, 94, 58, 55, 5]
31:5:[31, 73, 76, 95, 58, 55, 5]
31:5:[31, 73, 77, 96, 59, 55, 5]
31:5:[31, 73, 77, 97, 59, 55, 5]
31:5:[31, 73, 77, 98, 59, 55, 5]
31:6:[31, 73, 75, 90, 57, 56, 6]
31:6:[31, 73, 75, 91, 57, 56, 6]
31:6:[31, 73, 75, 92, 57, 56, 6]
31:6:[31, 73, 76, 93, 58, 56, 6]
31:6:[31, 73, 76, 94, 58, 56, 6]
31:6:[31, 73, 76, 95, 58, 56, 6]
31:6:[31, 73, 77, 96, 59, 56, 6]
31:6:[31, 73, 77, 97, 59, 56, 6]
31:6:[31, 73, 77, 98, 59, 56, 6]
31:7:[31, 73, 75, 90, 57, 56, 7]
31:7:[31, 73, 75, 91, 57, 56, 7]
31:7:[31, 73, 75, 92, 57, 56, 7]
31:7:[31, 73, 76, 93, 58, 56, 7]
31:7:[31, 73, 76, 94, 58, 56, 7]
31:7:[31, 73, 76, 95, 58, 56, 7]
31:7:[31, 73, 77, 96, 59, 56, 7]
31:7:[31, 73, 77, 97, 59, 56, 7]
31:7:[31, 73, 77, 98, 59, 56, 7]
31:8:[31, 73, 75, 90, 57, 56, 8]
31:8:[31, 73, 75, 91, 57, 56, 8]
31:8:[31, 73, 75, 92, 57, 56, 8]
31:8:[31, 73, 76, 93, 58, 56, 8]
31:8:[31, 73, 76, 94, 58, 56, 8]
31:8:[31, 73, 76, 95, 58, 56, 8]
31:8:[31, 73, 77, 96, 59, 56, 8]
31:8:[31, 73, 77, 97, 59, 56, 8]
31:8:[31, 73, 77, 98, 59, 56, 8]
31:9:[31, 73, 75, 90, 63, 60, 9]
31:9:[31, 73, 75, 91, 63, 60, 9]
31:9:[31, 73, 75, 92, 63, 60, 9]
31:9:[31, 73, 76, 93, 64, 60, 9]
31:9:[31, 73, 76, 94, 64, 60, 9]
31:9:[31, 73, 76, 95, 64, 60, 9]
31:9:[31, 73, 77, 96, 65, 60, 9]
31:9:[31, 73, 77, 97, 65, 60, 9]
31:9:[31, 73, 77, 98, 65, 60, 9]
31:10:[31, 73, 75, 90, 63, 60, 10]
31:10:[31, 73, 75, 91, 63, 60, 10]
31:10:[31, 73, 75, 92, 63, 60, 10]
31:10:[31, 73, 76, 93, 64, 60, 10]
31:10:[31, 73, 76, 94, 64, 60, 10]
31:10:[31, 73, 76, 95, 64, 60, 10]
31:10:[31, 73, 77, 96, 65, 60, 10]
31:10:[31, 73, 77, 97, 65, 60, 10]
31:10:[31, 73, 77, 98, 65, 60, 10]
31:11:[31, 73, 75, 90, 63, 60, 11]
31:11:[31, 73, 75, 91, 63, 60, 11]
31:11:[31, 73, 75, 92, 63, 60, 11]
31:11:[31, 73, 76, 93, 64, 60, 11]
31:11:[31, 73, 76, 94, 64, 60, 11]
31:11:[31, 73, 76, 95, 64, 60, 11]
31:11:[31, 73, 77, 96, 65, 60, 11]
31:11:[31, 73, 77, 97, 65, 60, 11]
31:11:[31, 73, 77, 98, 65, 60, 11]
31:12:[31, 73, 75, 90, 63, 61, 12]
31:12:[31, 73, 75, 91, 63, 61, 12]
31:12:[31, 73, 75, 92, 63, 61, 12]
31:12:[31, 73, 76, 93, 64, 61, 12]
31:12:[31, 73, 76, 94, 64, 61, 12]
31:12:[31, 73, 76, 95, 64, 61, 12]
31:12:[31, 73, 77, 96, 65, 61, 12]
31:12:[31, 73, 77, 97, 65, 61, 12]
31:12:[31, 73, 77, 98, 65, 61, 12]
31:13:[31, 73, 75, 90, 63, 61, 13]
31:13:[31, 73, 75, 91, 63, 61, 13]
31:13:[31, 73, 75, 92, 63, 61, 13]
31:13:[31, 73, 76, 93, 64, 61, 13]
31:13:[31, 73, 76, 94, 64, 61, 13]
31:13:[31, 73, 76, 95, 64, 61, 13]
31:13:[31, 73, 77, 96, 65, 61, 13]
31:13:[31, 73, 77, 97, 65, 61, 13]
31:13:[31, 73, 77, 98, 65, 61, 13]
31:14:[31, 73, 75, 90, 63, 61, 14]
31:14:[31, 73, 75, 91, 63, 61, 14]
31:14:[31, 73, 75, 92, 63, 61, 14]
31:14:[31, 73, 76, 93, 64, 61, 14]
31:14:[31, 73, 76, 94, 64, 61, 14]
31:14:[31, 73, 76, 95, 64, 61, 14]
31:14:[31, 73, 77, 96, 65, 61, 14]
31:14:[31, 73, 77, 97, 65, 61, 14]
31:14:[31, 73, 77, 98, 65, 61, 14]
31:15:[31, 73, 75, 90, 63, 62, 15]
31:15:[31, 73, 75, 91, 63, 62, 15]
31:15:[31, 73, 75, 92, 63, 62, 15]
31:15:[31, 73, 76, 93, 64, 62, 15]
31:15:[31, 73, 76, 94, 64, 62, 15]
31:15:[31, 73, 76, 95, 64, 62, 15]
31:15:[31, 73, 77, 96, 65, 62, 15]
31:15:[31, 73, 77, 97, 65, 62, 15]
31:15:[31, 73, 77, 98, 65, 62, 15]
31:16:[31, 73, 75, 90, 63, 62, 16]
31:16:[31, 73, 75, 91, 63, 62, 16]
31:16:[31, 73, 75, 92, 63, 62, 16]
31:16:[31, 73, 76, 93, 64, 62, 16]
31:16:[31, 73, 76, 94, 64, 62, 16]
31:16:[31, 73, 76, 95, 64, 62, 16]
31:16:[31, 73, 77, 96, 65, 62, 16]
31:16:[31, 73, 77, 97, 65, 62, 16]
31:16:[31, 73, 77, 98, 65, 62, 16]
31:17:[31, 73, 75, 90, 63, 62, 17]
31:17:[31, 73, 75, 91, 63, 62, 17]
31:17:[31, 73, 75, 92, 63, 62, 17]
31:17:[31, 73, 76, 93, 64, 62, 17]
31:17:[31, 73, 76, 94, 64, 62, 17]
31:17:[31, 73, 76, 95, 64, 62, 17]
31:17:[31, 73, 77, 96, 65, 62, 17]
31:17:[31, 73, 77, 97, 65, 62, 17]
31:17:[31, 73, 77, 98, 65, 62, 17]
31:18:[31, 73, 75, 90, 69, 66, 18]
31:18:[31, 73, 75, 91, 69, 66, 18]
31:18:[31, 73, 75, 92, 69, 66, 18]
31:18:[31, 73, 76, 93, 70, 66, 18]
31:18:[31, 73, 76, 94, 70, 66, 18]
31:18:[31, 73, 76, 95, 70, 66, 18]
31:18:[31, 73, 77, 96, 71, 66, 18]
31:18:[31, 73, 77, 97, 71, 66, 18]
31:18:[31, 73, 77, 98, 71, 66, 18]
31:19:[31, 73, 75, 90, 69, 66, 19]
31:19:[31, 73, 75, 91, 69, 66, 19]
31:19:[31, 73, 75, 92, 69, 66, 19]
31:19:[31, 73, 76, 93, 70, 66, 19]
31:19:[31, 73, 76, 94, 70, 66, 19]
31:19:[31, 73, 76, 95, 70, 66, 19]
31:19:[31, 73, 77, 96, 71, 66, 19]
31:19:[31, 73, 77, 97, 71, 66, 19]
31:19:[31, 73, 77, 98, 71, 66, 19]
31:20:[31, 73, 75, 90, 69, 66, 20]
31:20:[31, 73, 75, 91, 69, 66, 20]
31:20:[31, 73, 75, 92, 69, 66, 20]
31:20:[31, 73, 76, 93, 70, 66, 20]
31:20:[31, 73, 76, 94, 70, 66, 20]
31:20:[31, 73, 76, 95, 70, 66, 20]
31:20:[31, 73, 77, 96, 71, 66, 20]
31:20:[31, 73, 77, 97, 71, 66, 20]
31:20:[31, 73, 77, 98, 71, 66, 20]
31:21:[31, 73, 75, 90, 69, 67, 21]
31:21:[31, 73, 75, 91, 69, 67, 21]
31:21:[31, 73, 75, 92, 69, 67, 21]
31:21:[31, 73, 76, 93, 70, 67, 21]
31:21:[31, 73, 76, 94, 70, 67, 21]
31:21:[31, 73, 76, 95, 70, 67, 21]
31:21:[31, 73, 77, 96, 71, 67, 21]
31:21:[31, 73, 77, 97, 71, 67, 21]
31:21:[31, 73, 77, 98, 71, 67, 21]
31:22:[31, 73, 75, 90, 69, 67, 22]
31:22:[31, 73, 75, 91, 69, 67, 22]
31:22:[31, 73, 75, 92, 69, 67, 22]
31:22:[31, 73, 76, 93, 70, 67, 22]
31:22:[31, 73, 76, 94, 70, 67, 22]
31:22:[31, 73, 76, 95, 70, 67, 22]
31:22:[31, 73, 77, 96, 71, 67, 22]
31:22:[31, 73, 77, 97, 71, 67, 22]
31:22:[31, 73, 77, 98, 71, 67, 22]
31:23:[31, 73, 75, 90, 69, 67, 23]
31:23:[31, 73, 75, 91, 69, 67, 23]
31:23:[31, 73, 75, 92, 69, 67, 23]
31:23:[31, 73, 76, 93, 70, 67, 23]
31:23:[31, 73, 76, 94, 70, 67, 23]
31:23:[31, 73, 76, 95, 70, 67, 23]
31:23:[31, 73, 77, 96, 71, 67, 23]
31:23:[31, 73, 77, 97, 71, 67, 23]
31:23:[31, 73, 77, 98, 71, 67, 23]
31:24:[31, 73, 75, 90, 69, 68, 24]
31:24:[31, 73, 75, 91, 69, 68, 24]
31:24:[31, 73, 75, 92, 69, 68, 24]
31:24:[31, 73, 76, 93, 70, 68, 24]
31:24:[31, 73, 76, 94, 70, 68, 24]
31:24:[31, 73, 76, 95, 70, 68, 24]
31:24:[31, 73, 77, 96, 71, 68, 24]
31:24:[31, 73, 77, 97, 71, 68, 24]
31:24:[31, 73, 77, 98, 71, 68, 24]
31:25:[31, 73, 75, 90, 69, 68, 25]
31:25:[31, 73, 75, 91, 69, 68, 25]
31:25:[31, 73, 75, 92, 69, 68, 25]
31:25:[31, 73, 76, 93, 70, 68, 25]
31:25:[31, 73, 76, 94, 70, 68, 25]
31:25:[31, 73, 76, 95, 70, 68, 25]
31:25:[31, 73, 77, 96, 71, 68, 25]
31:25:[31, 73, 77, 97, 71, 68, 25]
31:25:[31, 73, 77, 98, 71, 68, 25]
31:26:[31, 73, 75, 90, 69, 68, 26]
31:26:[31, 73, 75, 91, 69, 68, 26]
31:26:[31, 73, 75, 92, 69, 68, 26]
31:26:[31, 73, 76, 93, 70, 68, 26]
31:26:[31, 73, 76, 94, 70, 68, 26]
31:26:[31, 73, 76, 95, 70, 68, 26]
31:26:[31, 73, 77, 96, 71, 68, 26]
31:26:[31, 73, 77, 97, 71, 68, 26]
31:26:[31, 73, 77, 98, 71, 68, 26]
31:27:[31, 73, 75, 72, 27]
31:27:[31, 73, 76, 72, 27]
31:27:[31, 73, 77, 72, 27]
31:28:[31, 73, 75, 72, 28]
31:28:[31, 73, 76, 72, 28]
31:28:[31, 73, 77, 72, 28]
31:29:[31, 73, 75, 72, 29]
31:29:[31, 73, 76, 72, 29]
31:29:[31, 73, 77, 72, 29]
31:30:[31, 73, 30]
31:32:[31, 73, 32]
31:33:[31, 73, 75, 74, 33]
31:33:[31, 73, 76, 74, 33]
31:33:[31, 73, 77, 74, 33]
31:34:[31, 73, 75, 74, 34]
31:34:[31, 73, 76, 74, 34]
31:34:[31, 73, 77, 74, 34]
31:35:[31, 73, 75, 74, 35]
31:35:[31, 73, 76, 74, 35]
31:35:[31, 73, 77, 74, 35]
31:36:[31, 73, 75, 90, 81, 78, 36]
31:36:[31, 73, 75, 91, 81, 78, 36]
31:36:[31, 73, 75, 92, 81, 78, 36]
31:36:[31, 73, 76, 93, 82, 78, 36]
31:36:[31, 73, 76, 94, 82, 78, 36]
31:36:[31, 73, 76, 95, 82, 78, 36]
31:36:[31, 73, 77, 96, 83, 78, 36]
31:36:[31, 73, 77, 97, 83, 78, 36]
31:36:[31, 73, 77, 98, 83, 78, 36]
31:37:[31, 73, 75, 90, 81, 78, 37]
31:37:[31, 73, 75, 91, 81, 78, 37]
31:37:[31, 73, 75, 92, 81, 78, 37]
31:37:[31, 73, 76, 93, 82, 78, 37]
31:37:[31, 73, 76, 94, 82, 78, 37]
31:37:[31, 73, 76, 95, 82, 78, 37]
31:37:[31, 73, 77, 96, 83, 78, 37]
31:37:[31, 73, 77, 97, 83, 78, 37]
31:37:[31, 73, 77, 98, 83, 78, 37]
31:38:[31, 73, 75, 90, 81, 78, 38]
31:38:[31, 73, 75, 91, 81, 78, 38]
31:38:[31, 73, 75, 92, 81, 78, 38]
31:38:[31, 73, 76, 93, 82, 78, 38]
31:38:[31, 73, 76, 94, 82, 78, 38]
31:38:[31, 73, 76, 95, 82, 78, 38]
31:38:[31, 73, 77, 96, 83, 78, 38]
31:38:[31, 73, 77, 97, 83, 78, 38]
31:38:[31, 73, 77, 98, 83, 78, 38]
31:39:[31, 73, 75, 90, 81, 79, 39]
31:39:[31, 73, 75, 91, 81, 79, 39]
31:39:[31, 73, 75, 92, 81, 79, 39]
31:39:[31, 73, 76, 93, 82, 79, 39]
31:39:[31, 73, 76, 94, 82, 79, 39]
31:39:[31, 73, 76, 95, 82, 79, 39]
31:39:[31, 73, 77, 96, 83, 79, 39]
31:39:[31, 73, 77, 97, 83, 79, 39]
31:39:[31, 73, 77, 98, 83, 79, 39]
31:40:[31, 73, 75, 90, 81, 79, 40]
31:40:[31, 73, 75, 91, 81, 79, 40]
31:40:[31, 73, 75, 92, 81, 79, 40]
31:40:[31, 73, 76, 93, 82, 79, 40]
31:40:[31, 73, 76, 94, 82, 79, 40]
31:40:[31, 73, 76, 95, 82, 79, 40]
31:40:[31, 73, 77, 96, 83, 79, 40]
31:40:[31, 73, 77, 97, 83, 79, 40]
31:40:[31, 73, 77, 98, 83, 79, 40]
31:41:[31, 73, 75, 90, 81, 79, 41]
31:41:[31, 73, 75, 91, 81, 79, 41]
31:41:[31, 73, 75, 92, 81, 79, 41]
31:41:[31, 73, 76, 93, 82, 79, 41]
31:41:[31, 73, 76, 94, 82, 79, 41]
31:41:[31, 73, 76, 95, 82, 79, 41]
31:41:[31, 73, 77, 96, 83, 79, 41]
31:41:[31, 73, 77, 97, 83, 79, 41]
31:41:[31, 73, 77, 98, 83, 79, 41]
31:42:[31, 73, 75, 90, 81, 80, 42]
31:42:[31, 73, 75, 91, 81, 80, 42]
31:42:[31, 73, 75, 92, 81, 80, 42]
31:42:[31, 73, 76, 93, 82, 80, 42]
31:42:[31, 73, 76, 94, 82, 80, 42]
31:42:[31, 73, 76, 95, 82, 80, 42]
31:42:[31, 73, 77, 96, 83, 80, 42]
31:42:[31, 73, 77, 97, 83, 80, 42]
31:42:[31, 73, 77, 98, 83, 80, 42]
31:43:[31, 73, 75, 90, 81, 80, 43]
31:43:[31, 73, 75, 91, 81, 80, 43]
31:43:[31, 73, 75, 92, 81, 80, 43]
31:43:[31, 73, 76, 93, 82, 80, 43]
31:43:[31, 73, 76, 94, 82, 80, 43]
31:43:[31, 73, 76, 95, 82, 80, 43]
31:43:[31, 73, 77, 96, 83, 80, 43]
31:43:[31, 73, 77, 97, 83, 80, 43]
31:43:[31, 73, 77, 98, 83, 80, 43]
31:44:[31, 73, 75, 90, 81, 80, 44]
31:44:[31, 73, 75, 91, 81, 80, 44]
31:44:[31, 73, 75, 92, 81, 80, 44]
31:44:[31, 73, 76, 93, 82, 80, 44]
31:44:[31, 73, 76, 94, 82, 80, 44]
31:44:[31, 73, 76, 95, 82, 80, 44]
31:44:[31, 73, 77, 96, 83, 80, 44]
31:44:[31, 73, 77, 97, 83, 80, 44]
31:44:[31, 73, 77, 98, 83, 80, 44]
31:45:[31, 73, 75, 90, 87, 84, 45]
31:45:[31, 73, 75, 91, 87, 84, 45]
31:45:[31, 73, 75, 92, 87, 84, 45]
31:45:[31, 73, 76, 93, 88, 84, 45]
31:45:[31, 73, 76, 94, 88, 84, 45]
31:45:[31, 73, 76, 95, 88, 84, 45]
31:45:[31, 73, 77, 96, 89, 84, 45]
31:45:[31, 73, 77, 97, 89, 84, 45]
31:45:[31, 73, 77, 98, 89, 84, 45]
31:46:[31, 73, 75, 90, 87, 84, 46]
31:46:[31, 73, 75, 91, 87, 84, 46]
31:46:[31, 73, 75, 92, 87, 84, 46]
31:46:[31, 73, 76, 93, 88, 84, 46]
31:46:[31, 73, 76, 94, 88, 84, 46]
31:46:[31, 73, 76, 95, 88, 84, 46]
31:46:[31, 73, 77, 96, 89, 84, 46]
31:46:[31, 73, 77, 97, 89, 84, 46]
31:46:[31, 73, 77, 98, 89, 84, 46]
31:47:[31, 73, 75, 90, 87, 84, 47]
31:47:[31, 73, 75, 91, 87, 84, 47]
31:47:[31, 73, 75, 92, 87, 84, 47]
31:47:[31, 73, 76, 93, 88, 84, 47]
31:47:[31, 73, 76, 94, 88, 84, 47]
31:47:[31, 73, 76, 95, 88, 84, 47]
31:47:[31, 73, 77, 96, 89, 84, 47]
31:47:[31, 73, 77, 97, 89, 84, 47]
31:47:[31, 73, 77, 98, 89, 84, 47]
31:48:[31, 73, 75, 90, 87, 85, 48]
31:48:[31, 73, 75, 91, 87, 85, 48]
31:48:[31, 73, 75, 92, 87, 85, 48]
31:48:[31, 73, 76, 93, 88, 85, 48]
31:48:[31, 73, 76, 94, 88, 85, 48]
31:48:[31, 73, 76, 95, 88, 85, 48]
31:48:[31, 73, 77, 96, 89, 85, 48]
31:48:[31, 73, 77, 97, 89, 85, 48]
31:48:[31, 73, 77, 98, 89, 85, 48]
31:49:[31, 73, 75, 90, 87, 85, 49]
31:49:[31, 73, 75, 91, 87, 85, 49]
31:49:[31, 73, 75, 92, 87, 85, 49]
31:49:[31, 73, 76, 93, 88, 85, 49]
31:49:[31, 73, 76, 94, 88, 85, 49]
31:49:[31, 73, 76, 95, 88, 85, 49]
31:49:[31, 73, 77, 96, 89, 85, 49]
31:49:[31, 73, 77, 97, 89, 85, 49]
31:49:[31, 73, 77, 98, 89, 85, 49]
31:50:[31, 73, 75, 90, 87, 85, 50]
31:50:[31, 73, 75, 91, 87, 85, 50]
31:50:[31, 73, 75, 92, 87, 85, 50]
31:50:[31, 73, 76, 93, 88, 85, 50]
31:50:[31, 73, 76, 94, 88, 85, 50]
31:50:[31, 73, 76, 95, 88, 85, 50]
31:50:[31, 73, 77, 96, 89, 85, 50]
31:50:[31, 73, 77, 97, 89, 85, 50]
31:50:[31, 73, 77, 98, 89, 85, 50]
31:51:[31, 73, 75, 90, 87, 86, 51]
31:51:[31, 73, 75, 91, 87, 86, 51]
31:51:[31, 73, 75, 92, 87, 86, 51]
31:51:[31, 73, 76, 93, 88, 86, 51]
31:51:[31, 73, 76, 94, 88, 86, 51]
31:51:[31, 73, 76, 95, 88, 86, 51]
31:51:[31, 73, 77, 96, 89, 86, 51]
31:51:[31, 73, 77, 97, 89, 86, 51]
31:51:[31, 73, 77, 98, 89, 86, 51]
31:52:[31, 73, 75, 90, 87, 86, 52]
31:52:[31, 73, 75, 91, 87, 86, 52]
31:52:[31, 73, 75, 92, 87, 86, 52]
31:52:[31, 73, 76, 93, 88, 86, 52]
31:52:[31, 73, 76, 94, 88, 86, 52]
31:52:[31, 73, 76, 95, 88, 86, 52]
31:52:[31, 73, 77, 96, 89, 86, 52]
31:52:[31, 73, 77, 97, 89, 86, 52]
31:52:[31, 73, 77, 98, 89, 86, 52]
31:53:[31, 73, 75, 90, 87, 86, 53]
31:53:[31, 73, 75, 91, 87, 86, 53]
31:53:[31, 73, 75, 92, 87, 86, 53]
31:53:[31, 73, 76, 93, 88, 86, 53]
31:53:[31, 73, 76, 94, 88, 86, 53]
31:53:[31, 73, 76, 95, 88, 86, 53]
31:53:[31, 73, 77, 96, 89, 86, 53]
31:53:[31, 73, 77, 97, 89, 86, 53]
31:53:[31, 73, 77, 98, 89, 86, 53]
32:0:[32, 73, 75, 90, 57, 54, 0]
32:0:[32, 73, 75, 91, 57, 54, 0]
32:0:[32, 73, 75, 92, 57, 54, 0]
32:0:[32, 73, 76, 93, 58, 54, 0]
32:0:[32, 73, 76, 94, 58, 54, 0]
32:0:[32, 73, 76, 95, 58, 54, 0]
32:0:[32, 73, 77, 96, 59, 54, 0]
32:0:[32, 73, 77, 97, 59, 54, 0]
32:0:[32, 73, 77, 98, 59, 54, 0]
32:1:[32, 73, 75, 90, 57, 54, 1]
32:1:[32, 73, 75, 91, 57, 54, 1]
32:1:[32, 73, 75, 92, 57, 54, 1]
32:1:[32, 73, 76, 93, 58, 54, 1]
32:1:[32, 73, 76, 94, 58, 54, 1]
32:1:[32, 73, 76, 95, 58, 54, 1]
32:1:[32, 73, 77, 96, 59, 54, 1]
32:1:[32, 73, 77, 97, 59, 54, 1]
32:1:[32, 73, 77, 98, 59, 54, 1]
32:2:[32, 73, 75, 90, 57, 54, 2]
32:2:[32, 73, 75, 91, 57, 54, 2]
32:2:[32, 73, 75, 92, 57, 54, 2]
32:2:[32, 73, 76, 93, 58, 54, 2]
32:2:[32, 73, 76, 94, 58, 54, 2]
32:2:[32, 73, 76, 95, 58, 54, 2]
32:2:[32, 73, 77, 96, 59, 54, 2]
32:2:[32, 73, 77, 97, 59, 54, 2]
32:2:[32, 73, 77, 98, 59, 54, 2]
32:3:[32, 73, 75, 90, 57, 55, 3]
32:3:[32, 73, 75, 91, 57, 55, 3]
32:3:[32, 73, 75, 92, 57, 55, 3]
32:3:[32, 73, 76, 93, 58, 55, 3]
32:3:[32, 73, 76, 94, 58, 55, 3]
32:3:[32, 73, 76, 95, 58, 55, 3]
32:3:[32, 73, 77, 96, 59, 55, 3]
32:3:[32, 73, 77, 97, 59, 55, 3]
32:3:[32, 73, 77, 98, 59, 55, 3]
32:4:[32, 73, 75, 90, 57, 55, 4]
32:4:[32, 73, 75, 91, 57, 55, 4]
32:4:[32, 73, 75, 92, 57, 55, 4]
32:4:[32, 73, 76, 93, 58, 55, 4]
32:4:[32, 73, 76, 94, 58, 55, 4]
32:4:[32, 73, 76, 95, 58, 55, 4]
32:4:[32, 73, 77, 96, 59, 55, 4]
32:4:[32, 73, 77, 97, 59, 55, 4]
32:4:[32, 73, 77, 98, 59, 55, 4]
32:5:[32, 73, 75, 90, 57, 55, 5]
32:5:[32, 73, 75, 91, 57, 55, 5]
32:5:[32, 73, 75, 92, 57, 55, 5]
32:5:[32, 73, 76, 93, 58, 55, 5]
32:5:[32, 73, 76, 94, 58, 55, 5]
32:5:[32, 73, 76, 95, 58, 55, 5]
32:5:[32, 73, 77, 96, 59, 55, 5]
32:5:[32, 73, 77, 97, 59, 55, 5]
32:5:[32, 73, 77, 98, 59, 55, 5]
32:6:[32, 73, 75, 90, 57, 56, 6]
32:6:[32, 73, 75, 91, 57, 56, 6]
32:6:[32, 73, 75, 92, 57, 56, 6]
32:6:[32, 73, 76, 93, 58, 56, 6]
32:6:[32, 73, 76, 94, 58, 56, 6]
32:6:[32, 73, 76, 95, 58, 56, 6]
32:6:[32, 73, 77, 96, 59, 56, 6]
32:6:[32, 73, 77, 97, 59, 56, 6]
32:6:[32, 73, 77, 98, 59, 56, 6]
32:7:[32, 73, 75, 90, 57, 56, 7]
32:7:[32, 73, 75, 91, 57, 56, 7]
32:7:[32, 73, 75, 92, 57, 56, 7]
32:7:[32, 73, 76, 93, 58, 56, 7]
32:7:[32, 73, 76, 94, 58, 56, 7]
32:7:[32, 73, 76, 95, 58, 56, 7]
32:7:[32, 73, 77, 96, 59, 56, 7]
32:7:[32, 73, 77, 97, 59, 56, 7]
32:7:[32, 73, 77, 98, 59, 56, 7]
32:8:[32, 73, 75, 90, 57, 56, 8]
32:8:[32, 73, 75, 91, 57, 56, 8]
32:8:[32, 73, 75, 92, 57, 56, 8]
32:8:[32, 73, 76, 93, 58, 56, 8]
32:8:[32, 73, 76, 94, 58, 56, 8]
32:8:[32, 73, 76, 95, 58, 56, 8]
32:8:[32, 73, 77, 96, 59, 56, 8]
32:8:[32, 73, 77, 97, 59, 56, 8]
32:8:[32, 73, 77, 98, 59, 56, 8]
32:9:[32, 73, 75, 90, 63, 60, 9]
32:9:[32, 73, 75, 91, 63, 60, 9]
32:9:[32, 73, 75, 92, 63, 60, 9]
32:9:[32, 73, 76, 93, 64, 60, 9]
32:9:[32, 73, 76, 94, 64, 60, 9]
32:9:[32, 73, 76, 95, 64, 60, 9]
32:9:[32, 73, 77, 96, 65, 60, 9]
32:9:[32, 73, 77, 97, 65, 60, 9]
32:9:[32, 73, 77, 98, 65, 60, 9]
32:10:[32, 73, 75, 90, 63, 60, 10]
32:10:[32, 73, 75, 91, 63, 60, 10]
32:10:[32, 73, 75, 92, 63, 60, 10]
32:10:[32, 73, 76, 93, 64, 60, 10]
32:10:[32, 73, 76, 94, 64, 60, 10]
32:10:[32, 73, 76, 95, 64, 60, 10]
32:10:[32, 73, 77, 96, 65, 60, 10]
32:10:[32, 73, 77, 97, 65, 60, 10]
32:10:[32, 73, 77, 98, 65, 60, 10]
32:11:[32, 73, 75, 90, 63, 60, 11]
32:11:[32, 73, 75, 91, 63, 60, 11]
32:11:[32, 73, 75, 92, 63, 60, 11]
32:11:[32, 73, 76, 93, 64, 60, 11]
32:11:[32, 73, 76, 94, 64, 60, 11]
32:11:[32, 73, 76, 95, 64, 60, 11]
32:11:[32, 73, 77, 96, 65, 60, 11]
32:11:[32, 73, 77, 97, 65, 60, 11]
32:11:[32, 73, 77, 98, 65, 60, 11]
32:12:[32, 73, 75, 90, 63, 61, 12]
32:12:[32, 73, 75, 91, 63, 61, 12]
32:12:[32, 73, 75, 92, 63, 61, 12]
32:12:[32, 73, 76, 93, 64, 61, 12]
32:12:[32, 73, 76, 94, 64, 61, 12]
32:12:[32, 73, 76, 95, 64, 61, 12]
32:12:[32, 73, 77, 96, 65, 61, 12]
32:12:[32, 73, 77, 97, 65, 61, 12]
32:12:[32, 73, 77, 98, 65, 61, 12]
32:13:[32, 73, 75, 90, 63, 61, 13]
32:13:[32, 73, 75, 91, 63, 61, 13]
32:13:[32, 73, 75, 92, 63, 61, 13]
32:13:[32, 73, 76, 93, 64, 61, 13]
32:13:[32, 73, 76, 94, 64, 61, 13]
32:13:[32, 73, 76, 95, 64, 61, 13]
32:13:[32, 73, 77, 96, 65, 61, 13]
32:13:[32, 73, 77, 97, 65, 61, 13]
32:13:[32, 73, 77, 98, 65, 61, 13]
32:14:[32, 73, 75, 90, 63, 61, 14]
32:14:[32, 73, 75, 91, 63, 61, 14]
32:14:[32, 73, 75, 92, 63, 61, 14]
32:14:[32, 73, 76, 93, 64, 61, 14]
32:14:[32, 73, 76, 94, 64, 61, 14]
32:14:[32, 73, 76, 95, 64, 61, 14]
32:14:[32, 73, 77, 96, 65, 61, 14]
32:14:[32, 73, 77, 97, 65, 61, 14]
32:14:[32, 73, 77, 98, 65, 61, 14]
32:15:[32, 73, 75, 90, 63, 62, 15]
32:15:[32, 73, 75, 91, 63, 62, 15]
32:15:[32, 73, 75, 92, 63, 62, 15]
32:15:[32, 73, 76, 93, 64, 62, 15]
32:15:[32, 73, 76, 94, 64, 62, 15]
32:15:[32, 73, 76, 95, 64, 62, 15]
32:15:[32, 73, 77, 96, 65, 62, 15]
32:15:[32, 73, 77, 97, 65, 62, 15]
32:15:[32, 73, 77, 98, 65, 62, 15]
32:16:[32, 73, 75, 90, 63, 62, 16]
32:16:[32, 73, 75, 91, 63, 62, 16]
32:16:[32, 73, 75, 92, 63, 62, 16]
32:16:[32, 73, 76, 93, 64, 62, 16]
32:16:[32, 73, 76, 94, 64, 62, 16]
32:16:[32, 73, 76, 95, 64, 62, 16]
32:16:[32, 73, 77, 96, 65, 62, 16]
32:16:[32, 73, 77, 97, 65, 62, 16]
32:16:[32, 73, 77, 98, 65, 62, 16]
32:17:[32, 73, 75, 90, 63, 62, 17]
32:17:[32, 73, 75, 91, 63, 62, 17]
32:17:[32, 73, 75, 92, 63, 62, 17]
32:17:[32, 73, 76, 93, 64, 62, 17]
32:17:[32, 73, 76, 94, 64, 62, 17]
32:17:[32, 73, 76, 95, 64, 62, 17]
32:17:[32, 73, 77, 96, 65, 62, 17]
32:17:[32, 73, 77, 97, 65, 62, 17]
32:17:[32, 73, 77, 98, 65, 62, 17]
32:18:[32, 73, 75, 90, 69, 66, 18]
32:18:[32, 73, 75, 91, 69, 66, 18]
32:18:[32, 73, 75, 92, 69, 66, 18]
32:18:[32, 73, 76, 93, 70, 66, 18]
32:18:[32, 73, 76, 94, 70, 66, 18]
32:18:[32, 73, 76, 95, 70, 66, 18]
32:18:[32, 73, 77, 96, 71, 66, 18]
32:18:[32, 73, 77, 97, 71, 66, 18]
32:18:[32, 73, 77, 98, 71, 66, 18]
32:19:[32, 73, 75, 90, 69, 66, 19]
32:19:[32, 73, 75, 91, 69, 66, 19]
32:19:[32, 73, 75, 92, 69, 66, 19]
32:19:[32, 73, 76, 93, 70, 66, 19]
32:19:[32, 73, 76, 94, 70, 66, 19]
32:19:[32, 73, 76, 95, 70, 66, 19]
32:19:[32, 73, 77, 96, 71, 66, 19]
32:19:[32, 73, 77, 97, 71, 66, 19]
32:19:[32, 73, 77, 98, 71, 66, 19]
32:20:[32, 73, 75, 90, 69, 66, 20]
32:20:[32, 73, 75, 91, 69, 66, 20]
32:20:[32, 73, 75, 92, 69, 66, 20]
32:20:[32, 73, 76, 93, 70, 66, 20]
32:20:[32, 73, 76, 94, 70, 66, 20]
32:20:[32, 73, 76, 95, 70, 66, 20]
32:20:[32, 73, 77, 96, 71, 66, 20]
32:20:[32, 73, 77, 97, 71, 66, 20]
32:20:[32, 73, 77, 98, 71, 66, 20]
32:21:[32, 73, 75, 90, 69, 67, 21]
32:21:[32, 73, 75, 91, 69, 67, 21]
32:21:[32, 73, 75, 92, 69, 67, 21]
32:21:[32, 73, 76, 93, 70, 67, 21]
32:21:[32, 73, 76, 94, 70, 67, 21]
32:21:[32, 73, 76, 95, 70, 67, 21]
32:21:[32, 73, 77, 96, 71, 67, 21]
32:21:[32, 73, 77, 97, 71, 67, 21]
32:21:[32, 73, 77, 98, 71, 67, 21]
32:22:[32, 73, 75, 90, 69, 67, 22]
32:22:[32, 73, 75, 91, 69, 67, 22]
32:22:[32, 73, 75, 92, 69, 67, 22]
32:22:[32, 73, 76, 93, 70, 67, 22]
32:22:[32, 73, 76, 94, 70, 67, 22]
32:22:[32, 73, 76, 95, 70, 67, 22]
32:22:[32, 73, 77, 96, 71, 67, 22]
32:22:[32, 73, 77, 97, 71, 67, 22]
32:22:[32, 73, 77, 98, 71, 67, 22]
32:23:[32, 73, 75, 90, 69, 67, 23]
32:23:[32, 73, 75, 91, 69, 67, 23]
32:23:[32, 73, 75, 92, 69, 67, 23]
32:23:[32, 73, 76, 93, 70, 67, 23]
32:23:[32, 73, 76, 94, 70, 67, 23]
32:23:[32, 73, 76, 95, 70, 67, 23]
32:23:[32, 73, 77, 96, 71, 67, 23]
32:23:[32, 73, 77, 97, 71, 67, 23]
32:23:[32, 73, 77, 98, 71, 67, 23]
32:24:[32, 73, 75, 90, 69, 68, 24]
32:24:[32, 73, 75, 91, 69, 68, 24]
32:24:[32, 73, 75, 92, 69, 68, 24]
32:24:[32, 73, 76, 93, 70, 68, 24]
32:24:[32, 73, 76, 94, 70, 68, 24]
32:24:[32, 73, 76, 95, 70, 68, 24]
32:24:[32, 73, 77, 96, 71, 68, 24]
32:24:[32, 73, 77, 97, 71, 68, 24]
32:24:[32, 73, 77, 98, 71, 68, 24]
32:25:[32, 73, 75, 90, 69, 68, 25]
32:25:[32, 73, 75, 91, 69, 68, 25]
32:25:[32, 73, 75, 92, 69, 68, 25]
32:25:[32, 73, 76, 93, 70, 68, 25]
32:25:[32, 73, 76, 94, 70, 68, 25]
32:25:[32, 73, 76, 95, 70, 68, 25]
32:25:[32, 73, 77, 96, 71, 68, 25]
32:25:[32, 73, 77, 97, 71, 68, 25]
32:25:[32, 73, 77, 98, 71, 68, 25]
32:26:[32, 73, 75, 90, 69, 68, 26]
32:26:[32, 73, 75, 91, 69, 68, 26]
32:26:[32, 73, 75, 92, 69, 68, 26]
32:26:[32, 73, 76, 93, 70, 68, 26]
32:26:[32, 73, 76, 94, 70, 68, 26]
32:26:[32, 73, 76, 95, 70, 68, 26]
32:26:[32, 73, 77, 96, 71, 68, 26]
32:26:[32, 73, 77, 97, 71, 68, 26]
32:26:[32, 73, 77, 98, 71, 68, 26]
32:27:[32, 73, 75, 72, 27]
32:27:[32, 73, 76, 72, 27]
32:27:[32, 73, 77, 72, 27]
32:28:[32, 73, 75, 72, 28]
32:28:[32, 73, 76, 72, 28]
32:28:[32, 73, 77, 72, 28]
32:29:[32, 73, 75, 72, 29]
32:29:[32, 73, 76, 72, 29]
32:29:[32, 73, 77, 72, 29]
32:30:[32, 73, 30]
32:31:[32, 73, 31]
32:33:[32, 73, 75, 74, 33]
32:33:[32, 73, 76, 74, 33]
32:33:[32, 73, 77, 74, 33]
32:34:[32, 73, 75, 74, 34]
32:34:[32, 73, 76, 74, 34]
32:34:[32, 73, 77, 74, 34]
32:35:[32, 73, 75, 74, 35]
32:35:[32, 73, 76, 74, 35]
32:35:[32, 73, 77, 74, 35]
32:36:[32, 73, 75, 90, 81, 78, 36]
32:36:[32, 73, 75, 91, 81, 78, 36]
32:36:[32, 73, 75, 92, 81, 78, 36]
32:36:[32, 73, 76, 93, 82, 78, 36]
32:36:[32, 73, 76, 94, 82, 78, 36]
32:36:[32, 73, 76, 95, 82, 78, 36]
32:36:[32, 73, 77, 96, 83, 78, 36]
32:36:[32, 73, 77, 97, 83, 78, 36]
32:36:[32, 73, 77, 98, 83, 78, 36]
32:37:[32, 73, 75, 90, 81, 78, 37]
32:37:[32, 73, 75, 91, 81, 78, 37]
32:37:[32, 73, 75, 92, 81, 78, 37]
32:37:[32, 73, 76, 93, 82, 78, 37]
32:37:[32, 73, 76, 94, 82, 78, 37]
32:37:[32, 73, 76, 95, 82, 78, 37]
32:37:[32, 73, 77, 96, 83, 78, 37]
32:37:[32, 73, 77, 97, 83, 78, 37]
32:37:[32, 73, 77, 98, 83, 78, 37]
32:38:[32, 73, 75, 90, 81, 78, 38]
32:38:[32, 73, 75, 91, 81, 78, 38]
32:38:[32, 73, 75, 92, 81, 78, 38]
32:38:[32, 73, 76, 93, 82, 78, 38]
32:38:[32, 73, 76, 94, 82, 78, 38]
32:38:[32, 73, 76, 95, 82, 78, 38]
32:38:[32, 73, 77, 96, 83, 78, 38]
32:38:[32, 73, 77, 97, 83, 78, 38]
32:38:[32, 73, 77, 98, 83, 78, 38]
32:39:[32, 73, 75, 90, 81, 79, 39]
32:39:[32, 73, 75, 91, 81, 79, 39]
32:39:[32, 73, 75, 92, 81, 79, 39]
32:39:[32, 73, 76, 93, 82, 79, 39]
32:39:[32, 73, 76, 94, 82, 79, 39]
32:39:[32, 73, 76, 95, 82, 79, 39]
32:39:[32, 73, 77, 96, 83, 79, 39]
32:39:[32, 73, 77, 97, 83, 79, 39]
32:39:[32, 73, 77, 98, 83, 79, 39]
32:40:[32, 73, 75, 90, 81, 79, 40]
32:40:[32, 73, 75, 91, 81, 79, 40]
32:40:[32, 73, 75, 92, 81, 79, 40]
32:40:[32, 73, 76, 93, 82, 79, 40]
32:40:[32, 73, 76, 94, 82, 79, 40]
32:40:[32, 73, 76, 95, 82, 79, 40]
32:40:[32, 73, 77, 96, 83, 79, 40]
32:40:[32, 73, 77, 97, 83, 79, 40]
32:40:[32, 73, 77, 98, 83, 79, 40]
32:41:[32, 73, 75, 90, 81, 79, 41]
32:41:[32, 73, 75, 91, 81, 79, 41]
32:41:[32, 73, 75, 92, 81, 79, 41]
32:41:[32, 73, 76, 93, 82, 79, 41]
32:41:[32, 73, 76, 94, 82, 79, 41]
32:41:[32, 73, 76, 95, 82, 79, 41]
32:41:[32, 73, 77, 96, 83, 79, 41]
32:41:[32, 73, 77, 97, 83, 79, 41]
32:41:[32, 73, 77, 98, 83, 79, 41]
32:42:[32, 73, 75, 90, 81, 80, 42]
32:42:[32, 73, 75, 91, 81, 80, 42]
32:42:[32, 73, 75, 92, 81, 80, 42]
32:42:[32, 73, 76, 93, 82, 80, 42]
32:42:[32, 73, 76, 94, 82, 80, 42]
32:42:[32, 73, 76, 95, 82, 80, 42]
32:42:[32, 73, 77, 96, 83, 80, 42]
32:42:[32, 73, 77, 97, 83, 80, 42]
32:42:[32, 73, 77, 98, 83, 80, 42]
32:43:[32, 73, 75, 90, 81, 80, 43]
32:43:[32, 73, 75, 91, 81, 80, 43]
32:43:[32, 73, 75, 92, 81, 80, 43]
32:43:[32, 73, 76, 93, 82, 80, 43]
32:43:[32, 73, 76, 94, 82, 80, 43]
32:43:[32, 73, 76, 95, 82, 80, 43]
32:43:[32, 73, 77, 96, 83, 80, 43]
32:43:[32, 73, 77, 97, 83, 80, 43]
32:43:[32, 73, 77, 98, 83, 80, 43]
32:44:[32, 73, 75, 90, 81, 80, 44]
32:44:[32, 73, 75, 91, 81, 80, 44]
32:44:[32, 73, 75, 92, 81, 80, 44]
32:44:[32, 73, 76, 93, 82, 80, 44]
32:44:[32, 73, 76, 94, 82, 80, 44]
32:44:[32, 73, 76, 95, 82, 80, 44]
32:44:[32, 73, 77, 96, 83, 80, 44]
32:44:[32, 73, 77, 97, 83, 80, 44]
32:44:[32, 73, 77, 98, 83, 80, 44]
32:45:[32, 73, 75, 90, 87, 84, 45]
32:45:[32, 73, 75, 91, 87, 84, 45]
32:45:[32, 73, 75, 92, 87, 84, 45]
32:45:[32, 73, 76, 93, 88, 84, 45]
32:45:[32, 73, 76, 94, 88, 84, 45]
32:45:[32, 73, 76, 95, 88, 84, 45]
32:45:[32, 73, 77, 96, 89, 84, 45]
32:45:[32, 73, 77, 97, 89, 84, 45]
32:45:[32, 73, 77, 98, 89, 84, 45]
32:46:[32, 73, 75, 90, 87, 84, 46]
32:46:[32, 73, 75, 91, 87, 84, 46]
32:46:[32, 73, 75, 92, 87, 84, 46]
32:46:[32, 73, 76, 93, 88, 84, 46]
32:46:[32, 73, 76, 94, 88, 84, 46]
32:46:[32, 73, 76, 95, 88, 84, 46]
32:46:[32, 73, 77, 96, 89, 84, 46]
32:46:[32, 73, 77, 97, 89, 84, 46]
32:46:[32, 73, 77, 98, 89, 84, 46]
32:47:[32, 73, 75, 90, 87, 84, 47]
32:47:[32, 73, 75, 91, 87, 84, 47]
32:47:[32, 73, 75, 92, 87, 84, 47]
32:47:[32, 73, 76, 93, 88, 84, 47]
32:47:[32, 73, 76, 94, 88, 84, 47]
32:47:[32, 73, 76, 95, 88, 84, 47]
32:47:[32, 73, 77, 96, 89, 84, 47]
32:47:[32, 73, 77, 97, 89, 84, 47]
32:47:[32, 73, 77, 98, 89, 84, 47]
32:48:[32, 73, 75, 90, 87, 85, 48]
32:48:[32, 73, 75, 91, 87, 85, 48]
32:48:[32, 73, 75, 92, 87, 85, 48]
32:48:[32, 73, 76, 93, 88, 85, 48]
32:48:[32, 73, 76, 94, 88, 85, 48]
32:48:[32, 73, 76, 95, 88, 85, 48]
32:48:[32, 73, 77, 96, 89, 85, 48]
32:48:[32, 73, 77, 97, 89, 85, 48]
32:48:[32, 73, 77, 98, 89, 85, 48]
32:49:[32, 73, 75, 90, 87, 85, 49]
32:49:[32, 73, 75, 91, 87, 85, 49]
32:49:[32, 73, 75, 92, 87, 85, 49]
32:49:[32, 73, 76, 93, 88, 85, 49]
32:49:[32, 73, 76, 94, 88, 85, 49]
32:49:[32, 73, 76, 95, 88, 85, 49]
32:49:[32, 73, 77, 96, 89, 85, 49]
32:49:[32, 73, 77, 97, 89, 85, 49]
32:49:[32, 73, 77, 98, 89, 85, 49]
32:50:[32, 73, 75, 90, 87, 85, 50]
32:50:[32, 73, 75, 91, 87, 85, 50]
32:50:[32, 73, 75, 92, 87, 85, 50]
32:50:[32, 73, 76, 93, 88, 85, 50]
32:50:[32, 73, 76, 94, 88, 85, 50]
32:50:[32, 73, 76, 95, 88, 85, 50]
32:50:[32, 73, 77, 96, 89, 85, 50]
32:50:[32, 73, 77, 97, 89, 85, 50]
32:50:[32, 73, 77, 98, 89, 85, 50]
32:51:[32, 73, 75, 90, 87, 86, 51]
32:51:[32, 73, 75, 91, 87, 86, 51]
32:51:[32, 73, 75, 92, 87, 86, 51]
32:51:[32, 73, 76, 93, 88, 86, 51]
32:51:[32, 73, 76, 94, 88, 86, 51]
32:51:[32, 73, 76, 95, 88, 86, 51]
32:51:[32, 73, 77, 96, 89, 86, 51]
32:51:[32, 73, 77, 97, 89, 86, 51]
32:51:[32, 73, 77, 98, 89, 86, 51]
32:52:[32, 73, 75, 90, 87, 86, 52]
32:52:[32, 73, 75, 91, 87, 86, 52]
32:52:[32, 73, 75, 92, 87, 86, 52]
32:52:[32, 73, 76, 93, 88, 86, 52]
32:52:[32, 73, 76, 94, 88, 86, 52]
32:52:[32, 73, 76, 95, 88, 86, 52]
32:52:[32, 73, 77, 96, 89, 86, 52]
32:52:[32, 73, 77, 97, 89, 86, 52]
32:52:[32, 73, 77, 98, 89, 86, 52]
32:53:[32, 73, 75, 90, 87, 86, 53]
32:53:[32, 73, 75, 91, 87, 86, 53]
32:53:[32, 73, 75, 92, 87, 86, 53]
32:53:[32, 73, 76, 93, 88, 86, 53]
32:53:[32, 73, 76, 94, 88, 86, 53]
32:53:[32, 73, 76, 95, 88, 86, 53]
32:53:[32, 73, 77, 96, 89, 86, 53]
32:53:[32, 73, 77, 97, 89, 86, 53]
32:53:[32, 73, 77, 98, 89, 86, 53]
33:0:[33, 74, 75, 90, 57, 54, 0]
33:0:[33, 74, 75, 91, 57, 54, 0]
33:0:[33, 74, 75, 92, 57, 54, 0]
33:0:[33, 74, 76, 93, 58, 54, 0]
33:0:[33, 74, 76, 94, 58, 54, 0]
33:0:[33, 74, 76, 95, 58, 54, 0]
33:0:[33, 74, 77, 96, 59, 54, 0]
33:0:[33, 74, 77, 97, 59, 54, 0]
33:0:[33, 74, 77, 98, 59, 54, 0]
33:1:[33, 74, 75, 90, 57, 54, 1]
33:1:[33, 74, 75, 91, 57, 54, 1]
33:1:[33, 74, 75, 92, 57, 54, 1]
33:1:[33, 74, 76, 93, 58, 54, 1]
33:1:[33, 74, 76, 94, 58, 54, 1]
33:1:[33, 74, 76, 95, 58, 54, 1]
33:1:[33, 74, 77, 96, 59, 54, 1]
33:1:[33, 74, 77, 97, 59, 54, 1]
33:1:[33, 74, 77, 98, 59, 54, 1]
33:2:[33, 74, 75, 90, 57, 54, 2]
33:2:[33, 74, 75, 91, 57, 54, 2]
33:2:[33, 74, 75, 92, 57, 54, 2]
33:2:[33, 74, 76, 93, 58, 54, 2]
33:2:[33, 74, 76, 94, 58, 54, 2]
33:2:[33, 74, 76, 95, 58, 54, 2]
33:2:[33, 74, 77, 96, 59, 54, 2]
33:2:[33, 74, 77, 97, 59, 54, 2]
33:2:[33, 74, 77, 98, 59, 54, 2]
33:3:[33, 74, 75, 90, 57, 55, 3]
33:3:[33, 74, 75, 91, 57, 55, 3]
33:3:[33, 74, 75, 92, 57, 55, 3]
33:3:[33, 74, 76, 93, 58, 55, 3]
33:3:[33, 74, 76, 94, 58, 55, 3]
33:3:[33, 74, 76, 95, 58, 55, 3]
33:3:[33, 74, 77, 96, 59, 55, 3]
33:3:[33, 74, 77, 97, 59, 55, 3]
33:3:[33, 74, 77, 98, 59, 55, 3]
33:4:[33, 74, 75, 90, 57, 55, 4]
33:4:[33, 74, 75, 91, 57, 55, 4]
33:4:[33, 74, 75, 92, 57, 55, 4]
33:4:[33, 74, 76, 93, 58, 55, 4]
33:4:[33, 74, 76, 94, 58, 55, 4]
33:4:[33, 74, 76, 95, 58, 55, 4]
33:4:[33, 74, 77, 96, 59, 55, 4]
33:4:[33, 74, 77, 97, 59, 55, 4]
33:4:[33, 74, 77, 98, 59, 55, 4]
33:5:[33, 74, 75, 90, 57, 55, 5]
33:5:[33, 74, 75, 91, 57, 55, 5]
33:5:[33, 74, 75, 92, 57, 55, 5]
33:5:[33, 74, 76, 93, 58, 55, 5]
33:5:[33, 74, 76, 94, 58, 55, 5]
33:5:[33, 74, 76, 95, 58, 55, 5]
33:5:[33, 74, 77, 96, 59, 55, 5]
33:5:[33, 74, 77, 97, 59, 55, 5]
33:5:[33, 74, 77, 98, 59, 55, 5]
33:6:[33, 74, 75, 90, 57, 56, 6]
33:6:[33, 74, 75, 91, 57, 56, 6]
33:6:[33, 74, 75, 92, 57, 56, 6]
33:6:[33, 74, 76, 93, 58, 56, 6]
33:6:[33, 74, 76, 94, 58, 56, 6]
33:6:[33, 74, 76, 95, 58, 56, 6]
33:6:[33, 74, 77, 96, 59, 56, 6]
33:6:[33, 74, 77, 97, 59, 56, 6]
33:6:[33, 74, 77, 98, 59, 56, 6]
33:7:[33, 74, 75, 90, 57, 56, 7]
33:7:[33, 74, 75, 91, 57, 56, 7]
33:7:[33, 74, 75, 92, 57, 56, 7]
33:7:[33, 74, 76, 93, 58, 56, 7]
33:7:[33, 74, 76, 94, 58, 56, 7]
33:7:[33, 74, 76, 95, 58, 56, 7]
33:7:[33, 74, 77, 96, 59, 56, 7]
33:7:[33, 74, 77, 97, 59, 56, 7]
33:7:[33, 74, 77, 98, 59, 56, 7]
33:8:[33, 74, 75, 90, 57, 56, 8]
33:8:[33, 74, 75, 91, 57, 56, 8]
33:8:[33, 74, 75, 92, 57, 56, 8]
33:8:[33, 74, 76, 93, 58, 56, 8]
33:8:[33, 74, 76, 94, 58, 56, 8]
33:8:[33, 74, 76, 95, 58, 56, 8]
33:8:[33, 74, 77, 96, 59, 56, 8]
33:8:[33, 74, 77, 97, 59, 56, 8]
33:8:[33, 74, 77, 98, 59, 56, 8]
33:9:[33, 74, 75, 90, 63, 60, 9]
33:9:[33, 74, 75, 91, 63, 60, 9]
33:9:[33, 74, 75, 92, 63, 60, 9]
33:9:[33, 74, 76, 93, 64, 60, 9]
33:9:[33, 74, 76, 94, 64, 60, 9]
33:9:[33, 74, 76, 95, 64, 60, 9]
33:9:[33, 74, 77, 96, 65, 60, 9]
33:9:[33, 74, 77, 97, 65, 60, 9]
33:9:[33, 74, 77, 98, 65, 60, 9]
33:10:[33, 74, 75, 90, 63, 60, 10]
33:10:[33, 74, 75, 91, 63, 60, 10]
33:10:[33, 74, 75, 92, 63, 60, 10]
33:10:[33, 74, 76, 93, 64, 60, 10]
33:10:[33, 74, 76, 94, 64, 60, 10]
33:10:[33, 74, 76, 95, 64, 60, 10]
33:10:[33, 74, 77, 96, 65, 60, 10]
33:10:[33, 74, 77, 97, 65, 60, 10]
33:10:[33, 74, 77, 98, 65, 60, 10]
33:11:[33, 74, 75, 90, 63, 60, 11]
33:11:[33, 74, 75, 91, 63, 60, 11]
33:11:[33, 74, 75, 92, 63, 60, 11]
33:11:[33, 74, 76, 93, 64, 60, 11]
33:11:[33, 74, 76, 94, 64, 60, 11]
33:11:[33, 74, 76, 95, 64, 60, 11]
33:11:[33, 74, 77, 96, 65, 60, 11]
33:11:[33, 74, 77, 97, 65, 60, 11]
33:11:[33, 74, 77, 98, 65, 60, 11]
33:12:[33, 74, 75, 90, 63, 61, 12]
33:12:[33, 74, 75, 91, 63, 61, 12]
33:12:[33, 74, 75, 92, 63, 61, 12]
33:12:[33, 74, 76, 93, 64, 61, 12]
33:12:[33, 74, 76, 94, 64, 61, 12]
33:12:[33, 74, 76, 95, 64, 61, 12]
33:12:[33, 74, 77, 96, 65, 61, 12]
33:12:[33, 74, 77, 97, 65, 61, 12]
33:12:[33, 74, 77, 98, 65, 61, 12]
33:13:[33, 74, 75, 90, 63, 61, 13]
33:13:[33, 74, 75, 91, 63, 61, 13]
33:13:[33, 74, 75, 92, 63, 61, 13]
33:13:[33, 74, 76, 93, 64, 61, 13]
33:13:[33, 74, 76, 94, 64, 61, 13]
33:13:[33, 74, 76, 95, 64, 61, 13]
33:13:[33, 74, 77, 96, 65, 61, 13]
33:13:[33, 74, 77, 97, 65, 61, 13]
33:13:[33, 74, 77, 98, 65, 61, 13]
33:14:[33, 74, 75, 90, 63, 61, 14]
33:14:[33, 74, 75, 91, 63, 61, 14]
33:14:[33, 74, 75, 92, 63, 61, 14]
33:14:[33, 74, 76, 93, 64, 61, 14]
33:14:[33, 74, 76, 94, 64, 61, 14]
33:14:[33, 74, 76, 95, 64, 61, 14]
33:14:[33, 74, 77, 96, 65, 61, 14]
33:14:[33, 74, 77, 97, 65, 61, 14]
33:14:[33, 74, 77, 98, 65, 61, 14]
33:15:[33, 74, 75, 90, 63, 62, 15]
33:15:[33, 74, 75, 91, 63, 62, 15]
33:15:[33, 74, 75, 92, 63, 62, 15]
33:15:[33, 74, 76, 93, 64, 62, 15]
33:15:[33, 74, 76, 94, 64, 62, 15]
33:15:[33, 74, 76, 95, 64, 62, 15]
33:15:[33, 74, 77, 96, 65, 62, 15]
33:15:[33, 74, 77, 97, 65, 62, 15]
33:15:[33, 74, 77, 98, 65, 62, 15]
33:16:[33, 74, 75, 90, 63, 62, 16]
33:16:[33, 74, 75, 91, 63, 62, 16]
33:16:[33, 74, 75, 92, 63, 62, 16]
33:16:[33, 74, 76, 93, 64, 62, 16]
33:16:[33, 74, 76, 94, 64, 62, 16]
33:16:[33, 74, 76, 95, 64, 62, 16]
33:16:[33, 74, 77, 96, 65, 62, 16]
33:16:[33, 74, 77, 97, 65, 62, 16]
33:16:[33, 74, 77, 98, 65, 62, 16]
33:17:[33, 74, 75, 90, 63, 62, 17]
33:17:[33, 74, 75, 91, 63, 62, 17]
33:17:[33, 74, 75, 92, 63, 62, 17]
33:17:[33, 74, 76, 93, 64, 62, 17]
33:17:[33, 74, 76, 94, 64, 62, 17]
33:17:[33, 74, 76, 95, 64, 62, 17]
33:17:[33, 74, 77, 96, 65, 62, 17]
33:17:[33, 74, 77, 97, 65, 62, 17]
33:17:[33, 74, 77, 98, 65, 62, 17]
33:18:[33, 74, 75, 90, 69, 66, 18]
33:18:[33, 74, 75, 91, 69, 66, 18]
33:18:[33, 74, 75, 92, 69, 66, 18]
33:18:[33, 74, 76, 93, 70, 66, 18]
33:18:[33, 74, 76, 94, 70, 66, 18]
33:18:[33, 74, 76, 95, 70, 66, 18]
33:18:[33, 74, 77, 96, 71, 66, 18]
33:18:[33, 74, 77, 97, 71, 66, 18]
33:18:[33, 74, 77, 98, 71, 66, 18]
33:19:[33, 74, 75, 90, 69, 66, 19]
33:19:[33, 74, 75, 91, 69, 66, 19]
33:19:[33, 74, 75, 92, 69, 66, 19]
33:19:[33, 74, 76, 93, 70, 66, 19]
33:19:[33, 74, 76, 94, 70, 66, 19]
33:19:[33, 74, 76, 95, 70, 66, 19]
33:19:[33, 74, 77, 96, 71, 66, 19]
33:19:[33, 74, 77, 97, 71, 66, 19]
33:19:[33, 74, 77, 98, 71, 66, 19]
33:20:[33, 74, 75, 90, 69, 66, 20]
33:20:[33, 74, 75, 91, 69, 66, 20]
33:20:[33, 74, 75, 92, 69, 66, 20]
33:20:[33, 74, 76, 93, 70, 66, 20]
33:20:[33, 74, 76, 94, 70, 66, 20]
33:20:[33, 74, 76, 95, 70, 66, 20]
33:20:[33, 74, 77, 96, 71, 66, 20]
33:20:[33, 74, 77, 97, 71, 66, 20]
33:20:[33, 74, 77, 98, 71, 66, 20]
33:21:[33, 74, 75, 90, 69, 67, 21]
33:21:[33, 74, 75, 91, 69, 67, 21]
33:21:[33, 74, 75, 92, 69, 67, 21]
33:21:[33, 74, 76, 93, 70, 67, 21]
33:21:[33, 74, 76, 94, 70, 67, 21]
33:21:[33, 74, 76, 95, 70, 67, 21]
33:21:[33, 74, 77, 96, 71, 67, 21]
33:21:[33, 74, 77, 97, 71, 67, 21]
33:21:[33, 74, 77, 98, 71, 67, 21]
33:22:[33, 74, 75, 90, 69, 67, 22]
33:22:[33, 74, 75, 91, 69, 67, 22]
33:22:[33, 74, 75, 92, 69, 67, 22]
33:22:[33, 74, 76, 93, 70, 67, 22]
33:22:[33, 74, 76, 94, 70, 67, 22]
33:22:[33, 74, 76, 95, 70, 67, 22]
33:22:[33, 74, 77, 96, 71, 67, 22]
33:22:[33, 74, 77, 97, 71, 67, 22]
33:22:[33, 74, 77, 98, 71, 67, 22]
33:23:[33, 74, 75, 90, 69, 67, 23]
33:23:[33, 74, 75, 91, 69, 67, 23]
33:23:[33, 74, 75, 92, 69, 67, 23]
33:23:[33, 74, 76, 93, 70, 67, 23]
33:23:[33, 74, 76, 94, 70, 67, 23]
33:23:[33, 74, 76, 95, 70, 67, 23]
33:23:[33, 74, 77, 96, 71, 67, 23]
33:23:[33, 74, 77, 97, 71, 67, 23]
33:23:[33, 74, 77, 98, 71, 67, 23]
33:24:[33, 74, 75, 90, 69, 68, 24]
33:24:[33, 74, 75, 91, 69, 68, 24]
33:24:[33, 74, 75, 92, 69, 68, 24]
33:24:[33, 74, 76, 93, 70, 68, 24]
33:24:[33, 74, 76, 94, 70, 68, 24]
33:24:[33, 74, 76, 95, 70, 68, 24]
33:24:[33, 74, 77, 96, 71, 68, 24]
33:24:[33, 74, 77, 97, 71, 68, 24]
33:24:[33, 74, 77, 98, 71, 68, 24]
33:25:[33, 74, 75, 90, 69, 68, 25]
33:25:[33, 74, 75, 91, 69, 68, 25]
33:25:[33, 74, 75, 92, 69, 68, 25]
33:25:[33, 74, 76, 93, 70, 68, 25]
33:25:[33, 74, 76, 94, 70, 68, 25]
33:25:[33, 74, 76, 95, 70, 68, 25]
33:25:[33, 74, 77, 96, 71, 68, 25]
33:25:[33, 74, 77, 97, 71, 68, 25]
33:25:[33, 74, 77, 98, 71, 68, 25]
33:26:[33, 74, 75, 90, 69, 68, 26]
33:26:[33, 74, 75, 91, 69, 68, 26]
33:26:[33, 74, 75, 92, 69, 68, 26]
33:26:[33, 74, 76, 93, 70, 68, 26]
33:26:[33, 74, 76, 94, 70, 68, 26]
33:26:[33, 74, 76, 95, 70, 68, 26]
33:26:[33, 74, 77, 96, 71, 68, 26]
33:26:[33, 74, 77, 97, 71, 68, 26]
33:26:[33, 74, 77, 98, 71, 68, 26]
33:27:[33, 74, 75, 72, 27]
33:27:[33, 74, 76, 72, 27]
33:27:[33, 74, 77, 72, 27]
33:28:[33, 74, 75, 72, 28]
33:28:[33, 74, 76, 72, 28]
33:28:[33, 74, 77, 72, 28]
33:29:[33, 74, 75, 72, 29]
33:29:[33, 74, 76, 72, 29]
33:29:[33, 74, 77, 72, 29]
33:30:[33, 74, 75, 73, 30]
33:30:[33, 74, 76, 73, 30]
33:30:[33, 74, 77, 73, 30]
33:31:[33, 74, 75, 73, 31]
33:31:[33, 74, 76, 73, 31]
33:31:[33, 74, 77, 73, 31]
33:32:[33, 74, 75, 73, 32]
33:32:[33, 74, 76, 73, 32]
33:32:[33, 74, 77, 73, 32]
33:34:[33, 74, 34]
33:35:[33, 74, 35]
33:36:[33, 74, 75, 90, 81, 78, 36]
33:36:[33, 74, 75, 91, 81, 78, 36]
33:36:[33, 74, 75, 92, 81, 78, 36]
33:36:[33, 74, 76, 93, 82, 78, 36]
33:36:[33, 74, 76, 94, 82, 78, 36]
33:36:[33, 74, 76, 95, 82, 78, 36]
33:36:[33, 74, 77, 96, 83, 78, 36]
33:36:[33, 74, 77, 97, 83, 78, 36]
33:36:[33, 74, 77, 98, 83, 78, 36]
33:37:[33, 74, 75, 90, 81, 78, 37]
33:37:[33, 74, 75, 91, 81, 78, 37]
33:37:[33, 74, 75, 92, 81, 78, 37]
33:37:[33, 74, 76, 93, 82, 78, 37]
33:37:[33, 74, 76, 94, 82, 78, 37]
33:37:[33, 74, 76, 95, 82, 78, 37]
33:37:[33, 74, 77, 96, 83, 78, 37]
33:37:[33, 74, 77, 97, 83, 78, 37]
33:37:[33, 74, 77, 98, 83, 78, 37]
33:38:[33, 74, 75, 90, 81, 78, 38]
33:38:[33, 74, 75, 91, 81, 78, 38]
33:38:[33, 74, 75, 92, 81, 78, 38]
33:38:[33, 74, 76, 93, 82, 78, 38]
33:38:[33, 74, 76, 94, 82, 78, 38]
33:38:[33, 74, 76, 95, 82, 78, 38]
33:38:[33, 74, 77, 96, 83, 78, 38]
33:38:[33, 74, 77, 97, 83, 78, 38]
33:38:[33, 74, 77, 98, 83, 78, 38]
33:39:[33, 74, 75, 90, 81, 79, 39]
33:39:[33, 74, 75, 91, 81, 79, 39]
33:39:[33, 74, 75, 92, 81, 79, 39]
33:39:[33, 74, 76, 93, 82, 79, 39]
33:39:[33, 74, 76, 94, 82, 79, 39]
33:39:[33, 74, 76, 95, 82, 79, 39]
33:39:[33, 74, 77, 96, 83, 79, 39]
33:39:[33, 74, 77, 97, 83, 79, 39]
33:39:[33, 74, 77, 98, 83, 79, 39]
33:40:[33, 74, 75, 90, 81, 79, 40]
33:40:[33, 74, 75, 91, 81, 79, 40]
33:40:[33, 74, 75, 92, 81, 79, 40]
33:40:[33, 74, 76, 93, 82, 79, 40]
33:40:[33, 74, 76, 94, 82, 79, 40]
33:40:[33, 74, 76, 95, 82, 79, 40]
33:40:[33, 74, 77, 96, 83, 79, 40]
33:40:[33, 74, 77, 97, 83, 79, 40]
33:40:[33, 74, 77, 98, 83, 79, 40]
33:41:[33, 74, 75, 90, 81, 79, 41]
33:41:[33, 74, 75, 91, 81, 79, 41]
33:41:[33, 74, 75, 92, 81, 79, 41]
33:41:[33, 74, 76, 93, 82, 79, 41]
33:41:[33, 74, 76, 94, 82, 79, 41]
33:41:[33, 74, 76, 95, 82, 79, 41]
33:41:[33, 74, 77, 96, 83, 79, 41]
33:41:[33, 74, 77, 97, 83, 79, 41]
33:41:[33, 74, 77, 98, 83, 79, 41]
33:42:[33, 74, 75, 90, 81, 80, 42]
33:42:[33, 74, 75, 91, 81, 80, 42]
33:42:[33, 74, 75, 92, 81, 80, 42]
33:42:[33, 74, 76, 93, 82, 80, 42]
33:42:[33, 74, 76, 94, 82, 80, 42]
33:42:[33, 74, 76, 95, 82, 80, 42]
33:42:[33, 74, 77, 96, 83, 80, 42]
33:42:[33, 74, 77, 97, 83, 80, 42]
33:42:[33, 74, 77, 98, 83, 80, 42]
33:43:[33, 74, 75, 90, 81, 80, 43]
33:43:[33, 74, 75, 91, 81, 80, 43]
33:43:[33, 74, 75, 92, 81, 80, 43]
33:43:[33, 74, 76, 93, 82, 80, 43]
33:43:[33, 74, 76, 94, 82, 80, 43]
33:43:[33, 74, 76, 95, 82, 80, 43]
33:43:[33, 74, 77, 96, 83, 80, 43]
33:43:[33, 74, 77, 97, 83, 80, 43]
33:43:[33, 74, 77, 98, 83, 80, 43]
33:44:[33, 74, 75, 90, 81, 80, 44]
33:44:[33, 74, 75, 91, 81, 80, 44]
33:44:[33, 74, 75, 92, 81, 80, 44]
33:44:[33, 74, 76, 93, 82, 80, 44]
33:44:[33, 74, 76, 94, 82, 80, 44]
33:44:[33, 74, 76, 95, 82, 80, 44]
33:44:[33, 74, 77, 96, 83, 80, 44]
33:44:[33, 74, 77, 97, 83, 80, 44]
33:44:[33, 74, 77, 98, 83, 80, 44]
33:45:[33, 74, 75, 90, 87, 84, 45]
33:45:[33, 74, 75, 91, 87, 84, 45]
33:45:[33, 74, 75, 92, 87, 84, 45]
33:45:[33, 74, 76, 93, 88, 84, 45]
33:45:[33, 74, 76, 94, 88, 84, 45]
33:45:[33, 74, 76, 95, 88, 84, 45]
33:45:[33, 74, 77, 96, 89, 84, 45]
33:45:[33, 74, 77, 97, 89, 84, 45]
33:45:[33, 74, 77, 98, 89, 84, 45]
33:46:[33, 74, 75, 90, 87, 84, 46]
33:46:[33, 74, 75, 91, 87, 84, 46]
33:46:[33, 74, 75, 92, 87, 84, 46]
33:46:[33, 74, 76, 93, 88, 84, 46]
33:46:[33, 74, 76, 94, 88, 84, 46]
33:46:[33, 74, 76, 95, 88, 84, 46]
33:46:[33, 74, 77, 96, 89, 84, 46]
33:46:[33, 74, 77, 97, 89, 84, 46]
33:46:[33, 74, 77, 98, 89, 84, 46]
33:47:[33, 74, 75, 90, 87, 84, 47]
33:47:[33, 74, 75, 91, 87, 84, 47]
33:47:[33, 74, 75, 92, 87, 84, 47]
33:47:[33, 74, 76, 93, 88, 84, 47]
33:47:[33, 74, 76, 94, 88, 84, 47]
33:47:[33, 74, 76, 95, 88, 84, 47]
33:47:[33, 74, 77, 96, 89, 84, 47]
33:47:[33, 74, 77, 97, 89, 84, 47]
33:47:[33, 74, 77, 98, 89, 84, 47]
33:48:[33, 74, 75, 90, 87, 85, 48]
33:48:[33, 74, 75, 91, 87, 85, 48]
33:48:[33, 74, 75, 92, 87, 85, 48]
33:48:[33, 74, 76, 93, 88, 85, 48]
33:48:[33, 74, 76, 94, 88, 85, 48]
33:48:[33, 74, 76, 95, 88, 85, 48]
33:48:[33, 74, 77, 96, 89, 85, 48]
33:48:[33, 74, 77, 97, 89, 85, 48]
33:48:[33, 74, 77, 98, 89, 85, 48]
33:49:[33, 74, 75, 90, 87, 85, 49]
33:49:[33, 74, 75, 91, 87, 85, 49]
33:49:[33, 74, 75, 92, 87, 85, 49]
33:49:[33, 74, 76, 93, 88, 85, 49]
33:49:[33, 74, 76, 94, 88, 85, 49]
33:49:[33, 74, 76, 95, 88, 85, 49]
33:49:[33, 74, 77, 96, 89, 85, 49]
33:49:[33, 74, 77, 97, 89, 85, 49]
33:49:[33, 74, 77, 98, 89, 85, 49]
33:50:[33, 74, 75, 90, 87, 85, 50]
33:50:[33, 74, 75, 91, 87, 85, 50]
33:50:[33, 74, 75, 92, 87, 85, 50]
33:50:[33, 74, 76, 93, 88, 85, 50]
33:50:[33, 74, 76, 94, 88, 85, 50]
33:50:[33, 74, 76, 95, 88, 85, 50]
33:50:[33, 74, 77, 96, 89, 85, 50]
33:50:[33, 74, 77, 97, 89, 85, 50]
33:50:[33, 74, 77, 98, 89, 85, 50]
33:51:[33, 74, 75, 90, 87, 86, 51]
33:51:[33, 74, 75, 91, 87, 86, 51]
33:51:[33, 74, 75, 92, 87, 86, 51]
33:51:[33, 74, 76, 93, 88, 86, 51]
33:51:[33, 74, 76, 94, 88, 86, 51]
33:51:[33, 74, 76, 95, 88, 86, 51]
33:51:[33, 74, 77, 96, 89, 86, 51]
33:51:[33, 74, 77, 97, 89, 86, 51]
33:51:[33, 74, 77, 98, 89, 86, 51]
33:52:[33, 74, 75, 90, 87, 86, 52]
33:52:[33, 74, 75, 91, 87, 86, 52]
33:52:[33, 74, 75, 92, 87, 86, 52]
33:52:[33, 74, 76, 93, 88, 86, 52]
33:52:[33, 74, 76, 94, 88, 86, 52]
33:52:[33, 74, 76, 95, 88, 86, 52]
33:52:[33, 74, 77, 96, 89, 86, 52]
33:52:[33, 74, 77, 97, 89, 86, 52]
33:52:[33, 74, 77, 98, 89, 86, 52]
33:53:[33, 74, 75, 90, 87, 86, 53]
33:53:[33, 74, 75, 91, 87, 86, 53]
33:53:[33, 74, 75, 92, 87, 86, 53]
33:53:[33, 74, 76, 93, 88, 86, 53]
33:53:[33, 74, 76, 94, 88, 86, 53]
33:53:[33, 74, 76, 95, 88, 86, 53]
33:53:[33, 74, 77, 96, 89, 86, 53]
33:53:[33, 74, 77, 97, 89, 86, 53]
33:53:[33, 74, 77, 98, 89, 86, 53]
34:0:[34, 74, 75, 90, 57, 54, 0]
34:0:[34, 74, 75, 91, 57, 54, 0]
34:0:[34, 74, 75, 92, 57, 54, 0]
34:0:[34, 74, 76, 93, 58, 54, 0]
34:0:[34, 74, 76, 94, 58, 54, 0]
34:0:[34, 74, 76, 95, 58, 54, 0]
34:0:[34, 74, 77, 96, 59, 54, 0]
34:0:[34, 74, 77, 97, 59, 54, 0]
34:0:[34, 74, 77, 98, 59, 54, 0]
34:1:[34, 74, 75, 90, 57, 54, 1]
34:1:[34, 74, 75, 91, 57, 54, 1]
34:1:[34, 74, 75, 92, 57, 54, 1]
34:1:[34, 74, 76, 93, 58, 54, 1]
34:1:[34, 74, 76, 94, 58, 54, 1]
34:1:[34, 74, 76, 95, 58, 54, 1]
34:1:[34, 74, 77, 96, 59, 54, 1]
34:1:[34, 74, 77, 97, 59, 54, 1]
34:1:[34, 74, 77, 98, 59, 54, 1]
34:2:[34, 74, 75, 90, 57, 54, 2]
34:2:[34, 74, 75, 91, 57, 54, 2]
34:2:[34, 74, 75, 92, 57, 54, 2]
34:2:[34, 74, 76, 93, 58, 54, 2]
34:2:[34, 74, 76, 94, 58, 54, 2]
34:2:[34, 74, 76, 95, 58, 54, 2]
34:2:[34, 74, 77, 96, 59, 54, 2]
34:2:[34, 74, 77, 97, 59, 54, 2]
34:2:[34, 74, 77, 98, 59, 54, 2]
34:3:[34, 74, 75, 90, 57, 55, 3]
34:3:[34, 74, 75, 91, 57, 55, 3]
34:3:[34, 74, 75, 92, 57, 55, 3]
34:3:[34, 74, 76, 93, 58, 55, 3]
34:3:[34, 74, 76, 94, 58, 55, 3]
34:3:[34, 74, 76, 95, 58, 55, 3]
34:3:[34, 74, 77, 96, 59, 55, 3]
34:3:[34, 74, 77, 97, 59, 55, 3]
34:3:[34, 74, 77, 98, 59, 55, 3]
34:4:[34, 74, 75, 90, 57, 55, 4]
34:4:[34, 74, 75, 91, 57, 55, 4]
34:4:[34, 74, 75, 92, 57, 55, 4]
34:4:[34, 74, 76, 93, 58, 55, 4]
34:4:[34, 74, 76, 94, 58, 55, 4]
34:4:[34, 74, 76, 95, 58, 55, 4]
34:4:[34, 74, 77, 96, 59, 55, 4]
34:4:[34, 74, 77, 97, 59, 55, 4]
34:4:[34, 74, 77, 98, 59, 55, 4]
34:5:[34, 74, 75, 90, 57, 55, 5]
34:5:[34, 74, 75, 91, 57, 55, 5]
34:5:[34, 74, 75, 92, 57, 55, 5]
34:5:[34, 74, 76, 93, 58, 55, 5]
34:5:[34, 74, 76, 94, 58, 55, 5]
34:5:[34, 74, 76, 95, 58, 55, 5]
34:5:[34, 74, 77, 96, 59, 55, 5]
34:5:[34, 74, 77, 97, 59, 55, 5]
34:5:[34, 74, 77, 98, 59, 55, 5]
34:6:[34, 74, 75, 90, 57, 56, 6]
34:6:[34, 74, 75, 91, 57, 56, 6]
34:6:[34, 74, 75, 92, 57, 56, 6]
34:6:[34, 74, 76, 93, 58, 56, 6]
34:6:[34, 74, 76, 94, 58, 56, 6]
34:6:[34, 74, 76, 95, 58, 56, 6]
34:6:[34, 74, 77, 96, 59, 56, 6]
34:6:[34, 74, 77, 97, 59, 56, 6]
34:6:[34, 74, 77, 98, 59, 56, 6]
34:7:[34, 74, 75, 90, 57, 56, 7]
34:7:[34, 74, 75, 91, 57, 56, 7]
34:7:[34, 74, 75, 92, 57, 56, 7]
34:7:[34, 74, 76, 93, 58, 56, 7]
34:7:[34, 74, 76, 94, 58, 56, 7]
34:7:[34, 74, 76, 95, 58, 56, 7]
34:7:[34, 74, 77, 96, 59, 56, 7]
34:7:[34, 74, 77, 97, 59, 56, 7]
34:7:[34, 74, 77, 98, 59, 56, 7]
34:8:[34, 74, 75, 90, 57, 56, 8]
34:8:[34, 74, 75, 91, 57, 56, 8]
34:8:[34, 74, 75, 92, 57, 56, 8]
34:8:[34, 74, 76, 93, 58, 56, 8]
34:8:[34, 74, 76, 94, 58, 56, 8]
34:8:[34, 74, 76, 95, 58, 56, 8]
34:8:[34, 74, 77, 96, 59, 56, 8]
34:8:[34, 74, 77, 97, 59, 56, 8]
34:8:[34, 74, 77, 98, 59, 56, 8]
34:9:[34, 74, 75, 90, 63, 60, 9]
34:9:[34, 74, 75, 91, 63, 60, 9]
34:9:[34, 74, 75, 92, 63, 60, 9]
34:9:[34, 74, 76, 93, 64, 60, 9]
34:9:[34, 74, 76, 94, 64, 60, 9]
34:9:[34, 74, 76, 95, 64, 60, 9]
34:9:[34, 74, 77, 96, 65, 60, 9]
34:9:[34, 74, 77, 97, 65, 60, 9]
34:9:[34, 74, 77, 98, 65, 60, 9]
34:10:[34, 74, 75, 90, 63, 60, 10]
34:10:[34, 74, 75, 91, 63, 60, 10]
34:10:[34, 74, 75, 92, 63, 60, 10]
34:10:[34, 74, 76, 93, 64, 60, 10]
34:10:[34, 74, 76, 94, 64, 60, 10]
34:10:[34, 74, 76, 95, 64, 60, 10]
34:10:[34, 74, 77, 96, 65, 60, 10]
34:10:[34, 74, 77, 97, 65, 60, 10]
34:10:[34, 74, 77, 98, 65, 60, 10]
34:11:[34, 74, 75, 90, 63, 60, 11]
34:11:[34, 74, 75, 91, 63, 60, 11]
34:11:[34, 74, 75, 92, 63, 60, 11]
34:11:[34, 74, 76, 93, 64, 60, 11]
34:11:[34, 74, 76, 94, 64, 60, 11]
34:11:[34, 74, 76, 95, 64, 60, 11]
34:11:[34, 74, 77, 96, 65, 60, 11]
34:11:[34, 74, 77, 97, 65, 60, 11]
34:11:[34, 74, 77, 98, 65, 60, 11]
34:12:[34, 74, 75, 90, 63, 61, 12]
34:12:[34, 74, 75, 91, 63, 61, 12]
34:12:[34, 74, 75, 92, 63, 61, 12]
34:12:[34, 74, 76, 93, 64, 61, 12]
34:12:[34, 74, 76, 94, 64, 61, 12]
34:12:[34, 74, 76, 95, 64, 61, 12]
34:12:[34, 74, 77, 96, 65, 61, 12]
34:12:[34, 74, 77, 97, 65, 61, 12]
34:12:[34, 74, 77, 98, 65, 61, 12]
34:13:[34, 74, 75, 90, 63, 61, 13]
34:13:[34, 74, 75, 91, 63, 61, 13]
34:13:[34, 74, 75, 92, 63, 61, 13]
34:13:[34, 74, 76, 93, 64, 61, 13]
34:13:[34, 74, 76, 94, 64, 61, 13]
34:13:[34, 74, 76, 95, 64, 61, 13]
34:13:[34, 74, 77, 96, 65, 61, 13]
34:13:[34, 74, 77, 97, 65, 61, 13]
34:13:[34, 74, 77, 98, 65, 61, 13]
34:14:[34, 74, 75, 90, 63, 61, 14]
34:14:[34, 74, 75, 91, 63, 61, 14]
34:14:[34, 74, 75, 92, 63, 61, 14]
34:14:[34, 74, 76, 93, 64, 61, 14]
34:14:[34, 74, 76, 94, 64, 61, 14]
34:14:[34, 74, 76, 95, 64, 61, 14]
34:14:[34, 74, 77, 96, 65, 61, 14]
34:14:[34, 74, 77, 97, 65, 61, 14]
34:14:[34, 74, 77, 98, 65, 61, 14]
34:15:[34, 74, 75, 90, 63, 62, 15]
34:15:[34, 74, 75, 91, 63, 62, 15]
34:15:[34, 74, 75, 92, 63, 62, 15]
34:15:[34, 74, 76, 93, 64, 62, 15]
34:15:[34, 74, 76, 94, 64, 62, 15]
34:15:[34, 74, 76, 95, 64, 62, 15]
34:15:[34, 74, 77, 96, 65, 62, 15]
34:15:[34, 74, 77, 97, 65, 62, 15]
34:15:[34, 74, 77, 98, 65, 62, 15]
34:16:[34, 74, 75, 90, 63, 62, 16]
34:16:[34, 74, 75, 91, 63, 62, 16]
34:16:[34, 74, 75, 92, 63, 62, 16]
34:16:[34, 74, 76, 93, 64, 62, 16]
34:16:[34, 74, 76, 94, 64, 62, 16]
34:16:[34, 74, 76, 95, 64, 62, 16]
34:16:[34, 74, 77, 96, 65, 62, 16]
34:16:[34, 74, 77, 97, 65, 62, 16]
34:16:[34, 74, 77, 98, 65, 62, 16]
34:17:[34, 74, 75, 90, 63, 62, 17]
34:17:[34, 74, 75, 91, 63, 62, 17]
34:17:[34, 74, 75, 92, 63, 62, 17]
34:17:[34, 74, 76, 93, 64, 62, 17]
34:17:[34, 74, 76, 94, 64, 62, 17]
34:17:[34, 74, 76, 95, 64, 62, 17]
34:17:[34, 74, 77, 96, 65, 62, 17]
34:17:[34, 74, 77, 97, 65, 62, 17]
34:17:[34, 74, 77, 98, 65, 62, 17]
34:18:[34, 74, 75, 90, 69, 66, 18]
34:18:[34, 74, 75, 91, 69, 66, 18]
34:18:[34, 74, 75, 92, 69, 66, 18]
34:18:[34, 74, 76, 93, 70, 66, 18]
34:18:[34, 74, 76, 94, 70, 66, 18]
34:18:[34, 74, 76, 95, 70, 66, 18]
34:18:[34, 74, 77, 96, 71, 66, 18]
34:18:[34, 74, 77, 97, 71, 66, 18]
34:18:[34, 74, 77, 98, 71, 66, 18]
34:19:[34, 74, 75, 90, 69, 66, 19]
34:19:[34, 74, 75, 91, 69, 66, 19]
34:19:[34, 74, 75, 92, 69, 66, 19]
34:19:[34, 74, 76, 93, 70, 66, 19]
34:19:[34, 74, 76, 94, 70, 66, 19]
34:19:[34, 74, 76, 95, 70, 66, 19]
34:19:[34, 74, 77, 96, 71, 66, 19]
34:19:[34, 74, 77, 97, 71, 66, 19]
34:19:[34, 74, 77, 98, 71, 66, 19]
34:20:[34, 74, 75, 90, 69, 66, 20]
34:20:[34, 74, 75, 91, 69, 66, 20]
34:20:[34, 74, 75, 92, 69, 66, 20]
34:20:[34, 74, 76, 93, 70, 66, 20]
34:20:[34, 74, 76, 94, 70, 66, 20]
34:20:[34, 74, 76, 95, 70, 66, 20]
34:20:[34, 74, 77, 96, 71, 66, 20]
34:20:[34, 74, 77, 97, 71, 66, 20]
34:20:[34, 74, 77, 98, 71, 66, 20]
34:21:[34, 74, 75, 90, 69, 67, 21]
34:21:[34, 74, 75, 91, 69, 67, 21]
34:21:[34, 74, 75, 92, 69, 67, 21]
34:21:[34, 74, 76, 93, 70, 67, 21]
34:21:[34, 74, 76, 94, 70, 67, 21]
34:21:[34, 74, 76, 95, 70, 67, 21]
34:21:[34, 74, 77, 96, 71, 67, 21]
34:21:[34, 74, 77, 97, 71, 67, 21]
34:21:[34, 74, 77, 98, 71, 67, 21]
34:22:[34, 74, 75, 90, 69, 67, 22]
34:22:[34, 74, 75, 91, 69, 67, 22]
34:22:[34, 74, 75, 92, 69, 67, 22]
34:22:[34, 74, 76, 93, 70, 67, 22]
34:22:[34, 74, 76, 94, 70, 67, 22]
34:22:[34, 74, 76, 95, 70, 67, 22]
34:22:[34, 74, 77, 96, 71, 67, 22]
34:22:[34, 74, 77, 97, 71, 67, 22]
34:22:[34, 74, 77, 98, 71, 67, 22]
34:23:[34, 74, 75, 90, 69, 67, 23]
34:23:[34, 74, 75, 91, 69, 67, 23]
34:23:[34, 74, 75, 92, 69, 67, 23]
34:23:[34, 74, 76, 93, 70, 67, 23]
34:23:[34, 74, 76, 94, 70, 67, 23]
34:23:[34, 74, 76, 95, 70, 67, 23]
34:23:[34, 74, 77, 96, 71, 67, 23]
34:23:[34, 74, 77, 97, 71, 67, 23]
34:23:[34, 74, 77, 98, 71, 67, 23]
34:24:[34, 74, 75, 90, 69, 68, 24]
34:24:[34, 74, 75, 91, 69, 68, 24]
34:24:[34, 74, 75, 92, 69, 68, 24]
34:24:[34, 74, 76, 93, 70, 68, 24]
34:24:[34, 74, 76, 94, 70, 68, 24]
34:24:[34, 74, 76, 95, 70, 68, 24]
34:24:[34, 74, 77, 96, 71, 68, 24]
34:24:[34, 74, 77, 97, 71, 68, 24]
34:24:[34, 74, 77, 98, 71, 68, 24]
34:25:[34, 74, 75, 90, 69, 68, 25]
34:25:[34, 74, 75, 91, 69, 68, 25]
34:25:[34, 74, 75, 92, 69, 68, 25]
34:25:[34, 74, 76, 93, 70, 68, 25]
34:25:[34, 74, 76, 94, 70, 68, 25]
34:25:[34, 74, 76, 95, 70, 68, 25]
34:25:[34, 74, 77, 96, 71, 68, 25]
34:25:[34, 74, 77, 97, 71, 68, 25]
34:25:[34, 74, 77, 98, 71, 68, 25]
34:26:[34, 74, 75, 90, 69, 68, 26]
34:26:[34, 74, 75, 91, 69, 68, 26]
34:26:[34, 74, 75, 92, 69, 68, 26]
34:26:[34, 74, 76, 93, 70, 68, 26]
34:26:[34, 74, 76, 94, 70, 68, 26]
34:26:[34, 74, 76, 95, 70, 68, 26]
34:26:[34, 74, 77, 96, 71, 68, 26]
34:26:[34, 74, 77, 97, 71, 68, 26]
34:26:[34, 74, 77, 98, 71, 68, 26]
34:27:[34, 74, 75, 72, 27]
34:27:[34, 74, 76, 72, 27]
34:27:[34, 74, 77, 72, 27]
34:28:[34, 74, 75, 72, 28]
34:28:[34, 74, 76, 72, 28]
34:28:[34, 74, 77, 72, 28]
34:29:[34, 74, 75, 72, 29]
34:29:[34, 74, 76, 72, 29]
34:29:[34, 74, 77, 72, 29]
34:30:[34, 74, 75, 73, 30]
34:30:[34, 74, 76, 73, 30]
34:30:[34, 74, 77, 73, 30]
34:31:[34, 74, 75, 73, 31]
34:31:[34, 74, 76, 73, 31]
34:31:[34, 74, 77, 73, 31]
34:32:[34, 74, 75, 73, 32]
34:32:[34, 74, 76, 73, 32]
34:32:[34, 74, 77, 73, 32]
34:33:[34, 74, 33]
34:35:[34, 74, 35]
34:36:[34, 74, 75, 90, 81, 78, 36]
34:36:[34, 74, 75, 91, 81, 78, 36]
34:36:[34, 74, 75, 92, 81, 78, 36]
34:36:[34, 74, 76, 93, 82, 78, 36]
34:36:[34, 74, 76, 94, 82, 78, 36]
34:36:[34, 74, 76, 95, 82, 78, 36]
34:36:[34, 74, 77, 96, 83, 78, 36]
34:36:[34, 74, 77, 97, 83, 78, 36]
34:36:[34, 74, 77, 98, 83, 78, 36]
34:37:[34, 74, 75, 90, 81, 78, 37]
34:37:[34, 74, 75, 91, 81, 78, 37]
34:37:[34, 74, 75, 92, 81, 78, 37]
34:37:[34, 74, 76, 93, 82, 78, 37]
34:37:[34, 74, 76, 94, 82, 78, 37]
34:37:[34, 74, 76, 95, 82, 78, 37]
34:37:[34, 74, 77, 96, 83, 78, 37]
34:37:[34, 74, 77, 97, 83, 78, 37]
34:37:[34, 74, 77, 98, 83, 78, 37]
34:38:[34, 74, 75, 90, 81, 78, 38]
34:38:[34, 74, 75, 91, 81, 78, 38]
34:38:[34, 74, 75, 92, 81, 78, 38]
34:38:[34, 74, 76, 93, 82, 78, 38]
34:38:[34, 74, 76, 94, 82, 78, 38]
34:38:[34, 74, 76, 95, 82, 78, 38]
34:38:[34, 74, 77, 96, 83, 78, 38]
34:38:[34, 74, 77, 97, 83, 78, 38]
34:38:[34, 74, 77, 98, 83, 78, 38]
34:39:[34, 74, 75, 90, 81, 79, 39]
34:39:[34, 74, 75, 91, 81, 79, 39]
34:39:[34, 74, 75, 92, 81, 79, 39]
34:39:[34, 74, 76, 93, 82, 79, 39]
34:39:[34, 74, 76, 94, 82, 79, 39]
34:39:[34, 74, 76, 95, 82, 79, 39]
34:39:[34, 74, 77, 96, 83, 79, 39]
34:39:[34, 74, 77, 97, 83, 79, 39]
34:39:[34, 74, 77, 98, 83, 79, 39]
34:40:[34, 74, 75, 90, 81, 79, 40]
34:40:[34, 74, 75, 91, 81, 79, 40]
34:40:[34, 74, 75, 92, 81, 79, 40]
34:40:[34, 74, 76, 93, 82, 79, 40]
34:40:[34, 74, 76, 94, 82, 79, 40]
34:40:[34, 74, 76, 95, 82, 79, 40]
34:40:[34, 74, 77, 96, 83, 79, 40]
34:40:[34, 74, 77, 97, 83, 79, 40]
34:40:[34, 74, 77, 98, 83, 79, 40]
34:41:[34, 74, 75, 90, 81, 79, 41]
34:41:[34, 74, 75, 91, 81, 79, 41]
34:41:[34, 74, 75, 92, 81, 79, 41]
34:41:[34, 74, 76, 93, 82, 79, 41]
34:41:[34, 74, 76, 94, 82, 79, 41]
34:41:[34, 74, 76, 95, 82, 79, 41]
34:41:[34, 74, 77, 96, 83, 79, 41]
34:41:[34, 74, 77, 97, 83, 79, 41]
34:41:[34, 74, 77, 98, 83, 79, 41]
34:42:[34, 74, 75, 90, 81, 80, 42]
34:42:[34, 74, 75, 91, 81, 80, 42]
34:42:[34, 74, 75, 92, 81, 80, 42]
34:42:[34, 74, 76, 93, 82, 80, 42]
34:42:[34, 74, 76, 94, 82, 80, 42]
34:42:[34, 74, 76, 95, 82, 80, 42]
34:42:[34, 74, 77, 96, 83, 80, 42]
34:42:[34, 74, 77, 97, 83, 80, 42]
34:42:[34, 74, 77, 98, 83, 80, 42]
34:43:[34, 74, 75, 90, 81, 80, 43]
34:43:[34, 74, 75, 91, 81, 80, 43]
34:43:[34, 74, 75, 92, 81, 80, 43]
34:43:[34, 74, 76, 93, 82, 80, 43]
34:43:[34, 74, 76, 94, 82, 80, 43]
34:43:[34, 74, 76, 95, 82, 80, 43]
34:43:[34, 74, 77, 96, 83, 80, 43]
34:43:[34, 74, 77, 97, 83, 80, 43]
34:43:[34, 74, 77, 98, 83, 80, 43]
34:44:[34, 74, 75, 90, 81, 80, 44]
34:44:[34, 74, 75, 91, 81, 80, 44]
34:44:[34, 74, 75, 92, 81, 80, 44]
34:44:[34, 74, 76, 93, 82, 80, 44]
34:44:[34, 74, 76, 94, 82, 80, 44]
34:44:[34, 74, 76, 95, 82, 80, 44]
34:44:[34, 74, 77, 96, 83, 80, 44]
34:44:[34, 74, 77, 97, 83, 80, 44]
34:44:[34, 74, 77, 98, 83, 80, 44]
34:45:[34, 74, 75, 90, 87, 84, 45]
34:45:[34, 74, 75, 91, 87, 84, 45]
34:45:[34, 74, 75, 92, 87, 84, 45]
34:45:[34, 74, 76, 93, 88, 84, 45]
34:45:[34, 74, 76, 94, 88, 84, 45]
34:45:[34, 74, 76, 95, 88, 84, 45]
34:45:[34, 74, 77, 96, 89, 84, 45]
34:45:[34, 74, 77, 97, 89, 84, 45]
34:45:[34, 74, 77, 98, 89, 84, 45]
34:46:[34, 74, 75, 90, 87, 84, 46]
34:46:[34, 74, 75, 91, 87, 84, 46]
34:46:[34, 74, 75, 92, 87, 84, 46]
34:46:[34, 74, 76, 93, 88, 84, 46]
34:46:[34, 74, 76, 94, 88, 84, 46]
34:46:[34, 74, 76, 95, 88, 84, 46]
34:46:[34, 74, 77, 96, 89, 84, 46]
34:46:[34, 74, 77, 97, 89, 84, 46]
34:46:[34, 74, 77, 98, 89, 84, 46]
34:47:[34, 74, 75, 90, 87, 84, 47]
34:47:[34, 74, 75, 91, 87, 84, 47]
34:47:[34, 74, 75, 92, 87, 84, 47]
34:47:[34, 74, 76, 93, 88, 84, 47]
34:47:[34, 74, 76, 94, 88, 84, 47]
34:47:[34, 74, 76, 95, 88, 84, 47]
34:47:[34, 74, 77, 96, 89, 84, 47]
34:47:[34, 74, 77, 97, 89, 84, 47]
34:47:[34, 74, 77, 98, 89, 84, 47]
34:48:[34, 74, 75, 90, 87, 85, 48]
34:48:[34, 74, 75, 91, 87, 85, 48]
34:48:[34, 74, 75, 92, 87, 85, 48]
34:48:[34, 74, 76, 93, 88, 85, 48]
34:48:[34, 74, 76, 94, 88, 85, 48]
34:48:[34, 74, 76, 95, 88, 85, 48]
34:48:[34, 74, 77, 96, 89, 85, 48]
34:48:[34, 74, 77, 97, 89, 85, 48]
34:48:[34, 74, 77, 98, 89, 85, 48]
34:49:[34, 74, 75, 90, 87, 85, 49]
34:49:[34, 74, 75, 91, 87, 85, 49]
34:49:[34, 74, 75, 92, 87, 85, 49]
34:49:[34, 74, 76, 93, 88, 85, 49]
34:49:[34, 74, 76, 94, 88, 85, 49]
34:49:[34, 74, 76, 95, 88, 85, 49]
34:49:[34, 74, 77, 96, 89, 85, 49]
34:49:[34, 74, 77, 97, 89, 85, 49]
34:49:[34, 74, 77, 98, 89, 85, 49]
34:50:[34, 74, 75, 90, 87, 85, 50]
34:50:[34, 74, 75, 91, 87, 85, 50]
34:50:[34, 74, 75, 92, 87, 85, 50]
34:50:[34, 74, 76, 93, 88, 85, 50]
34:50:[34, 74, 76, 94, 88, 85, 50]
34:50:[34, 74, 76, 95, 88, 85, 50]
34:50:[34, 74, 77, 96, 89, 85, 50]
34:50:[34, 74, 77, 97, 89, 85, 50]
34:50:[34, 74, 77, 98, 89, 85, 50]
34:51:[34, 74, 75, 90, 87, 86, 51]
34:51:[34, 74, 75, 91, 87, 86, 51]
34:51:[34, 74, 75, 92, 87, 86, 51]
34:51:[34, 74, 76, 93, 88, 86, 51]
34:51:[34, 74, 76, 94, 88, 86, 51]
34:51:[34, 74, 76, 95, 88, 86, 51]
34:51:[34, 74, 77, 96, 89, 86, 51]
34:51:[34, 74, 77, 97, 89, 86, 51]
34:51:[34, 74, 77, 98, 89, 86, 51]
34:52:[34, 74, 75, 90, 87, 86, 52]
34:52:[34, 74, 75, 91, 87, 86, 52]
34:52:[34, 74, 75, 92, 87, 86, 52]
34:52:[34, 74, 76, 93, 88, 86, 52]
34:52:[34, 74, 76, 94, 88, 86, 52]
34:52:[34, 74, 76, 95, 88, 86, 52]
34:52:[34, 74, 77, 96, 89, 86, 52]
34:52:[34, 74, 77, 97, 89, 86, 52]
34:52:[34, 74, 77, 98, 89, 86, 52]
34:53:[34, 74, 75, 90, 87, 86, 53]
34:53:[34, 74, 75, 91, 87, 86, 53]
34:53:[34, 74, 75, 92, 87, 86, 53]
34:53:[34, 74, 76, 93, 88, 86, 53]
34:53:[34, 74, 76, 94, 88, 86, 53]
34:53:[34, 74, 76, 95, 88, 86, 53]
34:53:[34, 74, 77, 96, 89, 86, 53]
34:53:[34, 74, 77, 97, 89, 86, 53]
34:53:[34, 74, 77, 98, 89, 86, 53]
35:0:[35, 74, 75, 90, 57, 54, 0]
35:0:[35, 74, 75, 91, 57, 54, 0]
35:0:[35, 74, 75, 92, 57, 54, 0]
35:0:[35, 74, 76, 93, 58, 54, 0]
35:0:[35, 74, 76, 94, 58, 54, 0]
35:0:[35, 74, 76, 95, 58, 54, 0]
35:0:[35, 74, 77, 96, 59, 54, 0]
35:0:[35, 74, 77, 97, 59, 54, 0]
35:0:[35, 74, 77, 98, 59, 54, 0]
35:1:[35, 74, 75, 90, 57, 54, 1]
35:1:[35, 74, 75, 91, 57, 54, 1]
35:1:[35, 74, 75, 92, 57, 54, 1]
35:1:[35, 74, 76, 93, 58, 54, 1]
35:1:[35, 74, 76, 94, 58, 54, 1]
35:1:[35, 74, 76, 95, 58, 54, 1]
35:1:[35, 74, 77, 96, 59, 54, 1]
35:1:[35, 74, 77, 97, 59, 54, 1]
35:1:[35, 74, 77, 98, 59, 54, 1]
35:2:[35, 74, 75, 90, 57, 54, 2]
35:2:[35, 74, 75, 91, 57, 54, 2]
35:2:[35, 74, 75, 92, 57, 54, 2]
35:2:[35, 74, 76, 93, 58, 54, 2]
35:2:[35, 74, 76, 94, 58, 54, 2]
35:2:[35, 74, 76, 95, 58, 54, 2]
35:2:[35, 74, 77, 96, 59, 54, 2]
35:2:[35, 74, 77, 97, 59, 54, 2]
35:2:[35, 74, 77, 98, 59, 54, 2]
35:3:[35, 74, 75, 90, 57, 55, 3]
35:3:[35, 74, 75, 91, 57, 55, 3]
35:3:[35, 74, 75, 92, 57, 55, 3]
35:3:[35, 74, 76, 93, 58, 55, 3]
35:3:[35, 74, 76, 94, 58, 55, 3]
35:3:[35, 74, 76, 95, 58, 55, 3]
35:3:[35, 74, 77, 96, 59, 55, 3]
35:3:[35, 74, 77, 97, 59, 55, 3]
35:3:[35, 74, 77, 98, 59, 55, 3]
35:4:[35, 74, 75, 90, 57, 55, 4]
35:4:[35, 74, 75, 91, 57, 55, 4]
35:4:[35, 74, 75, 92, 57, 55, 4]
35:4:[35, 74, 76, 93, 58, 55, 4]
35:4:[35, 74, 76, 94, 58, 55, 4]
35:4:[35, 74, 76, 95, 58, 55, 4]
35:4:[35, 74, 77, 96, 59, 55, 4]
35:4:[35, 74, 77, 97, 59, 55, 4]
35:4:[35, 74, 77, 98, 59, 55, 4]
35:5:[35, 74, 75, 90, 57, 55, 5]
35:5:[35, 74, 75, 91, 57, 55, 5]
35:5:[35, 74, 75, 92, 57, 55, 5]
35:5:[35, 74, 76, 93, 58, 55, 5]
35:5:[35, 74, 76, 94, 58, 55, 5]
35:5:[35, 74, 76, 95, 58, 55, 5]
35:5:[35, 74, 77, 96, 59, 55, 5]
35:5:[35, 74, 77, 97, 59, 55, 5]
35:5:[35, 74, 77, 98, 59, 55, 5]
35:6:[35, 74, 75, 90, 57, 56, 6]
35:6:[35, 74, 75, 91, 57, 56, 6]
35:6:[35, 74, 75, 92, 57, 56, 6]
35:6:[35, 74, 76, 93, 58, 56, 6]
35:6:[35, 74, 76, 94, 58, 56, 6]
35:6:[35, 74, 76, 95, 58, 56, 6]
35:6:[35, 74, 77, 96, 59, 56, 6]
35:6:[35, 74, 77, 97, 59, 56, 6]
35:6:[35, 74, 77, 98, 59, 56, 6]
35:7:[35, 74, 75, 90, 57, 56, 7]
35:7:[35, 74, 75, 91, 57, 56, 7]
35:7:[35, 74, 75, 92, 57, 56, 7]
35:7:[35, 74, 76, 93, 58, 56, 7]
35:7:[35, 74, 76, 94, 58, 56, 7]
35:7:[35, 74, 76, 95, 58, 56, 7]
35:7:[35, 74, 77, 96, 59, 56, 7]
35:7:[35, 74, 77, 97, 59, 56, 7]
35:7:[35, 74, 77, 98, 59, 56, 7]
35:8:[35, 74, 75, 90, 57, 56, 8]
35:8:[35, 74, 75, 91, 57, 56, 8]
35:8:[35, 74, 75, 92, 57, 56, 8]
35:8:[35, 74, 76, 93, 58, 56, 8]
35:8:[35, 74, 76, 94, 58, 56, 8]
35:8:[35, 74, 76, 95, 58, 56, 8]
35:8:[35, 74, 77, 96, 59, 56, 8]
35:8:[35, 74, 77, 97, 59, 56, 8]
35:8:[35, 74, 77, 98, 59, 56, 8]
35:9:[35, 74, 75, 90, 63, 60, 9]
35:9:[35, 74, 75, 91, 63, 60, 9]
35:9:[35, 74, 75, 92, 63, 60, 9]
35:9:[35, 74, 76, 93, 64, 60, 9]
35:9:[35, 74, 76, 94, 64, 60, 9]
35:9:[35, 74, 76, 95, 64, 60, 9]
35:9:[35, 74, 77, 96, 65, 60, 9]
35:9:[35, 74, 77, 97, 65, 60, 9]
35:9:[35, 74, 77, 98, 65, 60, 9]
35:10:[35, 74, 75, 90, 63, 60, 10]
35:10:[35, 74, 75, 91, 63, 60, 10]
35:10:[35, 74, 75, 92, 63, 60, 10]
35:10:[35, 74, 76, 93, 64, 60, 10]
35:10:[35, 74, 76, 94, 64, 60, 10]
35:10:[35, 74, 76, 95, 64, 60, 10]
35:10:[35, 74, 77, 96, 65, 60, 10]
35:10:[35, 74, 77, 97, 65, 60, 10]
35:10:[35, 74, 77, 98, 65, 60, 10]
35:11:[35, 74, 75, 90, 63, 60, 11]
35:11:[35, 74, 75, 91, 63, 60, 11]
35:11:[35, 74, 75, 92, 63, 60, 11]
35:11:[35, 74, 76, 93, 64, 60, 11]
35:11:[35, 74, 76, 94, 64, 60, 11]
35:11:[35, 74, 76, 95, 64, 60, 11]
35:11:[35, 74, 77, 96, 65, 60, 11]
35:11:[35, 74, 77, 97, 65, 60, 11]
35:11:[35, 74, 77, 98, 65, 60, 11]
35:12:[35, 74, 75, 90, 63, 61, 12]
35:12:[35, 74, 75, 91, 63, 61, 12]
35:12:[35, 74, 75, 92, 63, 61, 12]
35:12:[35, 74, 76, 93, 64, 61, 12]
35:12:[35, 74, 76, 94, 64, 61, 12]
35:12:[35, 74, 76, 95, 64, 61, 12]
35:12:[35, 74, 77, 96, 65, 61, 12]
35:12:[35, 74, 77, 97, 65, 61, 12]
35:12:[35, 74, 77, 98, 65, 61, 12]
35:13:[35, 74, 75, 90, 63, 61, 13]
35:13:[35, 74, 75, 91, 63, 61, 13]
35:13:[35, 74, 75, 92, 63, 61, 13]
35:13:[35, 74, 76, 93, 64, 61, 13]
35:13:[35, 74, 76, 94, 64, 61, 13]
35:13:[35, 74, 76, 95, 64, 61, 13]
35:13:[35, 74, 77, 96, 65, 61, 13]
35:13:[35, 74, 77, 97, 65, 61, 13]
35:13:[35, 74, 77, 98, 65, 61, 13]
35:14:[35, 74, 75, 90, 63, 61, 14]
35:14:[35, 74, 75, 91, 63, 61, 14]
35:14:[35, 74, 75, 92, 63, 61, 14]
35:14:[35, 74, 76, 93, 64, 61, 14]
35:14:[35, 74, 76, 94, 64, 61, 14]
35:14:[35, 74, 76, 95, 64, 61, 14]
35:14:[35, 74, 77, 96, 65, 61, 14]
35:14:[35, 74, 77, 97, 65, 61, 14]
35:14:[35, 74, 77, 98, 65, 61, 14]
35:15:[35, 74, 75, 90, 63, 62, 15]
35:15:[35, 74, 75, 91, 63, 62, 15]
35:15:[35, 74, 75, 92, 63, 62, 15]
35:15:[35, 74, 76, 93, 64, 62, 15]
35:15:[35, 74, 76, 94, 64, 62, 15]
35:15:[35, 74, 76, 95, 64, 62, 15]
35:15:[35, 74, 77, 96, 65, 62, 15]
35:15:[35, 74, 77, 97, 65, 62, 15]
35:15:[35, 74, 77, 98, 65, 62, 15]
35:16:[35, 74, 75, 90, 63, 62, 16]
35:16:[35, 74, 75, 91, 63, 62, 16]
35:16:[35, 74, 75, 92, 63, 62, 16]
35:16:[35, 74, 76, 93, 64, 62, 16]
35:16:[35, 74, 76, 94, 64, 62, 16]
35:16:[35, 74, 76, 95, 64, 62, 16]
35:16:[35, 74, 77, 96, 65, 62, 16]
35:16:[35, 74, 77, 97, 65, 62, 16]
35:16:[35, 74, 77, 98, 65, 62, 16]
35:17:[35, 74, 75, 90, 63, 62, 17]
35:17:[35, 74, 75, 91, 63, 62, 17]
35:17:[35, 74, 75, 92, 63, 62, 17]
35:17:[35, 74, 76, 93, 64, 62, 17]
35:17:[35, 74, 76, 94, 64, 62, 17]
35:17:[35, 74, 76, 95, 64, 62, 17]
35:17:[35, 74, 77, 96, 65, 62, 17]
35:17:[35, 74, 77, 97, 65, 62, 17]
35:17:[35, 74, 77, 98, 65, 62, 17]
35:18:[35, 74, 75, 90, 69, 66, 18]
35:18:[35, 74, 75, 91, 69, 66, 18]
35:18:[35, 74, 75, 92, 69, 66, 18]
35:18:[35, 74, 76, 93, 70, 66, 18]
35:18:[35, 74, 76, 94, 70, 66, 18]
35:18:[35, 74, 76, 95, 70, 66, 18]
35:18:[35, 74, 77, 96, 71, 66, 18]
35:18:[35, 74, 77, 97, 71, 66, 18]
35:18:[35, 74, 77, 98, 71, 66, 18]
35:19:[35, 74, 75, 90, 69, 66, 19]
35:19:[35, 74, 75, 91, 69, 66, 19]
35:19:[35, 74, 75, 92, 69, 66, 19]
35:19:[35, 74, 76, 93, 70, 66, 19]
35:19:[35, 74, 76, 94, 70, 66, 19]
35:19:[35, 74, 76, 95, 70, 66, 19]
35:19:[35, 74, 77, 96, 71, 66, 19]
35:19:[35, 74, 77, 97, 71, 66, 19]
35:19:[35, 74, 77, 98, 71, 66, 19]
35:20:[35, 74, 75, 90, 69, 66, 20]
35:20:[35, 74, 75, 91, 69, 66, 20]
35:20:[35, 74, 75, 92, 69, 66, 20]
35:20:[35, 74, 76, 93, 70, 66, 20]
35:20:[35, 74, 76, 94, 70, 66, 20]
35:20:[35, 74, 76, 95, 70, 66, 20]
35:20:[35, 74, 77, 96, 71, 66, 20]
35:20:[35, 74, 77, 97, 71, 66, 20]
35:20:[35, 74, 77, 98, 71, 66, 20]
35:21:[35, 74, 75, 90, 69, 67, 21]
35:21:[35, 74, 75, 91, 69, 67, 21]
35:21:[35, 74, 75, 92, 69, 67, 21]
35:21:[35, 74, 76, 93, 70, 67, 21]
35:21:[35, 74, 76, 94, 70, 67, 21]
35:21:[35, 74, 76, 95, 70, 67, 21]
35:21:[35, 74, 77, 96, 71, 67, 21]
35:21:[35, 74, 77, 97, 71, 67, 21]
35:21:[35, 74, 77, 98, 71, 67, 21]
35:22:[35, 74, 75, 90, 69, 67, 22]
35:22:[35, 74, 75, 91, 69, 67, 22]
35:22:[35, 74, 75, 92, 69, 67, 22]
35:22:[35, 74, 76, 93, 70, 67, 22]
35:22:[35, 74, 76, 94, 70, 67, 22]
35:22:[35, 74, 76, 95, 70, 67, 22]
35:22:[35, 74, 77, 96, 71, 67, 22]
35:22:[35, 74, 77, 97, 71, 67, 22]
35:22:[35, 74, 77, 98, 71, 67, 22]
35:23:[35, 74, 75, 90, 69, 67, 23]
35:23:[35, 74, 75, 91, 69, 67, 23]
35:23:[35, 74, 75, 92, 69, 67, 23]
35:23:[35, 74, 76, 93, 70, 67, 23]
35:23:[35, 74, 76, 94, 70, 67, 23]
35:23:[35, 74, 76, 95, 70, 67, 23]
35:23:[35, 74, 77, 96, 71, 67, 23]
35:23:[35, 74, 77, 97, 71, 67, 23]
35:23:[35, 74, 77, 98, 71, 67, 23]
35:24:[35, 74, 75, 90, 69, 68, 24]
35:24:[35, 74, 75, 91, 69, 68, 24]
35:24:[35, 74, 75, 92, 69, 68, 24]
35:24:[35, 74, 76, 93, 70, 68, 24]
35:24:[35, 74, 76, 94, 70, 68, 24]
35:24:[35, 74, 76, 95, 70, 68, 24]
35:24:[35, 74, 77, 96, 71, 68, 24]
35:24:[35, 74, 77, 97, 71, 68, 24]
35:24:[35, 74, 77, 98, 71, 68, 24]
35:25:[35, 74, 75, 90, 69, 68, 25]
35:25:[35, 74, 75, 91, 69, 68, 25]
35:25:[35, 74, 75, 92, 69, 68, 25]
35:25:[35, 74, 76, 93, 70, 68, 25]
35:25:[35, 74, 76, 94, 70, 68, 25]
35:25:[35, 74, 76, 95, 70, 68, 25]
35:25:[35, 74, 77, 96, 71, 68, 25]
35:25:[35, 74, 77, 97, 71, 68, 25]
35:25:[35, 74, 77, 98, 71, 68, 25]
35:26:[35, 74, 75, 90, 69, 68, 26]
35:26:[35, 74, 75, 91, 69, 68, 26]
35:26:[35, 74, 75, 92, 69, 68, 26]
35:26:[35, 74, 76, 93, 70, 68, 26]
35:26:[35, 74, 76, 94, 70, 68, 26]
35:26:[35, 74, 76, 95, 70, 68, 26]
35:26:[35, 74, 77, 96, 71, 68, 26]
35:26:[35, 74, 77, 97, 71, 68, 26]
35:26:[35, 74, 77, 98, 71, 68, 26]
35:27:[35, 74, 75, 72, 27]
35:27:[35, 74, 76, 72, 27]
35:27:[35, 74, 77, 72, 27]
35:28:[35, 74, 75, 72, 28]
35:28:[35, 74, 76, 72, 28]
35:28:[35, 74, 77, 72, 28]
35:29:[35, 74, 75, 72, 29]
35:29:[35, 74, 76, 72, 29]
35:29:[35, 74, 77, 72, 29]
35:30:[35, 74, 75, 73, 30]
35:30:[35, 74, 76, 73, 30]
35:30:[35, 74, 77, 73, 30]
35:31:[35, 74, 75, 73, 31]
35:31:[35, 74, 76, 73, 31]
35:31:[35, 74, 77, 73, 31]
35:32:[35, 74, 75, 73, 32]
35:32:[35, 74, 76, 73, 32]
35:32:[35, 74, 77, 73, 32]
35:33:[35, 74, 33]
35:34:[35, 74, 34]
35:36:[35, 74, 75, 90, 81, 78, 36]
35:36:[35, 74, 75, 91, 81, 78, 36]
35:36:[35, 74, 75, 92, 81, 78, 36]
35:36:[35, 74, 76, 93, 82, 78, 36]
35:36:[35, 74, 76, 94, 82, 78, 36]
35:36:[35, 74, 76, 95, 82, 78, 36]
35:36:[35, 74, 77, 96, 83, 78, 36]
35:36:[35, 74, 77, 97, 83, 78, 36]
35:36:[35, 74, 77, 98, 83, 78, 36]
35:37:[35, 74, 75, 90, 81, 78, 37]
35:37:[35, 74, 75, 91, 81, 78, 37]
35:37:[35, 74, 75, 92, 81, 78, 37]
35:37:[35, 74, 76, 93, 82, 78, 37]
35:37:[35, 74, 76, 94, 82, 78, 37]
35:37:[35, 74, 76, 95, 82, 78, 37]
35:37:[35, 74, 77, 96, 83, 78, 37]
35:37:[35, 74, 77, 97, 83, 78, 37]
35:37:[35, 74, 77, 98, 83, 78, 37]
35:38:[35, 74, 75, 90, 81, 78, 38]
35:38:[35, 74, 75, 91, 81, 78, 38]
35:38:[35, 74, 75, 92, 81, 78, 38]
35:38:[35, 74, 76, 93, 82, 78, 38]
35:38:[35, 74, 76, 94, 82, 78, 38]
35:38:[35, 74, 76, 95, 82, 78, 38]
35:38:[35, 74, 77, 96, 83, 78, 38]
35:38:[35, 74, 77, 97, 83, 78, 38]
35:38:[35, 74, 77, 98, 83, 78, 38]
35:39:[35, 74, 75, 90, 81, 79, 39]
35:39:[35, 74, 75, 91, 81, 79, 39]
35:39:[35, 74, 75, 92, 81, 79, 39]
35:39:[35, 74, 76, 93, 82, 79, 39]
35:39:[35, 74, 76, 94, 82, 79, 39]
35:39:[35, 74, 76, 95, 82, 79, 39]
35:39:[35, 74, 77, 96, 83, 79, 39]
35:39:[35, 74, 77, 97, 83, 79, 39]
35:39:[35, 74, 77, 98, 83, 79, 39]
35:40:[35, 74, 75, 90, 81, 79, 40]
35:40:[35, 74, 75, 91, 81, 79, 40]
35:40:[35, 74, 75, 92, 81, 79, 40]
35:40:[35, 74, 76, 93, 82, 79, 40]
35:40:[35, 74, 76, 94, 82, 79, 40]
35:40:[35, 74, 76, 95, 82, 79, 40]
35:40:[35, 74, 77, 96, 83, 79, 40]
35:40:[35, 74, 77, 97, 83, 79, 40]
35:40:[35, 74, 77, 98, 83, 79, 40]
35:41:[35, 74, 75, 90, 81, 79, 41]
35:41:[35, 74, 75, 91, 81, 79, 41]
35:41:[35, 74, 75, 92, 81, 79, 41]
35:41:[35, 74, 76, 93, 82, 79, 41]
35:41:[35, 74, 76, 94, 82, 79, 41]
35:41:[35, 74, 76, 95, 82, 79, 41]
35:41:[35, 74, 77, 96, 83, 79, 41]
35:41:[35, 74, 77, 97, 83, 79, 41]
35:41:[35, 74, 77, 98, 83, 79, 41]
35:42:[35, 74, 75, 90, 81, 80, 42]
35:42:[35, 74, 75, 91, 81, 80, 42]
35:42:[35, 74, 75, 92, 81, 80, 42]
35:42:[35, 74, 76, 93, 82, 80, 42]
35:42:[35, 74, 76, 94, 82, 80, 42]
35:42:[35, 74, 76, 95, 82, 80, 42]
35:42:[35, 74, 77, 96, 83, 80, 42]
35:42:[35, 74, 77, 97, 83, 80, 42]
35:42:[35, 74, 77, 98, 83, 80, 42]
35:43:[35, 74, 75, 90, 81, 80, 43]
35:43:[35, 74, 75, 91, 81, 80, 43]
35:43:[35, 74, 75, 92, 81, 80, 43]
35:43:[35, 74, 76, 93, 82, 80, 43]
35:43:[35, 74, 76, 94, 82, 80, 43]
35:43:[35, 74, 76, 95, 82, 80, 43]
35:43:[35, 74, 77, 96, 83, 80, 43]
35:43:[35, 74, 77, 97, 83, 80, 43]
35:43:[35, 74, 77, 98, 83, 80, 43]
35:44:[35, 74, 75, 90, 81, 80, 44]
35:44:[35, 74, 75, 91, 81, 80, 44]
35:44:[35, 74, 75, 92, 81, 80, 44]
35:44:[35, 74, 76, 93, 82, 80, 44]
35:44:[35, 74, 76, 94, 82, 80, 44]
35:44:[35, 74, 76, 95, 82, 80, 44]
35:44:[35, 74, 77, 96, 83, 80, 44]
35:44:[35, 74, 77, 97, 83, 80, 44]
35:44:[35, 74, 77, 98, 83, 80, 44]
35:45:[35, 74, 75, 90, 87, 84, 45]
35:45:[35, 74, 75, 91, 87, 84, 45]
35:45:[35, 74, 75, 92, 87, 84, 45]
35:45:[35, 74, 76, 93, 88, 84, 45]
35:45:[35, 74, 76, 94, 88, 84, 45]
35:45:[35, 74, 76, 95, 88, 84, 45]
35:45:[35, 74, 77, 96, 89, 84, 45]
35:45:[35, 74, 77, 97, 89, 84, 45]
35:45:[35, 74, 77, 98, 89, 84, 45]
35:46:[35, 74, 75, 90, 87, 84, 46]
35:46:[35, 74, 75, 91, 87, 84, 46]
35:46:[35, 74, 75, 92, 87, 84, 46]
35:46:[35, 74, 76, 93, 88, 84, 46]
35:46:[35, 74, 76, 94, 88, 84, 46]
35:46:[35, 74, 76, 95, 88, 84, 46]
35:46:[35, 74, 77, 96, 89, 84, 46]
35:46:[35, 74, 77, 97, 89, 84, 46]
35:46:[35, 74, 77, 98, 89, 84, 46]
35:47:[35, 74, 75, 90, 87, 84, 47]
35:47:[35, 74, 75, 91, 87, 84, 47]
35:47:[35, 74, 75, 92, 87, 84, 47]
35:47:[35, 74, 76, 93, 88, 84, 47]
35:47:[35, 74, 76, 94, 88, 84, 47]
35:47:[35, 74, 76, 95, 88, 84, 47]
35:47:[35, 74, 77, 96, 89, 84, 47]
35:47:[35, 74, 77, 97, 89, 84, 47]
35:47:[35, 74, 77, 98, 89, 84, 47]
35:48:[35, 74, 75, 90, 87, 85, 48]
35:48:[35, 74, 75, 91, 87, 85, 48]
35:48:[35, 74, 75, 92, 87, 85, 48]
35:48:[35, 74, 76, 93, 88, 85, 48]
35:48:[35, 74, 76, 94, 88, 85, 48]
35:48:[35, 74, 76, 95, 88, 85, 48]
35:48:[35, 74, 77, 96, 89, 85, 48]
35:48:[35, 74, 77, 97, 89, 85, 48]
35:48:[35, 74, 77, 98, 89, 85, 48]
35:49:[35, 74, 75, 90, 87, 85, 49]
35:49:[35, 74, 75, 91, 87, 85, 49]
35:49:[35, 74, 75, 92, 87, 85, 49]
35:49:[35, 74, 76, 93, 88, 85, 49]
35:49:[35, 74, 76, 94, 88, 85, 49]
35:49:[35, 74, 76, 95, 88, 85, 49]
35:49:[35, 74, 77, 96, 89, 85, 49]
35:49:[35, 74, 77, 97, 89, 85, 49]
35:49:[35, 74, 77, 98, 89, 85, 49]
35:50:[35, 74, 75, 90, 87, 85, 50]
35:50:[35, 74, 75, 91, 87, 85, 50]
35:50:[35, 74, 75, 92, 87, 85, 50]
35:50:[35, 74, 76, 93, 88, 85, 50]
35:50:[35, 74, 76, 94, 88, 85, 50]
35:50:[35, 74, 76, 95, 88, 85, 50]
35:50:[35, 74, 77, 96, 89, 85, 50]
35:50:[35, 74, 77, 97, 89, 85, 50]
35:50:[35, 74, 77, 98, 89, 85, 50]
35:51:[35, 74, 75, 90, 87, 86, 51]
35:51:[35, 74, 75, 91, 87, 86, 51]
35:51:[35, 74, 75, 92, 87, 86, 51]
35:51:[35, 74, 76, 93, 88, 86, 51]
35:51:[35, 74, 76, 94, 88, 86, 51]
35:51:[35, 74, 76, 95, 88, 86, 51]
35:51:[35, 74, 77, 96, 89, 86, 51]
35:51:[35, 74, 77, 97, 89, 86, 51]
35:51:[35, 74, 77, 98, 89, 86, 51]
35:52:[35, 74, 75, 90, 87, 86, 52]
35:52:[35, 74, 75, 91, 87, 86, 52]
35:52:[35, 74, 75, 92, 87, 86, 52]
35:52:[35, 74, 76, 93, 88, 86, 52]
35:52:[35, 74, 76, 94, 88, 86, 52]
35:52:[35, 74, 76, 95, 88, 86, 52]
35:52:[35, 74, 77, 96, 89, 86, 52]
35:52:[35, 74, 77, 97, 89, 86, 52]
35:52:[35, 74, 77, 98, 89, 86, 52]
35:53:[35, 74, 75, 90, 87, 86, 53]
35:53:[35, 74, 75, 91, 87, 86, 53]
35:53:[35, 74, 75, 92, 87, 86, 53]
35:53:[35, 74, 76, 93, 88, 86, 53]
35:53:[35, 74, 76, 94, 88, 86, 53]
35:53:[35, 74, 76, 95, 88, 86, 53]
35:53:[35, 74, 77, 96, 89, 86, 53]
35:53:[35, 74, 77, 97, 89, 86, 53]
35:53:[35, 74, 77, 98, 89, 86, 53]
36:0:[36, 78, 81, 90, 57, 54, 0]
36:0:[36, 78, 81, 91, 57, 54, 0]
36:0:[36, 78, 81, 92, 57, 54, 0]
36:0:[36, 78, 82, 93, 58, 54, 0]
36:0:[36, 78, 82, 94, 58, 54, 0]
36:0:[36, 78, 82, 95, 58, 54, 0]
36:0:[36, 78, 83, 96, 59, 54, 0]
36:0:[36, 78, 83, 97, 59, 54, 0]
36:0:[36, 78, 83, 98, 59, 54, 0]
36:1:[36, 78, 81, 90, 57, 54, 1]
36:1:[36, 78, 81, 91, 57, 54, 1]
36:1:[36, 78, 81, 92, 57, 54, 1]
36:1:[36, 78, 82, 93, 58, 54, 1]
36:1:[36, 78, 82, 94, 58, 54, 1]
36:1:[36, 78, 82, 95, 58, 54, 1]
36:1:[36, 78, 83, 96, 59, 54, 1]
36:1:[36, 78, 83, 97, 59, 54, 1]
36:1:[36, 78, 83, 98, 59, 54, 1]
36:2:[36, 78, 81, 90, 57, 54, 2]
36:2:[36, 78, 81, 91, 57, 54, 2]
36:2:[36, 78, 81, 92, 57, 54, 2]
36:2:[36, 78, 82, 93, 58, 54, 2]
36:2:[36, 78, 82, 94, 58, 54, 2]
36:2:[36, 78, 82, 95, 58, 54, 2]
36:2:[36, 78, 83, 96, 59, 54, 2]
36:2:[36, 78, 83, 97, 59, 54, 2]
36:2:[36, 78, 83, 98, 59, 54, 2]
36:3:[36, 78, 81, 90, 57, 55, 3]
36:3:[36, 78, 81, 91, 57, 55, 3]
36:3:[36, 78, 81, 92, 57, 55, 3]
36:3:[36, 78, 82, 93, 58, 55, 3]
36:3:[36, 78, 82, 94, 58, 55, 3]
36:3:[36, 78, 82, 95, 58, 55, 3]
36:3:[36, 78, 83, 96, 59, 55, 3]
36:3:[36, 78, 83, 97, 59, 55, 3]
36:3:[36, 78, 83, 98, 59, 55, 3]
36:4:[36, 78, 81, 90, 57, 55, 4]
36:4:[36, 78, 81, 91, 57, 55, 4]
36:4:[36, 78, 81, 92, 57, 55, 4]
36:4:[36, 78, 82, 93, 58, 55, 4]
36:4:[36, 78, 82, 94, 58, 55, 4]
36:4:[36, 78, 82, 95, 58, 55, 4]
36:4:[36, 78, 83, 96, 59, 55, 4]
36:4:[36, 78, 83, 97, 59, 55, 4]
36:4:[36, 78, 83, 98, 59, 55, 4]
36:5:[36, 78, 81, 90, 57, 55, 5]
36:5:[36, 78, 81, 91, 57, 55, 5]
36:5:[36, 78, 81, 92, 57, 55, 5]
36:5:[36, 78, 82, 93, 58, 55, 5]
36:5:[36, 78, 82, 94, 58, 55, 5]
36:5:[36, 78, 82, 95, 58, 55, 5]
36:5:[36, 78, 83, 96, 59, 55, 5]
36:5:[36, 78, 83, 97, 59, 55, 5]
36:5:[36, 78, 83, 98, 59, 55, 5]
36:6:[36, 78, 81, 90, 57, 56, 6]
36:6:[36, 78, 81, 91, 57, 56, 6]
36:6:[36, 78, 81, 92, 57, 56, 6]
36:6:[36, 78, 82, 93, 58, 56, 6]
36:6:[36, 78, 82, 94, 58, 56, 6]
36:6:[36, 78, 82, 95, 58, 56, 6]
36:6:[36, 78, 83, 96, 59, 56, 6]
36:6:[36, 78, 83, 97, 59, 56, 6]
36:6:[36, 78, 83, 98, 59, 56, 6]
36:7:[36, 78, 81, 90, 57, 56, 7]
36:7:[36, 78, 81, 91, 57, 56, 7]
36:7:[36, 78, 81, 92, 57, 56, 7]
36:7:[36, 78, 82, 93, 58, 56, 7]
36:7:[36, 78, 82, 94, 58, 56, 7]
36:7:[36, 78, 82, 95, 58, 56, 7]
36:7:[36, 78, 83, 96, 59, 56, 7]
36:7:[36, 78, 83, 97, 59, 56, 7]
36:7:[36, 78, 83, 98, 59, 56, 7]
36:8:[36, 78, 81, 90, 57, 56, 8]
36:8:[36, 78, 81, 91, 57, 56, 8]
36:8:[36, 78, 81, 92, 57, 56, 8]
36:8:[36, 78, 82, 93, 58, 56, 8]
36:8:[36, 78, 82, 94, 58, 56, 8]
36:8:[36, 78, 82, 95, 58, 56, 8]
36:8:[36, 78, 83, 96, 59, 56, 8]
36:8:[36, 78, 83, 97, 59, 56, 8]
36:8:[36, 78, 83, 98, 59, 56, 8]
36:9:[36, 78, 81, 90, 63, 60, 9]
36:9:[36, 78, 81, 91, 63, 60, 9]
36:9:[36, 78, 81, 92, 63, 60, 9]
36:9:[36, 78, 82, 93, 64, 60, 9]
36:9:[36, 78, 82, 94, 64, 60, 9]
36:9:[36, 78, 82, 95, 64, 60, 9]
36:9:[36, 78, 83, 96, 65, 60, 9]
36:9:[36, 78, 83, 97, 65, 60, 9]
36:9:[36, 78, 83, 98, 65, 60, 9]
36:10:[36, 78, 81, 90, 63, 60, 10]
36:10:[36, 78, 81, 91, 63, 60, 10]
36:10:[36, 78, 81, 92, 63, 60, 10]
36:10:[36, 78, 82, 93, 64, 60, 10]
36:10:[36, 78, 82, 94, 64, 60, 10]
36:10:[36, 78, 82, 95, 64, 60, 10]
36:10:[36, 78, 83, 96, 65, 60, 10]
36:10:[36, 78, 83, 97, 65, 60, 10]
36:10:[36, 78, 83, 98, 65, 60, 10]
36:11:[36, 78, 81, 90, 63, 60, 11]
36:11:[36, 78, 81, 91, 63, 60, 11]
36:11:[36, 78, 81, 92, 63, 60, 11]
36:11:[36, 78, 82, 93, 64, 60, 11]
36:11:[36, 78, 82, 94, 64, 60, 11]
36:11:[36, 78, 82, 95, 64, 60, 11]
36:11:[36, 78, 83, 96, 65, 60, 11]
36:11:[36, 78, 83, 97, 65, 60, 11]
36:11:[36, 78, 83, 98, 65, 60, 11]
36:12:[36, 78, 81, 90, 63, 61, 12]
36:12:[36, 78, 81, 91, 63, 61, 12]
36:12:[36, 78, 81, 92, 63, 61, 12]
36:12:[36, 78, 82, 93, 64, 61, 12]
36:12:[36, 78, 82, 94, 64, 61, 12]
36:12:[36, 78, 82, 95, 64, 61, 12]
36:12:[36, 78, 83, 96, 65, 61, 12]
36:12:[36, 78, 83, 97, 65, 61, 12]
36:12:[36, 78, 83, 98, 65, 61, 12]
36:13:[36, 78, 81, 90, 63, 61, 13]
36:13:[36, 78, 81, 91, 63, 61, 13]
36:13:[36, 78, 81, 92, 63, 61, 13]
36:13:[36, 78, 82, 93, 64, 61, 13]
36:13:[36, 78, 82, 94, 64, 61, 13]
36:13:[36, 78, 82, 95, 64, 61, 13]
36:13:[36, 78, 83, 96, 65, 61, 13]
36:13:[36, 78, 83, 97, 65, 61, 13]
36:13:[36, 78, 83, 98, 65, 61, 13]
36:14:[36, 78, 81, 90, 63, 61, 14]
36:14:[36, 78, 81, 91, 63, 61, 14]
36:14:[36, 78, 81, 92, 63, 61, 14]
36:14:[36, 78, 82, 93, 64, 61, 14]
36:14:[36, 78, 82, 94, 64, 61, 14]
36:14:[36, 78, 82, 95, 64, 61, 14]
36:14:[36, 78, 83, 96, 65, 61, 14]
36:14:[36, 78, 83, 97, 65, 61, 14]
36:14:[36, 78, 83, 98, 65, 61, 14]
36:15:[36, 78, 81, 90, 63, 62, 15]
36:15:[36, 78, 81, 91, 63, 62, 15]
36:15:[36, 78, 81, 92, 63, 62, 15]
36:15:[36, 78, 82, 93, 64, 62, 15]
36:15:[36, 78, 82, 94, 64, 62, 15]
36:15:[36, 78, 82, 95, 64, 62, 15]
36:15:[36, 78, 83, 96, 65, 62, 15]
36:15:[36, 78, 83, 97, 65, 62, 15]
36:15:[36, 78, 83, 98, 65, 62, 15]
36:16:[36, 78, 81, 90, 63, 62, 16]
36:16:[36, 78, 81, 91, 63, 62, 16]
36:16:[36, 78, 81, 92, 63, 62, 16]
36:16:[36, 78, 82, 93, 64, 62, 16]
36:16:[36, 78, 82, 94, 64, 62, 16]
36:16:[36, 78, 82, 95, 64, 62, 16]
36:16:[36, 78, 83, 96, 65, 62, 16]
36:16:[36, 78, 83, 97, 65, 62, 16]
36:16:[36, 78, 83, 98, 65, 62, 16]
36:17:[36, 78, 81, 90, 63, 62, 17]
36:17:[36, 78, 81, 91, 63, 62, 17]
36:17:[36, 78, 81, 92, 63, 62, 17]
36:17:[36, 78, 82, 93, 64, 62, 17]
36:17:[36, 78, 82, 94, 64, 62, 17]
36:17:[36, 78, 82, 95, 64, 62, 17]
36:17:[36, 78, 83, 96, 65, 62, 17]
36:17:[36, 78, 83, 97, 65, 62, 17]
36:17:[36, 78, 83, 98, 65, 62, 17]
36:18:[36, 78, 81, 90, 69, 66, 18]
36:18:[36, 78, 81, 91, 69, 66, 18]
36:18:[36, 78, 81, 92, 69, 66, 18]
36:18:[36, 78, 82, 93, 70, 66, 18]
36:18:[36, 78, 82, 94, 70, 66, 18]
36:18:[36, 78, 82, 95, 70, 66, 18]
36:18:[36, 78, 83, 96, 71, 66, 18]
36:18:[36, 78, 83, 97, 71, 66, 18]
36:18:[36, 78, 83, 98, 71, 66, 18]
36:19:[36, 78, 81, 90, 69, 66, 19]
36:19:[36, 78, 81, 91, 69, 66, 19]
36:19:[36, 78, 81, 92, 69, 66, 19]
36:19:[36, 78, 82, 93, 70, 66, 19]
36:19:[36, 78, 82, 94, 70, 66, 19]
36:19:[36, 78, 82, 95, 70, 66, 19]
36:19:[36, 78, 83, 96, 71, 66, 19]
36:19:[36, 78, 83, 97, 71, 66, 19]
36:19:[36, 78, 83, 98, 71, 66, 19]
36:20:[36, 78, 81, 90, 69, 66, 20]
36:20:[36, 78, 81, 91, 69, 66, 20]
36:20:[36, 78, 81, 92, 69, 66, 20]
36:20:[36, 78, 82, 93, 70, 66, 20]
36:20:[36, 78, 82, 94, 70, 66, 20]
36:20:[36, 78, 82, 95, 70, 66, 20]
36:20:[36, 78, 83, 96, 71, 66, 20]
36:20:[36, 78, 83, 97, 71, 66, 20]
36:20:[36, 78, 83, 98, 71, 66, 20]
36:21:[36, 78, 81, 90, 69, 67, 21]
36:21:[36, 78, 81, 91, 69, 67, 21]
36:21:[36, 78, 81, 92, 69, 67, 21]
36:21:[36, 78, 82, 93, 70, 67, 21]
36:21:[36, 78, 82, 94, 70, 67, 21]
36:21:[36, 78, 82, 95, 70, 67, 21]
36:21:[36, 78, 83, 96, 71, 67, 21]
36:21:[36, 78, 83, 97, 71, 67, 21]
36:21:[36, 78, 83, 98, 71, 67, 21]
36:22:[36, 78, 81, 90, 69, 67, 22]
36:22:[36, 78, 81, 91, 69, 67, 22]
36:22:[36, 78, 81, 92, 69, 67, 22]
36:22:[36, 78, 82, 93, 70, 67, 22]
36:22:[36, 78, 82, 94, 70, 67, 22]
36:22:[36, 78, 82, 95, 70, 67, 22]
36:22:[36, 78, 83, 96, 71, 67, 22]
36:22:[36, 78, 83, 97, 71, 67, 22]
36:22:[36, 78, 83, 98, 71, 67, 22]
36:23:[36, 78, 81, 90, 69, 67, 23]
36:23:[36, 78, 81, 91, 69, 67, 23]
36:23:[36, 78, 81, 92, 69, 67, 23]
36:23:[36, 78, 82, 93, 70, 67, 23]
36:23:[36, 78, 82, 94, 70, 67, 23]
36:23:[36, 78, 82, 95, 70, 67, 23]
36:23:[36, 78, 83, 96, 71, 67, 23]
36:23:[36, 78, 83, 97, 71, 67, 23]
36:23:[36, 78, 83, 98, 71, 67, 23]
36:24:[36, 78, 81, 90, 69, 68, 24]
36:24:[36, 78, 81, 91, 69, 68, 24]
36:24:[36, 78, 81, 92, 69, 68, 24]
36:24:[36, 78, 82, 93, 70, 68, 24]
36:24:[36, 78, 82, 94, 70, 68, 24]
36:24:[36, 78, 82, 95, 70, 68, 24]
36:24:[36, 78, 83, 96, 71, 68, 24]
36:24:[36, 78, 83, 97, 71, 68, 24]
36:24:[36, 78, 83, 98, 71, 68, 24]
36:25:[36, 78, 81, 90, 69, 68, 25]
36:25:[36, 78, 81, 91, 69, 68, 25]
36:25:[36, 78, 81, 92, 69, 68, 25]
36:25:[36, 78, 82, 93, 70, 68, 25]
36:25:[36, 78, 82, 94, 70, 68, 25]
36:25:[36, 78, 82, 95, 70, 68, 25]
36:25:[36, 78, 83, 96, 71, 68, 25]
36:25:[36, 78, 83, 97, 71, 68, 25]
36:25:[36, 78, 83, 98, 71, 68, 25]
36:26:[36, 78, 81, 90, 69, 68, 26]
36:26:[36, 78, 81, 91, 69, 68, 26]
36:26:[36, 78, 81, 92, 69, 68, 26]
36:26:[36, 78, 82, 93, 70, 68, 26]
36:26:[36, 78, 82, 94, 70, 68, 26]
36:26:[36, 78, 82, 95, 70, 68, 26]
36:26:[36, 78, 83, 96, 71, 68, 26]
36:26:[36, 78, 83, 97, 71, 68, 26]
36:26:[36, 78, 83, 98, 71, 68, 26]
36:27:[36, 78, 81, 90, 75, 72, 27]
36:27:[36, 78, 81, 91, 75, 72, 27]
36:27:[36, 78, 81, 92, 75, 72, 27]
36:27:[36, 78, 82, 93, 76, 72, 27]
36:27:[36, 78, 82, 94, 76, 72, 27]
36:27:[36, 78, 82, 95, 76, 72, 27]
36:27:[36, 78, 83, 96, 77, 72, 27]
36:27:[36, 78, 83, 97, 77, 72, 27]
36:27:[36, 78, 83, 98, 77, 72, 27]
36:28:[36, 78, 81, 90, 75, 72, 28]
36:28:[36, 78, 81, 91, 75, 72, 28]
36:28:[36, 78, 81, 92, 75, 72, 28]
36:28:[36, 78, 82, 93, 76, 72, 28]
36:28:[36, 78, 82, 94, 76, 72, 28]
36:28:[36, 78, 82, 95, 76, 72, 28]
36:28:[36, 78, 83, 96, 77, 72, 28]
36:28:[36, 78, 83, 97, 77, 72, 28]
36:28:[36, 78, 83, 98, 77, 72, 28]
36:29:[36, 78, 81, 90, 75, 72, 29]
36:29:[36, 78, 81, 91, 75, 72, 29]
36:29:[36, 78, 81, 92, 75, 72, 29]
36:29:[36, 78, 82, 93, 76, 72, 29]
36:29:[36, 78, 82, 94, 76, 72, 29]
36:29:[36, 78, 82, 95, 76, 72, 29]
36:29:[36, 78, 83, 96, 77, 72, 29]
36:29:[36, 78, 83, 97, 77, 72, 29]
36:29:[36, 78, 83, 98, 77, 72, 29]
36:30:[36, 78, 81, 90, 75, 73, 30]
36:30:[36, 78, 81, 91, 75, 73, 30]
36:30:[36, 78, 81, 92, 75, 73, 30]
36:30:[36, 78, 82, 93, 76, 73, 30]
36:30:[36, 78, 82, 94, 76, 73, 30]
36:30:[36, 78, 82, 95, 76, 73, 30]
36:30:[36, 78, 83, 96, 77, 73, 30]
36:30:[36, 78, 83, 97, 77, 73, 30]
36:30:[36, 78, 83, 98, 77, 73, 30]
36:31:[36, 78, 81, 90, 75, 73, 31]
36:31:[36, 78, 81, 91, 75, 73, 31]
36:31:[36, 78, 81, 92, 75, 73, 31]
36:31:[36, 78, 82, 93, 76, 73, 31]
36:31:[36, 78, 82, 94, 76, 73, 31]
36:31:[36, 78, 82, 95, 76, 73, 31]
36:31:[36, 78, 83, 96, 77, 73, 31]
36:31:[36, 78, 83, 97, 77, 73, 31]
36:31:[36, 78, 83, 98, 77, 73, 31]
36:32:[36, 78, 81, 90, 75, 73, 32]
36:32:[36, 78, 81, 91, 75, 73, 32]
36:32:[36, 78, 81, 92, 75, 73, 32]
36:32:[36, 78, 82, 93, 76, 73, 32]
36:32:[36, 78, 82, 94, 76, 73, 32]
36:32:[36, 78, 82, 95, 76, 73, 32]
36:32:[36, 78, 83, 96, 77, 73, 32]
36:32:[36, 78, 83, 97, 77, 73, 32]
36:32:[36, 78, 83, 98, 77, 73, 32]
36:33:[36, 78, 81, 90, 75, 74, 33]
36:33:[36, 78, 81, 91, 75, 74, 33]
36:33:[36, 78, 81, 92, 75, 74, 33]
36:33:[36, 78, 82, 93, 76, 74, 33]
36:33:[36, 78, 82, 94, 76, 74, 33]
36:33:[36, 78, 82, 95, 76, 74, 33]
36:33:[36, 78, 83, 96, 77, 74, 33]
36:33:[36, 78, 83, 97, 77, 74, 33]
36:33:[36, 78, 83, 98, 77, 74, 33]
36:34:[36, 78, 81, 90, 75, 74, 34]
36:34:[36, 78, 81, 91, 75, 74, 34]
36:34:[36, 78, 81, 92, 75, 74, 34]
36:34:[36, 78, 82, 93, 76, 74, 34]
36:34:[36, 78, 82, 94, 76, 74, 34]
36:34:[36, 78, 82, 95, 76, 74, 34]
36:34:[36, 78, 83, 96, 77, 74, 34]
36:34:[36, 78, 83, 97, 77, 74, 34]
36:34:[36, 78, 83, 98, 77, 74, 34]
36:35:[36, 78, 81, 90, 75, 74, 35]
36:35:[36, 78, 81, 91, 75, 74, 35]
36:35:[36, 78, 81, 92, 75, 74, 35]
36:35:[36, 78, 82, 93, 76, 74, 35]
36:35:[36, 78, 82, 94, 76, 74, 35]
36:35:[36, 78, 82, 95, 76, 74, 35]
36:35:[36, 78, 83, 96, 77, 74, 35]
36:35:[36, 78, 83, 97, 77, 74, 35]
36:35:[36, 78, 83, 98, 77, 74, 35]
36:37:[36, 78, 37]
36:38:[36, 78, 38]
36:39:[36, 78, 81, 79, 39]
36:39:[36, 78, 82, 79, 39]
36:39:[36, 78, 83, 79, 39]
36:40:[36, 78, 81, 79, 40]
36:40:[36, 78, 82, 79, 40]
36:40:[36, 78, 83, 79, 40]
36:41:[36, 78, 81, 79, 41]
36:41:[36, 78, 82, 79, 41]
36:41:[36, 78, 83, 79, 41]
36:42:[36, 78, 81, 80, 42]
36:42:[36, 78, 82, 80, 42]
36:42:[36, 78, 83, 80, 42]
36:43:[36, 78, 81, 80, 43]
36:43:[36, 78, 82, 80, 43]
36:43:[36, 78, 83, 80, 43]
36:44:[36, 78, 81, 80, 44]
36:44:[36, 78, 82, 80, 44]
36:44:[36, 78, 83, 80, 44]
36:45:[36, 78, 81, 90, 87, 84, 45]
36:45:[36, 78, 81, 91, 87, 84, 45]
36:45:[36, 78, 81, 92, 87, 84, 45]
36:45:[36, 78, 82, 93, 88, 84, 45]
36:45:[36, 78, 82, 94, 88, 84, 45]
36:45:[36, 78, 82, 95, 88, 84, 45]
36:45:[36, 78, 83, 96, 89, 84, 45]
36:45:[36, 78, 83, 97, 89, 84, 45]
36:45:[36, 78, 83, 98, 89, 84, 45]
36:46:[36, 78, 81, 90, 87, 84, 46]
36:46:[36, 78, 81, 91, 87, 84, 46]
36:46:[36, 78, 81, 92, 87, 84, 46]
36:46:[36, 78, 82, 93, 88, 84, 46]
36:46:[36, 78, 82, 94, 88, 84, 46]
36:46:[36, 78, 82, 95, 88, 84, 46]
36:46:[36, 78, 83, 96, 89, 84, 46]
36:46:[36, 78, 83, 97, 89, 84, 46]
36:46:[36, 78, 83, 98, 89, 84, 46]
36:47:[36, 78, 81, 90, 87, 84, 47]
36:47:[36, 78, 81, 91, 87, 84, 47]
36:47:[36, 78, 81, 92, 87, 84, 47]
36:47:[36, 78, 82, 93, 88, 84, 47]
36:47:[36, 78, 82, 94, 88, 84, 47]
36:47:[36, 78, 82, 95, 88, 84, 47]
36:47:[36, 78, 83, 96, 89, 84, 47]
36:47:[36, 78, 83, 97, 89, 84, 47]
36:47:[36, 78, 83, 98, 89, 84, 47]
36:48:[36, 78, 81, 90, 87, 85, 48]
36:48:[36, 78, 81, 91, 87, 85, 48]
36:48:[36, 78, 81, 92, 87, 85, 48]
36:48:[36, 78, 82, 93, 88, 85, 48]
36:48:[36, 78, 82, 94, 88, 85, 48]
36:48:[36, 78, 82, 95, 88, 85, 48]
36:48:[36, 78, 83, 96, 89, 85, 48]
36:48:[36, 78, 83, 97, 89, 85, 48]
36:48:[36, 78, 83, 98, 89, 85, 48]
36:49:[36, 78, 81, 90, 87, 85, 49]
36:49:[36, 78, 81, 91, 87, 85, 49]
36:49:[36, 78, 81, 92, 87, 85, 49]
36:49:[36, 78, 82, 93, 88, 85, 49]
36:49:[36, 78, 82, 94, 88, 85, 49]
36:49:[36, 78, 82, 95, 88, 85, 49]
36:49:[36, 78, 83, 96, 89, 85, 49]
36:49:[36, 78, 83, 97, 89, 85, 49]
36:49:[36, 78, 83, 98, 89, 85, 49]
36:50:[36, 78, 81, 90, 87, 85, 50]
36:50:[36, 78, 81, 91, 87, 85, 50]
36:50:[36, 78, 81, 92, 87, 85, 50]
36:50:[36, 78, 82, 93, 88, 85, 50]
36:50:[36, 78, 82, 94, 88, 85, 50]
36:50:[36, 78, 82, 95, 88, 85, 50]
36:50:[36, 78, 83, 96, 89, 85, 50]
36:50:[36, 78, 83, 97, 89, 85, 50]
36:50:[36, 78, 83, 98, 89, 85, 50]
36:51:[36, 78, 81, 90, 87, 86, 51]
36:51:[36, 78, 81, 91, 87, 86, 51]
36:51:[36, 78, 81, 92, 87, 86, 51]
36:51:[36, 78, 82, 93, 88, 86, 51]
36:51:[36, 78, 82, 94, 88, 86, 51]
36:51:[36, 78, 82, 95, 88, 86, 51]
36:51:[36, 78, 83, 96, 89, 86, 51]
36:51:[36, 78, 83, 97, 89, 86, 51]
36:51:[36, 78, 83, 98, 89, 86, 51]
36:52:[36, 78, 81, 90, 87, 86, 52]
36:52:[36, 78, 81, 91, 87, 86, 52]
36:52:[36, 78, 81, 92, 87, 86, 52]
36:52:[36, 78, 82, 93, 88, 86, 52]
36:52:[36, 78, 82, 94, 88, 86, 52]
36:52:[36, 78, 82, 95, 88, 86, 52]
36:52:[36, 78, 83, 96, 89, 86, 52]
36:52:[36, 78, 83, 97, 89, 86, 52]
36:52:[36, 78, 83, 98, 89, 86, 52]
36:53:[36, 78, 81, 90, 87, 86, 53]
36:53:[36, 78, 81, 91, 87, 86, 53]
36:53:[36, 78, 81, 92, 87, 86, 53]
36:53:[36, 78, 82, 93, 88, 86, 53]
36:53:[36, 78, 82, 94, 88, 86, 53]
36:53:[36, 78, 82, 95, 88, 86, 53]
36:53:[36, 78, 83, 96, 89, 86, 53]
36:53:[36, 78, 83, 97, 89, 86, 53]
36:53:[36, 78, 83, 98, 89, 86, 53]
37:0:[37, 78, 81, 90, 57, 54, 0]
37:0:[37, 78, 81, 91, 57, 54, 0]
37:0:[37, 78, 81, 92, 57, 54, 0]
37:0:[37, 78, 82, 93, 58, 54, 0]
37:0:[37, 78, 82, 94, 58, 54, 0]
37:0:[37, 78, 82, 95, 58, 54, 0]
37:0:[37, 78, 83, 96, 59, 54, 0]
37:0:[37, 78, 83, 97, 59, 54, 0]
37:0:[37, 78, 83, 98, 59, 54, 0]
37:1:[37, 78, 81, 90, 57, 54, 1]
37:1:[37, 78, 81, 91, 57, 54, 1]
37:1:[37, 78, 81, 92, 57, 54, 1]
37:1:[37, 78, 82, 93, 58, 54, 1]
37:1:[37, 78, 82, 94, 58, 54, 1]
37:1:[37, 78, 82, 95, 58, 54, 1]
37:1:[37, 78, 83, 96, 59, 54, 1]
37:1:[37, 78, 83, 97, 59, 54, 1]
37:1:[37, 78, 83, 98, 59, 54, 1]
37:2:[37, 78, 81, 90, 57, 54, 2]
37:2:[37, 78, 81, 91, 57, 54, 2]
37:2:[37, 78, 81, 92, 57, 54, 2]
37:2:[37, 78, 82, 93, 58, 54, 2]
37:2:[37, 78, 82, 94, 58, 54, 2]
37:2:[37, 78, 82, 95, 58, 54, 2]
37:2:[37, 78, 83, 96, 59, 54, 2]
37:2:[37, 78, 83, 97, 59, 54, 2]
37:2:[37, 78, 83, 98, 59, 54, 2]
37:3:[37, 78, 81, 90, 57, 55, 3]
37:3:[37, 78, 81, 91, 57, 55, 3]
37:3:[37, 78, 81, 92, 57, 55, 3]
37:3:[37, 78, 82, 93, 58, 55, 3]
37:3:[37, 78, 82, 94, 58, 55, 3]
37:3:[37, 78, 82, 95, 58, 55, 3]
37:3:[37, 78, 83, 96, 59, 55, 3]
37:3:[37, 78, 83, 97, 59, 55, 3]
37:3:[37, 78, 83, 98, 59, 55, 3]
37:4:[37, 78, 81, 90, 57, 55, 4]
37:4:[37, 78, 81, 91, 57, 55, 4]
37:4:[37, 78, 81, 92, 57, 55, 4]
37:4:[37, 78, 82, 93, 58, 55, 4]
37:4:[37, 78, 82, 94, 58, 55, 4]
37:4:[37, 78, 82, 95, 58, 55, 4]
37:4:[37, 78, 83, 96, 59, 55, 4]
37:4:[37, 78, 83, 97, 59, 55, 4]
37:4:[37, 78, 83, 98, 59, 55, 4]
37:5:[37, 78, 81, 90, 57, 55, 5]
37:5:[37, 78, 81, 91, 57, 55, 5]
37:5:[37, 78, 81, 92, 57, 55, 5]
37:5:[37, 78, 82, 93, 58, 55, 5]
37:5:[37, 78, 82, 94, 58, 55, 5]
37:5:[37, 78, 82, 95, 58, 55, 5]
37:5:[37, 78, 83, 96, 59, 55, 5]
37:5:[37, 78, 83, 97, 59, 55, 5]
37:5:[37, 78, 83, 98, 59, 55, 5]
37:6:[37, 78, 81, 90, 57, 56, 6]
37:6:[37, 78, 81, 91, 57, 56, 6]
37:6:[37, 78, 81, 92, 57, 56, 6]
37:6:[37, 78, 82, 93, 58, 56, 6]
37:6:[37, 78, 82, 94, 58, 56, 6]
37:6:[37, 78, 82, 95, 58, 56, 6]
37:6:[37, 78, 83, 96, 59, 56, 6]
37:6:[37, 78, 83, 97, 59, 56, 6]
37:6:[37, 78, 83, 98, 59, 56, 6]
37:7:[37, 78, 81, 90, 57, 56, 7]
37:7:[37, 78, 81, 91, 57, 56, 7]
37:7:[37, 78, 81, 92, 57, 56, 7]
37:7:[37, 78, 82, 93, 58, 56, 7]
37:7:[37, 78, 82, 94, 58, 56, 7]
37:7:[37, 78, 82, 95, 58, 56, 7]
37:7:[37, 78, 83, 96, 59, 56, 7]
37:7:[37, 78, 83, 97, 59, 56, 7]
37:7:[37, 78, 83, 98, 59, 56, 7]
37:8:[37, 78, 81, 90, 57, 56, 8]
37:8:[37, 78, 81, 91, 57, 56, 8]
37:8:[37, 78, 81, 92, 57, 56, 8]
37:8:[37, 78, 82, 93, 58, 56, 8]
37:8:[37, 78, 82, 94, 58, 56, 8]
37:8:[37, 78, 82, 95, 58, 56, 8]
37:8:[37, 78, 83, 96, 59, 56, 8]
37:8:[37, 78, 83, 97, 59, 56, 8]
37:8:[37, 78, 83, 98, 59, 56, 8]
37:9:[37, 78, 81, 90, 63, 60, 9]
37:9:[37, 78, 81, 91, 63, 60, 9]
37:9:[37, 78, 81, 92, 63, 60, 9]
37:9:[37, 78, 82, 93, 64, 60, 9]
37:9:[37, 78, 82, 94, 64, 60, 9]
37:9:[37, 78, 82, 95, 64, 60, 9]
37:9:[37, 78, 83, 96, 65, 60, 9]
37:9:[37, 78, 83, 97, 65, 60, 9]
37:9:[37, 78, 83, 98, 65, 60, 9]
37:10:[37, 78, 81, 90, 63, 60, 10]
37:10:[37, 78, 81, 91, 63, 60, 10]
37:10:[37, 78, 81, 92, 63, 60, 10]
37:10:[37, 78, 82, 93, 64, 60, 10]
37:10:[37, 78, 82, 94, 64, 60, 10]
37:10:[37, 78, 82, 95, 64, 60, 10]
37:10:[37, 78, 83, 96, 65, 60, 10]
37:10:[37, 78, 83, 97, 65, 60, 10]
37:10:[37, 78, 83, 98, 65, 60, 10]
37:11:[37, 78, 81, 90, 63, 60, 11]
37:11:[37, 78, 81, 91, 63, 60, 11]
37:11:[37, 78, 81, 92, 63, 60, 11]
37:11:[37, 78, 82, 93, 64, 60, 11]
37:11:[37, 78, 82, 94, 64, 60, 11]
37:11:[37, 78, 82, 95, 64, 60, 11]
37:11:[37, 78, 83, 96, 65, 60, 11]
37:11:[37, 78, 83, 97, 65, 60, 11]
37:11:[37, 78, 83, 98, 65, 60, 11]
37:12:[37, 78, 81, 90, 63, 61, 12]
37:12:[37, 78, 81, 91, 63, 61, 12]
37:12:[37, 78, 81, 92, 63, 61, 12]
37:12:[37, 78, 82, 93, 64, 61, 12]
37:12:[37, 78, 82, 94, 64, 61, 12]
37:12:[37, 78, 82, 95, 64, 61, 12]
37:12:[37, 78, 83, 96, 65, 61, 12]
37:12:[37, 78, 83, 97, 65, 61, 12]
37:12:[37, 78, 83, 98, 65, 61, 12]
37:13:[37, 78, 81, 90, 63, 61, 13]
37:13:[37, 78, 81, 91, 63, 61, 13]
37:13:[37, 78, 81, 92, 63, 61, 13]
37:13:[37, 78, 82, 93, 64, 61, 13]
37:13:[37, 78, 82, 94, 64, 61, 13]
37:13:[37, 78, 82, 95, 64, 61, 13]
37:13:[37, 78, 83, 96, 65, 61, 13]
37:13:[37, 78, 83, 97, 65, 61, 13]
37:13:[37, 78, 83, 98, 65, 61, 13]
37:14:[37, 78, 81, 90, 63, 61, 14]
37:14:[37, 78, 81, 91, 63, 61, 14]
37:14:[37, 78, 81, 92, 63, 61, 14]
37:14:[37, 78, 82, 93, 64, 61, 14]
37:14:[37, 78, 82, 94, 64, 61, 14]
37:14:[37, 78, 82, 95, 64, 61, 14]
37:14:[37, 78, 83, 96, 65, 61, 14]
37:14:[37, 78, 83, 97, 65, 61, 14]
37:14:[37, 78, 83, 98, 65, 61, 14]
37:15:[37, 78, 81, 90, 63, 62, 15]
37:15:[37, 78, 81, 91, 63, 62, 15]
37:15:[37, 78, 81, 92, 63, 62, 15]
37:15:[37, 78, 82, 93, 64, 62, 15]
37:15:[37, 78, 82, 94, 64, 62, 15]
37:15:[37, 78, 82, 95, 64, 62, 15]
37:15:[37, 78, 83, 96, 65, 62, 15]
37:15:[37, 78, 83, 97, 65, 62, 15]
37:15:[37, 78, 83, 98, 65, 62, 15]
37:16:[37, 78, 81, 90, 63, 62, 16]
37:16:[37, 78, 81, 91, 63, 62, 16]
37:16:[37, 78, 81, 92, 63, 62, 16]
37:16:[37, 78, 82, 93, 64, 62, 16]
37:16:[37, 78, 82, 94, 64, 62, 16]
37:16:[37, 78, 82, 95, 64, 62, 16]
37:16:[37, 78, 83, 96, 65, 62, 16]
37:16:[37, 78, 83, 97, 65, 62, 16]
37:16:[37, 78, 83, 98, 65, 62, 16]
37:17:[37, 78, 81, 90, 63, 62, 17]
37:17:[37, 78, 81, 91, 63, 62, 17]
37:17:[37, 78, 81, 92, 63, 62, 17]
37:17:[37, 78, 82, 93, 64, 62, 17]
37:17:[37, 78, 82, 94, 64, 62, 17]
37:17:[37, 78, 82, 95, 64, 62, 17]
37:17:[37, 78, 83, 96, 65, 62, 17]
37:17:[37, 78, 83, 97, 65, 62, 17]
37:17:[37, 78, 83, 98, 65, 62, 17]
37:18:[37, 78, 81, 90, 69, 66, 18]
37:18:[37, 78, 81, 91, 69, 66, 18]
37:18:[37, 78, 81, 92, 69, 66, 18]
37:18:[37, 78, 82, 93, 70, 66, 18]
37:18:[37, 78, 82, 94, 70, 66, 18]
37:18:[37, 78, 82, 95, 70, 66, 18]
37:18:[37, 78, 83, 96, 71, 66, 18]
37:18:[37, 78, 83, 97, 71, 66, 18]
37:18:[37, 78, 83, 98, 71, 66, 18]
37:19:[37, 78, 81, 90, 69, 66, 19]
37:19:[37, 78, 81, 91, 69, 66, 19]
37:19:[37, 78, 81, 92, 69, 66, 19]
37:19:[37, 78, 82, 93, 70, 66, 19]
37:19:[37, 78, 82, 94, 70, 66, 19]
37:19:[37, 78, 82, 95, 70, 66, 19]
37:19:[37, 78, 83, 96, 71, 66, 19]
37:19:[37, 78, 83, 97, 71, 66, 19]
37:19:[37, 78, 83, 98, 71, 66, 19]
37:20:[37, 78, 81, 90, 69, 66, 20]
37:20:[37, 78, 81, 91, 69, 66, 20]
37:20:[37, 78, 81, 92, 69, 66, 20]
37:20:[37, 78, 82, 93, 70, 66, 20]
37:20:[37, 78, 82, 94, 70, 66, 20]
37:20:[37, 78, 82, 95, 70, 66, 20]
37:20:[37, 78, 83, 96, 71, 66, 20]
37:20:[37, 78, 83, 97, 71, 66, 20]
37:20:[37, 78, 83, 98, 71, 66, 20]
37:21:[37, 78, 81, 90, 69, 67, 21]
37:21:[37, 78, 81, 91, 69, 67, 21]
37:21:[37, 78, 81, 92, 69, 67, 21]
37:21:[37, 78, 82, 93, 70, 67, 21]
37:21:[37, 78, 82, 94, 70, 67, 21]
37:21:[37, 78, 82, 95, 70, 67, 21]
37:21:[37, 78, 83, 96, 71, 67, 21]
37:21:[37, 78, 83, 97, 71, 67, 21]
37:21:[37, 78, 83, 98, 71, 67, 21]
37:22:[37, 78, 81, 90, 69, 67, 22]
37:22:[37, 78, 81, 91, 69, 67, 22]
37:22:[37, 78, 81, 92, 69, 67, 22]
37:22:[37, 78, 82, 93, 70, 67, 22]
37:22:[37, 78, 82, 94, 70, 67, 22]
37:22:[37, 78, 82, 95, 70, 67, 22]
37:22:[37, 78, 83, 96, 71, 67, 22]
37:22:[37, 78, 83, 97, 71, 67, 22]
37:22:[37, 78, 83, 98, 71, 67, 22]
37:23:[37, 78, 81, 90, 69, 67, 23]
37:23:[37, 78, 81, 91, 69, 67, 23]
37:23:[37, 78, 81, 92, 69, 67, 23]
37:23:[37, 78, 82, 93, 70, 67, 23]
37:23:[37, 78, 82, 94, 70, 67, 23]
37:23:[37, 78, 82, 95, 70, 67, 23]
37:23:[37, 78, 83, 96, 71, 67, 23]
37:23:[37, 78, 83, 97, 71, 67, 23]
37:23:[37, 78, 83, 98, 71, 67, 23]
37:24:[37, 78, 81, 90, 69, 68, 24]
37:24:[37, 78, 81, 91, 69, 68, 24]
37:24:[37, 78, 81, 92, 69, 68, 24]
37:24:[37, 78, 82, 93, 70, 68, 24]
37:24:[37, 78, 82, 94, 70, 68, 24]
37:24:[37, 78, 82, 95, 70, 68, 24]
37:24:[37, 78, 83, 96, 71, 68, 24]
37:24:[37, 78, 83, 97, 71, 68, 24]
37:24:[37, 78, 83, 98, 71, 68, 24]
37:25:[37, 78, 81, 90, 69, 68, 25]
37:25:[37, 78, 81, 91, 69, 68, 25]
37:25:[37, 78, 81, 92, 69, 68, 25]
37:25:[37, 78, 82, 93, 70, 68, 25]
37:25:[37, 78, 82, 94, 70, 68, 25]
37:25:[37, 78, 82, 95, 70, 68, 25]
37:25:[37, 78, 83, 96, 71, 68, 25]
37:25:[37, 78, 83, 97, 71, 68, 25]
37:25:[37, 78, 83, 98, 71, 68, 25]
37:26:[37, 78, 81, 90, 69, 68, 26]
37:26:[37, 78, 81, 91, 69, 68, 26]
37:26:[37, 78, 81, 92, 69, 68, 26]
37:26:[37, 78, 82, 93, 70, 68, 26]
37:26:[37, 78, 82, 94, 70, 68, 26]
37:26:[37, 78, 82, 95, 70, 68, 26]
37:26:[37, 78, 83, 96, 71, 68, 26]
37:26:[37, 78, 83, 97, 71, 68, 26]
37:26:[37, 78, 83, 98, 71, 68, 26]
37:27:[37, 78, 81, 90, 75, 72, 27]
37:27:[37, 78, 81, 91, 75, 72, 27]
37:27:[37, 78, 81, 92, 75, 72, 27]
37:27:[37, 78, 82, 93, 76, 72, 27]
37:27:[37, 78, 82, 94, 76, 72, 27]
37:27:[37, 78, 82, 95, 76, 72, 27]
37:27:[37, 78, 83, 96, 77, 72, 27]
37:27:[37, 78, 83, 97, 77, 72, 27]
37:27:[37, 78, 83, 98, 77, 72, 27]
37:28:[37, 78, 81, 90, 75, 72, 28]
37:28:[37, 78, 81, 91, 75, 72, 28]
37:28:[37, 78, 81, 92, 75, 72, 28]
37:28:[37, 78, 82, 93, 76, 72, 28]
37:28:[37, 78, 82, 94, 76, 72, 28]
37:28:[37, 78, 82, 95, 76, 72, 28]
37:28:[37, 78, 83, 96, 77, 72, 28]
37:28:[37, 78, 83, 97, 77, 72, 28]
37:28:[37, 78, 83, 98, 77, 72, 28]
37:29:[37, 78, 81, 90, 75, 72, 29]
37:29:[37, 78, 81, 91, 75, 72, 29]
37:29:[37, 78, 81, 92, 75, 72, 29]
37:29:[37, 78, 82, 93, 76, 72, 29]
37:29:[37, 78, 82, 94, 76, 72, 29]
37:29:[37, 78, 82, 95, 76, 72, 29]
37:29:[37, 78, 83, 96, 77, 72, 29]
37:29:[37, 78, 83, 97, 77, 72, 29]
37:29:[37, 78, 83, 98, 77, 72, 29]
37:30:[37, 78, 81, 90, 75, 73, 30]
37:30:[37, 78, 81, 91, 75, 73, 30]
37:30:[37, 78, 81, 92, 75, 73, 30]
37:30:[37, 78, 82, 93, 76, 73, 30]
37:30:[37, 78, 82, 94, 76, 73, 30]
37:30:[37, 78, 82, 95, 76, 73, 30]
37:30:[37, 78, 83, 96, 77, 73, 30]
37:30:[37, 78, 83, 97, 77, 73, 30]
37:30:[37, 78, 83, 98, 77, 73, 30]
37:31:[37, 78, 81, 90, 75, 73, 31]
37:31:[37, 78, 81, 91, 75, 73, 31]
37:31:[37, 78, 81, 92, 75, 73, 31]
37:31:[37, 78, 82, 93, 76, 73, 31]
37:31:[37, 78, 82, 94, 76, 73, 31]
37:31:[37, 78, 82, 95, 76, 73, 31]
37:31:[37, 78, 83, 96, 77, 73, 31]
37:31:[37, 78, 83, 97, 77, 73, 31]
37:31:[37, 78, 83, 98, 77, 73, 31]
37:32:[37, 78, 81, 90, 75, 73, 32]
37:32:[37, 78, 81, 91, 75, 73, 32]
37:32:[37, 78, 81, 92, 75, 73, 32]
37:32:[37, 78, 82, 93, 76, 73, 32]
37:32:[37, 78, 82, 94, 76, 73, 32]
37:32:[37, 78, 82, 95, 76, 73, 32]
37:32:[37, 78, 83, 96, 77, 73, 32]
37:32:[37, 78, 83, 97, 77, 73, 32]
37:32:[37, 78, 83, 98, 77, 73, 32]
37:33:[37, 78, 81, 90, 75, 74, 33]
37:33:[37, 78, 81, 91, 75, 74, 33]
37:33:[37, 78, 81, 92, 75, 74, 33]
37:33:[37, 78, 82, 93, 76, 74, 33]
37:33:[37, 78, 82, 94, 76, 74, 33]
37:33:[37, 78, 82, 95, 76, 74, 33]
37:33:[37, 78, 83, 96, 77, 74, 33]
37:33:[37, 78, 83, 97, 77, 74, 33]
37:33:[37, 78, 83, 98, 77, 74, 33]
37:34:[37, 78, 81, 90, 75, 74, 34]
37:34:[37, 78, 81, 91, 75, 74, 34]
37:34:[37, 78, 81, 92, 75, 74, 34]
37:34:[37, 78, 82, 93, 76, 74, 34]
37:34:[37, 78, 82, 94, 76, 74, 34]
37:34:[37, 78, 82, 95, 76, 74, 34]
37:34:[37, 78, 83, 96, 77, 74, 34]
37:34:[37, 78, 83, 97, 77, 74, 34]
37:34:[37, 78, 83, 98, 77, 74, 34]
37:35:[37, 78, 81, 90, 75, 74, 35]
37:35:[37, 78, 81, 91, 75, 74, 35]
37:35:[37, 78, 81, 92, 75, 74, 35]
37:35:[37, 78, 82, 93, 76, 74, 35]
37:35:[37, 78, 82, 94, 76, 74, 35]
37:35:[37, 78, 82, 95, 76, 74, 35]
37:35:[37, 78, 83, 96, 77, 74, 35]
37:35:[37, 78, 83, 97, 77, 74, 35]
37:35:[37, 78, 83, 98, 77, 74, 35]
37:36:[37, 78, 36]
37:38:[37, 78, 38]
37:39:[37, 78, 81, 79, 39]
37:39:[37, 78, 82, 79, 39]
37:39:[37, 78, 83, 79, 39]
37:40:[37, 78, 81, 79, 40]
37:40:[37, 78, 82, 79, 40]
37:40:[37, 78, 83, 79, 40]
37:41:[37, 78, 81, 79, 41]
37:41:[37, 78, 82, 79, 41]
37:41:[37, 78, 83, 79, 41]
37:42:[37, 78, 81, 80, 42]
37:42:[37, 78, 82, 80, 42]
37:42:[37, 78, 83, 80, 42]
37:43:[37, 78, 81, 80, 43]
37:43:[37, 78, 82, 80, 43]
37:43:[37, 78, 83, 80, 43]
37:44:[37, 78, 81, 80, 44]
37:44:[37, 78, 82, 80, 44]
37:44:[37, 78, 83, 80, 44]
37:45:[37, 78, 81, 90, 87, 84, 45]
37:45:[37, 78, 81, 91, 87, 84, 45]
37:45:[37, 78, 81, 92, 87, 84, 45]
37:45:[37, 78, 82, 93, 88, 84, 45]
37:45:[37, 78, 82, 94, 88, 84, 45]
37:45:[37, 78, 82, 95, 88, 84, 45]
37:45:[37, 78, 83, 96, 89, 84, 45]
37:45:[37, 78, 83, 97, 89, 84, 45]
37:45:[37, 78, 83, 98, 89, 84, 45]
37:46:[37, 78, 81, 90, 87, 84, 46]
37:46:[37, 78, 81, 91, 87, 84, 46]
37:46:[37, 78, 81, 92, 87, 84, 46]
37:46:[37, 78, 82, 93, 88, 84, 46]
37:46:[37, 78, 82, 94, 88, 84, 46]
37:46:[37, 78, 82, 95, 88, 84, 46]
37:46:[37, 78, 83, 96, 89, 84, 46]
37:46:[37, 78, 83, 97, 89, 84, 46]
37:46:[37, 78, 83, 98, 89, 84, 46]
37:47:[37, 78, 81, 90, 87, 84, 47]
37:47:[37, 78, 81, 91, 87, 84, 47]
37:47:[37, 78, 81, 92, 87, 84, 47]
37:47:[37, 78, 82, 93, 88, 84, 47]
37:47:[37, 78, 82, 94, 88, 84, 47]
37:47:[37, 78, 82, 95, 88, 84, 47]
37:47:[37, 78, 83, 96, 89, 84, 47]
37:47:[37, 78, 83, 97, 89, 84, 47]
37:47:[37, 78, 83, 98, 89, 84, 47]
37:48:[37, 78, 81, 90, 87, 85, 48]
37:48:[37, 78, 81, 91, 87, 85, 48]
37:48:[37, 78, 81, 92, 87, 85, 48]
37:48:[37, 78, 82, 93, 88, 85, 48]
37:48:[37, 78, 82, 94, 88, 85, 48]
37:48:[37, 78, 82, 95, 88, 85, 48]
37:48:[37, 78, 83, 96, 89, 85, 48]
37:48:[37, 78, 83, 97, 89, 85, 48]
37:48:[37, 78, 83, 98, 89, 85, 48]
37:49:[37, 78, 81, 90, 87, 85, 49]
37:49:[37, 78, 81, 91, 87, 85, 49]
37:49:[37, 78, 81, 92, 87, 85, 49]
37:49:[37, 78, 82, 93, 88, 85, 49]
37:49:[37, 78, 82, 94, 88, 85, 49]
37:49:[37, 78, 82, 95, 88, 85, 49]
37:49:[37, 78, 83, 96, 89, 85, 49]
37:49:[37, 78, 83, 97, 89, 85, 49]
37:49:[37, 78, 83, 98, 89, 85, 49]
37:50:[37, 78, 81, 90, 87, 85, 50]
37:50:[37, 78, 81, 91, 87, 85, 50]
37:50:[37, 78, 81, 92, 87, 85, 50]
37:50:[37, 78, 82, 93, 88, 85, 50]
37:50:[37, 78, 82, 94, 88, 85, 50]
37:50:[37, 78, 82, 95, 88, 85, 50]
37:50:[37, 78, 83, 96, 89, 85, 50]
37:50:[37, 78, 83, 97, 89, 85, 50]
37:50:[37, 78, 83, 98, 89, 85, 50]
37:51:[37, 78, 81, 90, 87, 86, 51]
37:51:[37, 78, 81, 91, 87, 86, 51]
37:51:[37, 78, 81, 92, 87, 86, 51]
37:51:[37, 78, 82, 93, 88, 86, 51]
37:51:[37, 78, 82, 94, 88, 86, 51]
37:51:[37, 78, 82, 95, 88, 86, 51]
37:51:[37, 78, 83, 96, 89, 86, 51]
37:51:[37, 78, 83, 97, 89, 86, 51]
37:51:[37, 78, 83, 98, 89, 86, 51]
37:52:[37, 78, 81, 90, 87, 86, 52]
37:52:[37, 78, 81, 91, 87, 86, 52]
37:52:[37, 78, 81, 92, 87, 86, 52]
37:52:[37, 78, 82, 93, 88, 86, 52]
37:52:[37, 78, 82, 94, 88, 86, 52]
37:52:[37, 78, 82, 95, 88, 86, 52]
37:52:[37, 78, 83, 96, 89, 86, 52]
37:52:[37, 78, 83, 97, 89, 86, 52]
37:52:[37, 78, 83, 98, 89, 86, 52]
37:53:[37, 78, 81, 90, 87, 86, 53]
37:53:[37, 78, 81, 91, 87, 86, 53]
37:53:[37, 78, 81, 92, 87, 86, 53]
37:53:[37, 78, 82, 93, 88, 86, 53]
37:53:[37, 78, 82, 94, 88, 86, 53]
37:53:[37, 78, 82, 95, 88, 86, 53]
37:53:[37, 78, 83, 96, 89, 86, 53]
37:53:[37, 78, 83, 97, 89, 86, 53]
37:53:[37, 78, 83, 98, 89, 86, 53]
38:0:[38, 78, 81, 90, 57, 54, 0]
38:0:[38, 78, 81, 91, 57, 54, 0]
38:0:[38, 78, 81, 92, 57, 54, 0]
38:0:[38, 78, 82, 93, 58, 54, 0]
38:0:[38, 78, 82, 94, 58, 54, 0]
38:0:[38, 78, 82, 95, 58, 54, 0]
38:0:[38, 78, 83, 96, 59, 54, 0]
38:0:[38, 78, 83, 97, 59, 54, 0]
38:0:[38, 78, 83, 98, 59, 54, 0]
38:1:[38, 78, 81, 90, 57, 54, 1]
38:1:[38, 78, 81, 91, 57, 54, 1]
38:1:[38, 78, 81, 92, 57, 54, 1]
38:1:[38, 78, 82, 93, 58, 54, 1]
38:1:[38, 78, 82, 94, 58, 54, 1]
38:1:[38, 78, 82, 95, 58, 54, 1]
38:1:[38, 78, 83, 96, 59, 54, 1]
38:1:[38, 78, 83, 97, 59, 54, 1]
38:1:[38, 78, 83, 98, 59, 54, 1]
38:2:[38, 78, 81, 90, 57, 54, 2]
38:2:[38, 78, 81, 91, 57, 54, 2]
38:2:[38, 78, 81, 92, 57, 54, 2]
38:2:[38, 78, 82, 93, 58, 54, 2]
38:2:[38, 78, 82, 94, 58, 54, 2]
38:2:[38, 78, 82, 95, 58, 54, 2]
38:2:[38, 78, 83, 96, 59, 54, 2]
38:2:[38, 78, 83, 97, 59, 54, 2]
38:2:[38, 78, 83, 98, 59, 54, 2]
38:3:[38, 78, 81, 90, 57, 55, 3]
38:3:[38, 78, 81, 91, 57, 55, 3]
38:3:[38, 78, 81, 92, 57, 55, 3]
38:3:[38, 78, 82, 93, 58, 55, 3]
38:3:[38, 78, 82, 94, 58, 55, 3]
38:3:[38, 78, 82, 95, 58, 55, 3]
38:3:[38, 78, 83, 96, 59, 55, 3]
38:3:[38, 78, 83, 97, 59, 55, 3]
38:3:[38, 78, 83, 98, 59, 55, 3]
38:4:[38, 78, 81, 90, 57, 55, 4]
38:4:[38, 78, 81, 91, 57, 55, 4]
38:4:[38, 78, 81, 92, 57, 55, 4]
38:4:[38, 78, 82, 93, 58, 55, 4]
38:4:[38, 78, 82, 94, 58, 55, 4]
38:4:[38, 78, 82, 95, 58, 55, 4]
38:4:[38, 78, 83, 96, 59, 55, 4]
38:4:[38, 78, 83, 97, 59, 55, 4]
38:4:[38, 78, 83, 98, 59, 55, 4]
38:5:[38, 78, 81, 90, 57, 55, 5]
38:5:[38, 78, 81, 91, 57, 55, 5]
38:5:[38, 78, 81, 92, 57, 55, 5]
38:5:[38, 78, 82, 93, 58, 55, 5]
38:5:[38, 78, 82, 94, 58, 55, 5]
38:5:[38, 78, 82, 95, 58, 55, 5]
38:5:[38, 78, 83, 96, 59, 55, 5]
38:5:[38, 78, 83, 97, 59, 55, 5]
38:5:[38, 78, 83, 98, 59, 55, 5]
38:6:[38, 78, 81, 90, 57, 56, 6]
38:6:[38, 78, 81, 91, 57, 56, 6]
38:6:[38, 78, 81, 92, 57, 56, 6]
38:6:[38, 78, 82, 93, 58, 56, 6]
38:6:[38, 78, 82, 94, 58, 56, 6]
38:6:[38, 78, 82, 95, 58, 56, 6]
38:6:[38, 78, 83, 96, 59, 56, 6]
38:6:[38, 78, 83, 97, 59, 56, 6]
38:6:[38, 78, 83, 98, 59, 56, 6]
38:7:[38, 78, 81, 90, 57, 56, 7]
38:7:[38, 78, 81, 91, 57, 56, 7]
38:7:[38, 78, 81, 92, 57, 56, 7]
38:7:[38, 78, 82, 93, 58, 56, 7]
38:7:[38, 78, 82, 94, 58, 56, 7]
38:7:[38, 78, 82, 95, 58, 56, 7]
38:7:[38, 78, 83, 96, 59, 56, 7]
38:7:[38, 78, 83, 97, 59, 56, 7]
38:7:[38, 78, 83, 98, 59, 56, 7]
38:8:[38, 78, 81, 90, 57, 56, 8]
38:8:[38, 78, 81, 91, 57, 56, 8]
38:8:[38, 78, 81, 92, 57, 56, 8]
38:8:[38, 78, 82, 93, 58, 56, 8]
38:8:[38, 78, 82, 94, 58, 56, 8]
38:8:[38, 78, 82, 95, 58, 56, 8]
38:8:[38, 78, 83, 96, 59, 56, 8]
38:8:[38, 78, 83, 97, 59, 56, 8]
38:8:[38, 78, 83, 98, 59, 56, 8]
38:9:[38, 78, 81, 90, 63, 60, 9]
38:9:[38, 78, 81, 91, 63, 60, 9]
38:9:[38, 78, 81, 92, 63, 60, 9]
38:9:[38, 78, 82, 93, 64, 60, 9]
38:9:[38, 78, 82, 94, 64, 60, 9]
38:9:[38, 78, 82, 95, 64, 60, 9]
38:9:[38, 78, 83, 96, 65, 60, 9]
38:9:[38, 78, 83, 97, 65, 60, 9]
38:9:[38, 78, 83, 98, 65, 60, 9]
38:10:[38, 78, 81, 90, 63, 60, 10]
38:10:[38, 78, 81, 91, 63, 60, 10]
38:10:[38, 78, 81, 92, 63, 60, 10]
38:10:[38, 78, 82, 93, 64, 60, 10]
38:10:[38, 78, 82, 94, 64, 60, 10]
38:10:[38, 78, 82, 95, 64, 60, 10]
38:10:[38, 78, 83, 96, 65, 60, 10]
38:10:[38, 78, 83, 97, 65, 60, 10]
38:10:[38, 78, 83, 98, 65, 60, 10]
38:11:[38, 78, 81, 90, 63, 60, 11]
38:11:[38, 78, 81, 91, 63, 60, 11]
38:11:[38, 78, 81, 92, 63, 60, 11]
38:11:[38, 78, 82, 93, 64, 60, 11]
38:11:[38, 78, 82, 94, 64, 60, 11]
38:11:[38, 78, 82, 95, 64, 60, 11]
38:11:[38, 78, 83, 96, 65, 60, 11]
38:11:[38, 78, 83, 97, 65, 60, 11]
38:11:[38, 78, 83, 98, 65, 60, 11]
38:12:[38, 78, 81, 90, 63, 61, 12]
38:12:[38, 78, 81, 91, 63, 61, 12]
38:12:[38, 78, 81, 92, 63, 61, 12]
38:12:[38, 78, 82, 93, 64, 61, 12]
38:12:[38, 78, 82, 94, 64, 61, 12]
38:12:[38, 78, 82, 95, 64, 61, 12]
38:12:[38, 78, 83, 96, 65, 61, 12]
38:12:[38, 78, 83, 97, 65, 61, 12]
38:12:[38, 78, 83, 98, 65, 61, 12]
38:13:[38, 78, 81, 90, 63, 61, 13]
38:13:[38, 78, 81, 91, 63, 61, 13]
38:13:[38, 78, 81, 92, 63, 61, 13]
38:13:[38, 78, 82, 93, 64, 61, 13]
38:13:[38, 78, 82, 94, 64, 61, 13]
38:13:[38, 78, 82, 95, 64, 61, 13]
38:13:[38, 78, 83, 96, 65, 61, 13]
38:13:[38, 78, 83, 97, 65, 61, 13]
38:13:[38, 78, 83, 98, 65, 61, 13]
38:14:[38, 78, 81, 90, 63, 61, 14]
38:14:[38, 78, 81, 91, 63, 61, 14]
38:14:[38, 78, 81, 92, 63, 61, 14]
38:14:[38, 78, 82, 93, 64, 61, 14]
38:14:[38, 78, 82, 94, 64, 61, 14]
38:14:[38, 78, 82, 95, 64, 61, 14]
38:14:[38, 78, 83, 96, 65, 61, 14]
38:14:[38, 78, 83, 97, 65, 61, 14]
38:14:[38, 78, 83, 98, 65, 61, 14]
38:15:[38, 78, 81, 90, 63, 62, 15]
38:15:[38, 78, 81, 91, 63, 62, 15]
38:15:[38, 78, 81, 92, 63, 62, 15]
38:15:[38, 78, 82, 93, 64, 62, 15]
38:15:[38, 78, 82, 94, 64, 62, 15]
38:15:[38, 78, 82, 95, 64, 62, 15]
38:15:[38, 78, 83, 96, 65, 62, 15]
38:15:[38, 78, 83, 97, 65, 62, 15]
38:15:[38, 78, 83, 98, 65, 62, 15]
38:16:[38, 78, 81, 90, 63, 62, 16]
38:16:[38, 78, 81, 91, 63, 62, 16]
38:16:[38, 78, 81, 92, 63, 62, 16]
38:16:[38, 78, 82, 93, 64, 62, 16]
38:16:[38, 78, 82, 94, 64, 62, 16]
38:16:[38, 78, 82, 95, 64, 62, 16]
38:16:[38, 78, 83, 96, 65, 62, 16]
38:16:[38, 78, 83, 97, 65, 62, 16]
38:16:[38, 78, 83, 98, 65, 62, 16]
38:17:[38, 78, 81, 90, 63, 62, 17]
38:17:[38, 78, 81, 91, 63, 62, 17]
38:17:[38, 78, 81, 92, 63, 62, 17]
38:17:[38, 78, 82, 93, 64, 62, 17]
38:17:[38, 78, 82, 94, 64, 62, 17]
38:17:[38, 78, 82, 95, 64, 62, 17]
38:17:[38, 78, 83, 96, 65, 62, 17]
38:17:[38, 78, 83, 97, 65, 62, 17]
38:17:[38, 78, 83, 98, 65, 62, 17]
38:18:[38, 78, 81, 90, 69, 66, 18]
38:18:[38, 78, 81, 91, 69, 66, 18]
38:18:[38, 78, 81, 92, 69, 66, 18]
38:18:[38, 78, 82, 93, 70, 66, 18]
38:18:[38, 78, 82, 94, 70, 66, 18]
38:18:[38, 78, 82, 95, 70, 66, 18]
38:18:[38, 78, 83, 96, 71, 66, 18]
38:18:[38, 78, 83, 97, 71, 66, 18]
38:18:[38, 78, 83, 98, 71, 66, 18]
38:19:[38, 78, 81, 90, 69, 66, 19]
38:19:[38, 78, 81, 91, 69, 66, 19]
38:19:[38, 78, 81, 92, 69, 66, 19]
38:19:[38, 78, 82, 93, 70, 66, 19]
38:19:[38, 78, 82, 94, 70, 66, 19]
38:19:[38, 78, 82, 95, 70, 66, 19]
38:19:[38, 78, 83, 96, 71, 66, 19]
38:19:[38, 78, 83, 97, 71, 66, 19]
38:19:[38, 78, 83, 98, 71, 66, 19]
38:20:[38, 78, 81, 90, 69, 66, 20]
38:20:[38, 78, 81, 91, 69, 66, 20]
38:20:[38, 78, 81, 92, 69, 66, 20]
38:20:[38, 78, 82, 93, 70, 66, 20]
38:20:[38, 78, 82, 94, 70, 66, 20]
38:20:[38, 78, 82, 95, 70, 66, 20]
38:20:[38, 78, 83, 96, 71, 66, 20]
38:20:[38, 78, 83, 97, 71, 66, 20]
38:20:[38, 78, 83, 98, 71, 66, 20]
38:21:[38, 78, 81, 90, 69, 67, 21]
38:21:[38, 78, 81, 91, 69, 67, 21]
38:21:[38, 78, 81, 92, 69, 67, 21]
38:21:[38, 78, 82, 93, 70, 67, 21]
38:21:[38, 78, 82, 94, 70, 67, 21]
38:21:[38, 78, 82, 95, 70, 67, 21]
38:21:[38, 78, 83, 96, 71, 67, 21]
38:21:[38, 78, 83, 97, 71, 67, 21]
38:21:[38, 78, 83, 98, 71, 67, 21]
38:22:[38, 78, 81, 90, 69, 67, 22]
38:22:[38, 78, 81, 91, 69, 67, 22]
38:22:[38, 78, 81, 92, 69, 67, 22]
38:22:[38, 78, 82, 93, 70, 67, 22]
38:22:[38, 78, 82, 94, 70, 67, 22]
38:22:[38, 78, 82, 95, 70, 67, 22]
38:22:[38, 78, 83, 96, 71, 67, 22]
38:22:[38, 78, 83, 97, 71, 67, 22]
38:22:[38, 78, 83, 98, 71, 67, 22]
38:23:[38, 78, 81, 90, 69, 67, 23]
38:23:[38, 78, 81, 91, 69, 67, 23]
38:23:[38, 78, 81, 92, 69, 67, 23]
38:23:[38, 78, 82, 93, 70, 67, 23]
38:23:[38, 78, 82, 94, 70, 67, 23]
38:23:[38, 78, 82, 95, 70, 67, 23]
38:23:[38, 78, 83, 96, 71, 67, 23]
38:23:[38, 78, 83, 97, 71, 67, 23]
38:23:[38, 78, 83, 98, 71, 67, 23]
38:24:[38, 78, 81, 90, 69, 68, 24]
38:24:[38, 78, 81, 91, 69, 68, 24]
38:24:[38, 78, 81, 92, 69, 68, 24]
38:24:[38, 78, 82, 93, 70, 68, 24]
38:24:[38, 78, 82, 94, 70, 68, 24]
38:24:[38, 78, 82, 95, 70, 68, 24]
38:24:[38, 78, 83, 96, 71, 68, 24]
38:24:[38, 78, 83, 97, 71, 68, 24]
38:24:[38, 78, 83, 98, 71, 68, 24]
38:25:[38, 78, 81, 90, 69, 68, 25]
38:25:[38, 78, 81, 91, 69, 68, 25]
38:25:[38, 78, 81, 92, 69, 68, 25]
38:25:[38, 78, 82, 93, 70, 68, 25]
38:25:[38, 78, 82, 94, 70, 68, 25]
38:25:[38, 78, 82, 95, 70, 68, 25]
38:25:[38, 78, 83, 96, 71, 68, 25]
38:25:[38, 78, 83, 97, 71, 68, 25]
38:25:[38, 78, 83, 98, 71, 68, 25]
38:26:[38, 78, 81, 90, 69, 68, 26]
38:26:[38, 78, 81, 91, 69, 68, 26]
38:26:[38, 78, 81, 92, 69, 68, 26]
38:26:[38, 78, 82, 93, 70, 68, 26]
38:26:[38, 78, 82, 94, 70, 68, 26]
38:26:[38, 78, 82, 95, 70, 68, 26]
38:26:[38, 78, 83, 96, 71, 68, 26]
38:26:[38, 78, 83, 97, 71, 68, 26]
38:26:[38, 78, 83, 98, 71, 68, 26]
38:27:[38, 78, 81, 90, 75, 72, 27]
38:27:[38, 78, 81, 91, 75, 72, 27]
38:27:[38, 78, 81, 92, 75, 72, 27]
38:27:[38, 78, 82, 93, 76, 72, 27]
38:27:[38, 78, 82, 94, 76, 72, 27]
38:27:[38, 78, 82, 95, 76, 72, 27]
38:27:[38, 78, 83, 96, 77, 72, 27]
38:27:[38, 78, 83, 97, 77, 72, 27]
38:27:[38, 78, 83, 98, 77, 72, 27]
38:28:[38, 78, 81, 90, 75, 72, 28]
38:28:[38, 78, 81, 91, 75, 72, 28]
38:28:[38, 78, 81, 92, 75, 72, 28]
38:28:[38, 78, 82, 93, 76, 72, 28]
38:28:[38, 78, 82, 94, 76, 72, 28]
38:28:[38, 78, 82, 95, 76, 72, 28]
38:28:[38, 78, 83, 96, 77, 72, 28]
38:28:[38, 78, 83, 97, 77, 72, 28]
38:28:[38, 78, 83, 98, 77, 72, 28]
38:29:[38, 78, 81, 90, 75, 72, 29]
38:29:[38, 78, 81, 91, 75, 72, 29]
38:29:[38, 78, 81, 92, 75, 72, 29]
38:29:[38, 78, 82, 93, 76, 72, 29]
38:29:[38, 78, 82, 94, 76, 72, 29]
38:29:[38, 78, 82, 95, 76, 72, 29]
38:29:[38, 78, 83, 96, 77, 72, 29]
38:29:[38, 78, 83, 97, 77, 72, 29]
38:29:[38, 78, 83, 98, 77, 72, 29]
38:30:[38, 78, 81, 90, 75, 73, 30]
38:30:[38, 78, 81, 91, 75, 73, 30]
38:30:[38, 78, 81, 92, 75, 73, 30]
38:30:[38, 78, 82, 93, 76, 73, 30]
38:30:[38, 78, 82, 94, 76, 73, 30]
38:30:[38, 78, 82, 95, 76, 73, 30]
38:30:[38, 78, 83, 96, 77, 73, 30]
38:30:[38, 78, 83, 97, 77, 73, 30]
38:30:[38, 78, 83, 98, 77, 73, 30]
38:31:[38, 78, 81, 90, 75, 73, 31]
38:31:[38, 78, 81, 91, 75, 73, 31]
38:31:[38, 78, 81, 92, 75, 73, 31]
38:31:[38, 78, 82, 93, 76, 73, 31]
38:31:[38, 78, 82, 94, 76, 73, 31]
38:31:[38, 78, 82, 95, 76, 73, 31]
38:31:[38, 78, 83, 96, 77, 73, 31]
38:31:[38, 78, 83, 97, 77, 73, 31]
38:31:[38, 78, 83, 98, 77, 73, 31]
38:32:[38, 78, 81, 90, 75, 73, 32]
38:32:[38, 78, 81, 91, 75, 73, 32]
38:32:[38, 78, 81, 92, 75, 73, 32]
38:32:[38, 78, 82, 93, 76, 73, 32]
38:32:[38, 78, 82, 94, 76, 73, 32]
38:32:[38, 78, 82, 95, 76, 73, 32]
38:32:[38, 78, 83, 96, 77, 73, 32]
38:32:[38, 78, 83, 97, 77, 73, 32]
38:32:[38, 78, 83, 98, 77, 73, 32]
38:33:[38, 78, 81, 90, 75, 74, 33]
38:33:[38, 78, 81, 91, 75, 74, 33]
38:33:[38, 78, 81, 92, 75, 74, 33]
38:33:[38, 78, 82, 93, 76, 74, 33]
38:33:[38, 78, 82, 94, 76, 74, 33]
38:33:[38, 78, 82, 95, 76, 74, 33]
38:33:[38, 78, 83, 96, 77, 74, 33]
38:33:[38, 78, 83, 97, 77, 74, 33]
38:33:[38, 78, 83, 98, 77, 74, 33]
38:34:[38, 78, 81, 90, 75, 74, 34]
38:34:[38, 78, 81, 91, 75, 74, 34]
38:34:[38, 78, 81, 92, 75, 74, 34]
38:34:[38, 78, 82, 93, 76, 74, 34]
38:34:[38, 78, 82, 94, 76, 74, 34]
38:34:[38, 78, 82, 95, 76, 74, 34]
38:34:[38, 78, 83, 96, 77, 74, 34]
38:34:[38, 78, 83, 97, 77, 74, 34]
38:34:[38, 78, 83, 98, 77, 74, 34]
38:35:[38, 78, 81, 90, 75, 74, 35]
38:35:[38, 78, 81, 91, 75, 74, 35]
38:35:[38, 78, 81, 92, 75, 74, 35]
38:35:[38, 78, 82, 93, 76, 74, 35]
38:35:[38, 78, 82, 94, 76, 74, 35]
38:35:[38, 78, 82, 95, 76, 74, 35]
38:35:[38, 78, 83, 96, 77, 74, 35]
38:35:[38, 78, 83, 97, 77, 74, 35]
38:35:[38, 78, 83, 98, 77, 74, 35]
38:36:[38, 78, 36]
38:37:[38, 78, 37]
38:39:[38, 78, 81, 79, 39]
38:39:[38, 78, 82, 79, 39]
38:39:[38, 78, 83, 79, 39]
38:40:[38, 78, 81, 79, 40]
38:40:[38, 78, 82, 79, 40]
38:40:[38, 78, 83, 79, 40]
38:41:[38, 78, 81, 79, 41]
38:41:[38, 78, 82, 79, 41]
38:41:[38, 78, 83, 79, 41]
38:42:[38, 78, 81, 80, 42]
38:42:[38, 78, 82, 80, 42]
38:42:[38, 78, 83, 80, 42]
38:43:[38, 78, 81, 80, 43]
38:43:[38, 78, 82, 80, 43]
38:43:[38, 78, 83, 80, 43]
38:44:[38, 78, 81, 80, 44]
38:44:[38, 78, 82, 80, 44]
38:44:[38, 78, 83, 80, 44]
38:45:[38, 78, 81, 90, 87, 84, 45]
38:45:[38, 78, 81, 91, 87, 84, 45]
38:45:[38, 78, 81, 92, 87, 84, 45]
38:45:[38, 78, 82, 93, 88, 84, 45]
38:45:[38, 78, 82, 94, 88, 84, 45]
38:45:[38, 78, 82, 95, 88, 84, 45]
38:45:[38, 78, 83, 96, 89, 84, 45]
38:45:[38, 78, 83, 97, 89, 84, 45]
38:45:[38, 78, 83, 98, 89, 84, 45]
38:46:[38, 78, 81, 90, 87, 84, 46]
38:46:[38, 78, 81, 91, 87, 84, 46]
38:46:[38, 78, 81, 92, 87, 84, 46]
38:46:[38, 78, 82, 93, 88, 84, 46]
38:46:[38, 78, 82, 94, 88, 84, 46]
38:46:[38, 78, 82, 95, 88, 84, 46]
38:46:[38, 78, 83, 96, 89, 84, 46]
38:46:[38, 78, 83, 97, 89, 84, 46]
38:46:[38, 78, 83, 98, 89, 84, 46]
38:47:[38, 78, 81, 90, 87, 84, 47]
38:47:[38, 78, 81, 91, 87, 84, 47]
38:47:[38, 78, 81, 92, 87, 84, 47]
38:47:[38, 78, 82, 93, 88, 84, 47]
38:47:[38, 78, 82, 94, 88, 84, 47]
38:47:[38, 78, 82, 95, 88, 84, 47]
38:47:[38, 78, 83, 96, 89, 84, 47]
38:47:[38, 78, 83, 97, 89, 84, 47]
38:47:[38, 78, 83, 98, 89, 84, 47]
38:48:[38, 78, 81, 90, 87, 85, 48]
38:48:[38, 78, 81, 91, 87, 85, 48]
38:48:[38, 78, 81, 92, 87, 85, 48]
38:48:[38, 78, 82, 93, 88, 85, 48]
38:48:[38, 78, 82, 94, 88, 85, 48]
38:48:[38, 78, 82, 95, 88, 85, 48]
38:48:[38, 78, 83, 96, 89, 85, 48]
38:48:[38, 78, 83, 97, 89, 85, 48]
38:48:[38, 78, 83, 98, 89, 85, 48]
38:49:[38, 78, 81, 90, 87, 85, 49]
38:49:[38, 78, 81, 91, 87, 85, 49]
38:49:[38, 78, 81, 92, 87, 85, 49]
38:49:[38, 78, 82, 93, 88, 85, 49]
38:49:[38, 78, 82, 94, 88, 85, 49]
38:49:[38, 78, 82, 95, 88, 85, 49]
38:49:[38, 78, 83, 96, 89, 85, 49]
38:49:[38, 78, 83, 97, 89, 85, 49]
38:49:[38, 78, 83, 98, 89, 85, 49]
38:50:[38, 78, 81, 90, 87, 85, 50]
38:50:[38, 78, 81, 91, 87, 85, 50]
38:50:[38, 78, 81, 92, 87, 85, 50]
38:50:[38, 78, 82, 93, 88, 85, 50]
38:50:[38, 78, 82, 94, 88, 85, 50]
38:50:[38, 78, 82, 95, 88, 85, 50]
38:50:[38, 78, 83, 96, 89, 85, 50]
38:50:[38, 78, 83, 97, 89, 85, 50]
38:50:[38, 78, 83, 98, 89, 85, 50]
38:51:[38, 78, 81, 90, 87, 86, 51]
38:51:[38, 78, 81, 91, 87, 86, 51]
38:51:[38, 78, 81, 92, 87, 86, 51]
38:51:[38, 78, 82, 93, 88, 86, 51]
38:51:[38, 78, 82, 94, 88, 86, 51]
38:51:[38, 78, 82, 95, 88, 86, 51]
38:51:[38, 78, 83, 96, 89, 86, 51]
38:51:[38, 78, 83, 97, 89, 86, 51]
38:51:[38, 78, 83, 98, 89, 86, 51]
38:52:[38, 78, 81, 90, 87, 86, 52]
38:52:[38, 78, 81, 91, 87, 86, 52]
38:52:[38, 78, 81, 92, 87, 86, 52]
38:52:[38, 78, 82, 93, 88, 86, 52]
38:52:[38, 78, 82, 94, 88, 86, 52]
38:52:[38, 78, 82, 95, 88, 86, 52]
38:52:[38, 78, 83, 96, 89, 86, 52]
38:52:[38, 78, 83, 97, 89, 86, 52]
38:52:[38, 78, 83, 98, 89, 86, 52]
38:53:[38, 78, 81, 90, 87, 86, 53]
38:53:[38, 78, 81, 91, 87, 86, 53]
38:53:[38, 78, 81, 92, 87, 86, 53]
38:53:[38, 78, 82, 93, 88, 86, 53]
38:53:[38, 78, 82, 94, 88, 86, 53]
38:53:[38, 78, 82, 95, 88, 86, 53]
38:53:[38, 78, 83, 96, 89, 86, 53]
38:53:[38, 78, 83, 97, 89, 86, 53]
38:53:[38, 78, 83, 98, 89, 86, 53]
39:0:[39, 79, 81, 90, 57, 54, 0]
39:0:[39, 79, 81, 91, 57, 54, 0]
39:0:[39, 79, 81, 92, 57, 54, 0]
39:0:[39, 79, 82, 93, 58, 54, 0]
39:0:[39, 79, 82, 94, 58, 54, 0]
39:0:[39, 79, 82, 95, 58, 54, 0]
39:0:[39, 79, 83, 96, 59, 54, 0]
39:0:[39, 79, 83, 97, 59, 54, 0]
39:0:[39, 79, 83, 98, 59, 54, 0]
39:1:[39, 79, 81, 90, 57, 54, 1]
39:1:[39, 79, 81, 91, 57, 54, 1]
39:1:[39, 79, 81, 92, 57, 54, 1]
39:1:[39, 79, 82, 93, 58, 54, 1]
39:1:[39, 79, 82, 94, 58, 54, 1]
39:1:[39, 79, 82, 95, 58, 54, 1]
39:1:[39, 79, 83, 96, 59, 54, 1]
39:1:[39, 79, 83, 97, 59, 54, 1]
39:1:[39, 79, 83, 98, 59, 54, 1]
39:2:[39, 79, 81, 90, 57, 54, 2]
39:2:[39, 79, 81, 91, 57, 54, 2]
39:2:[39, 79, 81, 92, 57, 54, 2]
39:2:[39, 79, 82, 93, 58, 54, 2]
39:2:[39, 79, 82, 94, 58, 54, 2]
39:2:[39, 79, 82, 95, 58, 54, 2]
39:2:[39, 79, 83, 96, 59, 54, 2]
39:2:[39, 79, 83, 97, 59, 54, 2]
39:2:[39, 79, 83, 98, 59, 54, 2]
39:3:[39, 79, 81, 90, 57, 55, 3]
39:3:[39, 79, 81, 91, 57, 55, 3]
39:3:[39, 79, 81, 92, 57, 55, 3]
39:3:[39, 79, 82, 93, 58, 55, 3]
39:3:[39, 79, 82, 94, 58, 55, 3]
39:3:[39, 79, 82, 95, 58, 55, 3]
39:3:[39, 79, 83, 96, 59, 55, 3]
39:3:[39, 79, 83, 97, 59, 55, 3]
39:3:[39, 79, 83, 98, 59, 55, 3]
39:4:[39, 79, 81, 90, 57, 55, 4]
39:4:[39, 79, 81, 91, 57, 55, 4]
39:4:[39, 79, 81, 92, 57, 55, 4]
39:4:[39, 79, 82, 93, 58, 55, 4]
39:4:[39, 79, 82, 94, 58, 55, 4]
39:4:[39, 79, 82, 95, 58, 55, 4]
39:4:[39, 79, 83, 96, 59, 55, 4]
39:4:[39, 79, 83, 97, 59, 55, 4]
39:4:[39, 79, 83, 98, 59, 55, 4]
39:5:[39, 79, 81, 90, 57, 55, 5]
39:5:[39, 79, 81, 91, 57, 55, 5]
39:5:[39, 79, 81, 92, 57, 55, 5]
39:5:[39, 79, 82, 93, 58, 55, 5]
39:5:[39, 79, 82, 94, 58, 55, 5]
39:5:[39, 79, 82, 95, 58, 55, 5]
39:5:[39, 79, 83, 96, 59, 55, 5]
39:5:[39, 79, 83, 97, 59, 55, 5]
39:5:[39, 79, 83, 98, 59, 55, 5]
39:6:[39, 79, 81, 90, 57, 56, 6]
39:6:[39, 79, 81, 91, 57, 56, 6]
39:6:[39, 79, 81, 92, 57, 56, 6]
39:6:[39, 79, 82, 93, 58, 56, 6]
39:6:[39, 79, 82, 94, 58, 56, 6]
39:6:[39, 79, 82, 95, 58, 56, 6]
39:6:[39, 79, 83, 96, 59, 56, 6]
39:6:[39, 79, 83, 97, 59, 56, 6]
39:6:[39, 79, 83, 98, 59, 56, 6]
39:7:[39, 79, 81, 90, 57, 56, 7]
39:7:[39, 79, 81, 91, 57, 56, 7]
39:7:[39, 79, 81, 92, 57, 56, 7]
39:7:[39, 79, 82, 93, 58, 56, 7]
39:7:[39, 79, 82, 94, 58, 56, 7]
39:7:[39, 79, 82, 95, 58, 56, 7]
39:7:[39, 79, 83, 96, 59, 56, 7]
39:7:[39, 79, 83, 97, 59, 56, 7]
39:7:[39, 79, 83, 98, 59, 56, 7]
39:8:[39, 79, 81, 90, 57, 56, 8]
39:8:[39, 79, 81, 91, 57, 56, 8]
39:8:[39, 79, 81, 92, 57, 56, 8]
39:8:[39, 79, 82, 93, 58, 56, 8]
39:8:[39, 79, 82, 94, 58, 56, 8]
39:8:[39, 79, 82, 95, 58, 56, 8]
39:8:[39, 79, 83, 96, 59, 56, 8]
39:8:[39, 79, 83, 97, 59, 56, 8]
39:8:[39, 79, 83, 98, 59, 56, 8]
39:9:[39, 79, 81, 90, 63, 60, 9]
39:9:[39, 79, 81, 91, 63, 60, 9]
39:9:[39, 79, 81, 92, 63, 60, 9]
39:9:[39, 79, 82, 93, 64, 60, 9]
39:9:[39, 79, 82, 94, 64, 60, 9]
39:9:[39, 79, 82, 95, 64, 60, 9]
39:9:[39, 79, 83, 96, 65, 60, 9]
39:9:[39, 79, 83, 97, 65, 60, 9]
39:9:[39, 79, 83, 98, 65, 60, 9]
39:10:[39, 79, 81, 90, 63, 60, 10]
39:10:[39, 79, 81, 91, 63, 60, 10]
39:10:[39, 79, 81, 92, 63, 60, 10]
39:10:[39, 79, 82, 93, 64, 60, 10]
39:10:[39, 79, 82, 94, 64, 60, 10]
39:10:[39, 79, 82, 95, 64, 60, 10]
39:10:[39, 79, 83, 96, 65, 60, 10]
39:10:[39, 79, 83, 97, 65, 60, 10]
39:10:[39, 79, 83, 98, 65, 60, 10]
39:11:[39, 79, 81, 90, 63, 60, 11]
39:11:[39, 79, 81, 91, 63, 60, 11]
39:11:[39, 79, 81, 92, 63, 60, 11]
39:11:[39, 79, 82, 93, 64, 60, 11]
39:11:[39, 79, 82, 94, 64, 60, 11]
39:11:[39, 79, 82, 95, 64, 60, 11]
39:11:[39, 79, 83, 96, 65, 60, 11]
39:11:[39, 79, 83, 97, 65, 60, 11]
39:11:[39, 79, 83, 98, 65, 60, 11]
39:12:[39, 79, 81, 90, 63, 61, 12]
39:12:[39, 79, 81, 91, 63, 61, 12]
39:12:[39, 79, 81, 92, 63, 61, 12]
39:12:[39, 79, 82, 93, 64, 61, 12]
39:12:[39, 79, 82, 94, 64, 61, 12]
39:12:[39, 79, 82, 95, 64, 61, 12]
39:12:[39, 79, 83, 96, 65, 61, 12]
39:12:[39, 79, 83, 97, 65, 61, 12]
39:12:[39, 79, 83, 98, 65, 61, 12]
39:13:[39, 79, 81, 90, 63, 61, 13]
39:13:[39, 79, 81, 91, 63, 61, 13]
39:13:[39, 79, 81, 92, 63, 61, 13]
39:13:[39, 79, 82, 93, 64, 61, 13]
39:13:[39, 79, 82, 94, 64, 61, 13]
39:13:[39, 79, 82, 95, 64, 61, 13]
39:13:[39, 79, 83, 96, 65, 61, 13]
39:13:[39, 79, 83, 97, 65, 61, 13]
39:13:[39, 79, 83, 98, 65, 61, 13]
39:14:[39, 79, 81, 90, 63, 61, 14]
39:14:[39, 79, 81, 91, 63, 61, 14]
39:14:[39, 79, 81, 92, 63, 61, 14]
39:14:[39, 79, 82, 93, 64, 61, 14]
39:14:[39, 79, 82, 94, 64, 61, 14]
39:14:[39, 79, 82, 95, 64, 61, 14]
39:14:[39, 79, 83, 96, 65, 61, 14]
39:14:[39, 79, 83, 97, 65, 61, 14]
39:14:[39, 79, 83, 98, 65, 61, 14]
39:15:[39, 79, 81, 90, 63, 62, 15]
39:15:[39, 79, 81, 91, 63, 62, 15]
39:15:[39, 79, 81, 92, 63, 62, 15]
39:15:[39, 79, 82, 93, 64, 62, 15]
39:15:[39, 79, 82, 94, 64, 62, 15]
39:15:[39, 79, 82, 95, 64, 62, 15]
39:15:[39, 79, 83, 96, 65, 62, 15]
39:15:[39, 79, 83, 97, 65, 62, 15]
39:15:[39, 79, 83, 98, 65, 62, 15]
39:16:[39, 79, 81, 90, 63, 62, 16]
39:16:[39, 79, 81, 91, 63, 62, 16]
39:16:[39, 79, 81, 92, 63, 62, 16]
39:16:[39, 79, 82, 93, 64, 62, 16]
39:16:[39, 79, 82, 94, 64, 62, 16]
39:16:[39, 79, 82, 95, 64, 62, 16]
39:16:[39, 79, 83, 96, 65, 62, 16]
39:16:[39, 79, 83, 97, 65, 62, 16]
39:16:[39, 79, 83, 98, 65, 62, 16]
39:17:[39, 79, 81, 90, 63, 62, 17]
39:17:[39, 79, 81, 91, 63, 62, 17]
39:17:[39, 79, 81, 92, 63, 62, 17]
39:17:[39, 79, 82, 93, 64, 62, 17]
39:17:[39, 79, 82, 94, 64, 62, 17]
39:17:[39, 79, 82, 95, 64, 62, 17]
39:17:[39, 79, 83, 96, 65, 62, 17]
39:17:[39, 79, 83, 97, 65, 62, 17]
39:17:[39, 79, 83, 98, 65, 62, 17]
39:18:[39, 79, 81, 90, 69, 66, 18]
39:18:[39, 79, 81, 91, 69, 66, 18]
39:18:[39, 79, 81, 92, 69, 66, 18]
39:18:[39, 79, 82, 93, 70, 66, 18]
39:18:[39, 79, 82, 94, 70, 66, 18]
39:18:[39, 79, 82, 95, 70, 66, 18]
39:18:[39, 79, 83, 96, 71, 66, 18]
39:18:[39, 79, 83, 97, 71, 66, 18]
39:18:[39, 79, 83, 98, 71, 66, 18]
39:19:[39, 79, 81, 90, 69, 66, 19]
39:19:[39, 79, 81, 91, 69, 66, 19]
39:19:[39, 79, 81, 92, 69, 66, 19]
39:19:[39, 79, 82, 93, 70, 66, 19]
39:19:[39, 79, 82, 94, 70, 66, 19]
39:19:[39, 79, 82, 95, 70, 66, 19]
39:19:[39, 79, 83, 96, 71, 66, 19]
39:19:[39, 79, 83, 97, 71, 66, 19]
39:19:[39, 79, 83, 98, 71, 66, 19]
39:20:[39, 79, 81, 90, 69, 66, 20]
39:20:[39, 79, 81, 91, 69, 66, 20]
39:20:[39, 79, 81, 92, 69, 66, 20]
39:20:[39, 79, 82, 93, 70, 66, 20]
39:20:[39, 79, 82, 94, 70, 66, 20]
39:20:[39, 79, 82, 95, 70, 66, 20]
39:20:[39, 79, 83, 96, 71, 66, 20]
39:20:[39, 79, 83, 97, 71, 66, 20]
39:20:[39, 79, 83, 98, 71, 66, 20]
39:21:[39, 79, 81, 90, 69, 67, 21]
39:21:[39, 79, 81, 91, 69, 67, 21]
39:21:[39, 79, 81, 92, 69, 67, 21]
39:21:[39, 79, 82, 93, 70, 67, 21]
39:21:[39, 79, 82, 94, 70, 67, 21]
39:21:[39, 79, 82, 95, 70, 67, 21]
39:21:[39, 79, 83, 96, 71, 67, 21]
39:21:[39, 79, 83, 97, 71, 67, 21]
39:21:[39, 79, 83, 98, 71, 67, 21]
39:22:[39, 79, 81, 90, 69, 67, 22]
39:22:[39, 79, 81, 91, 69, 67, 22]
39:22:[39, 79, 81, 92, 69, 67, 22]
39:22:[39, 79, 82, 93, 70, 67, 22]
39:22:[39, 79, 82, 94, 70, 67, 22]
39:22:[39, 79, 82, 95, 70, 67, 22]
39:22:[39, 79, 83, 96, 71, 67, 22]
39:22:[39, 79, 83, 97, 71, 67, 22]
39:22:[39, 79, 83, 98, 71, 67, 22]
39:23:[39, 79, 81, 90, 69, 67, 23]
39:23:[39, 79, 81, 91, 69, 67, 23]
39:23:[39, 79, 81, 92, 69, 67, 23]
39:23:[39, 79, 82, 93, 70, 67, 23]
39:23:[39, 79, 82, 94, 70, 67, 23]
39:23:[39, 79, 82, 95, 70, 67, 23]
39:23:[39, 79, 83, 96, 71, 67, 23]
39:23:[39, 79, 83, 97, 71, 67, 23]
39:23:[39, 79, 83, 98, 71, 67, 23]
39:24:[39, 79, 81, 90, 69, 68, 24]
39:24:[39, 79, 81, 91, 69, 68, 24]
39:24:[39, 79, 81, 92, 69, 68, 24]
39:24:[39, 79, 82, 93, 70, 68, 24]
39:24:[39, 79, 82, 94, 70, 68, 24]
39:24:[39, 79, 82, 95, 70, 68, 24]
39:24:[39, 79, 83, 96, 71, 68, 24]
39:24:[39, 79, 83, 97, 71, 68, 24]
39:24:[39, 79, 83, 98, 71, 68, 24]
39:25:[39, 79, 81, 90, 69, 68, 25]
39:25:[39, 79, 81, 91, 69, 68, 25]
39:25:[39, 79, 81, 92, 69, 68, 25]
39:25:[39, 79, 82, 93, 70, 68, 25]
39:25:[39, 79, 82, 94, 70, 68, 25]
39:25:[39, 79, 82, 95, 70, 68, 25]
39:25:[39, 79, 83, 96, 71, 68, 25]
39:25:[39, 79, 83, 97, 71, 68, 25]
39:25:[39, 79, 83, 98, 71, 68, 25]
39:26:[39, 79, 81, 90, 69, 68, 26]
39:26:[39, 79, 81, 91, 69, 68, 26]
39:26:[39, 79, 81, 92, 69, 68, 26]
39:26:[39, 79, 82, 93, 70, 68, 26]
39:26:[39, 79, 82, 94, 70, 68, 26]
39:26:[39, 79, 82, 95, 70, 68, 26]
39:26:[39, 79, 83, 96, 71, 68, 26]
39:26:[39, 79, 83, 97, 71, 68, 26]
39:26:[39, 79, 83, 98, 71, 68, 26]
39:27:[39, 79, 81, 90, 75, 72, 27]
39:27:[39, 79, 81, 91, 75, 72, 27]
39:27:[39, 79, 81, 92, 75, 72, 27]
39:27:[39, 79, 82, 93, 76, 72, 27]
39:27:[39, 79, 82, 94, 76, 72, 27]
39:27:[39, 79, 82, 95, 76, 72, 27]
39:27:[39, 79, 83, 96, 77, 72, 27]
39:27:[39, 79, 83, 97, 77, 72, 27]
39:27:[39, 79, 83, 98, 77, 72, 27]
39:28:[39, 79, 81, 90, 75, 72, 28]
39:28:[39, 79, 81, 91, 75, 72, 28]
39:28:[39, 79, 81, 92, 75, 72, 28]
39:28:[39, 79, 82, 93, 76, 72, 28]
39:28:[39, 79, 82, 94, 76, 72, 28]
39:28:[39, 79, 82, 95, 76, 72, 28]
39:28:[39, 79, 83, 96, 77, 72, 28]
39:28:[39, 79, 83, 97, 77, 72, 28]
39:28:[39, 79, 83, 98, 77, 72, 28]
39:29:[39, 79, 81, 90, 75, 72, 29]
39:29:[39, 79, 81, 91, 75, 72, 29]
39:29:[39, 79, 81, 92, 75, 72, 29]
39:29:[39, 79, 82, 93, 76, 72, 29]
39:29:[39, 79, 82, 94, 76, 72, 29]
39:29:[39, 79, 82, 95, 76, 72, 29]
39:29:[39, 79, 83, 96, 77, 72, 29]
39:29:[39, 79, 83, 97, 77, 72, 29]
39:29:[39, 79, 83, 98, 77, 72, 29]
39:30:[39, 79, 81, 90, 75, 73, 30]
39:30:[39, 79, 81, 91, 75, 73, 30]
39:30:[39, 79, 81, 92, 75, 73, 30]
39:30:[39, 79, 82, 93, 76, 73, 30]
39:30:[39, 79, 82, 94, 76, 73, 30]
39:30:[39, 79, 82, 95, 76, 73, 30]
39:30:[39, 79, 83, 96, 77, 73, 30]
39:30:[39, 79, 83, 97, 77, 73, 30]
39:30:[39, 79, 83, 98, 77, 73, 30]
39:31:[39, 79, 81, 90, 75, 73, 31]
39:31:[39, 79, 81, 91, 75, 73, 31]
39:31:[39, 79, 81, 92, 75, 73, 31]
39:31:[39, 79, 82, 93, 76, 73, 31]
39:31:[39, 79, 82, 94, 76, 73, 31]
39:31:[39, 79, 82, 95, 76, 73, 31]
39:31:[39, 79, 83, 96, 77, 73, 31]
39:31:[39, 79, 83, 97, 77, 73, 31]
39:31:[39, 79, 83, 98, 77, 73, 31]
39:32:[39, 79, 81, 90, 75, 73, 32]
39:32:[39, 79, 81, 91, 75, 73, 32]
39:32:[39, 79, 81, 92, 75, 73, 32]
39:32:[39, 79, 82, 93, 76, 73, 32]
39:32:[39, 79, 82, 94, 76, 73, 32]
39:32:[39, 79, 82, 95, 76, 73, 32]
39:32:[39, 79, 83, 96, 77, 73, 32]
39:32:[39, 79, 83, 97, 77, 73, 32]
39:32:[39, 79, 83, 98, 77, 73, 32]
39:33:[39, 79, 81, 90, 75, 74, 33]
39:33:[39, 79, 81, 91, 75, 74, 33]
39:33:[39, 79, 81, 92, 75, 74, 33]
39:33:[39, 79, 82, 93, 76, 74, 33]
39:33:[39, 79, 82, 94, 76, 74, 33]
39:33:[39, 79, 82, 95, 76, 74, 33]
39:33:[39, 79, 83, 96, 77, 74, 33]
39:33:[39, 79, 83, 97, 77, 74, 33]
39:33:[39, 79, 83, 98, 77, 74, 33]
39:34:[39, 79, 81, 90, 75, 74, 34]
39:34:[39, 79, 81, 91, 75, 74, 34]
39:34:[39, 79, 81, 92, 75, 74, 34]
39:34:[39, 79, 82, 93, 76, 74, 34]
39:34:[39, 79, 82, 94, 76, 74, 34]
39:34:[39, 79, 82, 95, 76, 74, 34]
39:34:[39, 79, 83, 96, 77, 74, 34]
39:34:[39, 79, 83, 97, 77, 74, 34]
39:34:[39, 79, 83, 98, 77, 74, 34]
39:35:[39, 79, 81, 90, 75, 74, 35]
39:35:[39, 79, 81, 91, 75, 74, 35]
39:35:[39, 79, 81, 92, 75, 74, 35]
39:35:[39, 79, 82, 93, 76, 74, 35]
39:35:[39, 79, 82, 94, 76, 74, 35]
39:35:[39, 79, 82, 95, 76, 74, 35]
39:35:[39, 79, 83, 96, 77, 74, 35]
39:35:[39, 79, 83, 97, 77, 74, 35]
39:35:[39, 79, 83, 98, 77, 74, 35]
39:36:[39, 79, 81, 78, 36]
39:36:[39, 79, 82, 78, 36]
39:36:[39, 79, 83, 78, 36]
39:37:[39, 79, 81, 78, 37]
39:37:[39, 79, 82, 78, 37]
39:37:[39, 79, 83, 78, 37]
39:38:[39, 79, 81, 78, 38]
39:38:[39, 79, 82, 78, 38]
39:38:[39, 79, 83, 78, 38]
39:40:[39, 79, 40]
39:41:[39, 79, 41]
39:42:[39, 79, 81, 80, 42]
39:42:[39, 79, 82, 80, 42]
39:42:[39, 79, 83, 80, 42]
39:43:[39, 79, 81, 80, 43]
39:43:[39, 79, 82, 80, 43]
39:43:[39, 79, 83, 80, 43]
39:44:[39, 79, 81, 80, 44]
39:44:[39, 79, 82, 80, 44]
39:44:[39, 79, 83, 80, 44]
39:45:[39, 79, 81, 90, 87, 84, 45]
39:45:[39, 79, 81, 91, 87, 84, 45]
39:45:[39, 79, 81, 92, 87, 84, 45]
39:45:[39, 79, 82, 93, 88, 84, 45]
39:45:[39, 79, 82, 94, 88, 84, 45]
39:45:[39, 79, 82, 95, 88, 84, 45]
39:45:[39, 79, 83, 96, 89, 84, 45]
39:45:[39, 79, 83, 97, 89, 84, 45]
39:45:[39, 79, 83, 98, 89, 84, 45]
39:46:[39, 79, 81, 90, 87, 84, 46]
39:46:[39, 79, 81, 91, 87, 84, 46]
39:46:[39, 79, 81, 92, 87, 84, 46]
39:46:[39, 79, 82, 93, 88, 84, 46]
39:46:[39, 79, 82, 94, 88, 84, 46]
39:46:[39, 79, 82, 95, 88, 84, 46]
39:46:[39, 79, 83, 96, 89, 84, 46]
39:46:[39, 79, 83, 97, 89, 84, 46]
39:46:[39, 79, 83, 98, 89, 84, 46]
39:47:[39, 79, 81, 90, 87, 84, 47]
39:47:[39, 79, 81, 91, 87, 84, 47]
39:47:[39, 79, 81, 92, 87, 84, 47]
39:47:[39, 79, 82, 93, 88, 84, 47]
39:47:[39, 79, 82, 94, 88, 84, 47]
39:47:[39, 79, 82, 95, 88, 84, 47]
39:47:[39, 79, 83, 96, 89, 84, 47]
39:47:[39, 79, 83, 97, 89, 84, 47]
39:47:[39, 79, 83, 98, 89, 84, 47]
39:48:[39, 79, 81, 90, 87, 85, 48]
39:48:[39, 79, 81, 91, 87, 85, 48]
39:48:[39, 79, 81, 92, 87, 85, 48]
39:48:[39, 79, 82, 93, 88, 85, 48]
39:48:[39, 79, 82, 94, 88, 85, 48]
39:48:[39, 79, 82, 95, 88, 85, 48]
39:48:[39, 79, 83, 96, 89, 85, 48]
39:48:[39, 79, 83, 97, 89, 85, 48]
39:48:[39, 79, 83, 98, 89, 85, 48]
39:49:[39, 79, 81, 90, 87, 85, 49]
39:49:[39, 79, 81, 91, 87, 85, 49]
39:49:[39, 79, 81, 92, 87, 85, 49]
39:49:[39, 79, 82, 93, 88, 85, 49]
39:49:[39, 79, 82, 94, 88, 85, 49]
39:49:[39, 79, 82, 95, 88, 85, 49]
39:49:[39, 79, 83, 96, 89, 85, 49]
39:49:[39, 79, 83, 97, 89, 85, 49]
39:49:[39, 79, 83, 98, 89, 85, 49]
39:50:[39, 79, 81, 90, 87, 85, 50]
39:50:[39, 79, 81, 91, 87, 85, 50]
39:50:[39, 79, 81, 92, 87, 85, 50]
39:50:[39, 79, 82, 93, 88, 85, 50]
39:50:[39, 79, 82, 94, 88, 85, 50]
39:50:[39, 79, 82, 95, 88, 85, 50]
39:50:[39, 79, 83, 96, 89, 85, 50]
39:50:[39, 79, 83, 97, 89, 85, 50]
39:50:[39, 79, 83, 98, 89, 85, 50]
39:51:[39, 79, 81, 90, 87, 86, 51]
39:51:[39, 79, 81, 91, 87, 86, 51]
39:51:[39, 79, 81, 92, 87, 86, 51]
39:51:[39, 79, 82, 93, 88, 86, 51]
39:51:[39, 79, 82, 94, 88, 86, 51]
39:51:[39, 79, 82, 95, 88, 86, 51]
39:51:[39, 79, 83, 96, 89, 86, 51]
39:51:[39, 79, 83, 97, 89, 86, 51]
39:51:[39, 79, 83, 98, 89, 86, 51]
39:52:[39, 79, 81, 90, 87, 86, 52]
39:52:[39, 79, 81, 91, 87, 86, 52]
39:52:[39, 79, 81, 92, 87, 86, 52]
39:52:[39, 79, 82, 93, 88, 86, 52]
39:52:[39, 79, 82, 94, 88, 86, 52]
39:52:[39, 79, 82, 95, 88, 86, 52]
39:52:[39, 79, 83, 96, 89, 86, 52]
39:52:[39, 79, 83, 97, 89, 86, 52]
39:52:[39, 79, 83, 98, 89, 86, 52]
39:53:[39, 79, 81, 90, 87, 86, 53]
39:53:[39, 79, 81, 91, 87, 86, 53]
39:53:[39, 79, 81, 92, 87, 86, 53]
39:53:[39, 79, 82, 93, 88, 86, 53]
39:53:[39, 79, 82, 94, 88, 86, 53]
39:53:[39, 79, 82, 95, 88, 86, 53]
39:53:[39, 79, 83, 96, 89, 86, 53]
39:53:[39, 79, 83, 97, 89, 86, 53]
39:53:[39, 79, 83, 98, 89, 86, 53]
40:0:[40, 79, 81, 90, 57, 54, 0]
40:0:[40, 79, 81, 91, 57, 54, 0]
40:0:[40, 79, 81, 92, 57, 54, 0]
40:0:[40, 79, 82, 93, 58, 54, 0]
40:0:[40, 79, 82, 94, 58, 54, 0]
40:0:[40, 79, 82, 95, 58, 54, 0]
40:0:[40, 79, 83, 96, 59, 54, 0]
40:0:[40, 79, 83, 97, 59, 54, 0]
40:0:[40, 79, 83, 98, 59, 54, 0]
40:1:[40, 79, 81, 90, 57, 54, 1]
40:1:[40, 79, 81, 91, 57, 54, 1]
40:1:[40, 79, 81, 92, 57, 54, 1]
40:1:[40, 79, 82, 93, 58, 54, 1]
40:1:[40, 79, 82, 94, 58, 54, 1]
40:1:[40, 79, 82, 95, 58, 54, 1]
40:1:[40, 79, 83, 96, 59, 54, 1]
40:1:[40, 79, 83, 97, 59, 54, 1]
40:1:[40, 79, 83, 98, 59, 54, 1]
40:2:[40, 79, 81, 90, 57, 54, 2]
40:2:[40, 79, 81, 91, 57, 54, 2]
40:2:[40, 79, 81, 92, 57, 54, 2]
40:2:[40, 79, 82, 93, 58, 54, 2]
40:2:[40, 79, 82, 94, 58, 54, 2]
40:2:[40, 79, 82, 95, 58, 54, 2]
40:2:[40, 79, 83, 96, 59, 54, 2]
40:2:[40, 79, 83, 97, 59, 54, 2]
40:2:[40, 79, 83, 98, 59, 54, 2]
40:3:[40, 79, 81, 90, 57, 55, 3]
40:3:[40, 79, 81, 91, 57, 55, 3]
40:3:[40, 79, 81, 92, 57, 55, 3]
40:3:[40, 79, 82, 93, 58, 55, 3]
40:3:[40, 79, 82, 94, 58, 55, 3]
40:3:[40, 79, 82, 95, 58, 55, 3]
40:3:[40, 79, 83, 96, 59, 55, 3]
40:3:[40, 79, 83, 97, 59, 55, 3]
40:3:[40, 79, 83, 98, 59, 55, 3]
40:4:[40, 79, 81, 90, 57, 55, 4]
40:4:[40, 79, 81, 91, 57, 55, 4]
40:4:[40, 79, 81, 92, 57, 55, 4]
40:4:[40, 79, 82, 93, 58, 55, 4]
40:4:[40, 79, 82, 94, 58, 55, 4]
40:4:[40, 79, 82, 95, 58, 55, 4]
40:4:[40, 79, 83, 96, 59, 55, 4]
40:4:[40, 79, 83, 97, 59, 55, 4]
40:4:[40, 79, 83, 98, 59, 55, 4]
40:5:[40, 79, 81, 90, 57, 55, 5]
40:5:[40, 79, 81, 91, 57, 55, 5]
40:5:[40, 79, 81, 92, 57, 55, 5]
40:5:[40, 79, 82, 93, 58, 55, 5]
40:5:[40, 79, 82, 94, 58, 55, 5]
40:5:[40, 79, 82, 95, 58, 55, 5]
40:5:[40, 79, 83, 96, 59, 55, 5]
40:5:[40, 79, 83, 97, 59, 55, 5]
40:5:[40, 79, 83, 98, 59, 55, 5]
40:6:[40, 79, 81, 90, 57, 56, 6]
40:6:[40, 79, 81, 91, 57, 56, 6]
40:6:[40, 79, 81, 92, 57, 56, 6]
40:6:[40, 79, 82, 93, 58, 56, 6]
40:6:[40, 79, 82, 94, 58, 56, 6]
40:6:[40, 79, 82, 95, 58, 56, 6]
40:6:[40, 79, 83, 96, 59, 56, 6]
40:6:[40, 79, 83, 97, 59, 56, 6]
40:6:[40, 79, 83, 98, 59, 56, 6]
40:7:[40, 79, 81, 90, 57, 56, 7]
40:7:[40, 79, 81, 91, 57, 56, 7]
40:7:[40, 79, 81, 92, 57, 56, 7]
40:7:[40, 79, 82, 93, 58, 56, 7]
40:7:[40, 79, 82, 94, 58, 56, 7]
40:7:[40, 79, 82, 95, 58, 56, 7]
40:7:[40, 79, 83, 96, 59, 56, 7]
40:7:[40, 79, 83, 97, 59, 56, 7]
40:7:[40, 79, 83, 98, 59, 56, 7]
40:8:[40, 79, 81, 90, 57, 56, 8]
40:8:[40, 79, 81, 91, 57, 56, 8]
40:8:[40, 79, 81, 92, 57, 56, 8]
40:8:[40, 79, 82, 93, 58, 56, 8]
40:8:[40, 79, 82, 94, 58, 56, 8]
40:8:[40, 79, 82, 95, 58, 56, 8]
40:8:[40, 79, 83, 96, 59, 56, 8]
40:8:[40, 79, 83, 97, 59, 56, 8]
40:8:[40, 79, 83, 98, 59, 56, 8]
40:9:[40, 79, 81, 90, 63, 60, 9]
40:9:[40, 79, 81, 91, 63, 60, 9]
40:9:[40, 79, 81, 92, 63, 60, 9]
40:9:[40, 79, 82, 93, 64, 60, 9]
40:9:[40, 79, 82, 94, 64, 60, 9]
40:9:[40, 79, 82, 95, 64, 60, 9]
40:9:[40, 79, 83, 96, 65, 60, 9]
40:9:[40, 79, 83, 97, 65, 60, 9]
40:9:[40, 79, 83, 98, 65, 60, 9]
40:10:[40, 79, 81, 90, 63, 60, 10]
40:10:[40, 79, 81, 91, 63, 60, 10]
40:10:[40, 79, 81, 92, 63, 60, 10]
40:10:[40, 79, 82, 93, 64, 60, 10]
40:10:[40, 79, 82, 94, 64, 60, 10]
40:10:[40, 79, 82, 95, 64, 60, 10]
40:10:[40, 79, 83, 96, 65, 60, 10]
40:10:[40, 79, 83, 97, 65, 60, 10]
40:10:[40, 79, 83, 98, 65, 60, 10]
40:11:[40, 79, 81, 90, 63, 60, 11]
40:11:[40, 79, 81, 91, 63, 60, 11]
40:11:[40, 79, 81, 92, 63, 60, 11]
40:11:[40, 79, 82, 93, 64, 60, 11]
40:11:[40, 79, 82, 94, 64, 60, 11]
40:11:[40, 79, 82, 95, 64, 60, 11]
40:11:[40, 79, 83, 96, 65, 60, 11]
40:11:[40, 79, 83, 97, 65, 60, 11]
40:11:[40, 79, 83, 98, 65, 60, 11]
40:12:[40, 79, 81, 90, 63, 61, 12]
40:12:[40, 79, 81, 91, 63, 61, 12]
40:12:[40, 79, 81, 92, 63, 61, 12]
40:12:[40, 79, 82, 93, 64, 61, 12]
40:12:[40, 79, 82, 94, 64, 61, 12]
40:12:[40, 79, 82, 95, 64, 61, 12]
40:12:[40, 79, 83, 96, 65, 61, 12]
40:12:[40, 79, 83, 97, 65, 61, 12]
40:12:[40, 79, 83, 98, 65, 61, 12]
40:13:[40, 79, 81, 90, 63, 61, 13]
40:13:[40, 79, 81, 91, 63, 61, 13]
40:13:[40, 79, 81, 92, 63, 61, 13]
40:13:[40, 79, 82, 93, 64, 61, 13]
40:13:[40, 79, 82, 94, 64, 61, 13]
40:13:[40, 79, 82, 95, 64, 61, 13]
40:13:[40, 79, 83, 96, 65, 61, 13]
40:13:[40, 79, 83, 97, 65, 61, 13]
40:13:[40, 79, 83, 98, 65, 61, 13]
40:14:[40, 79, 81, 90, 63, 61, 14]
40:14:[40, 79, 81, 91, 63, 61, 14]
40:14:[40, 79, 81, 92, 63, 61, 14]
40:14:[40, 79, 82, 93, 64, 61, 14]
40:14:[40, 79, 82, 94, 64, 61, 14]
40:14:[40, 79, 82, 95, 64, 61, 14]
40:14:[40, 79, 83, 96, 65, 61, 14]
40:14:[40, 79, 83, 97, 65, 61, 14]
40:14:[40, 79, 83, 98, 65, 61, 14]
40:15:[40, 79, 81, 90, 63, 62, 15]
40:15:[40, 79, 81, 91, 63, 62, 15]
40:15:[40, 79, 81, 92, 63, 62, 15]
40:15:[40, 79, 82, 93, 64, 62, 15]
40:15:[40, 79, 82, 94, 64, 62, 15]
40:15:[40, 79, 82, 95, 64, 62, 15]
40:15:[40, 79, 83, 96, 65, 62, 15]
40:15:[40, 79, 83, 97, 65, 62, 15]
40:15:[40, 79, 83, 98, 65, 62, 15]
40:16:[40, 79, 81, 90, 63, 62, 16]
40:16:[40, 79, 81, 91, 63, 62, 16]
40:16:[40, 79, 81, 92, 63, 62, 16]
40:16:[40, 79, 82, 93, 64, 62, 16]
40:16:[40, 79, 82, 94, 64, 62, 16]
40:16:[40, 79, 82, 95, 64, 62, 16]
40:16:[40, 79, 83, 96, 65, 62, 16]
40:16:[40, 79, 83, 97, 65, 62, 16]
40:16:[40, 79, 83, 98, 65, 62, 16]
40:17:[40, 79, 81, 90, 63, 62, 17]
40:17:[40, 79, 81, 91, 63, 62, 17]
40:17:[40, 79, 81, 92, 63, 62, 17]
40:17:[40, 79, 82, 93, 64, 62, 17]
40:17:[40, 79, 82, 94, 64, 62, 17]
40:17:[40, 79, 82, 95, 64, 62, 17]
40:17:[40, 79, 83, 96, 65, 62, 17]
40:17:[40, 79, 83, 97, 65, 62, 17]
40:17:[40, 79, 83, 98, 65, 62, 17]
40:18:[40, 79, 81, 90, 69, 66, 18]
40:18:[40, 79, 81, 91, 69, 66, 18]
40:18:[40, 79, 81, 92, 69, 66, 18]
40:18:[40, 79, 82, 93, 70, 66, 18]
40:18:[40, 79, 82, 94, 70, 66, 18]
40:18:[40, 79, 82, 95, 70, 66, 18]
40:18:[40, 79, 83, 96, 71, 66, 18]
40:18:[40, 79, 83, 97, 71, 66, 18]
40:18:[40, 79, 83, 98, 71, 66, 18]
40:19:[40, 79, 81, 90, 69, 66, 19]
40:19:[40, 79, 81, 91, 69, 66, 19]
40:19:[40, 79, 81, 92, 69, 66, 19]
40:19:[40, 79, 82, 93, 70, 66, 19]
40:19:[40, 79, 82, 94, 70, 66, 19]
40:19:[40, 79, 82, 95, 70, 66, 19]
40:19:[40, 79, 83, 96, 71, 66, 19]
40:19:[40, 79, 83, 97, 71, 66, 19]
40:19:[40, 79, 83, 98, 71, 66, 19]
40:20:[40, 79, 81, 90, 69, 66, 20]
40:20:[40, 79, 81, 91, 69, 66, 20]
40:20:[40, 79, 81, 92, 69, 66, 20]
40:20:[40, 79, 82, 93, 70, 66, 20]
40:20:[40, 79, 82, 94, 70, 66, 20]
40:20:[40, 79, 82, 95, 70, 66, 20]
40:20:[40, 79, 83, 96, 71, 66, 20]
40:20:[40, 79, 83, 97, 71, 66, 20]
40:20:[40, 79, 83, 98, 71, 66, 20]
40:21:[40, 79, 81, 90, 69, 67, 21]
40:21:[40, 79, 81, 91, 69, 67, 21]
40:21:[40, 79, 81, 92, 69, 67, 21]
40:21:[40, 79, 82, 93, 70, 67, 21]
40:21:[40, 79, 82, 94, 70, 67, 21]
40:21:[40, 79, 82, 95, 70, 67, 21]
40:21:[40, 79, 83, 96, 71, 67, 21]
40:21:[40, 79, 83, 97, 71, 67, 21]
40:21:[40, 79, 83, 98, 71, 67, 21]
40:22:[40, 79, 81, 90, 69, 67, 22]
40:22:[40, 79, 81, 91, 69, 67, 22]
40:22:[40, 79, 81, 92, 69, 67, 22]
40:22:[40, 79, 82, 93, 70, 67, 22]
40:22:[40, 79, 82, 94, 70, 67, 22]
40:22:[40, 79, 82, 95, 70, 67, 22]
40:22:[40, 79, 83, 96, 71, 67, 22]
40:22:[40, 79, 83, 97, 71, 67, 22]
40:22:[40, 79, 83, 98, 71, 67, 22]
40:23:[40, 79, 81, 90, 69, 67, 23]
40:23:[40, 79, 81, 91, 69, 67, 23]
40:23:[40, 79, 81, 92, 69, 67, 23]
40:23:[40, 79, 82, 93, 70, 67, 23]
40:23:[40, 79, 82, 94, 70, 67, 23]
40:23:[40, 79, 82, 95, 70, 67, 23]
40:23:[40, 79, 83, 96, 71, 67, 23]
40:23:[40, 79, 83, 97, 71, 67, 23]
40:23:[40, 79, 83, 98, 71, 67, 23]
40:24:[40, 79, 81, 90, 69, 68, 24]
40:24:[40, 79, 81, 91, 69, 68, 24]
40:24:[40, 79, 81, 92, 69, 68, 24]
40:24:[40, 79, 82, 93, 70, 68, 24]
40:24:[40, 79, 82, 94, 70, 68, 24]
40:24:[40, 79, 82, 95, 70, 68, 24]
40:24:[40, 79, 83, 96, 71, 68, 24]
40:24:[40, 79, 83, 97, 71, 68, 24]
40:24:[40, 79, 83, 98, 71, 68, 24]
40:25:[40, 79, 81, 90, 69, 68, 25]
40:25:[40, 79, 81, 91, 69, 68, 25]
40:25:[40, 79, 81, 92, 69, 68, 25]
40:25:[40, 79, 82, 93, 70, 68, 25]
40:25:[40, 79, 82, 94, 70, 68, 25]
40:25:[40, 79, 82, 95, 70, 68, 25]
40:25:[40, 79, 83, 96, 71, 68, 25]
40:25:[40, 79, 83, 97, 71, 68, 25]
40:25:[40, 79, 83, 98, 71, 68, 25]
40:26:[40, 79, 81, 90, 69, 68, 26]
40:26:[40, 79, 81, 91, 69, 68, 26]
40:26:[40, 79, 81, 92, 69, 68, 26]
40:26:[40, 79, 82, 93, 70, 68, 26]
40:26:[40, 79, 82, 94, 70, 68, 26]
40:26:[40, 79, 82, 95, 70, 68, 26]
40:26:[40, 79, 83, 96, 71, 68, 26]
40:26:[40, 79, 83, 97, 71, 68, 26]
40:26:[40, 79, 83, 98, 71, 68, 26]
40:27:[40, 79, 81, 90, 75, 72, 27]
40:27:[40, 79, 81, 91, 75, 72, 27]
40:27:[40, 79, 81, 92, 75, 72, 27]
40:27:[40, 79, 82, 93, 76, 72, 27]
40:27:[40, 79, 82, 94, 76, 72, 27]
40:27:[40, 79, 82, 95, 76, 72, 27]
40:27:[40, 79, 83, 96, 77, 72, 27]
40:27:[40, 79, 83, 97, 77, 72, 27]
40:27:[40, 79, 83, 98, 77, 72, 27]
40:28:[40, 79, 81, 90, 75, 72, 28]
40:28:[40, 79, 81, 91, 75, 72, 28]
40:28:[40, 79, 81, 92, 75, 72, 28]
40:28:[40, 79, 82, 93, 76, 72, 28]
40:28:[40, 79, 82, 94, 76, 72, 28]
40:28:[40, 79, 82, 95, 76, 72, 28]
40:28:[40, 79, 83, 96, 77, 72, 28]
40:28:[40, 79, 83, 97, 77, 72, 28]
40:28:[40, 79, 83, 98, 77, 72, 28]
40:29:[40, 79, 81, 90, 75, 72, 29]
40:29:[40, 79, 81, 91, 75, 72, 29]
40:29:[40, 79, 81, 92, 75, 72, 29]
40:29:[40, 79, 82, 93, 76, 72, 29]
40:29:[40, 79, 82, 94, 76, 72, 29]
40:29:[40, 79, 82, 95, 76, 72, 29]
40:29:[40, 79, 83, 96, 77, 72, 29]
40:29:[40, 79, 83, 97, 77, 72, 29]
40:29:[40, 79, 83, 98, 77, 72, 29]
40:30:[40, 79, 81, 90, 75, 73, 30]
40:30:[40, 79, 81, 91, 75, 73, 30]
40:30:[40, 79, 81, 92, 75, 73, 30]
40:30:[40, 79, 82, 93, 76, 73, 30]
40:30:[40, 79, 82, 94, 76, 73, 30]
40:30:[40, 79, 82, 95, 76, 73, 30]
40:30:[40, 79, 83, 96, 77, 73, 30]
40:30:[40, 79, 83, 97, 77, 73, 30]
40:30:[40, 79, 83, 98, 77, 73, 30]
40:31:[40, 79, 81, 90, 75, 73, 31]
40:31:[40, 79, 81, 91, 75, 73, 31]
40:31:[40, 79, 81, 92, 75, 73, 31]
40:31:[40, 79, 82, 93, 76, 73, 31]
40:31:[40, 79, 82, 94, 76, 73, 31]
40:31:[40, 79, 82, 95, 76, 73, 31]
40:31:[40, 79, 83, 96, 77, 73, 31]
40:31:[40, 79, 83, 97, 77, 73, 31]
40:31:[40, 79, 83, 98, 77, 73, 31]
40:32:[40, 79, 81, 90, 75, 73, 32]
40:32:[40, 79, 81, 91, 75, 73, 32]
40:32:[40, 79, 81, 92, 75, 73, 32]
40:32:[40, 79, 82, 93, 76, 73, 32]
40:32:[40, 79, 82, 94, 76, 73, 32]
40:32:[40, 79, 82, 95, 76, 73, 32]
40:32:[40, 79, 83, 96, 77, 73, 32]
40:32:[40, 79, 83, 97, 77, 73, 32]
40:32:[40, 79, 83, 98, 77, 73, 32]
40:33:[40, 79, 81, 90, 75, 74, 33]
40:33:[40, 79, 81, 91, 75, 74, 33]
40:33:[40, 79, 81, 92, 75, 74, 33]
40:33:[40, 79, 82, 93, 76, 74, 33]
40:33:[40, 79, 82, 94, 76, 74, 33]
40:33:[40, 79, 82, 95, 76, 74, 33]
40:33:[40, 79, 83, 96, 77, 74, 33]
40:33:[40, 79, 83, 97, 77, 74, 33]
40:33:[40, 79, 83, 98, 77, 74, 33]
40:34:[40, 79, 81, 90, 75, 74, 34]
40:34:[40, 79, 81, 91, 75, 74, 34]
40:34:[40, 79, 81, 92, 75, 74, 34]
40:34:[40, 79, 82, 93, 76, 74, 34]
40:34:[40, 79, 82, 94, 76, 74, 34]
40:34:[40, 79, 82, 95, 76, 74, 34]
40:34:[40, 79, 83, 96, 77, 74, 34]
40:34:[40, 79, 83, 97, 77, 74, 34]
40:34:[40, 79, 83, 98, 77, 74, 34]
40:35:[40, 79, 81, 90, 75, 74, 35]
40:35:[40, 79, 81, 91, 75, 74, 35]
40:35:[40, 79, 81, 92, 75, 74, 35]
40:35:[40, 79, 82, 93, 76, 74, 35]
40:35:[40, 79, 82, 94, 76, 74, 35]
40:35:[40, 79, 82, 95, 76, 74, 35]
40:35:[40, 79, 83, 96, 77, 74, 35]
40:35:[40, 79, 83, 97, 77, 74, 35]
40:35:[40, 79, 83, 98, 77, 74, 35]
40:36:[40, 79, 81, 78, 36]
40:36:[40, 79, 82, 78, 36]
40:36:[40, 79, 83, 78, 36]
40:37:[40, 79, 81, 78, 37]
40:37:[40, 79, 82, 78, 37]
40:37:[40, 79, 83, 78, 37]
40:38:[40, 79, 81, 78, 38]
40:38:[40, 79, 82, 78, 38]
40:38:[40, 79, 83, 78, 38]
40:39:[40, 79, 39]
40:41:[40, 79, 41]
40:42:[40, 79, 81, 80, 42]
40:42:[40, 79, 82, 80, 42]
40:42:[40, 79, 83, 80, 42]
40:43:[40, 79, 81, 80, 43]
40:43:[40, 79, 82, 80, 43]
40:43:[40, 79, 83, 80, 43]
40:44:[40, 79, 81, 80, 44]
40:44:[40, 79, 82, 80, 44]
40:44:[40, 79, 83, 80, 44]
40:45:[40, 79, 81, 90, 87, 84, 45]
40:45:[40, 79, 81, 91, 87, 84, 45]
40:45:[40, 79, 81, 92, 87, 84, 45]
40:45:[40, 79, 82, 93, 88, 84, 45]
40:45:[40, 79, 82, 94, 88, 84, 45]
40:45:[40, 79, 82, 95, 88, 84, 45]
40:45:[40, 79, 83, 96, 89, 84, 45]
40:45:[40, 79, 83, 97, 89, 84, 45]
40:45:[40, 79, 83, 98, 89, 84, 45]
40:46:[40, 79, 81, 90, 87, 84, 46]
40:46:[40, 79, 81, 91, 87, 84, 46]
40:46:[40, 79, 81, 92, 87, 84, 46]
40:46:[40, 79, 82, 93, 88, 84, 46]
40:46:[40, 79, 82, 94, 88, 84, 46]
40:46:[40, 79, 82, 95, 88, 84, 46]
40:46:[40, 79, 83, 96, 89, 84, 46]
40:46:[40, 79, 83, 97, 89, 84, 46]
40:46:[40, 79, 83, 98, 89, 84, 46]
40:47:[40, 79, 81, 90, 87, 84, 47]
40:47:[40, 79, 81, 91, 87, 84, 47]
40:47:[40, 79, 81, 92, 87, 84, 47]
40:47:[40, 79, 82, 93, 88, 84, 47]
40:47:[40, 79, 82, 94, 88, 84, 47]
40:47:[40, 79, 82, 95, 88, 84, 47]
40:47:[40, 79, 83, 96, 89, 84, 47]
40:47:[40, 79, 83, 97, 89, 84, 47]
40:47:[40, 79, 83, 98, 89, 84, 47]
40:48:[40, 79, 81, 90, 87, 85, 48]
40:48:[40, 79, 81, 91, 87, 85, 48]
40:48:[40, 79, 81, 92, 87, 85, 48]
40:48:[40, 79, 82, 93, 88, 85, 48]
40:48:[40, 79, 82, 94, 88, 85, 48]
40:48:[40, 79, 82, 95, 88, 85, 48]
40:48:[40, 79, 83, 96, 89, 85, 48]
40:48:[40, 79, 83, 97, 89, 85, 48]
40:48:[40, 79, 83, 98, 89, 85, 48]
40:49:[40, 79, 81, 90, 87, 85, 49]
40:49:[40, 79, 81, 91, 87, 85, 49]
40:49:[40, 79, 81, 92, 87, 85, 49]
40:49:[40, 79, 82, 93, 88, 85, 49]
40:49:[40, 79, 82, 94, 88, 85, 49]
40:49:[40, 79, 82, 95, 88, 85, 49]
40:49:[40, 79, 83, 96, 89, 85, 49]
40:49:[40, 79, 83, 97, 89, 85, 49]
40:49:[40, 79, 83, 98, 89, 85, 49]
40:50:[40, 79, 81, 90, 87, 85, 50]
40:50:[40, 79, 81, 91, 87, 85, 50]
40:50:[40, 79, 81, 92, 87, 85, 50]
40:50:[40, 79, 82, 93, 88, 85, 50]
40:50:[40, 79, 82, 94, 88, 85, 50]
40:50:[40, 79, 82, 95, 88, 85, 50]
40:50:[40, 79, 83, 96, 89, 85, 50]
40:50:[40, 79, 83, 97, 89, 85, 50]
40:50:[40, 79, 83, 98, 89, 85, 50]
40:51:[40, 79, 81, 90, 87, 86, 51]
40:51:[40, 79, 81, 91, 87, 86, 51]
40:51:[40, 79, 81, 92, 87, 86, 51]
40:51:[40, 79, 82, 93, 88, 86, 51]
40:51:[40, 79, 82, 94, 88, 86, 51]
40:51:[40, 79, 82, 95, 88, 86, 51]
40:51:[40, 79, 83, 96, 89, 86, 51]
40:51:[40, 79, 83, 97, 89, 86, 51]
40:51:[40, 79, 83, 98, 89, 86, 51]
40:52:[40, 79, 81, 90, 87, 86, 52]
40:52:[40, 79, 81, 91, 87, 86, 52]
40:52:[40, 79, 81, 92, 87, 86, 52]
40:52:[40, 79, 82, 93, 88, 86, 52]
40:52:[40, 79, 82, 94, 88, 86, 52]
40:52:[40, 79, 82, 95, 88, 86, 52]
40:52:[40, 79, 83, 96, 89, 86, 52]
40:52:[40, 79, 83, 97, 89, 86, 52]
40:52:[40, 79, 83, 98, 89, 86, 52]
40:53:[40, 79, 81, 90, 87, 86, 53]
40:53:[40, 79, 81, 91, 87, 86, 53]
40:53:[40, 79, 81, 92, 87, 86, 53]
40:53:[40, 79, 82, 93, 88, 86, 53]
40:53:[40, 79, 82, 94, 88, 86, 53]
40:53:[40, 79, 82, 95, 88, 86, 53]
40:53:[40, 79, 83, 96, 89, 86, 53]
40:53:[40, 79, 83, 97, 89, 86, 53]
40:53:[40, 79, 83, 98, 89, 86, 53]
41:0:[41, 79, 81, 90, 57, 54, 0]
41:0:[41, 79, 81, 91, 57, 54, 0]
41:0:[41, 79, 81, 92, 57, 54, 0]
41:0:[41, 79, 82, 93, 58, 54, 0]
41:0:[41, 79, 82, 94, 58, 54, 0]
41:0:[41, 79, 82, 95, 58, 54, 0]
41:0:[41, 79, 83, 96, 59, 54, 0]
41:0:[41, 79, 83, 97, 59, 54, 0]
41:0:[41, 79, 83, 98, 59, 54, 0]
41:1:[41, 79, 81, 90, 57, 54, 1]
41:1:[41, 79, 81, 91, 57, 54, 1]
41:1:[41, 79, 81, 92, 57, 54, 1]
41:1:[41, 79, 82, 93, 58, 54, 1]
41:1:[41, 79, 82, 94, 58, 54, 1]
41:1:[41, 79, 82, 95, 58, 54, 1]
41:1:[41, 79, 83, 96, 59, 54, 1]
41:1:[41, 79, 83, 97, 59, 54, 1]
41:1:[41, 79, 83, 98, 59, 54, 1]
41:2:[41, 79, 81, 90, 57, 54, 2]
41:2:[41, 79, 81, 91, 57, 54, 2]
41:2:[41, 79, 81, 92, 57, 54, 2]
41:2:[41, 79, 82, 93, 58, 54, 2]
41:2:[41, 79, 82, 94, 58, 54, 2]
41:2:[41, 79, 82, 95, 58, 54, 2]
41:2:[41, 79, 83, 96, 59, 54, 2]
41:2:[41, 79, 83, 97, 59, 54, 2]
41:2:[41, 79, 83, 98, 59, 54, 2]
41:3:[41, 79, 81, 90, 57, 55, 3]
41:3:[41, 79, 81, 91, 57, 55, 3]
41:3:[41, 79, 81, 92, 57, 55, 3]
41:3:[41, 79, 82, 93, 58, 55, 3]
41:3:[41, 79, 82, 94, 58, 55, 3]
41:3:[41, 79, 82, 95, 58, 55, 3]
41:3:[41, 79, 83, 96, 59, 55, 3]
41:3:[41, 79, 83, 97, 59, 55, 3]
41:3:[41, 79, 83, 98, 59, 55, 3]
41:4:[41, 79, 81, 90, 57, 55, 4]
41:4:[41, 79, 81, 91, 57, 55, 4]
41:4:[41, 79, 81, 92, 57, 55, 4]
41:4:[41, 79, 82, 93, 58, 55, 4]
41:4:[41, 79, 82, 94, 58, 55, 4]
41:4:[41, 79, 82, 95, 58, 55, 4]
41:4:[41, 79, 83, 96, 59, 55, 4]
41:4:[41, 79, 83, 97, 59, 55, 4]
41:4:[41, 79, 83, 98, 59, 55, 4]
41:5:[41, 79, 81, 90, 57, 55, 5]
41:5:[41, 79, 81, 91, 57, 55, 5]
41:5:[41, 79, 81, 92, 57, 55, 5]
41:5:[41, 79, 82, 93, 58, 55, 5]
41:5:[41, 79, 82, 94, 58, 55, 5]
41:5:[41, 79, 82, 95, 58, 55, 5]
41:5:[41, 79, 83, 96, 59, 55, 5]
41:5:[41, 79, 83, 97, 59, 55, 5]
41:5:[41, 79, 83, 98, 59, 55, 5]
41:6:[41, 79, 81, 90, 57, 56, 6]
41:6:[41, 79, 81, 91, 57, 56, 6]
41:6:[41, 79, 81, 92, 57, 56, 6]
41:6:[41, 79, 82, 93, 58, 56, 6]
41:6:[41, 79, 82, 94, 58, 56, 6]
41:6:[41, 79, 82, 95, 58, 56, 6]
41:6:[41, 79, 83, 96, 59, 56, 6]
41:6:[41, 79, 83, 97, 59, 56, 6]
41:6:[41, 79, 83, 98, 59, 56, 6]
41:7:[41, 79, 81, 90, 57, 56, 7]
41:7:[41, 79, 81, 91, 57, 56, 7]
41:7:[41, 79, 81, 92, 57, 56, 7]
41:7:[41, 79, 82, 93, 58, 56, 7]
41:7:[41, 79, 82, 94, 58, 56, 7]
41:7:[41, 79, 82, 95, 58, 56, 7]
41:7:[41, 79, 83, 96, 59, 56, 7]
41:7:[41, 79, 83, 97, 59, 56, 7]
41:7:[41, 79, 83, 98, 59, 56, 7]
41:8:[41, 79, 81, 90, 57, 56, 8]
41:8:[41, 79, 81, 91, 57, 56, 8]
41:8:[41, 79, 81, 92, 57, 56, 8]
41:8:[41, 79, 82, 93, 58, 56, 8]
41:8:[41, 79, 82, 94, 58, 56, 8]
41:8:[41, 79, 82, 95, 58, 56, 8]
41:8:[41, 79, 83, 96, 59, 56, 8]
41:8:[41, 79, 83, 97, 59, 56, 8]
41:8:[41, 79, 83, 98, 59, 56, 8]
41:9:[41, 79, 81, 90, 63, 60, 9]
41:9:[41, 79, 81, 91, 63, 60, 9]
41:9:[41, 79, 81, 92, 63, 60, 9]
41:9:[41, 79, 82, 93, 64, 60, 9]
41:9:[41, 79, 82, 94, 64, 60, 9]
41:9:[41, 79, 82, 95, 64, 60, 9]
41:9:[41, 79, 83, 96, 65, 60, 9]
41:9:[41, 79, 83, 97, 65, 60, 9]
41:9:[41, 79, 83, 98, 65, 60, 9]
41:10:[41, 79, 81, 90, 63, 60, 10]
41:10:[41, 79, 81, 91, 63, 60, 10]
41:10:[41, 79, 81, 92, 63, 60, 10]
41:10:[41, 79, 82, 93, 64, 60, 10]
41:10:[41, 79, 82, 94, 64, 60, 10]
41:10:[41, 79, 82, 95, 64, 60, 10]
41:10:[41, 79, 83, 96, 65, 60, 10]
41:10:[41, 79, 83, 97, 65, 60, 10]
41:10:[41, 79, 83, 98, 65, 60, 10]
41:11:[41, 79, 81, 90, 63, 60, 11]
41:11:[41, 79, 81, 91, 63, 60, 11]
41:11:[41, 79, 81, 92, 63, 60, 11]
41:11:[41, 79, 82, 93, 64, 60, 11]
41:11:[41, 79, 82, 94, 64, 60, 11]
41:11:[41, 79, 82, 95, 64, 60, 11]
41:11:[41, 79, 83, 96, 65, 60, 11]
41:11:[41, 79, 83, 97, 65, 60, 11]
41:11:[41, 79, 83, 98, 65, 60, 11]
41:12:[41, 79, 81, 90, 63, 61, 12]
41:12:[41, 79, 81, 91, 63, 61, 12]
41:12:[41, 79, 81, 92, 63, 61, 12]
41:12:[41, 79, 82, 93, 64, 61, 12]
41:12:[41, 79, 82, 94, 64, 61, 12]
41:12:[41, 79, 82, 95, 64, 61, 12]
41:12:[41, 79, 83, 96, 65, 61, 12]
41:12:[41, 79, 83, 97, 65, 61, 12]
41:12:[41, 79, 83, 98, 65, 61, 12]
41:13:[41, 79, 81, 90, 63, 61, 13]
41:13:[41, 79, 81, 91, 63, 61, 13]
41:13:[41, 79, 81, 92, 63, 61, 13]
41:13:[41, 79, 82, 93, 64, 61, 13]
41:13:[41, 79, 82, 94, 64, 61, 13]
41:13:[41, 79, 82, 95, 64, 61, 13]
41:13:[41, 79, 83, 96, 65, 61, 13]
41:13:[41, 79, 83, 97, 65, 61, 13]
41:13:[41, 79, 83, 98, 65, 61, 13]
41:14:[41, 79, 81, 90, 63, 61, 14]
41:14:[41, 79, 81, 91, 63, 61, 14]
41:14:[41, 79, 81, 92, 63, 61, 14]
41:14:[41, 79, 82, 93, 64, 61, 14]
41:14:[41, 79, 82, 94, 64, 61, 14]
41:14:[41, 79, 82, 95, 64, 61, 14]
41:14:[41, 79, 83, 96, 65, 61, 14]
41:14:[41, 79, 83, 97, 65, 61, 14]
41:14:[41, 79, 83, 98, 65, 61, 14]
41:15:[41, 79, 81, 90, 63, 62, 15]
41:15:[41, 79, 81, 91, 63, 62, 15]
41:15:[41, 79, 81, 92, 63, 62, 15]
41:15:[41, 79, 82, 93, 64, 62, 15]
41:15:[41, 79, 82, 94, 64, 62, 15]
41:15:[41, 79, 82, 95, 64, 62, 15]
41:15:[41, 79, 83, 96, 65, 62, 15]
41:15:[41, 79, 83, 97, 65, 62, 15]
41:15:[41, 79, 83, 98, 65, 62, 15]
41:16:[41, 79, 81, 90, 63, 62, 16]
41:16:[41, 79, 81, 91, 63, 62, 16]
41:16:[41, 79, 81, 92, 63, 62, 16]
41:16:[41, 79, 82, 93, 64, 62, 16]
41:16:[41, 79, 82, 94, 64, 62, 16]
41:16:[41, 79, 82, 95, 64, 62, 16]
41:16:[41, 79, 83, 96, 65, 62, 16]
41:16:[41, 79, 83, 97, 65, 62, 16]
41:16:[41, 79, 83, 98, 65, 62, 16]
41:17:[41, 79, 81, 90, 63, 62, 17]
41:17:[41, 79, 81, 91, 63, 62, 17]
41:17:[41, 79, 81, 92, 63, 62, 17]
41:17:[41, 79, 82, 93, 64, 62, 17]
41:17:[41, 79, 82, 94, 64, 62, 17]
41:17:[41, 79, 82, 95, 64, 62, 17]
41:17:[41, 79, 83, 96, 65, 62, 17]
41:17:[41, 79, 83, 97, 65, 62, 17]
41:17:[41, 79, 83, 98, 65, 62, 17]
41:18:[41, 79, 81, 90, 69, 66, 18]
41:18:[41, 79, 81, 91, 69, 66, 18]
41:18:[41, 79, 81, 92, 69, 66, 18]
41:18:[41, 79, 82, 93, 70, 66, 18]
41:18:[41, 79, 82, 94, 70, 66, 18]
41:18:[41, 79, 82, 95, 70, 66, 18]
41:18:[41, 79, 83, 96, 71, 66, 18]
41:18:[41, 79, 83, 97, 71, 66, 18]
41:18:[41, 79, 83, 98, 71, 66, 18]
41:19:[41, 79, 81, 90, 69, 66, 19]
41:19:[41, 79, 81, 91, 69, 66, 19]
41:19:[41, 79, 81, 92, 69, 66, 19]
41:19:[41, 79, 82, 93, 70, 66, 19]
41:19:[41, 79, 82, 94, 70, 66, 19]
41:19:[41, 79, 82, 95, 70, 66, 19]
41:19:[41, 79, 83, 96, 71, 66, 19]
41:19:[41, 79, 83, 97, 71, 66, 19]
41:19:[41, 79, 83, 98, 71, 66, 19]
41:20:[41, 79, 81, 90, 69, 66, 20]
41:20:[41, 79, 81, 91, 69, 66, 20]
41:20:[41, 79, 81, 92, 69, 66, 20]
41:20:[41, 79, 82, 93, 70, 66, 20]
41:20:[41, 79, 82, 94, 70, 66, 20]
41:20:[41, 79, 82, 95, 70, 66, 20]
41:20:[41, 79, 83, 96, 71, 66, 20]
41:20:[41, 79, 83, 97, 71, 66, 20]
41:20:[41, 79, 83, 98, 71, 66, 20]
41:21:[41, 79, 81, 90, 69, 67, 21]
41:21:[41, 79, 81, 91, 69, 67, 21]
41:21:[41, 79, 81, 92, 69, 67, 21]
41:21:[41, 79, 82, 93, 70, 67, 21]
41:21:[41, 79, 82, 94, 70, 67, 21]
41:21:[41, 79, 82, 95, 70, 67, 21]
41:21:[41, 79, 83, 96, 71, 67, 21]
41:21:[41, 79, 83, 97, 71, 67, 21]
41:21:[41, 79, 83, 98, 71, 67, 21]
41:22:[41, 79, 81, 90, 69, 67, 22]
41:22:[41, 79, 81, 91, 69, 67, 22]
41:22:[41, 79, 81, 92, 69, 67, 22]
41:22:[41, 79, 82, 93, 70, 67, 22]
41:22:[41, 79, 82, 94, 70, 67, 22]
41:22:[41, 79, 82, 95, 70, 67, 22]
41:22:[41, 79, 83, 96, 71, 67, 22]
41:22:[41, 79, 83, 97, 71, 67, 22]
41:22:[41, 79, 83, 98, 71, 67, 22]
41:23:[41, 79, 81, 90, 69, 67, 23]
41:23:[41, 79, 81, 91, 69, 67, 23]
41:23:[41, 79, 81, 92, 69, 67, 23]
41:23:[41, 79, 82, 93, 70, 67, 23]
41:23:[41, 79, 82, 94, 70, 67, 23]
41:23:[41, 79, 82, 95, 70, 67, 23]
41:23:[41, 79, 83, 96, 71, 67, 23]
41:23:[41, 79, 83, 97, 71, 67, 23]
41:23:[41, 79, 83, 98, 71, 67, 23]
41:24:[41, 79, 81, 90, 69, 68, 24]
41:24:[41, 79, 81, 91, 69, 68, 24]
41:24:[41, 79, 81, 92, 69, 68, 24]
41:24:[41, 79, 82, 93, 70, 68, 24]
41:24:[41, 79, 82, 94, 70, 68, 24]
41:24:[41, 79, 82, 95, 70, 68, 24]
41:24:[41, 79, 83, 96, 71, 68, 24]
41:24:[41, 79, 83, 97, 71, 68, 24]
41:24:[41, 79, 83, 98, 71, 68, 24]
41:25:[41, 79, 81, 90, 69, 68, 25]
41:25:[41, 79, 81, 91, 69, 68, 25]
41:25:[41, 79, 81, 92, 69, 68, 25]
41:25:[41, 79, 82, 93, 70, 68, 25]
41:25:[41, 79, 82, 94, 70, 68, 25]
41:25:[41, 79, 82, 95, 70, 68, 25]
41:25:[41, 79, 83, 96, 71, 68, 25]
41:25:[41, 79, 83, 97, 71, 68, 25]
41:25:[41, 79, 83, 98, 71, 68, 25]
41:26:[41, 79, 81, 90, 69, 68, 26]
41:26:[41, 79, 81, 91, 69, 68, 26]
41:26:[41, 79, 81, 92, 69, 68, 26]
41:26:[41, 79, 82, 93, 70, 68, 26]
41:26:[41, 79, 82, 94, 70, 68, 26]
41:26:[41, 79, 82, 95, 70, 68, 26]
41:26:[41, 79, 83, 96, 71, 68, 26]
41:26:[41, 79, 83, 97, 71, 68, 26]
41:26:[41, 79, 83, 98, 71, 68, 26]
41:27:[41, 79, 81, 90, 75, 72, 27]
41:27:[41, 79, 81, 91, 75, 72, 27]
41:27:[41, 79, 81, 92, 75, 72, 27]
41:27:[41, 79, 82, 93, 76, 72, 27]
41:27:[41, 79, 82, 94, 76, 72, 27]
41:27:[41, 79, 82, 95, 76, 72, 27]
41:27:[41, 79, 83, 96, 77, 72, 27]
41:27:[41, 79, 83, 97, 77, 72, 27]
41:27:[41, 79, 83, 98, 77, 72, 27]
41:28:[41, 79, 81, 90, 75, 72, 28]
41:28:[41, 79, 81, 91, 75, 72, 28]
41:28:[41, 79, 81, 92, 75, 72, 28]
41:28:[41, 79, 82, 93, 76, 72, 28]
41:28:[41, 79, 82, 94, 76, 72, 28]
41:28:[41, 79, 82, 95, 76, 72, 28]
41:28:[41, 79, 83, 96, 77, 72, 28]
41:28:[41, 79, 83, 97, 77, 72, 28]
41:28:[41, 79, 83, 98, 77, 72, 28]
41:29:[41, 79, 81, 90, 75, 72, 29]
41:29:[41, 79, 81, 91, 75, 72, 29]
41:29:[41, 79, 81, 92, 75, 72, 29]
41:29:[41, 79, 82, 93, 76, 72, 29]
41:29:[41, 79, 82, 94, 76, 72, 29]
41:29:[41, 79, 82, 95, 76, 72, 29]
41:29:[41, 79, 83, 96, 77, 72, 29]
41:29:[41, 79, 83, 97, 77, 72, 29]
41:29:[41, 79, 83, 98, 77, 72, 29]
41:30:[41, 79, 81, 90, 75, 73, 30]
41:30:[41, 79, 81, 91, 75, 73, 30]
41:30:[41, 79, 81, 92, 75, 73, 30]
41:30:[41, 79, 82, 93, 76, 73, 30]
41:30:[41, 79, 82, 94, 76, 73, 30]
41:30:[41, 79, 82, 95, 76, 73, 30]
41:30:[41, 79, 83, 96, 77, 73, 30]
41:30:[41, 79, 83, 97, 77, 73, 30]
41:30:[41, 79, 83, 98, 77, 73, 30]
41:31:[41, 79, 81, 90, 75, 73, 31]
41:31:[41, 79, 81, 91, 75, 73, 31]
41:31:[41, 79, 81, 92, 75, 73, 31]
41:31:[41, 79, 82, 93, 76, 73, 31]
41:31:[41, 79, 82, 94, 76, 73, 31]
41:31:[41, 79, 82, 95, 76, 73, 31]
41:31:[41, 79, 83, 96, 77, 73, 31]
41:31:[41, 79, 83, 97, 77, 73, 31]
41:31:[41, 79, 83, 98, 77, 73, 31]
41:32:[41, 79, 81, 90, 75, 73, 32]
41:32:[41, 79, 81, 91, 75, 73, 32]
41:32:[41, 79, 81, 92, 75, 73, 32]
41:32:[41, 79, 82, 93, 76, 73, 32]
41:32:[41, 79, 82, 94, 76, 73, 32]
41:32:[41, 79, 82, 95, 76, 73, 32]
41:32:[41, 79, 83, 96, 77, 73, 32]
41:32:[41, 79, 83, 97, 77, 73, 32]
41:32:[41, 79, 83, 98, 77, 73, 32]
41:33:[41, 79, 81, 90, 75, 74, 33]
41:33:[41, 79, 81, 91, 75, 74, 33]
41:33:[41, 79, 81, 92, 75, 74, 33]
41:33:[41, 79, 82, 93, 76, 74, 33]
41:33:[41, 79, 82, 94, 76, 74, 33]
41:33:[41, 79, 82, 95, 76, 74, 33]
41:33:[41, 79, 83, 96, 77, 74, 33]
41:33:[41, 79, 83, 97, 77, 74, 33]
41:33:[41, 79, 83, 98, 77, 74, 33]
41:34:[41, 79, 81, 90, 75, 74, 34]
41:34:[41, 79, 81, 91, 75, 74, 34]
41:34:[41, 79, 81, 92, 75, 74, 34]
41:34:[41, 79, 82, 93, 76, 74, 34]
41:34:[41, 79, 82, 94, 76, 74, 34]
41:34:[41, 79, 82, 95, 76, 74, 34]
41:34:[41, 79, 83, 96, 77, 74, 34]
41:34:[41, 79, 83, 97, 77, 74, 34]
41:34:[41, 79, 83, 98, 77, 74, 34]
41:35:[41, 79, 81, 90, 75, 74, 35]
41:35:[41, 79, 81, 91, 75, 74, 35]
41:35:[41, 79, 81, 92, 75, 74, 35]
41:35:[41, 79, 82, 93, 76, 74, 35]
41:35:[41, 79, 82, 94, 76, 74, 35]
41:35:[41, 79, 82, 95, 76, 74, 35]
41:35:[41, 79, 83, 96, 77, 74, 35]
41:35:[41, 79, 83, 97, 77, 74, 35]
41:35:[41, 79, 83, 98, 77, 74, 35]
41:36:[41, 79, 81, 78, 36]
41:36:[41, 79, 82, 78, 36]
41:36:[41, 79, 83, 78, 36]
41:37:[41, 79, 81, 78, 37]
41:37:[41, 79, 82, 78, 37]
41:37:[41, 79, 83, 78, 37]
41:38:[41, 79, 81, 78, 38]
41:38:[41, 79, 82, 78, 38]
41:38:[41, 79, 83, 78, 38]
41:39:[41, 79, 39]
41:40:[41, 79, 40]
41:42:[41, 79, 81, 80, 42]
41:42:[41, 79, 82, 80, 42]
41:42:[41, 79, 83, 80, 42]
41:43:[41, 79, 81, 80, 43]
41:43:[41, 79, 82, 80, 43]
41:43:[41, 79, 83, 80, 43]
41:44:[41, 79, 81, 80, 44]
41:44:[41, 79, 82, 80, 44]
41:44:[41, 79, 83, 80, 44]
41:45:[41, 79, 81, 90, 87, 84, 45]
41:45:[41, 79, 81, 91, 87, 84, 45]
41:45:[41, 79, 81, 92, 87, 84, 45]
41:45:[41, 79, 82, 93, 88, 84, 45]
41:45:[41, 79, 82, 94, 88, 84, 45]
41:45:[41, 79, 82, 95, 88, 84, 45]
41:45:[41, 79, 83, 96, 89, 84, 45]
41:45:[41, 79, 83, 97, 89, 84, 45]
41:45:[41, 79, 83, 98, 89, 84, 45]
41:46:[41, 79, 81, 90, 87, 84, 46]
41:46:[41, 79, 81, 91, 87, 84, 46]
41:46:[41, 79, 81, 92, 87, 84, 46]
41:46:[41, 79, 82, 93, 88, 84, 46]
41:46:[41, 79, 82, 94, 88, 84, 46]
41:46:[41, 79, 82, 95, 88, 84, 46]
41:46:[41, 79, 83, 96, 89, 84, 46]
41:46:[41, 79, 83, 97, 89, 84, 46]
41:46:[41, 79, 83, 98, 89, 84, 46]
41:47:[41, 79, 81, 90, 87, 84, 47]
41:47:[41, 79, 81, 91, 87, 84, 47]
41:47:[41, 79, 81, 92, 87, 84, 47]
41:47:[41, 79, 82, 93, 88, 84, 47]
41:47:[41, 79, 82, 94, 88, 84, 47]
41:47:[41, 79, 82, 95, 88, 84, 47]
41:47:[41, 79, 83, 96, 89, 84, 47]
41:47:[41, 79, 83, 97, 89, 84, 47]
41:47:[41, 79, 83, 98, 89, 84, 47]
41:48:[41, 79, 81, 90, 87, 85, 48]
41:48:[41, 79, 81, 91, 87, 85, 48]
41:48:[41, 79, 81, 92, 87, 85, 48]
41:48:[41, 79, 82, 93, 88, 85, 48]
41:48:[41, 79, 82, 94, 88, 85, 48]
41:48:[41, 79, 82, 95, 88, 85, 48]
41:48:[41, 79, 83, 96, 89, 85, 48]
41:48:[41, 79, 83, 97, 89, 85, 48]
41:48:[41, 79, 83, 98, 89, 85, 48]
41:49:[41, 79, 81, 90, 87, 85, 49]
41:49:[41, 79, 81, 91, 87, 85, 49]
41:49:[41, 79, 81, 92, 87, 85, 49]
41:49:[41, 79, 82, 93, 88, 85, 49]
41:49:[41, 79, 82, 94, 88, 85, 49]
41:49:[41, 79, 82, 95, 88, 85, 49]
41:49:[41, 79, 83, 96, 89, 85, 49]
41:49:[41, 79, 83, 97, 89, 85, 49]
41:49:[41, 79, 83, 98, 89, 85, 49]
41:50:[41, 79, 81, 90, 87, 85, 50]
41:50:[41, 79, 81, 91, 87, 85, 50]
41:50:[41, 79, 81, 92, 87, 85, 50]
41:50:[41, 79, 82, 93, 88, 85, 50]
41:50:[41, 79, 82, 94, 88, 85, 50]
41:50:[41, 79, 82, 95, 88, 85, 50]
41:50:[41, 79, 83, 96, 89, 85, 50]
41:50:[41, 79, 83, 97, 89, 85, 50]
41:50:[41, 79, 83, 98, 89, 85, 50]
41:51:[41, 79, 81, 90, 87, 86, 51]
41:51:[41, 79, 81, 91, 87, 86, 51]
41:51:[41, 79, 81, 92, 87, 86, 51]
41:51:[41, 79, 82, 93, 88, 86, 51]
41:51:[41, 79, 82, 94, 88, 86, 51]
41:51:[41, 79, 82, 95, 88, 86, 51]
41:51:[41, 79, 83, 96, 89, 86, 51]
41:51:[41, 79, 83, 97, 89, 86, 51]
41:51:[41, 79, 83, 98, 89, 86, 51]
41:52:[41, 79, 81, 90, 87, 86, 52]
41:52:[41, 79, 81, 91, 87, 86, 52]
41:52:[41, 79, 81, 92, 87, 86, 52]
41:52:[41, 79, 82, 93, 88, 86, 52]
41:52:[41, 79, 82, 94, 88, 86, 52]
41:52:[41, 79, 82, 95, 88, 86, 52]
41:52:[41, 79, 83, 96, 89, 86, 52]
41:52:[41, 79, 83, 97, 89, 86, 52]
41:52:[41, 79, 83, 98, 89, 86, 52]
41:53:[41, 79, 81, 90, 87, 86, 53]
41:53:[41, 79, 81, 91, 87, 86, 53]
41:53:[41, 79, 81, 92, 87, 86, 53]
41:53:[41, 79, 82, 93, 88, 86, 53]
41:53:[41, 79, 82, 94, 88, 86, 53]
41:53:[41, 79, 82, 95, 88, 86, 53]
41:53:[41, 79, 83, 96, 89, 86, 53]
41:53:[41, 79, 83, 97, 89, 86, 53]
41:53:[41, 79, 83, 98, 89, 86, 53]
42:0:[42, 80, 81, 90, 57, 54, 0]
42:0:[42, 80, 81, 91, 57, 54, 0]
42:0:[42, 80, 81, 92, 57, 54, 0]
42:0:[42, 80, 82, 93, 58, 54, 0]
42:0:[42, 80, 82, 94, 58, 54, 0]
42:0:[42, 80, 82, 95, 58, 54, 0]
42:0:[42, 80, 83, 96, 59, 54, 0]
42:0:[42, 80, 83, 97, 59, 54, 0]
42:0:[42, 80, 83, 98, 59, 54, 0]
42:1:[42, 80, 81, 90, 57, 54, 1]
42:1:[42, 80, 81, 91, 57, 54, 1]
42:1:[42, 80, 81, 92, 57, 54, 1]
42:1:[42, 80, 82, 93, 58, 54, 1]
42:1:[42, 80, 82, 94, 58, 54, 1]
42:1:[42, 80, 82, 95, 58, 54, 1]
42:1:[42, 80, 83, 96, 59, 54, 1]
42:1:[42, 80, 83, 97, 59, 54, 1]
42:1:[42, 80, 83, 98, 59, 54, 1]
42:2:[42, 80, 81, 90, 57, 54, 2]
42:2:[42, 80, 81, 91, 57, 54, 2]
42:2:[42, 80, 81, 92, 57, 54, 2]
42:2:[42, 80, 82, 93, 58, 54, 2]
42:2:[42, 80, 82, 94, 58, 54, 2]
42:2:[42, 80, 82, 95, 58, 54, 2]
42:2:[42, 80, 83, 96, 59, 54, 2]
42:2:[42, 80, 83, 97, 59, 54, 2]
42:2:[42, 80, 83, 98, 59, 54, 2]
42:3:[42, 80, 81, 90, 57, 55, 3]
42:3:[42, 80, 81, 91, 57, 55, 3]
42:3:[42, 80, 81, 92, 57, 55, 3]
42:3:[42, 80, 82, 93, 58, 55, 3]
42:3:[42, 80, 82, 94, 58, 55, 3]
42:3:[42, 80, 82, 95, 58, 55, 3]
42:3:[42, 80, 83, 96, 59, 55, 3]
42:3:[42, 80, 83, 97, 59, 55, 3]
42:3:[42, 80, 83, 98, 59, 55, 3]
42:4:[42, 80, 81, 90, 57, 55, 4]
42:4:[42, 80, 81, 91, 57, 55, 4]
42:4:[42, 80, 81, 92, 57, 55, 4]
42:4:[42, 80, 82, 93, 58, 55, 4]
42:4:[42, 80, 82, 94, 58, 55, 4]
42:4:[42, 80, 82, 95, 58, 55, 4]
42:4:[42, 80, 83, 96, 59, 55, 4]
42:4:[42, 80, 83, 97, 59, 55, 4]
42:4:[42, 80, 83, 98, 59, 55, 4]
42:5:[42, 80, 81, 90, 57, 55, 5]
42:5:[42, 80, 81, 91, 57, 55, 5]
42:5:[42, 80, 81, 92, 57, 55, 5]
42:5:[42, 80, 82, 93, 58, 55, 5]
42:5:[42, 80, 82, 94, 58, 55, 5]
42:5:[42, 80, 82, 95, 58, 55, 5]
42:5:[42, 80, 83, 96, 59, 55, 5]
42:5:[42, 80, 83, 97, 59, 55, 5]
42:5:[42, 80, 83, 98, 59, 55, 5]
42:6:[42, 80, 81, 90, 57, 56, 6]
42:6:[42, 80, 81, 91, 57, 56, 6]
42:6:[42, 80, 81, 92, 57, 56, 6]
42:6:[42, 80, 82, 93, 58, 56, 6]
42:6:[42, 80, 82, 94, 58, 56, 6]
42:6:[42, 80, 82, 95, 58, 56, 6]
42:6:[42, 80, 83, 96, 59, 56, 6]
42:6:[42, 80, 83, 97, 59, 56, 6]
42:6:[42, 80, 83, 98, 59, 56, 6]
42:7:[42, 80, 81, 90, 57, 56, 7]
42:7:[42, 80, 81, 91, 57, 56, 7]
42:7:[42, 80, 81, 92, 57, 56, 7]
42:7:[42, 80, 82, 93, 58, 56, 7]
42:7:[42, 80, 82, 94, 58, 56, 7]
42:7:[42, 80, 82, 95, 58, 56, 7]
42:7:[42, 80, 83, 96, 59, 56, 7]
42:7:[42, 80, 83, 97, 59, 56, 7]
42:7:[42, 80, 83, 98, 59, 56, 7]
42:8:[42, 80, 81, 90, 57, 56, 8]
42:8:[42, 80, 81, 91, 57, 56, 8]
42:8:[42, 80, 81, 92, 57, 56, 8]
42:8:[42, 80, 82, 93, 58, 56, 8]
42:8:[42, 80, 82, 94, 58, 56, 8]
42:8:[42, 80, 82, 95, 58, 56, 8]
42:8:[42, 80, 83, 96, 59, 56, 8]
42:8:[42, 80, 83, 97, 59, 56, 8]
42:8:[42, 80, 83, 98, 59, 56, 8]
42:9:[42, 80, 81, 90, 63, 60, 9]
42:9:[42, 80, 81, 91, 63, 60, 9]
42:9:[42, 80, 81, 92, 63, 60, 9]
42:9:[42, 80, 82, 93, 64, 60, 9]
42:9:[42, 80, 82, 94, 64, 60, 9]
42:9:[42, 80, 82, 95, 64, 60, 9]
42:9:[42, 80, 83, 96, 65, 60, 9]
42:9:[42, 80, 83, 97, 65, 60, 9]
42:9:[42, 80, 83, 98, 65, 60, 9]
42:10:[42, 80, 81, 90, 63, 60, 10]
42:10:[42, 80, 81, 91, 63, 60, 10]
42:10:[42, 80, 81, 92, 63, 60, 10]
42:10:[42, 80, 82, 93, 64, 60, 10]
42:10:[42, 80, 82, 94, 64, 60, 10]
42:10:[42, 80, 82, 95, 64, 60, 10]
42:10:[42, 80, 83, 96, 65, 60, 10]
42:10:[42, 80, 83, 97, 65, 60, 10]
42:10:[42, 80, 83, 98, 65, 60, 10]
42:11:[42, 80, 81, 90, 63, 60, 11]
42:11:[42, 80, 81, 91, 63, 60, 11]
42:11:[42, 80, 81, 92, 63, 60, 11]
42:11:[42, 80, 82, 93, 64, 60, 11]
42:11:[42, 80, 82, 94, 64, 60, 11]
42:11:[42, 80, 82, 95, 64, 60, 11]
42:11:[42, 80, 83, 96, 65, 60, 11]
42:11:[42, 80, 83, 97, 65, 60, 11]
42:11:[42, 80, 83, 98, 65, 60, 11]
42:12:[42, 80, 81, 90, 63, 61, 12]
42:12:[42, 80, 81, 91, 63, 61, 12]
42:12:[42, 80, 81, 92, 63, 61, 12]
42:12:[42, 80, 82, 93, 64, 61, 12]
42:12:[42, 80, 82, 94, 64, 61, 12]
42:12:[42, 80, 82, 95, 64, 61, 12]
42:12:[42, 80, 83, 96, 65, 61, 12]
42:12:[42, 80, 83, 97, 65, 61, 12]
42:12:[42, 80, 83, 98, 65, 61, 12]
42:13:[42, 80, 81, 90, 63, 61, 13]
42:13:[42, 80, 81, 91, 63, 61, 13]
42:13:[42, 80, 81, 92, 63, 61, 13]
42:13:[42, 80, 82, 93, 64, 61, 13]
42:13:[42, 80, 82, 94, 64, 61, 13]
42:13:[42, 80, 82, 95, 64, 61, 13]
42:13:[42, 80, 83, 96, 65, 61, 13]
42:13:[42, 80, 83, 97, 65, 61, 13]
42:13:[42, 80, 83, 98, 65, 61, 13]
42:14:[42, 80, 81, 90, 63, 61, 14]
42:14:[42, 80, 81, 91, 63, 61, 14]
42:14:[42, 80, 81, 92, 63, 61, 14]
42:14:[42, 80, 82, 93, 64, 61, 14]
42:14:[42, 80, 82, 94, 64, 61, 14]
42:14:[42, 80, 82, 95, 64, 61, 14]
42:14:[42, 80, 83, 96, 65, 61, 14]
42:14:[42, 80, 83, 97, 65, 61, 14]
42:14:[42, 80, 83, 98, 65, 61, 14]
42:15:[42, 80, 81, 90, 63, 62, 15]
42:15:[42, 80, 81, 91, 63, 62, 15]
42:15:[42, 80, 81, 92, 63, 62, 15]
42:15:[42, 80, 82, 93, 64, 62, 15]
42:15:[42, 80, 82, 94, 64, 62, 15]
42:15:[42, 80, 82, 95, 64, 62, 15]
42:15:[42, 80, 83, 96, 65, 62, 15]
42:15:[42, 80, 83, 97, 65, 62, 15]
42:15:[42, 80, 83, 98, 65, 62, 15]
42:16:[42, 80, 81, 90, 63, 62, 16]
42:16:[42, 80, 81, 91, 63, 62, 16]
42:16:[42, 80, 81, 92, 63, 62, 16]
42:16:[42, 80, 82, 93, 64, 62, 16]
42:16:[42, 80, 82, 94, 64, 62, 16]
42:16:[42, 80, 82, 95, 64, 62, 16]
42:16:[42, 80, 83, 96, 65, 62, 16]
42:16:[42, 80, 83, 97, 65, 62, 16]
42:16:[42, 80, 83, 98, 65, 62, 16]
42:17:[42, 80, 81, 90, 63, 62, 17]
42:17:[42, 80, 81, 91, 63, 62, 17]
42:17:[42, 80, 81, 92, 63, 62, 17]
42:17:[42, 80, 82, 93, 64, 62, 17]
42:17:[42, 80, 82, 94, 64, 62, 17]
42:17:[42, 80, 82, 95, 64, 62, 17]
42:17:[42, 80, 83, 96, 65, 62, 17]
42:17:[42, 80, 83, 97, 65, 62, 17]
42:17:[42, 80, 83, 98, 65, 62, 17]
42:18:[42, 80, 81, 90, 69, 66, 18]
42:18:[42, 80, 81, 91, 69, 66, 18]
42:18:[42, 80, 81, 92, 69, 66, 18]
42:18:[42, 80, 82, 93, 70, 66, 18]
42:18:[42, 80, 82, 94, 70, 66, 18]
42:18:[42, 80, 82, 95, 70, 66, 18]
42:18:[42, 80, 83, 96, 71, 66, 18]
42:18:[42, 80, 83, 97, 71, 66, 18]
42:18:[42, 80, 83, 98, 71, 66, 18]
42:19:[42, 80, 81, 90, 69, 66, 19]
42:19:[42, 80, 81, 91, 69, 66, 19]
42:19:[42, 80, 81, 92, 69, 66, 19]
42:19:[42, 80, 82, 93, 70, 66, 19]
42:19:[42, 80, 82, 94, 70, 66, 19]
42:19:[42, 80, 82, 95, 70, 66, 19]
42:19:[42, 80, 83, 96, 71, 66, 19]
42:19:[42, 80, 83, 97, 71, 66, 19]
42:19:[42, 80, 83, 98, 71, 66, 19]
42:20:[42, 80, 81, 90, 69, 66, 20]
42:20:[42, 80, 81, 91, 69, 66, 20]
42:20:[42, 80, 81, 92, 69, 66, 20]
42:20:[42, 80, 82, 93, 70, 66, 20]
42:20:[42, 80, 82, 94, 70, 66, 20]
42:20:[42, 80, 82, 95, 70, 66, 20]
42:20:[42, 80, 83, 96, 71, 66, 20]
42:20:[42, 80, 83, 97, 71, 66, 20]
42:20:[42, 80, 83, 98, 71, 66, 20]
42:21:[42, 80, 81, 90, 69, 67, 21]
42:21:[42, 80, 81, 91, 69, 67, 21]
42:21:[42, 80, 81, 92, 69, 67, 21]
42:21:[42, 80, 82, 93, 70, 67, 21]
42:21:[42, 80, 82, 94, 70, 67, 21]
42:21:[42, 80, 82, 95, 70, 67, 21]
42:21:[42, 80, 83, 96, 71, 67, 21]
42:21:[42, 80, 83, 97, 71, 67, 21]
42:21:[42, 80, 83, 98, 71, 67, 21]
42:22:[42, 80, 81, 90, 69, 67, 22]
42:22:[42, 80, 81, 91, 69, 67, 22]
42:22:[42, 80, 81, 92, 69, 67, 22]
42:22:[42, 80, 82, 93, 70, 67, 22]
42:22:[42, 80, 82, 94, 70, 67, 22]
42:22:[42, 80, 82, 95, 70, 67, 22]
42:22:[42, 80, 83, 96, 71, 67, 22]
42:22:[42, 80, 83, 97, 71, 67, 22]
42:22:[42, 80, 83, 98, 71, 67, 22]
42:23:[42, 80, 81, 90, 69, 67, 23]
42:23:[42, 80, 81, 91, 69, 67, 23]
42:23:[42, 80, 81, 92, 69, 67, 23]
42:23:[42, 80, 82, 93, 70, 67, 23]
42:23:[42, 80, 82, 94, 70, 67, 23]
42:23:[42, 80, 82, 95, 70, 67, 23]
42:23:[42, 80, 83, 96, 71, 67, 23]
42:23:[42, 80, 83, 97, 71, 67, 23]
42:23:[42, 80, 83, 98, 71, 67, 23]
42:24:[42, 80, 81, 90, 69, 68, 24]
42:24:[42, 80, 81, 91, 69, 68, 24]
42:24:[42, 80, 81, 92, 69, 68, 24]
42:24:[42, 80, 82, 93, 70, 68, 24]
42:24:[42, 80, 82, 94, 70, 68, 24]
42:24:[42, 80, 82, 95, 70, 68, 24]
42:24:[42, 80, 83, 96, 71, 68, 24]
42:24:[42, 80, 83, 97, 71, 68, 24]
42:24:[42, 80, 83, 98, 71, 68, 24]
42:25:[42, 80, 81, 90, 69, 68, 25]
42:25:[42, 80, 81, 91, 69, 68, 25]
42:25:[42, 80, 81, 92, 69, 68, 25]
42:25:[42, 80, 82, 93, 70, 68, 25]
42:25:[42, 80, 82, 94, 70, 68, 25]
42:25:[42, 80, 82, 95, 70, 68, 25]
42:25:[42, 80, 83, 96, 71, 68, 25]
42:25:[42, 80, 83, 97, 71, 68, 25]
42:25:[42, 80, 83, 98, 71, 68, 25]
42:26:[42, 80, 81, 90, 69, 68, 26]
42:26:[42, 80, 81, 91, 69, 68, 26]
42:26:[42, 80, 81, 92, 69, 68, 26]
42:26:[42, 80, 82, 93, 70, 68, 26]
42:26:[42, 80, 82, 94, 70, 68, 26]
42:26:[42, 80, 82, 95, 70, 68, 26]
42:26:[42, 80, 83, 96, 71, 68, 26]
42:26:[42, 80, 83, 97, 71, 68, 26]
42:26:[42, 80, 83, 98, 71, 68, 26]
42:27:[42, 80, 81, 90, 75, 72, 27]
42:27:[42, 80, 81, 91, 75, 72, 27]
42:27:[42, 80, 81, 92, 75, 72, 27]
42:27:[42, 80, 82, 93, 76, 72, 27]
42:27:[42, 80, 82, 94, 76, 72, 27]
42:27:[42, 80, 82, 95, 76, 72, 27]
42:27:[42, 80, 83, 96, 77, 72, 27]
42:27:[42, 80, 83, 97, 77, 72, 27]
42:27:[42, 80, 83, 98, 77, 72, 27]
42:28:[42, 80, 81, 90, 75, 72, 28]
42:28:[42, 80, 81, 91, 75, 72, 28]
42:28:[42, 80, 81, 92, 75, 72, 28]
42:28:[42, 80, 82, 93, 76, 72, 28]
42:28:[42, 80, 82, 94, 76, 72, 28]
42:28:[42, 80, 82, 95, 76, 72, 28]
42:28:[42, 80, 83, 96, 77, 72, 28]
42:28:[42, 80, 83, 97, 77, 72, 28]
42:28:[42, 80, 83, 98, 77, 72, 28]
42:29:[42, 80, 81, 90, 75, 72, 29]
42:29:[42, 80, 81, 91, 75, 72, 29]
42:29:[42, 80, 81, 92, 75, 72, 29]
42:29:[42, 80, 82, 93, 76, 72, 29]
42:29:[42, 80, 82, 94, 76, 72, 29]
42:29:[42, 80, 82, 95, 76, 72, 29]
42:29:[42, 80, 83, 96, 77, 72, 29]
42:29:[42, 80, 83, 97, 77, 72, 29]
42:29:[42, 80, 83, 98, 77, 72, 29]
42:30:[42, 80, 81, 90, 75, 73, 30]
42:30:[42, 80, 81, 91, 75, 73, 30]
42:30:[42, 80, 81, 92, 75, 73, 30]
42:30:[42, 80, 82, 93, 76, 73, 30]
42:30:[42, 80, 82, 94, 76, 73, 30]
42:30:[42, 80, 82, 95, 76, 73, 30]
42:30:[42, 80, 83, 96, 77, 73, 30]
42:30:[42, 80, 83, 97, 77, 73, 30]
42:30:[42, 80, 83, 98, 77, 73, 30]
42:31:[42, 80, 81, 90, 75, 73, 31]
42:31:[42, 80, 81, 91, 75, 73, 31]
42:31:[42, 80, 81, 92, 75, 73, 31]
42:31:[42, 80, 82, 93, 76, 73, 31]
42:31:[42, 80, 82, 94, 76, 73, 31]
42:31:[42, 80, 82, 95, 76, 73, 31]
42:31:[42, 80, 83, 96, 77, 73, 31]
42:31:[42, 80, 83, 97, 77, 73, 31]
42:31:[42, 80, 83, 98, 77, 73, 31]
42:32:[42, 80, 81, 90, 75, 73, 32]
42:32:[42, 80, 81, 91, 75, 73, 32]
42:32:[42, 80, 81, 92, 75, 73, 32]
42:32:[42, 80, 82, 93, 76, 73, 32]
42:32:[42, 80, 82, 94, 76, 73, 32]
42:32:[42, 80, 82, 95, 76, 73, 32]
42:32:[42, 80, 83, 96, 77, 73, 32]
42:32:[42, 80, 83, 97, 77, 73, 32]
42:32:[42, 80, 83, 98, 77, 73, 32]
42:33:[42, 80, 81, 90, 75, 74, 33]
42:33:[42, 80, 81, 91, 75, 74, 33]
42:33:[42, 80, 81, 92, 75, 74, 33]
42:33:[42, 80, 82, 93, 76, 74, 33]
42:33:[42, 80, 82, 94, 76, 74, 33]
42:33:[42, 80, 82, 95, 76, 74, 33]
42:33:[42, 80, 83, 96, 77, 74, 33]
42:33:[42, 80, 83, 97, 77, 74, 33]
42:33:[42, 80, 83, 98, 77, 74, 33]
42:34:[42, 80, 81, 90, 75, 74, 34]
42:34:[42, 80, 81, 91, 75, 74, 34]
42:34:[42, 80, 81, 92, 75, 74, 34]
42:34:[42, 80, 82, 93, 76, 74, 34]
42:34:[42, 80, 82, 94, 76, 74, 34]
42:34:[42, 80, 82, 95, 76, 74, 34]
42:34:[42, 80, 83, 96, 77, 74, 34]
42:34:[42, 80, 83, 97, 77, 74, 34]
42:34:[42, 80, 83, 98, 77, 74, 34]
42:35:[42, 80, 81, 90, 75, 74, 35]
42:35:[42, 80, 81, 91, 75, 74, 35]
42:35:[42, 80, 81, 92, 75, 74, 35]
42:35:[42, 80, 82, 93, 76, 74, 35]
42:35:[42, 80, 82, 94, 76, 74, 35]
42:35:[42, 80, 82, 95, 76, 74, 35]
42:35:[42, 80, 83, 96, 77, 74, 35]
42:35:[42, 80, 83, 97, 77, 74, 35]
42:35:[42, 80, 83, 98, 77, 74, 35]
42:36:[42, 80, 81, 78, 36]
42:36:[42, 80, 82, 78, 36]
42:36:[42, 80, 83, 78, 36]
42:37:[42, 80, 81, 78, 37]
42:37:[42, 80, 82, 78, 37]
42:37:[42, 80, 83, 78, 37]
42:38:[42, 80, 81, 78, 38]
42:38:[42, 80, 82, 78, 38]
42:38:[42, 80, 83, 78, 38]
42:39:[42, 80, 81, 79, 39]
42:39:[42, 80, 82, 79, 39]
42:39:[42, 80, 83, 79, 39]
42:40:[42, 80, 81, 79, 40]
42:40:[42, 80, 82, 79, 40]
42:40:[42, 80, 83, 79, 40]
42:41:[42, 80, 81, 79, 41]
42:41:[42, 80, 82, 79, 41]
42:41:[42, 80, 83, 79, 41]
42:43:[42, 80, 43]
42:44:[42, 80, 44]
42:45:[42, 80, 81, 90, 87, 84, 45]
42:45:[42, 80, 81, 91, 87, 84, 45]
42:45:[42, 80, 81, 92, 87, 84, 45]
42:45:[42, 80, 82, 93, 88, 84, 45]
42:45:[42, 80, 82, 94, 88, 84, 45]
42:45:[42, 80, 82, 95, 88, 84, 45]
42:45:[42, 80, 83, 96, 89, 84, 45]
42:45:[42, 80, 83, 97, 89, 84, 45]
42:45:[42, 80, 83, 98, 89, 84, 45]
42:46:[42, 80, 81, 90, 87, 84, 46]
42:46:[42, 80, 81, 91, 87, 84, 46]
42:46:[42, 80, 81, 92, 87, 84, 46]
42:46:[42, 80, 82, 93, 88, 84, 46]
42:46:[42, 80, 82, 94, 88, 84, 46]
42:46:[42, 80, 82, 95, 88, 84, 46]
42:46:[42, 80, 83, 96, 89, 84, 46]
42:46:[42, 80, 83, 97, 89, 84, 46]
42:46:[42, 80, 83, 98, 89, 84, 46]
42:47:[42, 80, 81, 90, 87, 84, 47]
42:47:[42, 80, 81, 91, 87, 84, 47]
42:47:[42, 80, 81, 92, 87, 84, 47]
42:47:[42, 80, 82, 93, 88, 84, 47]
42:47:[42, 80, 82, 94, 88, 84, 47]
42:47:[42, 80, 82, 95, 88, 84, 47]
42:47:[42, 80, 83, 96, 89, 84, 47]
42:47:[42, 80, 83, 97, 89, 84, 47]
42:47:[42, 80, 83, 98, 89, 84, 47]
42:48:[42, 80, 81, 90, 87, 85, 48]
42:48:[42, 80, 81, 91, 87, 85, 48]
42:48:[42, 80, 81, 92, 87, 85, 48]
42:48:[42, 80, 82, 93, 88, 85, 48]
42:48:[42, 80, 82, 94, 88, 85, 48]
42:48:[42, 80, 82, 95, 88, 85, 48]
42:48:[42, 80, 83, 96, 89, 85, 48]
42:48:[42, 80, 83, 97, 89, 85, 48]
42:48:[42, 80, 83, 98, 89, 85, 48]
42:49:[42, 80, 81, 90, 87, 85, 49]
42:49:[42, 80, 81, 91, 87, 85, 49]
42:49:[42, 80, 81, 92, 87, 85, 49]
42:49:[42, 80, 82, 93, 88, 85, 49]
42:49:[42, 80, 82, 94, 88, 85, 49]
42:49:[42, 80, 82, 95, 88, 85, 49]
42:49:[42, 80, 83, 96, 89, 85, 49]
42:49:[42, 80, 83, 97, 89, 85, 49]
42:49:[42, 80, 83, 98, 89, 85, 49]
42:50:[42, 80, 81, 90, 87, 85, 50]
42:50:[42, 80, 81, 91, 87, 85, 50]
42:50:[42, 80, 81, 92, 87, 85, 50]
42:50:[42, 80, 82, 93, 88, 85, 50]
42:50:[42, 80, 82, 94, 88, 85, 50]
42:50:[42, 80, 82, 95, 88, 85, 50]
42:50:[42, 80, 83, 96, 89, 85, 50]
42:50:[42, 80, 83, 97, 89, 85, 50]
42:50:[42, 80, 83, 98, 89, 85, 50]
42:51:[42, 80, 81, 90, 87, 86, 51]
42:51:[42, 80, 81, 91, 87, 86, 51]
42:51:[42, 80, 81, 92, 87, 86, 51]
42:51:[42, 80, 82, 93, 88, 86, 51]
42:51:[42, 80, 82, 94, 88, 86, 51]
42:51:[42, 80, 82, 95, 88, 86, 51]
42:51:[42, 80, 83, 96, 89, 86, 51]
42:51:[42, 80, 83, 97, 89, 86, 51]
42:51:[42, 80, 83, 98, 89, 86, 51]
42:52:[42, 80, 81, 90, 87, 86, 52]
42:52:[42, 80, 81, 91, 87, 86, 52]
42:52:[42, 80, 81, 92, 87, 86, 52]
42:52:[42, 80, 82, 93, 88, 86, 52]
42:52:[42, 80, 82, 94, 88, 86, 52]
42:52:[42, 80, 82, 95, 88, 86, 52]
42:52:[42, 80, 83, 96, 89, 86, 52]
42:52:[42, 80, 83, 97, 89, 86, 52]
42:52:[42, 80, 83, 98, 89, 86, 52]
42:53:[42, 80, 81, 90, 87, 86, 53]
42:53:[42, 80, 81, 91, 87, 86, 53]
42:53:[42, 80, 81, 92, 87, 86, 53]
42:53:[42, 80, 82, 93, 88, 86, 53]
42:53:[42, 80, 82, 94, 88, 86, 53]
42:53:[42, 80, 82, 95, 88, 86, 53]
42:53:[42, 80, 83, 96, 89, 86, 53]
42:53:[42, 80, 83, 97, 89, 86, 53]
42:53:[42, 80, 83, 98, 89, 86, 53]
43:0:[43, 80, 81, 90, 57, 54, 0]
43:0:[43, 80, 81, 91, 57, 54, 0]
43:0:[43, 80, 81, 92, 57, 54, 0]
43:0:[43, 80, 82, 93, 58, 54, 0]
43:0:[43, 80, 82, 94, 58, 54, 0]
43:0:[43, 80, 82, 95, 58, 54, 0]
43:0:[43, 80, 83, 96, 59, 54, 0]
43:0:[43, 80, 83, 97, 59, 54, 0]
43:0:[43, 80, 83, 98, 59, 54, 0]
43:1:[43, 80, 81, 90, 57, 54, 1]
43:1:[43, 80, 81, 91, 57, 54, 1]
43:1:[43, 80, 81, 92, 57, 54, 1]
43:1:[43, 80, 82, 93, 58, 54, 1]
43:1:[43, 80, 82, 94, 58, 54, 1]
43:1:[43, 80, 82, 95, 58, 54, 1]
43:1:[43, 80, 83, 96, 59, 54, 1]
43:1:[43, 80, 83, 97, 59, 54, 1]
43:1:[43, 80, 83, 98, 59, 54, 1]
43:2:[43, 80, 81, 90, 57, 54, 2]
43:2:[43, 80, 81, 91, 57, 54, 2]
43:2:[43, 80, 81, 92, 57, 54, 2]
43:2:[43, 80, 82, 93, 58, 54, 2]
43:2:[43, 80, 82, 94, 58, 54, 2]
43:2:[43, 80, 82, 95, 58, 54, 2]
43:2:[43, 80, 83, 96, 59, 54, 2]
43:2:[43, 80, 83, 97, 59, 54, 2]
43:2:[43, 80, 83, 98, 59, 54, 2]
43:3:[43, 80, 81, 90, 57, 55, 3]
43:3:[43, 80, 81, 91, 57, 55, 3]
43:3:[43, 80, 81, 92, 57, 55, 3]
43:3:[43, 80, 82, 93, 58, 55, 3]
43:3:[43, 80, 82, 94, 58, 55, 3]
43:3:[43, 80, 82, 95, 58, 55, 3]
43:3:[43, 80, 83, 96, 59, 55, 3]
43:3:[43, 80, 83, 97, 59, 55, 3]
43:3:[43, 80, 83, 98, 59, 55, 3]
43:4:[43, 80, 81, 90, 57, 55, 4]
43:4:[43, 80, 81, 91, 57, 55, 4]
43:4:[43, 80, 81, 92, 57, 55, 4]
43:4:[43, 80, 82, 93, 58, 55, 4]
43:4:[43, 80, 82, 94, 58, 55, 4]
43:4:[43, 80, 82, 95, 58, 55, 4]
43:4:[43, 80, 83, 96, 59, 55, 4]
43:4:[43, 80, 83, 97, 59, 55, 4]
43:4:[43, 80, 83, 98, 59, 55, 4]
43:5:[43, 80, 81, 90, 57, 55, 5]
43:5:[43, 80, 81, 91, 57, 55, 5]
43:5:[43, 80, 81, 92, 57, 55, 5]
43:5:[43, 80, 82, 93, 58, 55, 5]
43:5:[43, 80, 82, 94, 58, 55, 5]
43:5:[43, 80, 82, 95, 58, 55, 5]
43:5:[43, 80, 83, 96, 59, 55, 5]
43:5:[43, 80, 83, 97, 59, 55, 5]
43:5:[43, 80, 83, 98, 59, 55, 5]
43:6:[43, 80, 81, 90, 57, 56, 6]
43:6:[43, 80, 81, 91, 57, 56, 6]
43:6:[43, 80, 81, 92, 57, 56, 6]
43:6:[43, 80, 82, 93, 58, 56, 6]
43:6:[43, 80, 82, 94, 58, 56, 6]
43:6:[43, 80, 82, 95, 58, 56, 6]
43:6:[43, 80, 83, 96, 59, 56, 6]
43:6:[43, 80, 83, 97, 59, 56, 6]
43:6:[43, 80, 83, 98, 59, 56, 6]
43:7:[43, 80, 81, 90, 57, 56, 7]
43:7:[43, 80, 81, 91, 57, 56, 7]
43:7:[43, 80, 81, 92, 57, 56, 7]
43:7:[43, 80, 82, 93, 58, 56, 7]
43:7:[43, 80, 82, 94, 58, 56, 7]
43:7:[43, 80, 82, 95, 58, 56, 7]
43:7:[43, 80, 83, 96, 59, 56, 7]
43:7:[43, 80, 83, 97, 59, 56, 7]
43:7:[43, 80, 83, 98, 59, 56, 7]
43:8:[43, 80, 81, 90, 57, 56, 8]
43:8:[43, 80, 81, 91, 57, 56, 8]
43:8:[43, 80, 81, 92, 57, 56, 8]
43:8:[43, 80, 82, 93, 58, 56, 8]
43:8:[43, 80, 82, 94, 58, 56, 8]
43:8:[43, 80, 82, 95, 58, 56, 8]
43:8:[43, 80, 83, 96, 59, 56, 8]
43:8:[43, 80, 83, 97, 59, 56, 8]
43:8:[43, 80, 83, 98, 59, 56, 8]
43:9:[43, 80, 81, 90, 63, 60, 9]
43:9:[43, 80, 81, 91, 63, 60, 9]
43:9:[43, 80, 81, 92, 63, 60, 9]
43:9:[43, 80, 82, 93, 64, 60, 9]
43:9:[43, 80, 82, 94, 64, 60, 9]
43:9:[43, 80, 82, 95, 64, 60, 9]
43:9:[43, 80, 83, 96, 65, 60, 9]
43:9:[43, 80, 83, 97, 65, 60, 9]
43:9:[43, 80, 83, 98, 65, 60, 9]
43:10:[43, 80, 81, 90, 63, 60, 10]
43:10:[43, 80, 81, 91, 63, 60, 10]
43:10:[43, 80, 81, 92, 63, 60, 10]
43:10:[43, 80, 82, 93, 64, 60, 10]
43:10:[43, 80, 82, 94, 64, 60, 10]
43:10:[43, 80, 82, 95, 64, 60, 10]
43:10:[43, 80, 83, 96, 65, 60, 10]
43:10:[43, 80, 83, 97, 65, 60, 10]
43:10:[43, 80, 83, 98, 65, 60, 10]
43:11:[43, 80, 81, 90, 63, 60, 11]
43:11:[43, 80, 81, 91, 63, 60, 11]
43:11:[43, 80, 81, 92, 63, 60, 11]
43:11:[43, 80, 82, 93, 64, 60, 11]
43:11:[43, 80, 82, 94, 64, 60, 11]
43:11:[43, 80, 82, 95, 64, 60, 11]
43:11:[43, 80, 83, 96, 65, 60, 11]
43:11:[43, 80, 83, 97, 65, 60, 11]
43:11:[43, 80, 83, 98, 65, 60, 11]
43:12:[43, 80, 81, 90, 63, 61, 12]
43:12:[43, 80, 81, 91, 63, 61, 12]
43:12:[43, 80, 81, 92, 63, 61, 12]
43:12:[43, 80, 82, 93, 64, 61, 12]
43:12:[43, 80, 82, 94, 64, 61, 12]
43:12:[43, 80, 82, 95, 64, 61, 12]
43:12:[43, 80, 83, 96, 65, 61, 12]
43:12:[43, 80, 83, 97, 65, 61, 12]
43:12:[43, 80, 83, 98, 65, 61, 12]
43:13:[43, 80, 81, 90, 63, 61, 13]
43:13:[43, 80, 81, 91, 63, 61, 13]
43:13:[43, 80, 81, 92, 63, 61, 13]
43:13:[43, 80, 82, 93, 64, 61, 13]
43:13:[43, 80, 82, 94, 64, 61, 13]
43:13:[43, 80, 82, 95, 64, 61, 13]
43:13:[43, 80, 83, 96, 65, 61, 13]
43:13:[43, 80, 83, 97, 65, 61, 13]
43:13:[43, 80, 83, 98, 65, 61, 13]
43:14:[43, 80, 81, 90, 63, 61, 14]
43:14:[43, 80, 81, 91, 63, 61, 14]
43:14:[43, 80, 81, 92, 63, 61, 14]
43:14:[43, 80, 82, 93, 64, 61, 14]
43:14:[43, 80, 82, 94, 64, 61, 14]
43:14:[43, 80, 82, 95, 64, 61, 14]
43:14:[43, 80, 83, 96, 65, 61, 14]
43:14:[43, 80, 83, 97, 65, 61, 14]
43:14:[43, 80, 83, 98, 65, 61, 14]
43:15:[43, 80, 81, 90, 63, 62, 15]
43:15:[43, 80, 81, 91, 63, 62, 15]
43:15:[43, 80, 81, 92, 63, 62, 15]
43:15:[43, 80, 82, 93, 64, 62, 15]
43:15:[43, 80, 82, 94, 64, 62, 15]
43:15:[43, 80, 82, 95, 64, 62, 15]
43:15:[43, 80, 83, 96, 65, 62, 15]
43:15:[43, 80, 83, 97, 65, 62, 15]
43:15:[43, 80, 83, 98, 65, 62, 15]
43:16:[43, 80, 81, 90, 63, 62, 16]
43:16:[43, 80, 81, 91, 63, 62, 16]
43:16:[43, 80, 81, 92, 63, 62, 16]
43:16:[43, 80, 82, 93, 64, 62, 16]
43:16:[43, 80, 82, 94, 64, 62, 16]
43:16:[43, 80, 82, 95, 64, 62, 16]
43:16:[43, 80, 83, 96, 65, 62, 16]
43:16:[43, 80, 83, 97, 65, 62, 16]
43:16:[43, 80, 83, 98, 65, 62, 16]
43:17:[43, 80, 81, 90, 63, 62, 17]
43:17:[43, 80, 81, 91, 63, 62, 17]
43:17:[43, 80, 81, 92, 63, 62, 17]
43:17:[43, 80, 82, 93, 64, 62, 17]
43:17:[43, 80, 82, 94, 64, 62, 17]
43:17:[43, 80, 82, 95, 64, 62, 17]
43:17:[43, 80, 83, 96, 65, 62, 17]
43:17:[43, 80, 83, 97, 65, 62, 17]
43:17:[43, 80, 83, 98, 65, 62, 17]
43:18:[43, 80, 81, 90, 69, 66, 18]
43:18:[43, 80, 81, 91, 69, 66, 18]
43:18:[43, 80, 81, 92, 69, 66, 18]
43:18:[43, 80, 82, 93, 70, 66, 18]
43:18:[43, 80, 82, 94, 70, 66, 18]
43:18:[43, 80, 82, 95, 70, 66, 18]
43:18:[43, 80, 83, 96, 71, 66, 18]
43:18:[43, 80, 83, 97, 71, 66, 18]
43:18:[43, 80, 83, 98, 71, 66, 18]
43:19:[43, 80, 81, 90, 69, 66, 19]
43:19:[43, 80, 81, 91, 69, 66, 19]
43:19:[43, 80, 81, 92, 69, 66, 19]
43:19:[43, 80, 82, 93, 70, 66, 19]
43:19:[43, 80, 82, 94, 70, 66, 19]
43:19:[43, 80, 82, 95, 70, 66, 19]
43:19:[43, 80, 83, 96, 71, 66, 19]
43:19:[43, 80, 83, 97, 71, 66, 19]
43:19:[43, 80, 83, 98, 71, 66, 19]
43:20:[43, 80, 81, 90, 69, 66, 20]
43:20:[43, 80, 81, 91, 69, 66, 20]
43:20:[43, 80, 81, 92, 69, 66, 20]
43:20:[43, 80, 82, 93, 70, 66, 20]
43:20:[43, 80, 82, 94, 70, 66, 20]
43:20:[43, 80, 82, 95, 70, 66, 20]
43:20:[43, 80, 83, 96, 71, 66, 20]
43:20:[43, 80, 83, 97, 71, 66, 20]
43:20:[43, 80, 83, 98, 71, 66, 20]
43:21:[43, 80, 81, 90, 69, 67, 21]
43:21:[43, 80, 81, 91, 69, 67, 21]
43:21:[43, 80, 81, 92, 69, 67, 21]
43:21:[43, 80, 82, 93, 70, 67, 21]
43:21:[43, 80, 82, 94, 70, 67, 21]
43:21:[43, 80, 82, 95, 70, 67, 21]
43:21:[43, 80, 83, 96, 71, 67, 21]
43:21:[43, 80, 83, 97, 71, 67, 21]
43:21:[43, 80, 83, 98, 71, 67, 21]
43:22:[43, 80, 81, 90, 69, 67, 22]
43:22:[43, 80, 81, 91, 69, 67, 22]
43:22:[43, 80, 81, 92, 69, 67, 22]
43:22:[43, 80, 82, 93, 70, 67, 22]
43:22:[43, 80, 82, 94, 70, 67, 22]
43:22:[43, 80, 82, 95, 70, 67, 22]
43:22:[43, 80, 83, 96, 71, 67, 22]
43:22:[43, 80, 83, 97, 71, 67, 22]
43:22:[43, 80, 83, 98, 71, 67, 22]
43:23:[43, 80, 81, 90, 69, 67, 23]
43:23:[43, 80, 81, 91, 69, 67, 23]
43:23:[43, 80, 81, 92, 69, 67, 23]
43:23:[43, 80, 82, 93, 70, 67, 23]
43:23:[43, 80, 82, 94, 70, 67, 23]
43:23:[43, 80, 82, 95, 70, 67, 23]
43:23:[43, 80, 83, 96, 71, 67, 23]
43:23:[43, 80, 83, 97, 71, 67, 23]
43:23:[43, 80, 83, 98, 71, 67, 23]
43:24:[43, 80, 81, 90, 69, 68, 24]
43:24:[43, 80, 81, 91, 69, 68, 24]
43:24:[43, 80, 81, 92, 69, 68, 24]
43:24:[43, 80, 82, 93, 70, 68, 24]
43:24:[43, 80, 82, 94, 70, 68, 24]
43:24:[43, 80, 82, 95, 70, 68, 24]
43:24:[43, 80, 83, 96, 71, 68, 24]
43:24:[43, 80, 83, 97, 71, 68, 24]
43:24:[43, 80, 83, 98, 71, 68, 24]
43:25:[43, 80, 81, 90, 69, 68, 25]
43:25:[43, 80, 81, 91, 69, 68, 25]
43:25:[43, 80, 81, 92, 69, 68, 25]
43:25:[43, 80, 82, 93, 70, 68, 25]
43:25:[43, 80, 82, 94, 70, 68, 25]
43:25:[43, 80, 82, 95, 70, 68, 25]
43:25:[43, 80, 83, 96, 71, 68, 25]
43:25:[43, 80, 83, 97, 71, 68, 25]
43:25:[43, 80, 83, 98, 71, 68, 25]
43:26:[43, 80, 81, 90, 69, 68, 26]
43:26:[43, 80, 81, 91, 69, 68, 26]
43:26:[43, 80, 81, 92, 69, 68, 26]
43:26:[43, 80, 82, 93, 70, 68, 26]
43:26:[43, 80, 82, 94, 70, 68, 26]
43:26:[43, 80, 82, 95, 70, 68, 26]
43:26:[43, 80, 83, 96, 71, 68, 26]
43:26:[43, 80, 83, 97, 71, 68, 26]
43:26:[43, 80, 83, 98, 71, 68, 26]
43:27:[43, 80, 81, 90, 75, 72, 27]
43:27:[43, 80, 81, 91, 75, 72, 27]
43:27:[43, 80, 81, 92, 75, 72, 27]
43:27:[43, 80, 82, 93, 76, 72, 27]
43:27:[43, 80, 82, 94, 76, 72, 27]
43:27:[43, 80, 82, 95, 76, 72, 27]
43:27:[43, 80, 83, 96, 77, 72, 27]
43:27:[43, 80, 83, 97, 77, 72, 27]
43:27:[43, 80, 83, 98, 77, 72, 27]
43:28:[43, 80, 81, 90, 75, 72, 28]
43:28:[43, 80, 81, 91, 75, 72, 28]
43:28:[43, 80, 81, 92, 75, 72, 28]
43:28:[43, 80, 82, 93, 76, 72, 28]
43:28:[43, 80, 82, 94, 76, 72, 28]
43:28:[43, 80, 82, 95, 76, 72, 28]
43:28:[43, 80, 83, 96, 77, 72, 28]
43:28:[43, 80, 83, 97, 77, 72, 28]
43:28:[43, 80, 83, 98, 77, 72, 28]
43:29:[43, 80, 81, 90, 75, 72, 29]
43:29:[43, 80, 81, 91, 75, 72, 29]
43:29:[43, 80, 81, 92, 75, 72, 29]
43:29:[43, 80, 82, 93, 76, 72, 29]
43:29:[43, 80, 82, 94, 76, 72, 29]
43:29:[43, 80, 82, 95, 76, 72, 29]
43:29:[43, 80, 83, 96, 77, 72, 29]
43:29:[43, 80, 83, 97, 77, 72, 29]
43:29:[43, 80, 83, 98, 77, 72, 29]
43:30:[43, 80, 81, 90, 75, 73, 30]
43:30:[43, 80, 81, 91, 75, 73, 30]
43:30:[43, 80, 81, 92, 75, 73, 30]
43:30:[43, 80, 82, 93, 76, 73, 30]
43:30:[43, 80, 82, 94, 76, 73, 30]
43:30:[43, 80, 82, 95, 76, 73, 30]
43:30:[43, 80, 83, 96, 77, 73, 30]
43:30:[43, 80, 83, 97, 77, 73, 30]
43:30:[43, 80, 83, 98, 77, 73, 30]
43:31:[43, 80, 81, 90, 75, 73, 31]
43:31:[43, 80, 81, 91, 75, 73, 31]
43:31:[43, 80, 81, 92, 75, 73, 31]
43:31:[43, 80, 82, 93, 76, 73, 31]
43:31:[43, 80, 82, 94, 76, 73, 31]
43:31:[43, 80, 82, 95, 76, 73, 31]
43:31:[43, 80, 83, 96, 77, 73, 31]
43:31:[43, 80, 83, 97, 77, 73, 31]
43:31:[43, 80, 83, 98, 77, 73, 31]
43:32:[43, 80, 81, 90, 75, 73, 32]
43:32:[43, 80, 81, 91, 75, 73, 32]
43:32:[43, 80, 81, 92, 75, 73, 32]
43:32:[43, 80, 82, 93, 76, 73, 32]
43:32:[43, 80, 82, 94, 76, 73, 32]
43:32:[43, 80, 82, 95, 76, 73, 32]
43:32:[43, 80, 83, 96, 77, 73, 32]
43:32:[43, 80, 83, 97, 77, 73, 32]
43:32:[43, 80, 83, 98, 77, 73, 32]
43:33:[43, 80, 81, 90, 75, 74, 33]
43:33:[43, 80, 81, 91, 75, 74, 33]
43:33:[43, 80, 81, 92, 75, 74, 33]
43:33:[43, 80, 82, 93, 76, 74, 33]
43:33:[43, 80, 82, 94, 76, 74, 33]
43:33:[43, 80, 82, 95, 76, 74, 33]
43:33:[43, 80, 83, 96, 77, 74, 33]
43:33:[43, 80, 83, 97, 77, 74, 33]
43:33:[43, 80, 83, 98, 77, 74, 33]
43:34:[43, 80, 81, 90, 75, 74, 34]
43:34:[43, 80, 81, 91, 75, 74, 34]
43:34:[43, 80, 81, 92, 75, 74, 34]
43:34:[43, 80, 82, 93, 76, 74, 34]
43:34:[43, 80, 82, 94, 76, 74, 34]
43:34:[43, 80, 82, 95, 76, 74, 34]
43:34:[43, 80, 83, 96, 77, 74, 34]
43:34:[43, 80, 83, 97, 77, 74, 34]
43:34:[43, 80, 83, 98, 77, 74, 34]
43:35:[43, 80, 81, 90, 75, 74, 35]
43:35:[43, 80, 81, 91, 75, 74, 35]
43:35:[43, 80, 81, 92, 75, 74, 35]
43:35:[43, 80, 82, 93, 76, 74, 35]
43:35:[43, 80, 82, 94, 76, 74, 35]
43:35:[43, 80, 82, 95, 76, 74, 35]
43:35:[43, 80, 83, 96, 77, 74, 35]
43:35:[43, 80, 83, 97, 77, 74, 35]
43:35:[43, 80, 83, 98, 77, 74, 35]
43:36:[43, 80, 81, 78, 36]
43:36:[43, 80, 82, 78, 36]
43:36:[43, 80, 83, 78, 36]
43:37:[43, 80, 81, 78, 37]
43:37:[43, 80, 82, 78, 37]
43:37:[43, 80, 83, 78, 37]
43:38:[43, 80, 81, 78, 38]
43:38:[43, 80, 82, 78, 38]
43:38:[43, 80, 83, 78, 38]
43:39:[43, 80, 81, 79, 39]
43:39:[43, 80, 82, 79, 39]
43:39:[43, 80, 83, 79, 39]
43:40:[43, 80, 81, 79, 40]
43:40:[43, 80, 82, 79, 40]
43:40:[43, 80, 83, 79, 40]
43:41:[43, 80, 81, 79, 41]
43:41:[43, 80, 82, 79, 41]
43:41:[43, 80, 83, 79, 41]
43:42:[43, 80, 42]
43:44:[43, 80, 44]
43:45:[43, 80, 81, 90, 87, 84, 45]
43:45:[43, 80, 81, 91, 87, 84, 45]
43:45:[43, 80, 81, 92, 87, 84, 45]
43:45:[43, 80, 82, 93, 88, 84, 45]
43:45:[43, 80, 82, 94, 88, 84, 45]
43:45:[43, 80, 82, 95, 88, 84, 45]
43:45:[43, 80, 83, 96, 89, 84, 45]
43:45:[43, 80, 83, 97, 89, 84, 45]
43:45:[43, 80, 83, 98, 89, 84, 45]
43:46:[43, 80, 81, 90, 87, 84, 46]
43:46:[43, 80, 81, 91, 87, 84, 46]
43:46:[43, 80, 81, 92, 87, 84, 46]
43:46:[43, 80, 82, 93, 88, 84, 46]
43:46:[43, 80, 82, 94, 88, 84, 46]
43:46:[43, 80, 82, 95, 88, 84, 46]
43:46:[43, 80, 83, 96, 89, 84, 46]
43:46:[43, 80, 83, 97, 89, 84, 46]
43:46:[43, 80, 83, 98, 89, 84, 46]
43:47:[43, 80, 81, 90, 87, 84, 47]
43:47:[43, 80, 81, 91, 87, 84, 47]
43:47:[43, 80, 81, 92, 87, 84, 47]
43:47:[43, 80, 82, 93, 88, 84, 47]
43:47:[43, 80, 82, 94, 88, 84, 47]
43:47:[43, 80, 82, 95, 88, 84, 47]
43:47:[43, 80, 83, 96, 89, 84, 47]
43:47:[43, 80, 83, 97, 89, 84, 47]
43:47:[43, 80, 83, 98, 89, 84, 47]
43:48:[43, 80, 81, 90, 87, 85, 48]
43:48:[43, 80, 81, 91, 87, 85, 48]
43:48:[43, 80, 81, 92, 87, 85, 48]
43:48:[43, 80, 82, 93, 88, 85, 48]
43:48:[43, 80, 82, 94, 88, 85, 48]
43:48:[43, 80, 82, 95, 88, 85, 48]
43:48:[43, 80, 83, 96, 89, 85, 48]
43:48:[43, 80, 83, 97, 89, 85, 48]
43:48:[43, 80, 83, 98, 89, 85, 48]
43:49:[43, 80, 81, 90, 87, 85, 49]
43:49:[43, 80, 81, 91, 87, 85, 49]
43:49:[43, 80, 81, 92, 87, 85, 49]
43:49:[43, 80, 82, 93, 88, 85, 49]
43:49:[43, 80, 82, 94, 88, 85, 49]
43:49:[43, 80, 82, 95, 88, 85, 49]
43:49:[43, 80, 83, 96, 89, 85, 49]
43:49:[43, 80, 83, 97, 89, 85, 49]
43:49:[43, 80, 83, 98, 89, 85, 49]
43:50:[43, 80, 81, 90, 87, 85, 50]
43:50:[43, 80, 81, 91, 87, 85, 50]
43:50:[43, 80, 81, 92, 87, 85, 50]
43:50:[43, 80, 82, 93, 88, 85, 50]
43:50:[43, 80, 82, 94, 88, 85, 50]
43:50:[43, 80, 82, 95, 88, 85, 50]
43:50:[43, 80, 83, 96, 89, 85, 50]
43:50:[43, 80, 83, 97, 89, 85, 50]
43:50:[43, 80, 83, 98, 89, 85, 50]
43:51:[43, 80, 81, 90, 87, 86, 51]
43:51:[43, 80, 81, 91, 87, 86, 51]
43:51:[43, 80, 81, 92, 87, 86, 51]
43:51:[43, 80, 82, 93, 88, 86, 51]
43:51:[43, 80, 82, 94, 88, 86, 51]
43:51:[43, 80, 82, 95, 88, 86, 51]
43:51:[43, 80, 83, 96, 89, 86, 51]
43:51:[43, 80, 83, 97, 89, 86, 51]
43:51:[43, 80, 83, 98, 89, 86, 51]
43:52:[43, 80, 81, 90, 87, 86, 52]
43:52:[43, 80, 81, 91, 87, 86, 52]
43:52:[43, 80, 81, 92, 87, 86, 52]
43:52:[43, 80, 82, 93, 88, 86, 52]
43:52:[43, 80, 82, 94, 88, 86, 52]
43:52:[43, 80, 82, 95, 88, 86, 52]
43:52:[43, 80, 83, 96, 89, 86, 52]
43:52:[43, 80, 83, 97, 89, 86, 52]
43:52:[43, 80, 83, 98, 89, 86, 52]
43:53:[43, 80, 81, 90, 87, 86, 53]
43:53:[43, 80, 81, 91, 87, 86, 53]
43:53:[43, 80, 81, 92, 87, 86, 53]
43:53:[43, 80, 82, 93, 88, 86, 53]
43:53:[43, 80, 82, 94, 88, 86, 53]
43:53:[43, 80, 82, 95, 88, 86, 53]
43:53:[43, 80, 83, 96, 89, 86, 53]
43:53:[43, 80, 83, 97, 89, 86, 53]
43:53:[43, 80, 83, 98, 89, 86, 53]
44:0:[44, 80, 81, 90, 57, 54, 0]
44:0:[44, 80, 81, 91, 57, 54, 0]
44:0:[44, 80, 81, 92, 57, 54, 0]
44:0:[44, 80, 82, 93, 58, 54, 0]
44:0:[44, 80, 82, 94, 58, 54, 0]
44:0:[44, 80, 82, 95, 58, 54, 0]
44:0:[44, 80, 83, 96, 59, 54, 0]
44:0:[44, 80, 83, 97, 59, 54, 0]
44:0:[44, 80, 83, 98, 59, 54, 0]
44:1:[44, 80, 81, 90, 57, 54, 1]
44:1:[44, 80, 81, 91, 57, 54, 1]
44:1:[44, 80, 81, 92, 57, 54, 1]
44:1:[44, 80, 82, 93, 58, 54, 1]
44:1:[44, 80, 82, 94, 58, 54, 1]
44:1:[44, 80, 82, 95, 58, 54, 1]
44:1:[44, 80, 83, 96, 59, 54, 1]
44:1:[44, 80, 83, 97, 59, 54, 1]
44:1:[44, 80, 83, 98, 59, 54, 1]
44:2:[44, 80, 81, 90, 57, 54, 2]
44:2:[44, 80, 81, 91, 57, 54, 2]
44:2:[44, 80, 81, 92, 57, 54, 2]
44:2:[44, 80, 82, 93, 58, 54, 2]
44:2:[44, 80, 82, 94, 58, 54, 2]
44:2:[44, 80, 82, 95, 58, 54, 2]
44:2:[44, 80, 83, 96, 59, 54, 2]
44:2:[44, 80, 83, 97, 59, 54, 2]
44:2:[44, 80, 83, 98, 59, 54, 2]
44:3:[44, 80, 81, 90, 57, 55, 3]
44:3:[44, 80, 81, 91, 57, 55, 3]
44:3:[44, 80, 81, 92, 57, 55, 3]
44:3:[44, 80, 82, 93, 58, 55, 3]
44:3:[44, 80, 82, 94, 58, 55, 3]
44:3:[44, 80, 82, 95, 58, 55, 3]
44:3:[44, 80, 83, 96, 59, 55, 3]
44:3:[44, 80, 83, 97, 59, 55, 3]
44:3:[44, 80, 83, 98, 59, 55, 3]
44:4:[44, 80, 81, 90, 57, 55, 4]
44:4:[44, 80, 81, 91, 57, 55, 4]
44:4:[44, 80, 81, 92, 57, 55, 4]
44:4:[44, 80, 82, 93, 58, 55, 4]
44:4:[44, 80, 82, 94, 58, 55, 4]
44:4:[44, 80, 82, 95, 58, 55, 4]
44:4:[44, 80, 83, 96, 59, 55, 4]
44:4:[44, 80, 83, 97, 59, 55, 4]
44:4:[44, 80, 83, 98, 59, 55, 4]
44:5:[44, 80, 81, 90, 57, 55, 5]
44:5:[44, 80, 81, 91, 57, 55, 5]
44:5:[44, 80, 81, 92, 57, 55, 5]
44:5:[44, 80, 82, 93, 58, 55, 5]
44:5:[44, 80, 82, 94, 58, 55, 5]
44:5:[44, 80, 82, 95, 58, 55, 5]
44:5:[44, 80, 83, 96, 59, 55, 5]
44:5:[44, 80, 83, 97, 59, 55, 5]
44:5:[44, 80, 83, 98, 59, 55, 5]
44:6:[44, 80, 81, 90, 57, 56, 6]
44:6:[44, 80, 81, 91, 57, 56, 6]
44:6:[44, 80, 81, 92, 57, 56, 6]
44:6:[44, 80, 82, 93, 58, 56, 6]
44:6:[44, 80, 82, 94, 58, 56, 6]
44:6:[44, 80, 82, 95, 58, 56, 6]
44:6:[44, 80, 83, 96, 59, 56, 6]
44:6:[44, 80, 83, 97, 59, 56, 6]
44:6:[44, 80, 83, 98, 59, 56, 6]
44:7:[44, 80, 81, 90, 57, 56, 7]
44:7:[44, 80, 81, 91, 57, 56, 7]
44:7:[44, 80, 81, 92, 57, 56, 7]
44:7:[44, 80, 82, 93, 58, 56, 7]
44:7:[44, 80, 82, 94, 58, 56, 7]
44:7:[44, 80, 82, 95, 58, 56, 7]
44:7:[44, 80, 83, 96, 59, 56, 7]
44:7:[44, 80, 83, 97, 59, 56, 7]
44:7:[44, 80, 83, 98, 59, 56, 7]
44:8:[44, 80, 81, 90, 57, 56, 8]
44:8:[44, 80, 81, 91, 57, 56, 8]
44:8:[44, 80, 81, 92, 57, 56, 8]
44:8:[44, 80, 82, 93, 58, 56, 8]
44:8:[44, 80, 82, 94, 58, 56, 8]
44:8:[44, 80, 82, 95, 58, 56, 8]
44:8:[44, 80, 83, 96, 59, 56, 8]
44:8:[44, 80, 83, 97, 59, 56, 8]
44:8:[44, 80, 83, 98, 59, 56, 8]
44:9:[44, 80, 81, 90, 63, 60, 9]
44:9:[44, 80, 81, 91, 63, 60, 9]
44:9:[44, 80, 81, 92, 63, 60, 9]
44:9:[44, 80, 82, 93, 64, 60, 9]
44:9:[44, 80, 82, 94, 64, 60, 9]
44:9:[44, 80, 82, 95, 64, 60, 9]
44:9:[44, 80, 83, 96, 65, 60, 9]
44:9:[44, 80, 83, 97, 65, 60, 9]
44:9:[44, 80, 83, 98, 65, 60, 9]
44:10:[44, 80, 81, 90, 63, 60, 10]
44:10:[44, 80, 81, 91, 63, 60, 10]
44:10:[44, 80, 81, 92, 63, 60, 10]
44:10:[44, 80, 82, 93, 64, 60, 10]
44:10:[44, 80, 82, 94, 64, 60, 10]
44:10:[44, 80, 82, 95, 64, 60, 10]
44:10:[44, 80, 83, 96, 65, 60, 10]
44:10:[44, 80, 83, 97, 65, 60, 10]
44:10:[44, 80, 83, 98, 65, 60, 10]
44:11:[44, 80, 81, 90, 63, 60, 11]
44:11:[44, 80, 81, 91, 63, 60, 11]
44:11:[44, 80, 81, 92, 63, 60, 11]
44:11:[44, 80, 82, 93, 64, 60, 11]
44:11:[44, 80, 82, 94, 64, 60, 11]
44:11:[44, 80, 82, 95, 64, 60, 11]
44:11:[44, 80, 83, 96, 65, 60, 11]
44:11:[44, 80, 83, 97, 65, 60, 11]
44:11:[44, 80, 83, 98, 65, 60, 11]
44:12:[44, 80, 81, 90, 63, 61, 12]
44:12:[44, 80, 81, 91, 63, 61, 12]
44:12:[44, 80, 81, 92, 63, 61, 12]
44:12:[44, 80, 82, 93, 64, 61, 12]
44:12:[44, 80, 82, 94, 64, 61, 12]
44:12:[44, 80, 82, 95, 64, 61, 12]
44:12:[44, 80, 83, 96, 65, 61, 12]
44:12:[44, 80, 83, 97, 65, 61, 12]
44:12:[44, 80, 83, 98, 65, 61, 12]
44:13:[44, 80, 81, 90, 63, 61, 13]
44:13:[44, 80, 81, 91, 63, 61, 13]
44:13:[44, 80, 81, 92, 63, 61, 13]
44:13:[44, 80, 82, 93, 64, 61, 13]
44:13:[44, 80, 82, 94, 64, 61, 13]
44:13:[44, 80, 82, 95, 64, 61, 13]
44:13:[44, 80, 83, 96, 65, 61, 13]
44:13:[44, 80, 83, 97, 65, 61, 13]
44:13:[44, 80, 83, 98, 65, 61, 13]
44:14:[44, 80, 81, 90, 63, 61, 14]
44:14:[44, 80, 81, 91, 63, 61, 14]
44:14:[44, 80, 81, 92, 63, 61, 14]
44:14:[44, 80, 82, 93, 64, 61, 14]
44:14:[44, 80, 82, 94, 64, 61, 14]
44:14:[44, 80, 82, 95, 64, 61, 14]
44:14:[44, 80, 83, 96, 65, 61, 14]
44:14:[44, 80, 83, 97, 65, 61, 14]
44:14:[44, 80, 83, 98, 65, 61, 14]
44:15:[44, 80, 81, 90, 63, 62, 15]
44:15:[44, 80, 81, 91, 63, 62, 15]
44:15:[44, 80, 81, 92, 63, 62, 15]
44:15:[44, 80, 82, 93, 64, 62, 15]
44:15:[44, 80, 82, 94, 64, 62, 15]
44:15:[44, 80, 82, 95, 64, 62, 15]
44:15:[44, 80, 83, 96, 65, 62, 15]
44:15:[44, 80, 83, 97, 65, 62, 15]
44:15:[44, 80, 83, 98, 65, 62, 15]
44:16:[44, 80, 81, 90, 63, 62, 16]
44:16:[44, 80, 81, 91, 63, 62, 16]
44:16:[44, 80, 81, 92, 63, 62, 16]
44:16:[44, 80, 82, 93, 64, 62, 16]
44:16:[44, 80, 82, 94, 64, 62, 16]
44:16:[44, 80, 82, 95, 64, 62, 16]
44:16:[44, 80, 83, 96, 65, 62, 16]
44:16:[44, 80, 83, 97, 65, 62, 16]
44:16:[44, 80, 83, 98, 65, 62, 16]
44:17:[44, 80, 81, 90, 63, 62, 17]
44:17:[44, 80, 81, 91, 63, 62, 17]
44:17:[44, 80, 81, 92, 63, 62, 17]
44:17:[44, 80, 82, 93, 64, 62, 17]
44:17:[44, 80, 82, 94, 64, 62, 17]
44:17:[44, 80, 82, 95, 64, 62, 17]
44:17:[44, 80, 83, 96, 65, 62, 17]
44:17:[44, 80, 83, 97, 65, 62, 17]
44:17:[44, 80, 83, 98, 65, 62, 17]
44:18:[44, 80, 81, 90, 69, 66, 18]
44:18:[44, 80, 81, 91, 69, 66, 18]
44:18:[44, 80, 81, 92, 69, 66, 18]
44:18:[44, 80, 82, 93, 70, 66, 18]
44:18:[44, 80, 82, 94, 70, 66, 18]
44:18:[44, 80, 82, 95, 70, 66, 18]
44:18:[44, 80, 83, 96, 71, 66, 18]
44:18:[44, 80, 83, 97, 71, 66, 18]
44:18:[44, 80, 83, 98, 71, 66, 18]
44:19:[44, 80, 81, 90, 69, 66, 19]
44:19:[44, 80, 81, 91, 69, 66, 19]
44:19:[44, 80, 81, 92, 69, 66, 19]
44:19:[44, 80, 82, 93, 70, 66, 19]
44:19:[44, 80, 82, 94, 70, 66, 19]
44:19:[44, 80, 82, 95, 70, 66, 19]
44:19:[44, 80, 83, 96, 71, 66, 19]
44:19:[44, 80, 83, 97, 71, 66, 19]
44:19:[44, 80, 83, 98, 71, 66, 19]
44:20:[44, 80, 81, 90, 69, 66, 20]
44:20:[44, 80, 81, 91, 69, 66, 20]
44:20:[44, 80, 81, 92, 69, 66, 20]
44:20:[44, 80, 82, 93, 70, 66, 20]
44:20:[44, 80, 82, 94, 70, 66, 20]
44:20:[44, 80, 82, 95, 70, 66, 20]
44:20:[44, 80, 83, 96, 71, 66, 20]
44:20:[44, 80, 83, 97, 71, 66, 20]
44:20:[44, 80, 83, 98, 71, 66, 20]
44:21:[44, 80, 81, 90, 69, 67, 21]
44:21:[44, 80, 81, 91, 69, 67, 21]
44:21:[44, 80, 81, 92, 69, 67, 21]
44:21:[44, 80, 82, 93, 70, 67, 21]
44:21:[44, 80, 82, 94, 70, 67, 21]
44:21:[44, 80, 82, 95, 70, 67, 21]
44:21:[44, 80, 83, 96, 71, 67, 21]
44:21:[44, 80, 83, 97, 71, 67, 21]
44:21:[44, 80, 83, 98, 71, 67, 21]
44:22:[44, 80, 81, 90, 69, 67, 22]
44:22:[44, 80, 81, 91, 69, 67, 22]
44:22:[44, 80, 81, 92, 69, 67, 22]
44:22:[44, 80, 82, 93, 70, 67, 22]
44:22:[44, 80, 82, 94, 70, 67, 22]
44:22:[44, 80, 82, 95, 70, 67, 22]
44:22:[44, 80, 83, 96, 71, 67, 22]
44:22:[44, 80, 83, 97, 71, 67, 22]
44:22:[44, 80, 83, 98, 71, 67, 22]
44:23:[44, 80, 81, 90, 69, 67, 23]
44:23:[44, 80, 81, 91, 69, 67, 23]
44:23:[44, 80, 81, 92, 69, 67, 23]
44:23:[44, 80, 82, 93, 70, 67, 23]
44:23:[44, 80, 82, 94, 70, 67, 23]
44:23:[44, 80, 82, 95, 70, 67, 23]
44:23:[44, 80, 83, 96, 71, 67, 23]
44:23:[44, 80, 83, 97, 71, 67, 23]
44:23:[44, 80, 83, 98, 71, 67, 23]
44:24:[44, 80, 81, 90, 69, 68, 24]
44:24:[44, 80, 81, 91, 69, 68, 24]
44:24:[44, 80, 81, 92, 69, 68, 24]
44:24:[44, 80, 82, 93, 70, 68, 24]
44:24:[44, 80, 82, 94, 70, 68, 24]
44:24:[44, 80, 82, 95, 70, 68, 24]
44:24:[44, 80, 83, 96, 71, 68, 24]
44:24:[44, 80, 83, 97, 71, 68, 24]
44:24:[44, 80, 83, 98, 71, 68, 24]
44:25:[44, 80, 81, 90, 69, 68, 25]
44:25:[44, 80, 81, 91, 69, 68, 25]
44:25:[44, 80, 81, 92, 69, 68, 25]
44:25:[44, 80, 82, 93, 70, 68, 25]
44:25:[44, 80, 82, 94, 70, 68, 25]
44:25:[44, 80, 82, 95, 70, 68, 25]
44:25:[44, 80, 83, 96, 71, 68, 25]
44:25:[44, 80, 83, 97, 71, 68, 25]
44:25:[44, 80, 83, 98, 71, 68, 25]
44:26:[44, 80, 81, 90, 69, 68, 26]
44:26:[44, 80, 81, 91, 69, 68, 26]
44:26:[44, 80, 81, 92, 69, 68, 26]
44:26:[44, 80, 82, 93, 70, 68, 26]
44:26:[44, 80, 82, 94, 70, 68, 26]
44:26:[44, 80, 82, 95, 70, 68, 26]
44:26:[44, 80, 83, 96, 71, 68, 26]
44:26:[44, 80, 83, 97, 71, 68, 26]
44:26:[44, 80, 83, 98, 71, 68, 26]
44:27:[44, 80, 81, 90, 75, 72, 27]
44:27:[44, 80, 81, 91, 75, 72, 27]
44:27:[44, 80, 81, 92, 75, 72, 27]
44:27:[44, 80, 82, 93, 76, 72, 27]
44:27:[44, 80, 82, 94, 76, 72, 27]
44:27:[44, 80, 82, 95, 76, 72, 27]
44:27:[44, 80, 83, 96, 77, 72, 27]
44:27:[44, 80, 83, 97, 77, 72, 27]
44:27:[44, 80, 83, 98, 77, 72, 27]
44:28:[44, 80, 81, 90, 75, 72, 28]
44:28:[44, 80, 81, 91, 75, 72, 28]
44:28:[44, 80, 81, 92, 75, 72, 28]
44:28:[44, 80, 82, 93, 76, 72, 28]
44:28:[44, 80, 82, 94, 76, 72, 28]
44:28:[44, 80, 82, 95, 76, 72, 28]
44:28:[44, 80, 83, 96, 77, 72, 28]
44:28:[44, 80, 83, 97, 77, 72, 28]
44:28:[44, 80, 83, 98, 77, 72, 28]
44:29:[44, 80, 81, 90, 75, 72, 29]
44:29:[44, 80, 81, 91, 75, 72, 29]
44:29:[44, 80, 81, 92, 75, 72, 29]
44:29:[44, 80, 82, 93, 76, 72, 29]
44:29:[44, 80, 82, 94, 76, 72, 29]
44:29:[44, 80, 82, 95, 76, 72, 29]
44:29:[44, 80, 83, 96, 77, 72, 29]
44:29:[44, 80, 83, 97, 77, 72, 29]
44:29:[44, 80, 83, 98, 77, 72, 29]
44:30:[44, 80, 81, 90, 75, 73, 30]
44:30:[44, 80, 81, 91, 75, 73, 30]
44:30:[44, 80, 81, 92, 75, 73, 30]
44:30:[44, 80, 82, 93, 76, 73, 30]
44:30:[44, 80, 82, 94, 76, 73, 30]
44:30:[44, 80, 82, 95, 76, 73, 30]
44:30:[44, 80, 83, 96, 77, 73, 30]
44:30:[44, 80, 83, 97, 77, 73, 30]
44:30:[44, 80, 83, 98, 77, 73, 30]
44:31:[44, 80, 81, 90, 75, 73, 31]
44:31:[44, 80, 81, 91, 75, 73, 31]
44:31:[44, 80, 81, 92, 75, 73, 31]
44:31:[44, 80, 82, 93, 76, 73, 31]
44:31:[44, 80, 82, 94, 76, 73, 31]
44:31:[44, 80, 82, 95, 76, 73, 31]
44:31:[44, 80, 83, 96, 77, 73, 31]
44:31:[44, 80, 83, 97, 77, 73, 31]
44:31:[44, 80, 83, 98, 77, 73, 31]
44:32:[44, 80, 81, 90, 75, 73, 32]
44:32:[44, 80, 81, 91, 75, 73, 32]
44:32:[44, 80, 81, 92, 75, 73, 32]
44:32:[44, 80, 82, 93, 76, 73, 32]
44:32:[44, 80, 82, 94, 76, 73, 32]
44:32:[44, 80, 82, 95, 76, 73, 32]
44:32:[44, 80, 83, 96, 77, 73, 32]
44:32:[44, 80, 83, 97, 77, 73, 32]
44:32:[44, 80, 83, 98, 77, 73, 32]
44:33:[44, 80, 81, 90, 75, 74, 33]
44:33:[44, 80, 81, 91, 75, 74, 33]
44:33:[44, 80, 81, 92, 75, 74, 33]
44:33:[44, 80, 82, 93, 76, 74, 33]
44:33:[44, 80, 82, 94, 76, 74, 33]
44:33:[44, 80, 82, 95, 76, 74, 33]
44:33:[44, 80, 83, 96, 77, 74, 33]
44:33:[44, 80, 83, 97, 77, 74, 33]
44:33:[44, 80, 83, 98, 77, 74, 33]
44:34:[44, 80, 81, 90, 75, 74, 34]
44:34:[44, 80, 81, 91, 75, 74, 34]
44:34:[44, 80, 81, 92, 75, 74, 34]
44:34:[44, 80, 82, 93, 76, 74, 34]
44:34:[44, 80, 82, 94, 76, 74, 34]
44:34:[44, 80, 82, 95, 76, 74, 34]
44:34:[44, 80, 83, 96, 77, 74, 34]
44:34:[44, 80, 83, 97, 77, 74, 34]
44:34:[44, 80, 83, 98, 77, 74, 34]
44:35:[44, 80, 81, 90, 75, 74, 35]
44:35:[44, 80, 81, 91, 75, 74, 35]
44:35:[44, 80, 81, 92, 75, 74, 35]
44:35:[44, 80, 82, 93, 76, 74, 35]
44:35:[44, 80, 82, 94, 76, 74, 35]
44:35:[44, 80, 82, 95, 76, 74, 35]
44:35:[44, 80, 83, 96, 77, 74, 35]
44:35:[44, 80, 83, 97, 77, 74, 35]
44:35:[44, 80, 83, 98, 77, 74, 35]
44:36:[44, 80, 81, 78, 36]
44:36:[44, 80, 82, 78, 36]
44:36:[44, 80, 83, 78, 36]
44:37:[44, 80, 81, 78, 37]
44:37:[44, 80, 82, 78, 37]
44:37:[44, 80, 83, 78, 37]
44:38:[44, 80, 81, 78, 38]
44:38:[44, 80, 82, 78, 38]
44:38:[44, 80, 83, 78, 38]
44:39:[44, 80, 81, 79, 39]
44:39:[44, 80, 82, 79, 39]
44:39:[44, 80, 83, 79, 39]
44:40:[44, 80, 81, 79, 40]
44:40:[44, 80, 82, 79, 40]
44:40:[44, 80, 83, 79, 40]
44:41:[44, 80, 81, 79, 41]
44:41:[44, 80, 82, 79, 41]
44:41:[44, 80, 83, 79, 41]
44:42:[44, 80, 42]
44:43:[44, 80, 43]
44:45:[44, 80, 81, 90, 87, 84, 45]
44:45:[44, 80, 81, 91, 87, 84, 45]
44:45:[44, 80, 81, 92, 87, 84, 45]
44:45:[44, 80, 82, 93, 88, 84, 45]
44:45:[44, 80, 82, 94, 88, 84, 45]
44:45:[44, 80, 82, 95, 88, 84, 45]
44:45:[44, 80, 83, 96, 89, 84, 45]
44:45:[44, 80, 83, 97, 89, 84, 45]
44:45:[44, 80, 83, 98, 89, 84, 45]
44:46:[44, 80, 81, 90, 87, 84, 46]
44:46:[44, 80, 81, 91, 87, 84, 46]
44:46:[44, 80, 81, 92, 87, 84, 46]
44:46:[44, 80, 82, 93, 88, 84, 46]
44:46:[44, 80, 82, 94, 88, 84, 46]
44:46:[44, 80, 82, 95, 88, 84, 46]
44:46:[44, 80, 83, 96, 89, 84, 46]
44:46:[44, 80, 83, 97, 89, 84, 46]
44:46:[44, 80, 83, 98, 89, 84, 46]
44:47:[44, 80, 81, 90, 87, 84, 47]
44:47:[44, 80, 81, 91, 87, 84, 47]
44:47:[44, 80, 81, 92, 87, 84, 47]
44:47:[44, 80, 82, 93, 88, 84, 47]
44:47:[44, 80, 82, 94, 88, 84, 47]
44:47:[44, 80, 82, 95, 88, 84, 47]
44:47:[44, 80, 83, 96, 89, 84, 47]
44:47:[44, 80, 83, 97, 89, 84, 47]
44:47:[44, 80, 83, 98, 89, 84, 47]
44:48:[44, 80, 81, 90, 87, 85, 48]
44:48:[44, 80, 81, 91, 87, 85, 48]
44:48:[44, 80, 81, 92, 87, 85, 48]
44:48:[44, 80, 82, 93, 88, 85, 48]
44:48:[44, 80, 82, 94, 88, 85, 48]
44:48:[44, 80, 82, 95, 88, 85, 48]
44:48:[44, 80, 83, 96, 89, 85, 48]
44:48:[44, 80, 83, 97, 89, 85, 48]
44:48:[44, 80, 83, 98, 89, 85, 48]
44:49:[44, 80, 81, 90, 87, 85, 49]
44:49:[44, 80, 81, 91, 87, 85, 49]
44:49:[44, 80, 81, 92, 87, 85, 49]
44:49:[44, 80, 82, 93, 88, 85, 49]
44:49:[44, 80, 82, 94, 88, 85, 49]
44:49:[44, 80, 82, 95, 88, 85, 49]
44:49:[44, 80, 83, 96, 89, 85, 49]
44:49:[44, 80, 83, 97, 89, 85, 49]
44:49:[44, 80, 83, 98, 89, 85, 49]
44:50:[44, 80, 81, 90, 87, 85, 50]
44:50:[44, 80, 81, 91, 87, 85, 50]
44:50:[44, 80, 81, 92, 87, 85, 50]
44:50:[44, 80, 82, 93, 88, 85, 50]
44:50:[44, 80, 82, 94, 88, 85, 50]
44:50:[44, 80, 82, 95, 88, 85, 50]
44:50:[44, 80, 83, 96, 89, 85, 50]
44:50:[44, 80, 83, 97, 89, 85, 50]
44:50:[44, 80, 83, 98, 89, 85, 50]
44:51:[44, 80, 81, 90, 87, 86, 51]
44:51:[44, 80, 81, 91, 87, 86, 51]
44:51:[44, 80, 81, 92, 87, 86, 51]
44:51:[44, 80, 82, 93, 88, 86, 51]
44:51:[44, 80, 82, 94, 88, 86, 51]
44:51:[44, 80, 82, 95, 88, 86, 51]
44:51:[44, 80, 83, 96, 89, 86, 51]
44:51:[44, 80, 83, 97, 89, 86, 51]
44:51:[44, 80, 83, 98, 89, 86, 51]
44:52:[44, 80, 81, 90, 87, 86, 52]
44:52:[44, 80, 81, 91, 87, 86, 52]
44:52:[44, 80, 81, 92, 87, 86, 52]
44:52:[44, 80, 82, 93, 88, 86, 52]
44:52:[44, 80, 82, 94, 88, 86, 52]
44:52:[44, 80, 82, 95, 88, 86, 52]
44:52:[44, 80, 83, 96, 89, 86, 52]
44:52:[44, 80, 83, 97, 89, 86, 52]
44:52:[44, 80, 83, 98, 89, 86, 52]
44:53:[44, 80, 81, 90, 87, 86, 53]
44:53:[44, 80, 81, 91, 87, 86, 53]
44:53:[44, 80, 81, 92, 87, 86, 53]
44:53:[44, 80, 82, 93, 88, 86, 53]
44:53:[44, 80, 82, 94, 88, 86, 53]
44:53:[44, 80, 82, 95, 88, 86, 53]
44:53:[44, 80, 83, 96, 89, 86, 53]
44:53:[44, 80, 83, 97, 89, 86, 53]
44:53:[44, 80, 83, 98, 89, 86, 53]
45:0:[45, 84, 87, 90, 57, 54, 0]
45:0:[45, 84, 87, 91, 57, 54, 0]
45:0:[45, 84, 87, 92, 57, 54, 0]
45:0:[45, 84, 88, 93, 58, 54, 0]
45:0:[45, 84, 88, 94, 58, 54, 0]
45:0:[45, 84, 88, 95, 58, 54, 0]
45:0:[45, 84, 89, 96, 59, 54, 0]
45:0:[45, 84, 89, 97, 59, 54, 0]
45:0:[45, 84, 89, 98, 59, 54, 0]
45:1:[45, 84, 87, 90, 57, 54, 1]
45:1:[45, 84, 87, 91, 57, 54, 1]
45:1:[45, 84, 87, 92, 57, 54, 1]
45:1:[45, 84, 88, 93, 58, 54, 1]
45:1:[45, 84, 88, 94, 58, 54, 1]
45:1:[45, 84, 88, 95, 58, 54, 1]
45:1:[45, 84, 89, 96, 59, 54, 1]
45:1:[45, 84, 89, 97, 59, 54, 1]
45:1:[45, 84, 89, 98, 59, 54, 1]
45:2:[45, 84, 87, 90, 57, 54, 2]
45:2:[45, 84, 87, 91, 57, 54, 2]
45:2:[45, 84, 87, 92, 57, 54, 2]
45:2:[45, 84, 88, 93, 58, 54, 2]
45:2:[45, 84, 88, 94, 58, 54, 2]
45:2:[45, 84, 88, 95, 58, 54, 2]
45:2:[45, 84, 89, 96, 59, 54, 2]
45:2:[45, 84, 89, 97, 59, 54, 2]
45:2:[45, 84, 89, 98, 59, 54, 2]
45:3:[45, 84, 87, 90, 57, 55, 3]
45:3:[45, 84, 87, 91, 57, 55, 3]
45:3:[45, 84, 87, 92, 57, 55, 3]
45:3:[45, 84, 88, 93, 58, 55, 3]
45:3:[45, 84, 88, 94, 58, 55, 3]
45:3:[45, 84, 88, 95, 58, 55, 3]
45:3:[45, 84, 89, 96, 59, 55, 3]
45:3:[45, 84, 89, 97, 59, 55, 3]
45:3:[45, 84, 89, 98, 59, 55, 3]
45:4:[45, 84, 87, 90, 57, 55, 4]
45:4:[45, 84, 87, 91, 57, 55, 4]
45:4:[45, 84, 87, 92, 57, 55, 4]
45:4:[45, 84, 88, 93, 58, 55, 4]
45:4:[45, 84, 88, 94, 58, 55, 4]
45:4:[45, 84, 88, 95, 58, 55, 4]
45:4:[45, 84, 89, 96, 59, 55, 4]
45:4:[45, 84, 89, 97, 59, 55, 4]
45:4:[45, 84, 89, 98, 59, 55, 4]
45:5:[45, 84, 87, 90, 57, 55, 5]
45:5:[45, 84, 87, 91, 57, 55, 5]
45:5:[45, 84, 87, 92, 57, 55, 5]
45:5:[45, 84, 88, 93, 58, 55, 5]
45:5:[45, 84, 88, 94, 58, 55, 5]
45:5:[45, 84, 88, 95, 58, 55, 5]
45:5:[45, 84, 89, 96, 59, 55, 5]
45:5:[45, 84, 89, 97, 59, 55, 5]
45:5:[45, 84, 89, 98, 59, 55, 5]
45:6:[45, 84, 87, 90, 57, 56, 6]
45:6:[45, 84, 87, 91, 57, 56, 6]
45:6:[45, 84, 87, 92, 57, 56, 6]
45:6:[45, 84, 88, 93, 58, 56, 6]
45:6:[45, 84, 88, 94, 58, 56, 6]
45:6:[45, 84, 88, 95, 58, 56, 6]
45:6:[45, 84, 89, 96, 59, 56, 6]
45:6:[45, 84, 89, 97, 59, 56, 6]
45:6:[45, 84, 89, 98, 59, 56, 6]
45:7:[45, 84, 87, 90, 57, 56, 7]
45:7:[45, 84, 87, 91, 57, 56, 7]
45:7:[45, 84, 87, 92, 57, 56, 7]
45:7:[45, 84, 88, 93, 58, 56, 7]
45:7:[45, 84, 88, 94, 58, 56, 7]
45:7:[45, 84, 88, 95, 58, 56, 7]
45:7:[45, 84, 89, 96, 59, 56, 7]
45:7:[45, 84, 89, 97, 59, 56, 7]
45:7:[45, 84, 89, 98, 59, 56, 7]
45:8:[45, 84, 87, 90, 57, 56, 8]
45:8:[45, 84, 87, 91, 57, 56, 8]
45:8:[45, 84, 87, 92, 57, 56, 8]
45:8:[45, 84, 88, 93, 58, 56, 8]
45:8:[45, 84, 88, 94, 58, 56, 8]
45:8:[45, 84, 88, 95, 58, 56, 8]
45:8:[45, 84, 89, 96, 59, 56, 8]
45:8:[45, 84, 89, 97, 59, 56, 8]
45:8:[45, 84, 89, 98, 59, 56, 8]
45:9:[45, 84, 87, 90, 63, 60, 9]
45:9:[45, 84, 87, 91, 63, 60, 9]
45:9:[45, 84, 87, 92, 63, 60, 9]
45:9:[45, 84, 88, 93, 64, 60, 9]
45:9:[45, 84, 88, 94, 64, 60, 9]
45:9:[45, 84, 88, 95, 64, 60, 9]
45:9:[45, 84, 89, 96, 65, 60, 9]
45:9:[45, 84, 89, 97, 65, 60, 9]
45:9:[45, 84, 89, 98, 65, 60, 9]
45:10:[45, 84, 87, 90, 63, 60, 10]
45:10:[45, 84, 87, 91, 63, 60, 10]
45:10:[45, 84, 87, 92, 63, 60, 10]
45:10:[45, 84, 88, 93, 64, 60, 10]
45:10:[45, 84, 88, 94, 64, 60, 10]
45:10:[45, 84, 88, 95, 64, 60, 10]
45:10:[45, 84, 89, 96, 65, 60, 10]
45:10:[45, 84, 89, 97, 65, 60, 10]
45:10:[45, 84, 89, 98, 65, 60, 10]
45:11:[45, 84, 87, 90, 63, 60, 11]
45:11:[45, 84, 87, 91, 63, 60, 11]
45:11:[45, 84, 87, 92, 63, 60, 11]
45:11:[45, 84, 88, 93, 64, 60, 11]
45:11:[45, 84, 88, 94, 64, 60, 11]
45:11:[45, 84, 88, 95, 64, 60, 11]
45:11:[45, 84, 89, 96, 65, 60, 11]
45:11:[45, 84, 89, 97, 65, 60, 11]
45:11:[45, 84, 89, 98, 65, 60, 11]
45:12:[45, 84, 87, 90, 63, 61, 12]
45:12:[45, 84, 87, 91, 63, 61, 12]
45:12:[45, 84, 87, 92, 63, 61, 12]
45:12:[45, 84, 88, 93, 64, 61, 12]
45:12:[45, 84, 88, 94, 64, 61, 12]
45:12:[45, 84, 88, 95, 64, 61, 12]
45:12:[45, 84, 89, 96, 65, 61, 12]
45:12:[45, 84, 89, 97, 65, 61, 12]
45:12:[45, 84, 89, 98, 65, 61, 12]
45:13:[45, 84, 87, 90, 63, 61, 13]
45:13:[45, 84, 87, 91, 63, 61, 13]
45:13:[45, 84, 87, 92, 63, 61, 13]
45:13:[45, 84, 88, 93, 64, 61, 13]
45:13:[45, 84, 88, 94, 64, 61, 13]
45:13:[45, 84, 88, 95, 64, 61, 13]
45:13:[45, 84, 89, 96, 65, 61, 13]
45:13:[45, 84, 89, 97, 65, 61, 13]
45:13:[45, 84, 89, 98, 65, 61, 13]
45:14:[45, 84, 87, 90, 63, 61, 14]
45:14:[45, 84, 87, 91, 63, 61, 14]
45:14:[45, 84, 87, 92, 63, 61, 14]
45:14:[45, 84, 88, 93, 64, 61, 14]
45:14:[45, 84, 88, 94, 64, 61, 14]
45:14:[45, 84, 88, 95, 64, 61, 14]
45:14:[45, 84, 89, 96, 65, 61, 14]
45:14:[45, 84, 89, 97, 65, 61, 14]
45:14:[45, 84, 89, 98, 65, 61, 14]
45:15:[45, 84, 87, 90, 63, 62, 15]
45:15:[45, 84, 87, 91, 63, 62, 15]
45:15:[45, 84, 87, 92, 63, 62, 15]
45:15:[45, 84, 88, 93, 64, 62, 15]
45:15:[45, 84, 88, 94, 64, 62, 15]
45:15:[45, 84, 88, 95, 64, 62, 15]
45:15:[45, 84, 89, 96, 65, 62, 15]
45:15:[45, 84, 89, 97, 65, 62, 15]
45:15:[45, 84, 89, 98, 65, 62, 15]
45:16:[45, 84, 87, 90, 63, 62, 16]
45:16:[45, 84, 87, 91, 63, 62, 16]
45:16:[45, 84, 87, 92, 63, 62, 16]
45:16:[45, 84, 88, 93, 64, 62, 16]
45:16:[45, 84, 88, 94, 64, 62, 16]
45:16:[45, 84, 88, 95, 64, 62, 16]
45:16:[45, 84, 89, 96, 65, 62, 16]
45:16:[45, 84, 89, 97, 65, 62, 16]
45:16:[45, 84, 89, 98, 65, 62, 16]
45:17:[45, 84, 87, 90, 63, 62, 17]
45:17:[45, 84, 87, 91, 63, 62, 17]
45:17:[45, 84, 87, 92, 63, 62, 17]
45:17:[45, 84, 88, 93, 64, 62, 17]
45:17:[45, 84, 88, 94, 64, 62, 17]
45:17:[45, 84, 88, 95, 64, 62, 17]
45:17:[45, 84, 89, 96, 65, 62, 17]
45:17:[45, 84, 89, 97, 65, 62, 17]
45:17:[45, 84, 89, 98, 65, 62, 17]
45:18:[45, 84, 87, 90, 69, 66, 18]
45:18:[45, 84, 87, 91, 69, 66, 18]
45:18:[45, 84, 87, 92, 69, 66, 18]
45:18:[45, 84, 88, 93, 70, 66, 18]
45:18:[45, 84, 88, 94, 70, 66, 18]
45:18:[45, 84, 88, 95, 70, 66, 18]
45:18:[45, 84, 89, 96, 71, 66, 18]
45:18:[45, 84, 89, 97, 71, 66, 18]
45:18:[45, 84, 89, 98, 71, 66, 18]
45:19:[45, 84, 87, 90, 69, 66, 19]
45:19:[45, 84, 87, 91, 69, 66, 19]
45:19:[45, 84, 87, 92, 69, 66, 19]
45:19:[45, 84, 88, 93, 70, 66, 19]
45:19:[45, 84, 88, 94, 70, 66, 19]
45:19:[45, 84, 88, 95, 70, 66, 19]
45:19:[45, 84, 89, 96, 71, 66, 19]
45:19:[45, 84, 89, 97, 71, 66, 19]
45:19:[45, 84, 89, 98, 71, 66, 19]
45:20:[45, 84, 87, 90, 69, 66, 20]
45:20:[45, 84, 87, 91, 69, 66, 20]
45:20:[45, 84, 87, 92, 69, 66, 20]
45:20:[45, 84, 88, 93, 70, 66, 20]
45:20:[45, 84, 88, 94, 70, 66, 20]
45:20:[45, 84, 88, 95, 70, 66, 20]
45:20:[45, 84, 89, 96, 71, 66, 20]
45:20:[45, 84, 89, 97, 71, 66, 20]
45:20:[45, 84, 89, 98, 71, 66, 20]
45:21:[45, 84, 87, 90, 69, 67, 21]
45:21:[45, 84, 87, 91, 69, 67, 21]
45:21:[45, 84, 87, 92, 69, 67, 21]
45:21:[45, 84, 88, 93, 70, 67, 21]
45:21:[45, 84, 88, 94, 70, 67, 21]
45:21:[45, 84, 88, 95, 70, 67, 21]
45:21:[45, 84, 89, 96, 71, 67, 21]
45:21:[45, 84, 89, 97, 71, 67, 21]
45:21:[45, 84, 89, 98, 71, 67, 21]
45:22:[45, 84, 87, 90, 69, 67, 22]
45:22:[45, 84, 87, 91, 69, 67, 22]
45:22:[45, 84, 87, 92, 69, 67, 22]
45:22:[45, 84, 88, 93, 70, 67, 22]
45:22:[45, 84, 88, 94, 70, 67, 22]
45:22:[45, 84, 88, 95, 70, 67, 22]
45:22:[45, 84, 89, 96, 71, 67, 22]
45:22:[45, 84, 89, 97, 71, 67, 22]
45:22:[45, 84, 89, 98, 71, 67, 22]
45:23:[45, 84, 87, 90, 69, 67, 23]
45:23:[45, 84, 87, 91, 69, 67, 23]
45:23:[45, 84, 87, 92, 69, 67, 23]
45:23:[45, 84, 88, 93, 70, 67, 23]
45:23:[45, 84, 88, 94, 70, 67, 23]
45:23:[45, 84, 88, 95, 70, 67, 23]
45:23:[45, 84, 89, 96, 71, 67, 23]
45:23:[45, 84, 89, 97, 71, 67, 23]
45:23:[45, 84, 89, 98, 71, 67, 23]
45:24:[45, 84, 87, 90, 69, 68, 24]
45:24:[45, 84, 87, 91, 69, 68, 24]
45:24:[45, 84, 87, 92, 69, 68, 24]
45:24:[45, 84, 88, 93, 70, 68, 24]
45:24:[45, 84, 88, 94, 70, 68, 24]
45:24:[45, 84, 88, 95, 70, 68, 24]
45:24:[45, 84, 89, 96, 71, 68, 24]
45:24:[45, 84, 89, 97, 71, 68, 24]
45:24:[45, 84, 89, 98, 71, 68, 24]
45:25:[45, 84, 87, 90, 69, 68, 25]
45:25:[45, 84, 87, 91, 69, 68, 25]
45:25:[45, 84, 87, 92, 69, 68, 25]
45:25:[45, 84, 88, 93, 70, 68, 25]
45:25:[45, 84, 88, 94, 70, 68, 25]
45:25:[45, 84, 88, 95, 70, 68, 25]
45:25:[45, 84, 89, 96, 71, 68, 25]
45:25:[45, 84, 89, 97, 71, 68, 25]
45:25:[45, 84, 89, 98, 71, 68, 25]
45:26:[45, 84, 87, 90, 69, 68, 26]
45:26:[45, 84, 87, 91, 69, 68, 26]
45:26:[45, 84, 87, 92, 69, 68, 26]
45:26:[45, 84, 88, 93, 70, 68, 26]
45:26:[45, 84, 88, 94, 70, 68, 26]
45:26:[45, 84, 88, 95, 70, 68, 26]
45:26:[45, 84, 89, 96, 71, 68, 26]
45:26:[45, 84, 89, 97, 71, 68, 26]
45:26:[45, 84, 89, 98, 71, 68, 26]
45:27:[45, 84, 87, 90, 75, 72, 27]
45:27:[45, 84, 87, 91, 75, 72, 27]
45:27:[45, 84, 87, 92, 75, 72, 27]
45:27:[45, 84, 88, 93, 76, 72, 27]
45:27:[45, 84, 88, 94, 76, 72, 27]
45:27:[45, 84, 88, 95, 76, 72, 27]
45:27:[45, 84, 89, 96, 77, 72, 27]
45:27:[45, 84, 89, 97, 77, 72, 27]
45:27:[45, 84, 89, 98, 77, 72, 27]
45:28:[45, 84, 87, 90, 75, 72, 28]
45:28:[45, 84, 87, 91, 75, 72, 28]
45:28:[45, 84, 87, 92, 75, 72, 28]
45:28:[45, 84, 88, 93, 76, 72, 28]
45:28:[45, 84, 88, 94, 76, 72, 28]
45:28:[45, 84, 88, 95, 76, 72, 28]
45:28:[45, 84, 89, 96, 77, 72, 28]
45:28:[45, 84, 89, 97, 77, 72, 28]
45:28:[45, 84, 89, 98, 77, 72, 28]
45:29:[45, 84, 87, 90, 75, 72, 29]
45:29:[45, 84, 87, 91, 75, 72, 29]
45:29:[45, 84, 87, 92, 75, 72, 29]
45:29:[45, 84, 88, 93, 76, 72, 29]
45:29:[45, 84, 88, 94, 76, 72, 29]
45:29:[45, 84, 88, 95, 76, 72, 29]
45:29:[45, 84, 89, 96, 77, 72, 29]
45:29:[45, 84, 89, 97, 77, 72, 29]
45:29:[45, 84, 89, 98, 77, 72, 29]
45:30:[45, 84, 87, 90, 75, 73, 30]
45:30:[45, 84, 87, 91, 75, 73, 30]
45:30:[45, 84, 87, 92, 75, 73, 30]
45:30:[45, 84, 88, 93, 76, 73, 30]
45:30:[45, 84, 88, 94, 76, 73, 30]
45:30:[45, 84, 88, 95, 76, 73, 30]
45:30:[45, 84, 89, 96, 77, 73, 30]
45:30:[45, 84, 89, 97, 77, 73, 30]
45:30:[45, 84, 89, 98, 77, 73, 30]
45:31:[45, 84, 87, 90, 75, 73, 31]
45:31:[45, 84, 87, 91, 75, 73, 31]
45:31:[45, 84, 87, 92, 75, 73, 31]
45:31:[45, 84, 88, 93, 76, 73, 31]
45:31:[45, 84, 88, 94, 76, 73, 31]
45:31:[45, 84, 88, 95, 76, 73, 31]
45:31:[45, 84, 89, 96, 77, 73, 31]
45:31:[45, 84, 89, 97, 77, 73, 31]
45:31:[45, 84, 89, 98, 77, 73, 31]
45:32:[45, 84, 87, 90, 75, 73, 32]
45:32:[45, 84, 87, 91, 75, 73, 32]
45:32:[45, 84, 87, 92, 75, 73, 32]
45:32:[45, 84, 88, 93, 76, 73, 32]
45:32:[45, 84, 88, 94, 76, 73, 32]
45:32:[45, 84, 88, 95, 76, 73, 32]
45:32:[45, 84, 89, 96, 77, 73, 32]
45:32:[45, 84, 89, 97, 77, 73, 32]
45:32:[45, 84, 89, 98, 77, 73, 32]
45:33:[45, 84, 87, 90, 75, 74, 33]
45:33:[45, 84, 87, 91, 75, 74, 33]
45:33:[45, 84, 87, 92, 75, 74, 33]
45:33:[45, 84, 88, 93, 76, 74, 33]
45:33:[45, 84, 88, 94, 76, 74, 33]
45:33:[45, 84, 88, 95, 76, 74, 33]
45:33:[45, 84, 89, 96, 77, 74, 33]
45:33:[45, 84, 89, 97, 77, 74, 33]
45:33:[45, 84, 89, 98, 77, 74, 33]
45:34:[45, 84, 87, 90, 75, 74, 34]
45:34:[45, 84, 87, 91, 75, 74, 34]
45:34:[45, 84, 87, 92, 75, 74, 34]
45:34:[45, 84, 88, 93, 76, 74, 34]
45:34:[45, 84, 88, 94, 76, 74, 34]
45:34:[45, 84, 88, 95, 76, 74, 34]
45:34:[45, 84, 89, 96, 77, 74, 34]
45:34:[45, 84, 89, 97, 77, 74, 34]
45:34:[45, 84, 89, 98, 77, 74, 34]
45:35:[45, 84, 87, 90, 75, 74, 35]
45:35:[45, 84, 87, 91, 75, 74, 35]
45:35:[45, 84, 87, 92, 75, 74, 35]
45:35:[45, 84, 88, 93, 76, 74, 35]
45:35:[45, 84, 88, 94, 76, 74, 35]
45:35:[45, 84, 88, 95, 76, 74, 35]
45:35:[45, 84, 89, 96, 77, 74, 35]
45:35:[45, 84, 89, 97, 77, 74, 35]
45:35:[45, 84, 89, 98, 77, 74, 35]
45:36:[45, 84, 87, 90, 81, 78, 36]
45:36:[45, 84, 87, 91, 81, 78, 36]
45:36:[45, 84, 87, 92, 81, 78, 36]
45:36:[45, 84, 88, 93, 82, 78, 36]
45:36:[45, 84, 88, 94, 82, 78, 36]
45:36:[45, 84, 88, 95, 82, 78, 36]
45:36:[45, 84, 89, 96, 83, 78, 36]
45:36:[45, 84, 89, 97, 83, 78, 36]
45:36:[45, 84, 89, 98, 83, 78, 36]
45:37:[45, 84, 87, 90, 81, 78, 37]
45:37:[45, 84, 87, 91, 81, 78, 37]
45:37:[45, 84, 87, 92, 81, 78, 37]
45:37:[45, 84, 88, 93, 82, 78, 37]
45:37:[45, 84, 88, 94, 82, 78, 37]
45:37:[45, 84, 88, 95, 82, 78, 37]
45:37:[45, 84, 89, 96, 83, 78, 37]
45:37:[45, 84, 89, 97, 83, 78, 37]
45:37:[45, 84, 89, 98, 83, 78, 37]
45:38:[45, 84, 87, 90, 81, 78, 38]
45:38:[45, 84, 87, 91, 81, 78, 38]
45:38:[45, 84, 87, 92, 81, 78, 38]
45:38:[45, 84, 88, 93, 82, 78, 38]
45:38:[45, 84, 88, 94, 82, 78, 38]
45:38:[45, 84, 88, 95, 82, 78, 38]
45:38:[45, 84, 89, 96, 83, 78, 38]
45:38:[45, 84, 89, 97, 83, 78, 38]
45:38:[45, 84, 89, 98, 83, 78, 38]
45:39:[45, 84, 87, 90, 81, 79, 39]
45:39:[45, 84, 87, 91, 81, 79, 39]
45:39:[45, 84, 87, 92, 81, 79, 39]
45:39:[45, 84, 88, 93, 82, 79, 39]
45:39:[45, 84, 88, 94, 82, 79, 39]
45:39:[45, 84, 88, 95, 82, 79, 39]
45:39:[45, 84, 89, 96, 83, 79, 39]
45:39:[45, 84, 89, 97, 83, 79, 39]
45:39:[45, 84, 89, 98, 83, 79, 39]
45:40:[45, 84, 87, 90, 81, 79, 40]
45:40:[45, 84, 87, 91, 81, 79, 40]
45:40:[45, 84, 87, 92, 81, 79, 40]
45:40:[45, 84, 88, 93, 82, 79, 40]
45:40:[45, 84, 88, 94, 82, 79, 40]
45:40:[45, 84, 88, 95, 82, 79, 40]
45:40:[45, 84, 89, 96, 83, 79, 40]
45:40:[45, 84, 89, 97, 83, 79, 40]
45:40:[45, 84, 89, 98, 83, 79, 40]
45:41:[45, 84, 87, 90, 81, 79, 41]
45:41:[45, 84, 87, 91, 81, 79, 41]
45:41:[45, 84, 87, 92, 81, 79, 41]
45:41:[45, 84, 88, 93, 82, 79, 41]
45:41:[45, 84, 88, 94, 82, 79, 41]
45:41:[45, 84, 88, 95, 82, 79, 41]
45:41:[45, 84, 89, 96, 83, 79, 41]
45:41:[45, 84, 89, 97, 83, 79, 41]
45:41:[45, 84, 89, 98, 83, 79, 41]
45:42:[45, 84, 87, 90, 81, 80, 42]
45:42:[45, 84, 87, 91, 81, 80, 42]
45:42:[45, 84, 87, 92, 81, 80, 42]
45:42:[45, 84, 88, 93, 82, 80, 42]
45:42:[45, 84, 88, 94, 82, 80, 42]
45:42:[45, 84, 88, 95, 82, 80, 42]
45:42:[45, 84, 89, 96, 83, 80, 42]
45:42:[45, 84, 89, 97, 83, 80, 42]
45:42:[45, 84, 89, 98, 83, 80, 42]
45:43:[45, 84, 87, 90, 81, 80, 43]
45:43:[45, 84, 87, 91, 81, 80, 43]
45:43:[45, 84, 87, 92, 81, 80, 43]
45:43:[45, 84, 88, 93, 82, 80, 43]
45:43:[45, 84, 88, 94, 82, 80, 43]
45:43:[45, 84, 88, 95, 82, 80, 43]
45:43:[45, 84, 89, 96, 83, 80, 43]
45:43:[45, 84, 89, 97, 83, 80, 43]
45:43:[45, 84, 89, 98, 83, 80, 43]
45:44:[45, 84, 87, 90, 81, 80, 44]
45:44:[45, 84, 87, 91, 81, 80, 44]
45:44:[45, 84, 87, 92, 81, 80, 44]
45:44:[45, 84, 88, 93, 82, 80, 44]
45:44:[45, 84, 88, 94, 82, 80, 44]
45:44:[45, 84, 88, 95, 82, 80, 44]
45:44:[45, 84, 89, 96, 83, 80, 44]
45:44:[45, 84, 89, 97, 83, 80, 44]
45:44:[45, 84, 89, 98, 83, 80, 44]
45:46:[45, 84, 46]
45:47:[45, 84, 47]
45:48:[45, 84, 87, 85, 48]
45:48:[45, 84, 88, 85, 48]
45:48:[45, 84, 89, 85, 48]
45:49:[45, 84, 87, 85, 49]
45:49:[45, 84, 88, 85, 49]
45:49:[45, 84, 89, 85, 49]
45:50:[45, 84, 87, 85, 50]
45:50:[45, 84, 88, 85, 50]
45:50:[45, 84, 89, 85, 50]
45:51:[45, 84, 87, 86, 51]
45:51:[45, 84, 88, 86, 51]
45:51:[45, 84, 89, 86, 51]
45:52:[45, 84, 87, 86, 52]
45:52:[45, 84, 88, 86, 52]
45:52:[45, 84, 89, 86, 52]
45:53:[45, 84, 87, 86, 53]
45:53:[45, 84, 88, 86, 53]
45:53:[45, 84, 89, 86, 53]
46:0:[46, 84, 87, 90, 57, 54, 0]
46:0:[46, 84, 87, 91, 57, 54, 0]
46:0:[46, 84, 87, 92, 57, 54, 0]
46:0:[46, 84, 88, 93, 58, 54, 0]
46:0:[46, 84, 88, 94, 58, 54, 0]
46:0:[46, 84, 88, 95, 58, 54, 0]
46:0:[46, 84, 89, 96, 59, 54, 0]
46:0:[46, 84, 89, 97, 59, 54, 0]
46:0:[46, 84, 89, 98, 59, 54, 0]
46:1:[46, 84, 87, 90, 57, 54, 1]
46:1:[46, 84, 87, 91, 57, 54, 1]
46:1:[46, 84, 87, 92, 57, 54, 1]
46:1:[46, 84, 88, 93, 58, 54, 1]
46:1:[46, 84, 88, 94, 58, 54, 1]
46:1:[46, 84, 88, 95, 58, 54, 1]
46:1:[46, 84, 89, 96, 59, 54, 1]
46:1:[46, 84, 89, 97, 59, 54, 1]
46:1:[46, 84, 89, 98, 59, 54, 1]
46:2:[46, 84, 87, 90, 57, 54, 2]
46:2:[46, 84, 87, 91, 57, 54, 2]
46:2:[46, 84, 87, 92, 57, 54, 2]
46:2:[46, 84, 88, 93, 58, 54, 2]
46:2:[46, 84, 88, 94, 58, 54, 2]
46:2:[46, 84, 88, 95, 58, 54, 2]
46:2:[46, 84, 89, 96, 59, 54, 2]
46:2:[46, 84, 89, 97, 59, 54, 2]
46:2:[46, 84, 89, 98, 59, 54, 2]
46:3:[46, 84, 87, 90, 57, 55, 3]
46:3:[46, 84, 87, 91, 57, 55, 3]
46:3:[46, 84, 87, 92, 57, 55, 3]
46:3:[46, 84, 88, 93, 58, 55, 3]
46:3:[46, 84, 88, 94, 58, 55, 3]
46:3:[46, 84, 88, 95, 58, 55, 3]
46:3:[46, 84, 89, 96, 59, 55, 3]
46:3:[46, 84, 89, 97, 59, 55, 3]
46:3:[46, 84, 89, 98, 59, 55, 3]
46:4:[46, 84, 87, 90, 57, 55, 4]
46:4:[46, 84, 87, 91, 57, 55, 4]
46:4:[46, 84, 87, 92, 57, 55, 4]
46:4:[46, 84, 88, 93, 58, 55, 4]
46:4:[46, 84, 88, 94, 58, 55, 4]
46:4:[46, 84, 88, 95, 58, 55, 4]
46:4:[46, 84, 89, 96, 59, 55, 4]
46:4:[46, 84, 89, 97, 59, 55, 4]
46:4:[46, 84, 89, 98, 59, 55, 4]
46:5:[46, 84, 87, 90, 57, 55, 5]
46:5:[46, 84, 87, 91, 57, 55, 5]
46:5:[46, 84, 87, 92, 57, 55, 5]
46:5:[46, 84, 88, 93, 58, 55, 5]
46:5:[46, 84, 88, 94, 58, 55, 5]
46:5:[46, 84, 88, 95, 58, 55, 5]
46:5:[46, 84, 89, 96, 59, 55, 5]
46:5:[46, 84, 89, 97, 59, 55, 5]
46:5:[46, 84, 89, 98, 59, 55, 5]
46:6:[46, 84, 87, 90, 57, 56, 6]
46:6:[46, 84, 87, 91, 57, 56, 6]
46:6:[46, 84, 87, 92, 57, 56, 6]
46:6:[46, 84, 88, 93, 58, 56, 6]
46:6:[46, 84, 88, 94, 58, 56, 6]
46:6:[46, 84, 88, 95, 58, 56, 6]
46:6:[46, 84, 89, 96, 59, 56, 6]
46:6:[46, 84, 89, 97, 59, 56, 6]
46:6:[46, 84, 89, 98, 59, 56, 6]
46:7:[46, 84, 87, 90, 57, 56, 7]
46:7:[46, 84, 87, 91, 57, 56, 7]
46:7:[46, 84, 87, 92, 57, 56, 7]
46:7:[46, 84, 88, 93, 58, 56, 7]
46:7:[46, 84, 88, 94, 58, 56, 7]
46:7:[46, 84, 88, 95, 58, 56, 7]
46:7:[46, 84, 89, 96, 59, 56, 7]
46:7:[46, 84, 89, 97, 59, 56, 7]
46:7:[46, 84, 89, 98, 59, 56, 7]
46:8:[46, 84, 87, 90, 57, 56, 8]
46:8:[46, 84, 87, 91, 57, 56, 8]
46:8:[46, 84, 87, 92, 57, 56, 8]
46:8:[46, 84, 88, 93, 58, 56, 8]
46:8:[46, 84, 88, 94, 58, 56, 8]
46:8:[46, 84, 88, 95, 58, 56, 8]
46:8:[46, 84, 89, 96, 59, 56, 8]
46:8:[46, 84, 89, 97, 59, 56, 8]
46:8:[46, 84, 89, 98, 59, 56, 8]
46:9:[46, 84, 87, 90, 63, 60, 9]
46:9:[46, 84, 87, 91, 63, 60, 9]
46:9:[46, 84, 87, 92, 63, 60, 9]
46:9:[46, 84, 88, 93, 64, 60, 9]
46:9:[46, 84, 88, 94, 64, 60, 9]
46:9:[46, 84, 88, 95, 64, 60, 9]
46:9:[46, 84, 89, 96, 65, 60, 9]
46:9:[46, 84, 89, 97, 65, 60, 9]
46:9:[46, 84, 89, 98, 65, 60, 9]
46:10:[46, 84, 87, 90, 63, 60, 10]
46:10:[46, 84, 87, 91, 63, 60, 10]
46:10:[46, 84, 87, 92, 63, 60, 10]
46:10:[46, 84, 88, 93, 64, 60, 10]
46:10:[46, 84, 88, 94, 64, 60, 10]
46:10:[46, 84, 88, 95, 64, 60, 10]
46:10:[46, 84, 89, 96, 65, 60, 10]
46:10:[46, 84, 89, 97, 65, 60, 10]
46:10:[46, 84, 89, 98, 65, 60, 10]
46:11:[46, 84, 87, 90, 63, 60, 11]
46:11:[46, 84, 87, 91, 63, 60, 11]
46:11:[46, 84, 87, 92, 63, 60, 11]
46:11:[46, 84, 88, 93, 64, 60, 11]
46:11:[46, 84, 88, 94, 64, 60, 11]
46:11:[46, 84, 88, 95, 64, 60, 11]
46:11:[46, 84, 89, 96, 65, 60, 11]
46:11:[46, 84, 89, 97, 65, 60, 11]
46:11:[46, 84, 89, 98, 65, 60, 11]
46:12:[46, 84, 87, 90, 63, 61, 12]
46:12:[46, 84, 87, 91, 63, 61, 12]
46:12:[46, 84, 87, 92, 63, 61, 12]
46:12:[46, 84, 88, 93, 64, 61, 12]
46:12:[46, 84, 88, 94, 64, 61, 12]
46:12:[46, 84, 88, 95, 64, 61, 12]
46:12:[46, 84, 89, 96, 65, 61, 12]
46:12:[46, 84, 89, 97, 65, 61, 12]
46:12:[46, 84, 89, 98, 65, 61, 12]
46:13:[46, 84, 87, 90, 63, 61, 13]
46:13:[46, 84, 87, 91, 63, 61, 13]
46:13:[46, 84, 87, 92, 63, 61, 13]
46:13:[46, 84, 88, 93, 64, 61, 13]
46:13:[46, 84, 88, 94, 64, 61, 13]
46:13:[46, 84, 88, 95, 64, 61, 13]
46:13:[46, 84, 89, 96, 65, 61, 13]
46:13:[46, 84, 89, 97, 65, 61, 13]
46:13:[46, 84, 89, 98, 65, 61, 13]
46:14:[46, 84, 87, 90, 63, 61, 14]
46:14:[46, 84, 87, 91, 63, 61, 14]
46:14:[46, 84, 87, 92, 63, 61, 14]
46:14:[46, 84, 88, 93, 64, 61, 14]
46:14:[46, 84, 88, 94, 64, 61, 14]
46:14:[46, 84, 88, 95, 64, 61, 14]
46:14:[46, 84, 89, 96, 65, 61, 14]
46:14:[46, 84, 89, 97, 65, 61, 14]
46:14:[46, 84, 89, 98, 65, 61, 14]
46:15:[46, 84, 87, 90, 63, 62, 15]
46:15:[46, 84, 87, 91, 63, 62, 15]
46:15:[46, 84, 87, 92, 63, 62, 15]
46:15:[46, 84, 88, 93, 64, 62, 15]
46:15:[46, 84, 88, 94, 64, 62, 15]
46:15:[46, 84, 88, 95, 64, 62, 15]
46:15:[46, 84, 89, 96, 65, 62, 15]
46:15:[46, 84, 89, 97, 65, 62, 15]
46:15:[46, 84, 89, 98, 65, 62, 15]
46:16:[46, 84, 87, 90, 63, 62, 16]
46:16:[46, 84, 87, 91, 63, 62, 16]
46:16:[46, 84, 87, 92, 63, 62, 16]
46:16:[46, 84, 88, 93, 64, 62, 16]
46:16:[46, 84, 88, 94, 64, 62, 16]
46:16:[46, 84, 88, 95, 64, 62, 16]
46:16:[46, 84, 89, 96, 65, 62, 16]
46:16:[46, 84, 89, 97, 65, 62, 16]
46:16:[46, 84, 89, 98, 65, 62, 16]
46:17:[46, 84, 87, 90, 63, 62, 17]
46:17:[46, 84, 87, 91, 63, 62, 17]
46:17:[46, 84, 87, 92, 63, 62, 17]
46:17:[46, 84, 88, 93, 64, 62, 17]
46:17:[46, 84, 88, 94, 64, 62, 17]
46:17:[46, 84, 88, 95, 64, 62, 17]
46:17:[46, 84, 89, 96, 65, 62, 17]
46:17:[46, 84, 89, 97, 65, 62, 17]
46:17:[46, 84, 89, 98, 65, 62, 17]
46:18:[46, 84, 87, 90, 69, 66, 18]
46:18:[46, 84, 87, 91, 69, 66, 18]
46:18:[46, 84, 87, 92, 69, 66, 18]
46:18:[46, 84, 88, 93, 70, 66, 18]
46:18:[46, 84, 88, 94, 70, 66, 18]
46:18:[46, 84, 88, 95, 70, 66, 18]
46:18:[46, 84, 89, 96, 71, 66, 18]
46:18:[46, 84, 89, 97, 71, 66, 18]
46:18:[46, 84, 89, 98, 71, 66, 18]
46:19:[46, 84, 87, 90, 69, 66, 19]
46:19:[46, 84, 87, 91, 69, 66, 19]
46:19:[46, 84, 87, 92, 69, 66, 19]
46:19:[46, 84, 88, 93, 70, 66, 19]
46:19:[46, 84, 88, 94, 70, 66, 19]
46:19:[46, 84, 88, 95, 70, 66, 19]
46:19:[46, 84, 89, 96, 71, 66, 19]
46:19:[46, 84, 89, 97, 71, 66, 19]
46:19:[46, 84, 89, 98, 71, 66, 19]
46:20:[46, 84, 87, 90, 69, 66, 20]
46:20:[46, 84, 87, 91, 69, 66, 20]
46:20:[46, 84, 87, 92, 69, 66, 20]
46:20:[46, 84, 88, 93, 70, 66, 20]
46:20:[46, 84, 88, 94, 70, 66, 20]
46:20:[46, 84, 88, 95, 70, 66, 20]
46:20:[46, 84, 89, 96, 71, 66, 20]
46:20:[46, 84, 89, 97, 71, 66, 20]
46:20:[46, 84, 89, 98, 71, 66, 20]
46:21:[46, 84, 87, 90, 69, 67, 21]
46:21:[46, 84, 87, 91, 69, 67, 21]
46:21:[46, 84, 87, 92, 69, 67, 21]
46:21:[46, 84, 88, 93, 70, 67, 21]
46:21:[46, 84, 88, 94, 70, 67, 21]
46:21:[46, 84, 88, 95, 70, 67, 21]
46:21:[46, 84, 89, 96, 71, 67, 21]
46:21:[46, 84, 89, 97, 71, 67, 21]
46:21:[46, 84, 89, 98, 71, 67, 21]
46:22:[46, 84, 87, 90, 69, 67, 22]
46:22:[46, 84, 87, 91, 69, 67, 22]
46:22:[46, 84, 87, 92, 69, 67, 22]
46:22:[46, 84, 88, 93, 70, 67, 22]
46:22:[46, 84, 88, 94, 70, 67, 22]
46:22:[46, 84, 88, 95, 70, 67, 22]
46:22:[46, 84, 89, 96, 71, 67, 22]
46:22:[46, 84, 89, 97, 71, 67, 22]
46:22:[46, 84, 89, 98, 71, 67, 22]
46:23:[46, 84, 87, 90, 69, 67, 23]
46:23:[46, 84, 87, 91, 69, 67, 23]
46:23:[46, 84, 87, 92, 69, 67, 23]
46:23:[46, 84, 88, 93, 70, 67, 23]
46:23:[46, 84, 88, 94, 70, 67, 23]
46:23:[46, 84, 88, 95, 70, 67, 23]
46:23:[46, 84, 89, 96, 71, 67, 23]
46:23:[46, 84, 89, 97, 71, 67, 23]
46:23:[46, 84, 89, 98, 71, 67, 23]
46:24:[46, 84, 87, 90, 69, 68, 24]
46:24:[46, 84, 87, 91, 69, 68, 24]
46:24:[46, 84, 87, 92, 69, 68, 24]
46:24:[46, 84, 88, 93, 70, 68, 24]
46:24:[46, 84, 88, 94, 70, 68, 24]
46:24:[46, 84, 88, 95, 70, 68, 24]
46:24:[46, 84, 89, 96, 71, 68, 24]
46:24:[46, 84, 89, 97, 71, 68, 24]
46:24:[46, 84, 89, 98, 71, 68, 24]
46:25:[46, 84, 87, 90, 69, 68, 25]
46:25:[46, 84, 87, 91, 69, 68, 25]
46:25:[46, 84, 87, 92, 69, 68, 25]
46:25:[46, 84, 88, 93, 70, 68, 25]
46:25:[46, 84, 88, 94, 70, 68, 25]
46:25:[46, 84, 88, 95, 70, 68, 25]
46:25:[46, 84, 89, 96, 71, 68, 25]
46:25:[46, 84, 89, 97, 71, 68, 25]
46:25:[46, 84, 89, 98, 71, 68, 25]
46:26:[46, 84, 87, 90, 69, 68, 26]
46:26:[46, 84, 87, 91, 69, 68, 26]
46:26:[46, 84, 87, 92, 69, 68, 26]
46:26:[46, 84, 88, 93, 70, 68, 26]
46:26:[46, 84, 88, 94, 70, 68, 26]
46:26:[46, 84, 88, 95, 70, 68, 26]
46:26:[46, 84, 89, 96, 71, 68, 26]
46:26:[46, 84, 89, 97, 71, 68, 26]
46:26:[46, 84, 89, 98, 71, 68, 26]
46:27:[46, 84, 87, 90, 75, 72, 27]
46:27:[46, 84, 87, 91, 75, 72, 27]
46:27:[46, 84, 87, 92, 75, 72, 27]
46:27:[46, 84, 88, 93, 76, 72, 27]
46:27:[46, 84, 88, 94, 76, 72, 27]
46:27:[46, 84, 88, 95, 76, 72, 27]
46:27:[46, 84, 89, 96, 77, 72, 27]
46:27:[46, 84, 89, 97, 77, 72, 27]
46:27:[46, 84, 89, 98, 77, 72, 27]
46:28:[46, 84, 87, 90, 75, 72, 28]
46:28:[46, 84, 87, 91, 75, 72, 28]
46:28:[46, 84, 87, 92, 75, 72, 28]
46:28:[46, 84, 88, 93, 76, 72, 28]
46:28:[46, 84, 88, 94, 76, 72, 28]
46:28:[46, 84, 88, 95, 76, 72, 28]
46:28:[46, 84, 89, 96, 77, 72, 28]
46:28:[46, 84, 89, 97, 77, 72, 28]
46:28:[46, 84, 89, 98, 77, 72, 28]
46:29:[46, 84, 87, 90, 75, 72, 29]
46:29:[46, 84, 87, 91, 75, 72, 29]
46:29:[46, 84, 87, 92, 75, 72, 29]
46:29:[46, 84, 88, 93, 76, 72, 29]
46:29:[46, 84, 88, 94, 76, 72, 29]
46:29:[46, 84, 88, 95, 76, 72, 29]
46:29:[46, 84, 89, 96, 77, 72, 29]
46:29:[46, 84, 89, 97, 77, 72, 29]
46:29:[46, 84, 89, 98, 77, 72, 29]
46:30:[46, 84, 87, 90, 75, 73, 30]
46:30:[46, 84, 87, 91, 75, 73, 30]
46:30:[46, 84, 87, 92, 75, 73, 30]
46:30:[46, 84, 88, 93, 76, 73, 30]
46:30:[46, 84, 88, 94, 76, 73, 30]
46:30:[46, 84, 88, 95, 76, 73, 30]
46:30:[46, 84, 89, 96, 77, 73, 30]
46:30:[46, 84, 89, 97, 77, 73, 30]
46:30:[46, 84, 89, 98, 77, 73, 30]
46:31:[46, 84, 87, 90, 75, 73, 31]
46:31:[46, 84, 87, 91, 75, 73, 31]
46:31:[46, 84, 87, 92, 75, 73, 31]
46:31:[46, 84, 88, 93, 76, 73, 31]
46:31:[46, 84, 88, 94, 76, 73, 31]
46:31:[46, 84, 88, 95, 76, 73, 31]
46:31:[46, 84, 89, 96, 77, 73, 31]
46:31:[46, 84, 89, 97, 77, 73, 31]
46:31:[46, 84, 89, 98, 77, 73, 31]
46:32:[46, 84, 87, 90, 75, 73, 32]
46:32:[46, 84, 87, 91, 75, 73, 32]
46:32:[46, 84, 87, 92, 75, 73, 32]
46:32:[46, 84, 88, 93, 76, 73, 32]
46:32:[46, 84, 88, 94, 76, 73, 32]
46:32:[46, 84, 88, 95, 76, 73, 32]
46:32:[46, 84, 89, 96, 77, 73, 32]
46:32:[46, 84, 89, 97, 77, 73, 32]
46:32:[46, 84, 89, 98, 77, 73, 32]
46:33:[46, 84, 87, 90, 75, 74, 33]
46:33:[46, 84, 87, 91, 75, 74, 33]
46:33:[46, 84, 87, 92, 75, 74, 33]
46:33:[46, 84, 88, 93, 76, 74, 33]
46:33:[46, 84, 88, 94, 76, 74, 33]
46:33:[46, 84, 88, 95, 76, 74, 33]
46:33:[46, 84, 89, 96, 77, 74, 33]
46:33:[46, 84, 89, 97, 77, 74, 33]
46:33:[46, 84, 89, 98, 77, 74, 33]
46:34:[46, 84, 87, 90, 75, 74, 34]
46:34:[46, 84, 87, 91, 75, 74, 34]
46:34:[46, 84, 87, 92, 75, 74, 34]
46:34:[46, 84, 88, 93, 76, 74, 34]
46:34:[46, 84, 88, 94, 76, 74, 34]
46:34:[46, 84, 88, 95, 76, 74, 34]
46:34:[46, 84, 89, 96, 77, 74, 34]
46:34:[46, 84, 89, 97, 77, 74, 34]
46:34:[46, 84, 89, 98, 77, 74, 34]
46:35:[46, 84, 87, 90, 75, 74, 35]
46:35:[46, 84, 87, 91, 75, 74, 35]
46:35:[46, 84, 87, 92, 75, 74, 35]
46:35:[46, 84, 88, 93, 76, 74, 35]
46:35:[46, 84, 88, 94, 76, 74, 35]
46:35:[46, 84, 88, 95, 76, 74, 35]
46:35:[46, 84, 89, 96, 77, 74, 35]
46:35:[46, 84, 89, 97, 77, 74, 35]
46:35:[46, 84, 89, 98, 77, 74, 35]
46:36:[46, 84, 87, 90, 81, 78, 36]
46:36:[46, 84, 87, 91, 81, 78, 36]
46:36:[46, 84, 87, 92, 81, 78, 36]
46:36:[46, 84, 88, 93, 82, 78, 36]
46:36:[46, 84, 88, 94, 82, 78, 36]
46:36:[46, 84, 88, 95, 82, 78, 36]
46:36:[46, 84, 89, 96, 83, 78, 36]
46:36:[46, 84, 89, 97, 83, 78, 36]
46:36:[46, 84, 89, 98, 83, 78, 36]
46:37:[46, 84, 87, 90, 81, 78, 37]
46:37:[46, 84, 87, 91, 81, 78, 37]
46:37:[46, 84, 87, 92, 81, 78, 37]
46:37:[46, 84, 88, 93, 82, 78, 37]
46:37:[46, 84, 88, 94, 82, 78, 37]
46:37:[46, 84, 88, 95, 82, 78, 37]
46:37:[46, 84, 89, 96, 83, 78, 37]
46:37:[46, 84, 89, 97, 83, 78, 37]
46:37:[46, 84, 89, 98, 83, 78, 37]
46:38:[46, 84, 87, 90, 81, 78, 38]
46:38:[46, 84, 87, 91, 81, 78, 38]
46:38:[46, 84, 87, 92, 81, 78, 38]
46:38:[46, 84, 88, 93, 82, 78, 38]
46:38:[46, 84, 88, 94, 82, 78, 38]
46:38:[46, 84, 88, 95, 82, 78, 38]
46:38:[46, 84, 89, 96, 83, 78, 38]
46:38:[46, 84, 89, 97, 83, 78, 38]
46:38:[46, 84, 89, 98, 83, 78, 38]
46:39:[46, 84, 87, 90, 81, 79, 39]
46:39:[46, 84, 87, 91, 81, 79, 39]
46:39:[46, 84, 87, 92, 81, 79, 39]
46:39:[46, 84, 88, 93, 82, 79, 39]
46:39:[46, 84, 88, 94, 82, 79, 39]
46:39:[46, 84, 88, 95, 82, 79, 39]
46:39:[46, 84, 89, 96, 83, 79, 39]
46:39:[46, 84, 89, 97, 83, 79, 39]
46:39:[46, 84, 89, 98, 83, 79, 39]
46:40:[46, 84, 87, 90, 81, 79, 40]
46:40:[46, 84, 87, 91, 81, 79, 40]
46:40:[46, 84, 87, 92, 81, 79, 40]
46:40:[46, 84, 88, 93, 82, 79, 40]
46:40:[46, 84, 88, 94, 82, 79, 40]
46:40:[46, 84, 88, 95, 82, 79, 40]
46:40:[46, 84, 89, 96, 83, 79, 40]
46:40:[46, 84, 89, 97, 83, 79, 40]
46:40:[46, 84, 89, 98, 83, 79, 40]
46:41:[46, 84, 87, 90, 81, 79, 41]
46:41:[46, 84, 87, 91, 81, 79, 41]
46:41:[46, 84, 87, 92, 81, 79, 41]
46:41:[46, 84, 88, 93, 82, 79, 41]
46:41:[46, 84, 88, 94, 82, 79, 41]
46:41:[46, 84, 88, 95, 82, 79, 41]
46:41:[46, 84, 89, 96, 83, 79, 41]
46:41:[46, 84, 89, 97, 83, 79, 41]
46:41:[46, 84, 89, 98, 83, 79, 41]
46:42:[46, 84, 87, 90, 81, 80, 42]
46:42:[46, 84, 87, 91, 81, 80, 42]
46:42:[46, 84, 87, 92, 81, 80, 42]
46:42:[46, 84, 88, 93, 82, 80, 42]
46:42:[46, 84, 88, 94, 82, 80, 42]
46:42:[46, 84, 88, 95, 82, 80, 42]
46:42:[46, 84, 89, 96, 83, 80, 42]
46:42:[46, 84, 89, 97, 83, 80, 42]
46:42:[46, 84, 89, 98, 83, 80, 42]
46:43:[46, 84, 87, 90, 81, 80, 43]
46:43:[46, 84, 87, 91, 81, 80, 43]
46:43:[46, 84, 87, 92, 81, 80, 43]
46:43:[46, 84, 88, 93, 82, 80, 43]
46:43:[46, 84, 88, 94, 82, 80, 43]
46:43:[46, 84, 88, 95, 82, 80, 43]
46:43:[46, 84, 89, 96, 83, 80, 43]
46:43:[46, 84, 89, 97, 83, 80, 43]
46:43:[46, 84, 89, 98, 83, 80, 43]
46:44:[46, 84, 87, 90, 81, 80, 44]
46:44:[46, 84, 87, 91, 81, 80, 44]
46:44:[46, 84, 87, 92, 81, 80, 44]
46:44:[46, 84, 88, 93, 82, 80, 44]
46:44:[46, 84, 88, 94, 82, 80, 44]
46:44:[46, 84, 88, 95, 82, 80, 44]
46:44:[46, 84, 89, 96, 83, 80, 44]
46:44:[46, 84, 89, 97, 83, 80, 44]
46:44:[46, 84, 89, 98, 83, 80, 44]
46:45:[46, 84, 45]
46:47:[46, 84, 47]
46:48:[46, 84, 87, 85, 48]
46:48:[46, 84, 88, 85, 48]
46:48:[46, 84, 89, 85, 48]
46:49:[46, 84, 87, 85, 49]
46:49:[46, 84, 88, 85, 49]
46:49:[46, 84, 89, 85, 49]
46:50:[46, 84, 87, 85, 50]
46:50:[46, 84, 88, 85, 50]
46:50:[46, 84, 89, 85, 50]
46:51:[46, 84, 87, 86, 51]
46:51:[46, 84, 88, 86, 51]
46:51:[46, 84, 89, 86, 51]
46:52:[46, 84, 87, 86, 52]
46:52:[46, 84, 88, 86, 52]
46:52:[46, 84, 89, 86, 52]
46:53:[46, 84, 87, 86, 53]
46:53:[46, 84, 88, 86, 53]
46:53:[46, 84, 89, 86, 53]
47:0:[47, 84, 87, 90, 57, 54, 0]
47:0:[47, 84, 87, 91, 57, 54, 0]
47:0:[47, 84, 87, 92, 57, 54, 0]
47:0:[47, 84, 88, 93, 58, 54, 0]
47:0:[47, 84, 88, 94, 58, 54, 0]
47:0:[47, 84, 88, 95, 58, 54, 0]
47:0:[47, 84, 89, 96, 59, 54, 0]
47:0:[47, 84, 89, 97, 59, 54, 0]
47:0:[47, 84, 89, 98, 59, 54, 0]
47:1:[47, 84, 87, 90, 57, 54, 1]
47:1:[47, 84, 87, 91, 57, 54, 1]
47:1:[47, 84, 87, 92, 57, 54, 1]
47:1:[47, 84, 88, 93, 58, 54, 1]
47:1:[47, 84, 88, 94, 58, 54, 1]
47:1:[47, 84, 88, 95, 58, 54, 1]
47:1:[47, 84, 89, 96, 59, 54, 1]
47:1:[47, 84, 89, 97, 59, 54, 1]
47:1:[47, 84, 89, 98, 59, 54, 1]
47:2:[47, 84, 87, 90, 57, 54, 2]
47:2:[47, 84, 87, 91, 57, 54, 2]
47:2:[47, 84, 87, 92, 57, 54, 2]
47:2:[47, 84, 88, 93, 58, 54, 2]
47:2:[47, 84, 88, 94, 58, 54, 2]
47:2:[47, 84, 88, 95, 58, 54, 2]
47:2:[47, 84, 89, 96, 59, 54, 2]
47:2:[47, 84, 89, 97, 59, 54, 2]
47:2:[47, 84, 89, 98, 59, 54, 2]
47:3:[47, 84, 87, 90, 57, 55, 3]
47:3:[47, 84, 87, 91, 57, 55, 3]
47:3:[47, 84, 87, 92, 57, 55, 3]
47:3:[47, 84, 88, 93, 58, 55, 3]
47:3:[47, 84, 88, 94, 58, 55, 3]
47:3:[47, 84, 88, 95, 58, 55, 3]
47:3:[47, 84, 89, 96, 59, 55, 3]
47:3:[47, 84, 89, 97, 59, 55, 3]
47:3:[47, 84, 89, 98, 59, 55, 3]
47:4:[47, 84, 87, 90, 57, 55, 4]
47:4:[47, 84, 87, 91, 57, 55, 4]
47:4:[47, 84, 87, 92, 57, 55, 4]
47:4:[47, 84, 88, 93, 58, 55, 4]
47:4:[47, 84, 88, 94, 58, 55, 4]
47:4:[47, 84, 88, 95, 58, 55, 4]
47:4:[47, 84, 89, 96, 59, 55, 4]
47:4:[47, 84, 89, 97, 59, 55, 4]
47:4:[47, 84, 89, 98, 59, 55, 4]
47:5:[47, 84, 87, 90, 57, 55, 5]
47:5:[47, 84, 87, 91, 57, 55, 5]
47:5:[47, 84, 87, 92, 57, 55, 5]
47:5:[47, 84, 88, 93, 58, 55, 5]
47:5:[47, 84, 88, 94, 58, 55, 5]
47:5:[47, 84, 88, 95, 58, 55, 5]
47:5:[47, 84, 89, 96, 59, 55, 5]
47:5:[47, 84, 89, 97, 59, 55, 5]
47:5:[47, 84, 89, 98, 59, 55, 5]
47:6:[47, 84, 87, 90, 57, 56, 6]
47:6:[47, 84, 87, 91, 57, 56, 6]
47:6:[47, 84, 87, 92, 57, 56, 6]
47:6:[47, 84, 88, 93, 58, 56, 6]
47:6:[47, 84, 88, 94, 58, 56, 6]
47:6:[47, 84, 88, 95, 58, 56, 6]
47:6:[47, 84, 89, 96, 59, 56, 6]
47:6:[47, 84, 89, 97, 59, 56, 6]
47:6:[47, 84, 89, 98, 59, 56, 6]
47:7:[47, 84, 87, 90, 57, 56, 7]
47:7:[47, 84, 87, 91, 57, 56, 7]
47:7:[47, 84, 87, 92, 57, 56, 7]
47:7:[47, 84, 88, 93, 58, 56, 7]
47:7:[47, 84, 88, 94, 58, 56, 7]
47:7:[47, 84, 88, 95, 58, 56, 7]
47:7:[47, 84, 89, 96, 59, 56, 7]
47:7:[47, 84, 89, 97, 59, 56, 7]
47:7:[47, 84, 89, 98, 59, 56, 7]
47:8:[47, 84, 87, 90, 57, 56, 8]
47:8:[47, 84, 87, 91, 57, 56, 8]
47:8:[47, 84, 87, 92, 57, 56, 8]
47:8:[47, 84, 88, 93, 58, 56, 8]
47:8:[47, 84, 88, 94, 58, 56, 8]
47:8:[47, 84, 88, 95, 58, 56, 8]
47:8:[47, 84, 89, 96, 59, 56, 8]
47:8:[47, 84, 89, 97, 59, 56, 8]
47:8:[47, 84, 89, 98, 59, 56, 8]
47:9:[47, 84, 87, 90, 63, 60, 9]
47:9:[47, 84, 87, 91, 63, 60, 9]
47:9:[47, 84, 87, 92, 63, 60, 9]
47:9:[47, 84, 88, 93, 64, 60, 9]
47:9:[47, 84, 88, 94, 64, 60, 9]
47:9:[47, 84, 88, 95, 64, 60, 9]
47:9:[47, 84, 89, 96, 65, 60, 9]
47:9:[47, 84, 89, 97, 65, 60, 9]
47:9:[47, 84, 89, 98, 65, 60, 9]
47:10:[47, 84, 87, 90, 63, 60, 10]
47:10:[47, 84, 87, 91, 63, 60, 10]
47:10:[47, 84, 87, 92, 63, 60, 10]
47:10:[47, 84, 88, 93, 64, 60, 10]
47:10:[47, 84, 88, 94, 64, 60, 10]
47:10:[47, 84, 88, 95, 64, 60, 10]
47:10:[47, 84, 89, 96, 65, 60, 10]
47:10:[47, 84, 89, 97, 65, 60, 10]
47:10:[47, 84, 89, 98, 65, 60, 10]
47:11:[47, 84, 87, 90, 63, 60, 11]
47:11:[47, 84, 87, 91, 63, 60, 11]
47:11:[47, 84, 87, 92, 63, 60, 11]
47:11:[47, 84, 88, 93, 64, 60, 11]
47:11:[47, 84, 88, 94, 64, 60, 11]
47:11:[47, 84, 88, 95, 64, 60, 11]
47:11:[47, 84, 89, 96, 65, 60, 11]
47:11:[47, 84, 89, 97, 65, 60, 11]
47:11:[47, 84, 89, 98, 65, 60, 11]
47:12:[47, 84, 87, 90, 63, 61, 12]
47:12:[47, 84, 87, 91, 63, 61, 12]
47:12:[47, 84, 87, 92, 63, 61, 12]
47:12:[47, 84, 88, 93, 64, 61, 12]
47:12:[47, 84, 88, 94, 64, 61, 12]
47:12:[47, 84, 88, 95, 64, 61, 12]
47:12:[47, 84, 89, 96, 65, 61, 12]
47:12:[47, 84, 89, 97, 65, 61, 12]
47:12:[47, 84, 89, 98, 65, 61, 12]
47:13:[47, 84, 87, 90, 63, 61, 13]
47:13:[47, 84, 87, 91, 63, 61, 13]
47:13:[47, 84, 87, 92, 63, 61, 13]
47:13:[47, 84, 88, 93, 64, 61, 13]
47:13:[47, 84, 88, 94, 64, 61, 13]
47:13:[47, 84, 88, 95, 64, 61, 13]
47:13:[47, 84, 89, 96, 65, 61, 13]
47:13:[47, 84, 89, 97, 65, 61, 13]
47:13:[47, 84, 89, 98, 65, 61, 13]
47:14:[47, 84, 87, 90, 63, 61, 14]
47:14:[47, 84, 87, 91, 63, 61, 14]
47:14:[47, 84, 87, 92, 63, 61, 14]
47:14:[47, 84, 88, 93, 64, 61, 14]
47:14:[47, 84, 88, 94, 64, 61, 14]
47:14:[47, 84, 88, 95, 64, 61, 14]
47:14:[47, 84, 89, 96, 65, 61, 14]
47:14:[47, 84, 89, 97, 65, 61, 14]
47:14:[47, 84, 89, 98, 65, 61, 14]
47:15:[47, 84, 87, 90, 63, 62, 15]
47:15:[47, 84, 87, 91, 63, 62, 15]
47:15:[47, 84, 87, 92, 63, 62, 15]
47:15:[47, 84, 88, 93, 64, 62, 15]
47:15:[47, 84, 88, 94, 64, 62, 15]
47:15:[47, 84, 88, 95, 64, 62, 15]
47:15:[47, 84, 89, 96, 65, 62, 15]
47:15:[47, 84, 89, 97, 65, 62, 15]
47:15:[47, 84, 89, 98, 65, 62, 15]
47:16:[47, 84, 87, 90, 63, 62, 16]
47:16:[47, 84, 87, 91, 63, 62, 16]
47:16:[47, 84, 87, 92, 63, 62, 16]
47:16:[47, 84, 88, 93, 64, 62, 16]
47:16:[47, 84, 88, 94, 64, 62, 16]
47:16:[47, 84, 88, 95, 64, 62, 16]
47:16:[47, 84, 89, 96, 65, 62, 16]
47:16:[47, 84, 89, 97, 65, 62, 16]
47:16:[47, 84, 89, 98, 65, 62, 16]
47:17:[47, 84, 87, 90, 63, 62, 17]
47:17:[47, 84, 87, 91, 63, 62, 17]
47:17:[47, 84, 87, 92, 63, 62, 17]
47:17:[47, 84, 88, 93, 64, 62, 17]
47:17:[47, 84, 88, 94, 64, 62, 17]
47:17:[47, 84, 88, 95, 64, 62, 17]
47:17:[47, 84, 89, 96, 65, 62, 17]
47:17:[47, 84, 89, 97, 65, 62, 17]
47:17:[47, 84, 89, 98, 65, 62, 17]
47:18:[47, 84, 87, 90, 69, 66, 18]
47:18:[47, 84, 87, 91, 69, 66, 18]
47:18:[47, 84, 87, 92, 69, 66, 18]
47:18:[47, 84, 88, 93, 70, 66, 18]
47:18:[47, 84, 88, 94, 70, 66, 18]
47:18:[47, 84, 88, 95, 70, 66, 18]
47:18:[47, 84, 89, 96, 71, 66, 18]
47:18:[47, 84, 89, 97, 71, 66, 18]
47:18:[47, 84, 89, 98, 71, 66, 18]
47:19:[47, 84, 87, 90, 69, 66, 19]
47:19:[47, 84, 87, 91, 69, 66, 19]
47:19:[47, 84, 87, 92, 69, 66, 19]
47:19:[47, 84, 88, 93, 70, 66, 19]
47:19:[47, 84, 88, 94, 70, 66, 19]
47:19:[47, 84, 88, 95, 70, 66, 19]
47:19:[47, 84, 89, 96, 71, 66, 19]
47:19:[47, 84, 89, 97, 71, 66, 19]
47:19:[47, 84, 89, 98, 71, 66, 19]
47:20:[47, 84, 87, 90, 69, 66, 20]
47:20:[47, 84, 87, 91, 69, 66, 20]
47:20:[47, 84, 87, 92, 69, 66, 20]
47:20:[47, 84, 88, 93, 70, 66, 20]
47:20:[47, 84, 88, 94, 70, 66, 20]
47:20:[47, 84, 88, 95, 70, 66, 20]
47:20:[47, 84, 89, 96, 71, 66, 20]
47:20:[47, 84, 89, 97, 71, 66, 20]
47:20:[47, 84, 89, 98, 71, 66, 20]
47:21:[47, 84, 87, 90, 69, 67, 21]
47:21:[47, 84, 87, 91, 69, 67, 21]
47:21:[47, 84, 87, 92, 69, 67, 21]
47:21:[47, 84, 88, 93, 70, 67, 21]
47:21:[47, 84, 88, 94, 70, 67, 21]
47:21:[47, 84, 88, 95, 70, 67, 21]
47:21:[47, 84, 89, 96, 71, 67, 21]
47:21:[47, 84, 89, 97, 71, 67, 21]
47:21:[47, 84, 89, 98, 71, 67, 21]
47:22:[47, 84, 87, 90, 69, 67, 22]
47:22:[47, 84, 87, 91, 69, 67, 22]
47:22:[47, 84, 87, 92, 69, 67, 22]
47:22:[47, 84, 88, 93, 70, 67, 22]
47:22:[47, 84, 88, 94, 70, 67, 22]
47:22:[47, 84, 88, 95, 70, 67, 22]
47:22:[47, 84, 89, 96, 71, 67, 22]
47:22:[47, 84, 89, 97, 71, 67, 22]
47:22:[47, 84, 89, 98, 71, 67, 22]
47:23:[47, 84, 87, 90, 69, 67, 23]
47:23:[47, 84, 87, 91, 69, 67, 23]
47:23:[47, 84, 87, 92, 69, 67, 23]
47:23:[47, 84, 88, 93, 70, 67, 23]
47:23:[47, 84, 88, 94, 70, 67, 23]
47:23:[47, 84, 88, 95, 70, 67, 23]
47:23:[47, 84, 89, 96, 71, 67, 23]
47:23:[47, 84, 89, 97, 71, 67, 23]
47:23:[47, 84, 89, 98, 71, 67, 23]
47:24:[47, 84, 87, 90, 69, 68, 24]
47:24:[47, 84, 87, 91, 69, 68, 24]
47:24:[47, 84, 87, 92, 69, 68, 24]
47:24:[47, 84, 88, 93, 70, 68, 24]
47:24:[47, 84, 88, 94, 70, 68, 24]
47:24:[47, 84, 88, 95, 70, 68, 24]
47:24:[47, 84, 89, 96, 71, 68, 24]
47:24:[47, 84, 89, 97, 71, 68, 24]
47:24:[47, 84, 89, 98, 71, 68, 24]
47:25:[47, 84, 87, 90, 69, 68, 25]
47:25:[47, 84, 87, 91, 69, 68, 25]
47:25:[47, 84, 87, 92, 69, 68, 25]
47:25:[47, 84, 88, 93, 70, 68, 25]
47:25:[47, 84, 88, 94, 70, 68, 25]
47:25:[47, 84, 88, 95, 70, 68, 25]
47:25:[47, 84, 89, 96, 71, 68, 25]
47:25:[47, 84, 89, 97, 71, 68, 25]
47:25:[47, 84, 89, 98, 71, 68, 25]
47:26:[47, 84, 87, 90, 69, 68, 26]
47:26:[47, 84, 87, 91, 69, 68, 26]
47:26:[47, 84, 87, 92, 69, 68, 26]
47:26:[47, 84, 88, 93, 70, 68, 26]
47:26:[47, 84, 88, 94, 70, 68, 26]
47:26:[47, 84, 88, 95, 70, 68, 26]
47:26:[47, 84, 89, 96, 71, 68, 26]
47:26:[47, 84, 89, 97, 71, 68, 26]
47:26:[47, 84, 89, 98, 71, 68, 26]
47:27:[47, 84, 87, 90, 75, 72, 27]
47:27:[47, 84, 87, 91, 75, 72, 27]
47:27:[47, 84, 87, 92, 75, 72, 27]
47:27:[47, 84, 88, 93, 76, 72, 27]
47:27:[47, 84, 88, 94, 76, 72, 27]
47:27:[47, 84, 88, 95, 76, 72, 27]
47:27:[47, 84, 89, 96, 77, 72, 27]
47:27:[47, 84, 89, 97, 77, 72, 27]
47:27:[47, 84, 89, 98, 77, 72, 27]
47:28:[47, 84, 87, 90, 75, 72, 28]
47:28:[47, 84, 87, 91, 75, 72, 28]
47:28:[47, 84, 87, 92, 75, 72, 28]
47:28:[47, 84, 88, 93, 76, 72, 28]
47:28:[47, 84, 88, 94, 76, 72, 28]
47:28:[47, 84, 88, 95, 76, 72, 28]
47:28:[47, 84, 89, 96, 77, 72, 28]
47:28:[47, 84, 89, 97, 77, 72, 28]
47:28:[47, 84, 89, 98, 77, 72, 28]
47:29:[47, 84, 87, 90, 75, 72, 29]
47:29:[47, 84, 87, 91, 75, 72, 29]
47:29:[47, 84, 87, 92, 75, 72, 29]
47:29:[47, 84, 88, 93, 76, 72, 29]
47:29:[47, 84, 88, 94, 76, 72, 29]
47:29:[47, 84, 88, 95, 76, 72, 29]
47:29:[47, 84, 89, 96, 77, 72, 29]
47:29:[47, 84, 89, 97, 77, 72, 29]
47:29:[47, 84, 89, 98, 77, 72, 29]
47:30:[47, 84, 87, 90, 75, 73, 30]
47:30:[47, 84, 87, 91, 75, 73, 30]
47:30:[47, 84, 87, 92, 75, 73, 30]
47:30:[47, 84, 88, 93, 76, 73, 30]
47:30:[47, 84, 88, 94, 76, 73, 30]
47:30:[47, 84, 88, 95, 76, 73, 30]
47:30:[47, 84, 89, 96, 77, 73, 30]
47:30:[47, 84, 89, 97, 77, 73, 30]
47:30:[47, 84, 89, 98, 77, 73, 30]
47:31:[47, 84, 87, 90, 75, 73, 31]
47:31:[47, 84, 87, 91, 75, 73, 31]
47:31:[47, 84, 87, 92, 75, 73, 31]
47:31:[47, 84, 88, 93, 76, 73, 31]
47:31:[47, 84, 88, 94, 76, 73, 31]
47:31:[47, 84, 88, 95, 76, 73, 31]
47:31:[47, 84, 89, 96, 77, 73, 31]
47:31:[47, 84, 89, 97, 77, 73, 31]
47:31:[47, 84, 89, 98, 77, 73, 31]
47:32:[47, 84, 87, 90, 75, 73, 32]
47:32:[47, 84, 87, 91, 75, 73, 32]
47:32:[47, 84, 87, 92, 75, 73, 32]
47:32:[47, 84, 88, 93, 76, 73, 32]
47:32:[47, 84, 88, 94, 76, 73, 32]
47:32:[47, 84, 88, 95, 76, 73, 32]
47:32:[47, 84, 89, 96, 77, 73, 32]
47:32:[47, 84, 89, 97, 77, 73, 32]
47:32:[47, 84, 89, 98, 77, 73, 32]
47:33:[47, 84, 87, 90, 75, 74, 33]
47:33:[47, 84, 87, 91, 75, 74, 33]
47:33:[47, 84, 87, 92, 75, 74, 33]
47:33:[47, 84, 88, 93, 76, 74, 33]
47:33:[47, 84, 88, 94, 76, 74, 33]
47:33:[47, 84, 88, 95, 76, 74, 33]
47:33:[47, 84, 89, 96, 77, 74, 33]
47:33:[47, 84, 89, 97, 77, 74, 33]
47:33:[47, 84, 89, 98, 77, 74, 33]
47:34:[47, 84, 87, 90, 75, 74, 34]
47:34:[47, 84, 87, 91, 75, 74, 34]
47:34:[47, 84, 87, 92, 75, 74, 34]
47:34:[47, 84, 88, 93, 76, 74, 34]
47:34:[47, 84, 88, 94, 76, 74, 34]
47:34:[47, 84, 88, 95, 76, 74, 34]
47:34:[47, 84, 89, 96, 77, 74, 34]
47:34:[47, 84, 89, 97, 77, 74, 34]
47:34:[47, 84, 89, 98, 77, 74, 34]
47:35:[47, 84, 87, 90, 75, 74, 35]
47:35:[47, 84, 87, 91, 75, 74, 35]
47:35:[47, 84, 87, 92, 75, 74, 35]
47:35:[47, 84, 88, 93, 76, 74, 35]
47:35:[47, 84, 88, 94, 76, 74, 35]
47:35:[47, 84, 88, 95, 76, 74, 35]
47:35:[47, 84, 89, 96, 77, 74, 35]
47:35:[47, 84, 89, 97, 77, 74, 35]
47:35:[47, 84, 89, 98, 77, 74, 35]
47:36:[47, 84, 87, 90, 81, 78, 36]
47:36:[47, 84, 87, 91, 81, 78, 36]
47:36:[47, 84, 87, 92, 81, 78, 36]
47:36:[47, 84, 88, 93, 82, 78, 36]
47:36:[47, 84, 88, 94, 82, 78, 36]
47:36:[47, 84, 88, 95, 82, 78, 36]
47:36:[47, 84, 89, 96, 83, 78, 36]
47:36:[47, 84, 89, 97, 83, 78, 36]
47:36:[47, 84, 89, 98, 83, 78, 36]
47:37:[47, 84, 87, 90, 81, 78, 37]
47:37:[47, 84, 87, 91, 81, 78, 37]
47:37:[47, 84, 87, 92, 81, 78, 37]
47:37:[47, 84, 88, 93, 82, 78, 37]
47:37:[47, 84, 88, 94, 82, 78, 37]
47:37:[47, 84, 88, 95, 82, 78, 37]
47:37:[47, 84, 89, 96, 83, 78, 37]
47:37:[47, 84, 89, 97, 83, 78, 37]
47:37:[47, 84, 89, 98, 83, 78, 37]
47:38:[47, 84, 87, 90, 81, 78, 38]
47:38:[47, 84, 87, 91, 81, 78, 38]
47:38:[47, 84, 87, 92, 81, 78, 38]
47:38:[47, 84, 88, 93, 82, 78, 38]
47:38:[47, 84, 88, 94, 82, 78, 38]
47:38:[47, 84, 88, 95, 82, 78, 38]
47:38:[47, 84, 89, 96, 83, 78, 38]
47:38:[47, 84, 89, 97, 83, 78, 38]
47:38:[47, 84, 89, 98, 83, 78, 38]
47:39:[47, 84, 87, 90, 81, 79, 39]
47:39:[47, 84, 87, 91, 81, 79, 39]
47:39:[47, 84, 87, 92, 81, 79, 39]
47:39:[47, 84, 88, 93, 82, 79, 39]
47:39:[47, 84, 88, 94, 82, 79, 39]
47:39:[47, 84, 88, 95, 82, 79, 39]
47:39:[47, 84, 89, 96, 83, 79, 39]
47:39:[47, 84, 89, 97, 83, 79, 39]
47:39:[47, 84, 89, 98, 83, 79, 39]
47:40:[47, 84, 87, 90, 81, 79, 40]
47:40:[47, 84, 87, 91, 81, 79, 40]
47:40:[47, 84, 87, 92, 81, 79, 40]
47:40:[47, 84, 88, 93, 82, 79, 40]
47:40:[47, 84, 88, 94, 82, 79, 40]
47:40:[47, 84, 88, 95, 82, 79, 40]
47:40:[47, 84, 89, 96, 83, 79, 40]
47:40:[47, 84, 89, 97, 83, 79, 40]
47:40:[47, 84, 89, 98, 83, 79, 40]
47:41:[47, 84, 87, 90, 81, 79, 41]
47:41:[47, 84, 87, 91, 81, 79, 41]
47:41:[47, 84, 87, 92, 81, 79, 41]
47:41:[47, 84, 88, 93, 82, 79, 41]
47:41:[47, 84, 88, 94, 82, 79, 41]
47:41:[47, 84, 88, 95, 82, 79, 41]
47:41:[47, 84, 89, 96, 83, 79, 41]
47:41:[47, 84, 89, 97, 83, 79, 41]
47:41:[47, 84, 89, 98, 83, 79, 41]
47:42:[47, 84, 87, 90, 81, 80, 42]
47:42:[47, 84, 87, 91, 81, 80, 42]
47:42:[47, 84, 87, 92, 81, 80, 42]
47:42:[47, 84, 88, 93, 82, 80, 42]
47:42:[47, 84, 88, 94, 82, 80, 42]
47:42:[47, 84, 88, 95, 82, 80, 42]
47:42:[47, 84, 89, 96, 83, 80, 42]
47:42:[47, 84, 89, 97, 83, 80, 42]
47:42:[47, 84, 89, 98, 83, 80, 42]
47:43:[47, 84, 87, 90, 81, 80, 43]
47:43:[47, 84, 87, 91, 81, 80, 43]
47:43:[47, 84, 87, 92, 81, 80, 43]
47:43:[47, 84, 88, 93, 82, 80, 43]
47:43:[47, 84, 88, 94, 82, 80, 43]
47:43:[47, 84, 88, 95, 82, 80, 43]
47:43:[47, 84, 89, 96, 83, 80, 43]
47:43:[47, 84, 89, 97, 83, 80, 43]
47:43:[47, 84, 89, 98, 83, 80, 43]
47:44:[47, 84, 87, 90, 81, 80, 44]
47:44:[47, 84, 87, 91, 81, 80, 44]
47:44:[47, 84, 87, 92, 81, 80, 44]
47:44:[47, 84, 88, 93, 82, 80, 44]
47:44:[47, 84, 88, 94, 82, 80, 44]
47:44:[47, 84, 88, 95, 82, 80, 44]
47:44:[47, 84, 89, 96, 83, 80, 44]
47:44:[47, 84, 89, 97, 83, 80, 44]
47:44:[47, 84, 89, 98, 83, 80, 44]
47:45:[47, 84, 45]
47:46:[47, 84, 46]
47:48:[47, 84, 87, 85, 48]
47:48:[47, 84, 88, 85, 48]
47:48:[47, 84, 89, 85, 48]
47:49:[47, 84, 87, 85, 49]
47:49:[47, 84, 88, 85, 49]
47:49:[47, 84, 89, 85, 49]
47:50:[47, 84, 87, 85, 50]
47:50:[47, 84, 88, 85, 50]
47:50:[47, 84, 89, 85, 50]
47:51:[47, 84, 87, 86, 51]
47:51:[47, 84, 88, 86, 51]
47:51:[47, 84, 89, 86, 51]
47:52:[47, 84, 87, 86, 52]
47:52:[47, 84, 88, 86, 52]
47:52:[47, 84, 89, 86, 52]
47:53:[47, 84, 87, 86, 53]
47:53:[47, 84, 88, 86, 53]
47:53:[47, 84, 89, 86, 53]
48:0:[48, 85, 87, 90, 57, 54, 0]
48:0:[48, 85, 87, 91, 57, 54, 0]
48:0:[48, 85, 87, 92, 57, 54, 0]
48:0:[48, 85, 88, 93, 58, 54, 0]
48:0:[48, 85, 88, 94, 58, 54, 0]
48:0:[48, 85, 88, 95, 58, 54, 0]
48:0:[48, 85, 89, 96, 59, 54, 0]
48:0:[48, 85, 89, 97, 59, 54, 0]
48:0:[48, 85, 89, 98, 59, 54, 0]
48:1:[48, 85, 87, 90, 57, 54, 1]
48:1:[48, 85, 87, 91, 57, 54, 1]
48:1:[48, 85, 87, 92, 57, 54, 1]
48:1:[48, 85, 88, 93, 58, 54, 1]
48:1:[48, 85, 88, 94, 58, 54, 1]
48:1:[48, 85, 88, 95, 58, 54, 1]
48:1:[48, 85, 89, 96, 59, 54, 1]
48:1:[48, 85, 89, 97, 59, 54, 1]
48:1:[48, 85, 89, 98, 59, 54, 1]
48:2:[48, 85, 87, 90, 57, 54, 2]
48:2:[48, 85, 87, 91, 57, 54, 2]
48:2:[48, 85, 87, 92, 57, 54, 2]
48:2:[48, 85, 88, 93, 58, 54, 2]
48:2:[48, 85, 88, 94, 58, 54, 2]
48:2:[48, 85, 88, 95, 58, 54, 2]
48:2:[48, 85, 89, 96, 59, 54, 2]
48:2:[48, 85, 89, 97, 59, 54, 2]
48:2:[48, 85, 89, 98, 59, 54, 2]
48:3:[48, 85, 87, 90, 57, 55, 3]
48:3:[48, 85, 87, 91, 57, 55, 3]
48:3:[48, 85, 87, 92, 57, 55, 3]
48:3:[48, 85, 88, 93, 58, 55, 3]
48:3:[48, 85, 88, 94, 58, 55, 3]
48:3:[48, 85, 88, 95, 58, 55, 3]
48:3:[48, 85, 89, 96, 59, 55, 3]
48:3:[48, 85, 89, 97, 59, 55, 3]
48:3:[48, 85, 89, 98, 59, 55, 3]
48:4:[48, 85, 87, 90, 57, 55, 4]
48:4:[48, 85, 87, 91, 57, 55, 4]
48:4:[48, 85, 87, 92, 57, 55, 4]
48:4:[48, 85, 88, 93, 58, 55, 4]
48:4:[48, 85, 88, 94, 58, 55, 4]
48:4:[48, 85, 88, 95, 58, 55, 4]
48:4:[48, 85, 89, 96, 59, 55, 4]
48:4:[48, 85, 89, 97, 59, 55, 4]
48:4:[48, 85, 89, 98, 59, 55, 4]
48:5:[48, 85, 87, 90, 57, 55, 5]
48:5:[48, 85, 87, 91, 57, 55, 5]
48:5:[48, 85, 87, 92, 57, 55, 5]
48:5:[48, 85, 88, 93, 58, 55, 5]
48:5:[48, 85, 88, 94, 58, 55, 5]
48:5:[48, 85, 88, 95, 58, 55, 5]
48:5:[48, 85, 89, 96, 59, 55, 5]
48:5:[48, 85, 89, 97, 59, 55, 5]
48:5:[48, 85, 89, 98, 59, 55, 5]
48:6:[48, 85, 87, 90, 57, 56, 6]
48:6:[48, 85, 87, 91, 57, 56, 6]
48:6:[48, 85, 87, 92, 57, 56, 6]
48:6:[48, 85, 88, 93, 58, 56, 6]
48:6:[48, 85, 88, 94, 58, 56, 6]
48:6:[48, 85, 88, 95, 58, 56, 6]
48:6:[48, 85, 89, 96, 59, 56, 6]
48:6:[48, 85, 89, 97, 59, 56, 6]
48:6:[48, 85, 89, 98, 59, 56, 6]
48:7:[48, 85, 87, 90, 57, 56, 7]
48:7:[48, 85, 87, 91, 57, 56, 7]
48:7:[48, 85, 87, 92, 57, 56, 7]
48:7:[48, 85, 88, 93, 58, 56, 7]
48:7:[48, 85, 88, 94, 58, 56, 7]
48:7:[48, 85, 88, 95, 58, 56, 7]
48:7:[48, 85, 89, 96, 59, 56, 7]
48:7:[48, 85, 89, 97, 59, 56, 7]
48:7:[48, 85, 89, 98, 59, 56, 7]
48:8:[48, 85, 87, 90, 57, 56, 8]
48:8:[48, 85, 87, 91, 57, 56, 8]
48:8:[48, 85, 87, 92, 57, 56, 8]
48:8:[48, 85, 88, 93, 58, 56, 8]
48:8:[48, 85, 88, 94, 58, 56, 8]
48:8:[48, 85, 88, 95, 58, 56, 8]
48:8:[48, 85, 89, 96, 59, 56, 8]
48:8:[48, 85, 89, 97, 59, 56, 8]
48:8:[48, 85, 89, 98, 59, 56, 8]
48:9:[48, 85, 87, 90, 63, 60, 9]
48:9:[48, 85, 87, 91, 63, 60, 9]
48:9:[48, 85, 87, 92, 63, 60, 9]
48:9:[48, 85, 88, 93, 64, 60, 9]
48:9:[48, 85, 88, 94, 64, 60, 9]
48:9:[48, 85, 88, 95, 64, 60, 9]
48:9:[48, 85, 89, 96, 65, 60, 9]
48:9:[48, 85, 89, 97, 65, 60, 9]
48:9:[48, 85, 89, 98, 65, 60, 9]
48:10:[48, 85, 87, 90, 63, 60, 10]
48:10:[48, 85, 87, 91, 63, 60, 10]
48:10:[48, 85, 87, 92, 63, 60, 10]
48:10:[48, 85, 88, 93, 64, 60, 10]
48:10:[48, 85, 88, 94, 64, 60, 10]
48:10:[48, 85, 88, 95, 64, 60, 10]
48:10:[48, 85, 89, 96, 65, 60, 10]
48:10:[48, 85, 89, 97, 65, 60, 10]
48:10:[48, 85, 89, 98, 65, 60, 10]
48:11:[48, 85, 87, 90, 63, 60, 11]
48:11:[48, 85, 87, 91, 63, 60, 11]
48:11:[48, 85, 87, 92, 63, 60, 11]
48:11:[48, 85, 88, 93, 64, 60, 11]
48:11:[48, 85, 88, 94, 64, 60, 11]
48:11:[48, 85, 88, 95, 64, 60, 11]
48:11:[48, 85, 89, 96, 65, 60, 11]
48:11:[48, 85, 89, 97, 65, 60, 11]
48:11:[48, 85, 89, 98, 65, 60, 11]
48:12:[48, 85, 87, 90, 63, 61, 12]
48:12:[48, 85, 87, 91, 63, 61, 12]
48:12:[48, 85, 87, 92, 63, 61, 12]
48:12:[48, 85, 88, 93, 64, 61, 12]
48:12:[48, 85, 88, 94, 64, 61, 12]
48:12:[48, 85, 88, 95, 64, 61, 12]
48:12:[48, 85, 89, 96, 65, 61, 12]
48:12:[48, 85, 89, 97, 65, 61, 12]
48:12:[48, 85, 89, 98, 65, 61, 12]
48:13:[48, 85, 87, 90, 63, 61, 13]
48:13:[48, 85, 87, 91, 63, 61, 13]
48:13:[48, 85, 87, 92, 63, 61, 13]
48:13:[48, 85, 88, 93, 64, 61, 13]
48:13:[48, 85, 88, 94, 64, 61, 13]
48:13:[48, 85, 88, 95, 64, 61, 13]
48:13:[48, 85, 89, 96, 65, 61, 13]
48:13:[48, 85, 89, 97, 65, 61, 13]
48:13:[48, 85, 89, 98, 65, 61, 13]
48:14:[48, 85, 87, 90, 63, 61, 14]
48:14:[48, 85, 87, 91, 63, 61, 14]
48:14:[48, 85, 87, 92, 63, 61, 14]
48:14:[48, 85, 88, 93, 64, 61, 14]
48:14:[48, 85, 88, 94, 64, 61, 14]
48:14:[48, 85, 88, 95, 64, 61, 14]
48:14:[48, 85, 89, 96, 65, 61, 14]
48:14:[48, 85, 89, 97, 65, 61, 14]
48:14:[48, 85, 89, 98, 65, 61, 14]
48:15:[48, 85, 87, 90, 63, 62, 15]
48:15:[48, 85, 87, 91, 63, 62, 15]
48:15:[48, 85, 87, 92, 63, 62, 15]
48:15:[48, 85, 88, 93, 64, 62, 15]
48:15:[48, 85, 88, 94, 64, 62, 15]
48:15:[48, 85, 88, 95, 64, 62, 15]
48:15:[48, 85, 89, 96, 65, 62, 15]
48:15:[48, 85, 89, 97, 65, 62, 15]
48:15:[48, 85, 89, 98, 65, 62, 15]
48:16:[48, 85, 87, 90, 63, 62, 16]
48:16:[48, 85, 87, 91, 63, 62, 16]
48:16:[48, 85, 87, 92, 63, 62, 16]
48:16:[48, 85, 88, 93, 64, 62, 16]
48:16:[48, 85, 88, 94, 64, 62, 16]
48:16:[48, 85, 88, 95, 64, 62, 16]
48:16:[48, 85, 89, 96, 65, 62, 16]
48:16:[48, 85, 89, 97, 65, 62, 16]
48:16:[48, 85, 89, 98, 65, 62, 16]
48:17:[48, 85, 87, 90, 63, 62, 17]
48:17:[48, 85, 87, 91, 63, 62, 17]
48:17:[48, 85, 87, 92, 63, 62, 17]
48:17:[48, 85, 88, 93, 64, 62, 17]
48:17:[48, 85, 88, 94, 64, 62, 17]
48:17:[48, 85, 88, 95, 64, 62, 17]
48:17:[48, 85, 89, 96, 65, 62, 17]
48:17:[48, 85, 89, 97, 65, 62, 17]
48:17:[48, 85, 89, 98, 65, 62, 17]
48:18:[48, 85, 87, 90, 69, 66, 18]
48:18:[48, 85, 87, 91, 69, 66, 18]
48:18:[48, 85, 87, 92, 69, 66, 18]
48:18:[48, 85, 88, 93, 70, 66, 18]
48:18:[48, 85, 88, 94, 70, 66, 18]
48:18:[48, 85, 88, 95, 70, 66, 18]
48:18:[48, 85, 89, 96, 71, 66, 18]
48:18:[48, 85, 89, 97, 71, 66, 18]
48:18:[48, 85, 89, 98, 71, 66, 18]
48:19:[48, 85, 87, 90, 69, 66, 19]
48:19:[48, 85, 87, 91, 69, 66, 19]
48:19:[48, 85, 87, 92, 69, 66, 19]
48:19:[48, 85, 88, 93, 70, 66, 19]
48:19:[48, 85, 88, 94, 70, 66, 19]
48:19:[48, 85, 88, 95, 70, 66, 19]
48:19:[48, 85, 89, 96, 71, 66, 19]
48:19:[48, 85, 89, 97, 71, 66, 19]
48:19:[48, 85, 89, 98, 71, 66, 19]
48:20:[48, 85, 87, 90, 69, 66, 20]
48:20:[48, 85, 87, 91, 69, 66, 20]
48:20:[48, 85, 87, 92, 69, 66, 20]
48:20:[48, 85, 88, 93, 70, 66, 20]
48:20:[48, 85, 88, 94, 70, 66, 20]
48:20:[48, 85, 88, 95, 70, 66, 20]
48:20:[48, 85, 89, 96, 71, 66, 20]
48:20:[48, 85, 89, 97, 71, 66, 20]
48:20:[48, 85, 89, 98, 71, 66, 20]
48:21:[48, 85, 87, 90, 69, 67, 21]
48:21:[48, 85, 87, 91, 69, 67, 21]
48:21:[48, 85, 87, 92, 69, 67, 21]
48:21:[48, 85, 88, 93, 70, 67, 21]
48:21:[48, 85, 88, 94, 70, 67, 21]
48:21:[48, 85, 88, 95, 70, 67, 21]
48:21:[48, 85, 89, 96, 71, 67, 21]
48:21:[48, 85, 89, 97, 71, 67, 21]
48:21:[48, 85, 89, 98, 71, 67, 21]
48:22:[48, 85, 87, 90, 69, 67, 22]
48:22:[48, 85, 87, 91, 69, 67, 22]
48:22:[48, 85, 87, 92, 69, 67, 22]
48:22:[48, 85, 88, 93, 70, 67, 22]
48:22:[48, 85, 88, 94, 70, 67, 22]
48:22:[48, 85, 88, 95, 70, 67, 22]
48:22:[48, 85, 89, 96, 71, 67, 22]
48:22:[48, 85, 89, 97, 71, 67, 22]
48:22:[48, 85, 89, 98, 71, 67, 22]
48:23:[48, 85, 87, 90, 69, 67, 23]
48:23:[48, 85, 87, 91, 69, 67, 23]
48:23:[48, 85, 87, 92, 69, 67, 23]
48:23:[48, 85, 88, 93, 70, 67, 23]
48:23:[48, 85, 88, 94, 70, 67, 23]
48:23:[48, 85, 88, 95, 70, 67, 23]
48:23:[48, 85, 89, 96, 71, 67, 23]
48:23:[48, 85, 89, 97, 71, 67, 23]
48:23:[48, 85, 89, 98, 71, 67, 23]
48:24:[48, 85, 87, 90, 69, 68, 24]
48:24:[48, 85, 87, 91, 69, 68, 24]
48:24:[48, 85, 87, 92, 69, 68, 24]
48:24:[48, 85, 88, 93, 70, 68, 24]
48:24:[48, 85, 88, 94, 70, 68, 24]
48:24:[48, 85, 88, 95, 70, 68, 24]
48:24:[48, 85, 89, 96, 71, 68, 24]
48:24:[48, 85, 89, 97, 71, 68, 24]
48:24:[48, 85, 89, 98, 71, 68, 24]
48:25:[48, 85, 87, 90, 69, 68, 25]
48:25:[48, 85, 87, 91, 69, 68, 25]
48:25:[48, 85, 87, 92, 69, 68, 25]
48:25:[48, 85, 88, 93, 70, 68, 25]
48:25:[48, 85, 88, 94, 70, 68, 25]
48:25:[48, 85, 88, 95, 70, 68, 25]
48:25:[48, 85, 89, 96, 71, 68, 25]
48:25:[48, 85, 89, 97, 71, 68, 25]
48:25:[48, 85, 89, 98, 71, 68, 25]
48:26:[48, 85, 87, 90, 69, 68, 26]
48:26:[48, 85, 87, 91, 69, 68, 26]
48:26:[48, 85, 87, 92, 69, 68, 26]
48:26:[48, 85, 88, 93, 70, 68, 26]
48:26:[48, 85, 88, 94, 70, 68, 26]
48:26:[48, 85, 88, 95, 70, 68, 26]
48:26:[48, 85, 89, 96, 71, 68, 26]
48:26:[48, 85, 89, 97, 71, 68, 26]
48:26:[48, 85, 89, 98, 71, 68, 26]
48:27:[48, 85, 87, 90, 75, 72, 27]
48:27:[48, 85, 87, 91, 75, 72, 27]
48:27:[48, 85, 87, 92, 75, 72, 27]
48:27:[48, 85, 88, 93, 76, 72, 27]
48:27:[48, 85, 88, 94, 76, 72, 27]
48:27:[48, 85, 88, 95, 76, 72, 27]
48:27:[48, 85, 89, 96, 77, 72, 27]
48:27:[48, 85, 89, 97, 77, 72, 27]
48:27:[48, 85, 89, 98, 77, 72, 27]
48:28:[48, 85, 87, 90, 75, 72, 28]
48:28:[48, 85, 87, 91, 75, 72, 28]
48:28:[48, 85, 87, 92, 75, 72, 28]
48:28:[48, 85, 88, 93, 76, 72, 28]
48:28:[48, 85, 88, 94, 76, 72, 28]
48:28:[48, 85, 88, 95, 76, 72, 28]
48:28:[48, 85, 89, 96, 77, 72, 28]
48:28:[48, 85, 89, 97, 77, 72, 28]
48:28:[48, 85, 89, 98, 77, 72, 28]
48:29:[48, 85, 87, 90, 75, 72, 29]
48:29:[48, 85, 87, 91, 75, 72, 29]
48:29:[48, 85, 87, 92, 75, 72, 29]
48:29:[48, 85, 88, 93, 76, 72, 29]
48:29:[48, 85, 88, 94, 76, 72, 29]
48:29:[48, 85, 88, 95, 76, 72, 29]
48:29:[48, 85, 89, 96, 77, 72, 29]
48:29:[48, 85, 89, 97, 77, 72, 29]
48:29:[48, 85, 89, 98, 77, 72, 29]
48:30:[48, 85, 87, 90, 75, 73, 30]
48:30:[48, 85, 87, 91, 75, 73, 30]
48:30:[48, 85, 87, 92, 75, 73, 30]
48:30:[48, 85, 88, 93, 76, 73, 30]
48:30:[48, 85, 88, 94, 76, 73, 30]
48:30:[48, 85, 88, 95, 76, 73, 30]
48:30:[48, 85, 89, 96, 77, 73, 30]
48:30:[48, 85, 89, 97, 77, 73, 30]
48:30:[48, 85, 89, 98, 77, 73, 30]
48:31:[48, 85, 87, 90, 75, 73, 31]
48:31:[48, 85, 87, 91, 75, 73, 31]
48:31:[48, 85, 87, 92, 75, 73, 31]
48:31:[48, 85, 88, 93, 76, 73, 31]
48:31:[48, 85, 88, 94, 76, 73, 31]
48:31:[48, 85, 88, 95, 76, 73, 31]
48:31:[48, 85, 89, 96, 77, 73, 31]
48:31:[48, 85, 89, 97, 77, 73, 31]
48:31:[48, 85, 89, 98, 77, 73, 31]
48:32:[48, 85, 87, 90, 75, 73, 32]
48:32:[48, 85, 87, 91, 75, 73, 32]
48:32:[48, 85, 87, 92, 75, 73, 32]
48:32:[48, 85, 88, 93, 76, 73, 32]
48:32:[48, 85, 88, 94, 76, 73, 32]
48:32:[48, 85, 88, 95, 76, 73, 32]
48:32:[48, 85, 89, 96, 77, 73, 32]
48:32:[48, 85, 89, 97, 77, 73, 32]
48:32:[48, 85, 89, 98, 77, 73, 32]
48:33:[48, 85, 87, 90, 75, 74, 33]
48:33:[48, 85, 87, 91, 75, 74, 33]
48:33:[48, 85, 87, 92, 75, 74, 33]
48:33:[48, 85, 88, 93, 76, 74, 33]
48:33:[48, 85, 88, 94, 76, 74, 33]
48:33:[48, 85, 88, 95, 76, 74, 33]
48:33:[48, 85, 89, 96, 77, 74, 33]
48:33:[48, 85, 89, 97, 77, 74, 33]
48:33:[48, 85, 89, 98, 77, 74, 33]
48:34:[48, 85, 87, 90, 75, 74, 34]
48:34:[48, 85, 87, 91, 75, 74, 34]
48:34:[48, 85, 87, 92, 75, 74, 34]
48:34:[48, 85, 88, 93, 76, 74, 34]
48:34:[48, 85, 88, 94, 76, 74, 34]
48:34:[48, 85, 88, 95, 76, 74, 34]
48:34:[48, 85, 89, 96, 77, 74, 34]
48:34:[48, 85, 89, 97, 77, 74, 34]
48:34:[48, 85, 89, 98, 77, 74, 34]
48:35:[48, 85, 87, 90, 75, 74, 35]
48:35:[48, 85, 87, 91, 75, 74, 35]
48:35:[48, 85, 87, 92, 75, 74, 35]
48:35:[48, 85, 88, 93, 76, 74, 35]
48:35:[48, 85, 88, 94, 76, 74, 35]
48:35:[48, 85, 88, 95, 76, 74, 35]
48:35:[48, 85, 89, 96, 77, 74, 35]
48:35:[48, 85, 89, 97, 77, 74, 35]
48:35:[48, 85, 89, 98, 77, 74, 35]
48:36:[48, 85, 87, 90, 81, 78, 36]
48:36:[48, 85, 87, 91, 81, 78, 36]
48:36:[48, 85, 87, 92, 81, 78, 36]
48:36:[48, 85, 88, 93, 82, 78, 36]
48:36:[48, 85, 88, 94, 82, 78, 36]
48:36:[48, 85, 88, 95, 82, 78, 36]
48:36:[48, 85, 89, 96, 83, 78, 36]
48:36:[48, 85, 89, 97, 83, 78, 36]
48:36:[48, 85, 89, 98, 83, 78, 36]
48:37:[48, 85, 87, 90, 81, 78, 37]
48:37:[48, 85, 87, 91, 81, 78, 37]
48:37:[48, 85, 87, 92, 81, 78, 37]
48:37:[48, 85, 88, 93, 82, 78, 37]
48:37:[48, 85, 88, 94, 82, 78, 37]
48:37:[48, 85, 88, 95, 82, 78, 37]
48:37:[48, 85, 89, 96, 83, 78, 37]
48:37:[48, 85, 89, 97, 83, 78, 37]
48:37:[48, 85, 89, 98, 83, 78, 37]
48:38:[48, 85, 87, 90, 81, 78, 38]
48:38:[48, 85, 87, 91, 81, 78, 38]
48:38:[48, 85, 87, 92, 81, 78, 38]
48:38:[48, 85, 88, 93, 82, 78, 38]
48:38:[48, 85, 88, 94, 82, 78, 38]
48:38:[48, 85, 88, 95, 82, 78, 38]
48:38:[48, 85, 89, 96, 83, 78, 38]
48:38:[48, 85, 89, 97, 83, 78, 38]
48:38:[48, 85, 89, 98, 83, 78, 38]
48:39:[48, 85, 87, 90, 81, 79, 39]
48:39:[48, 85, 87, 91, 81, 79, 39]
48:39:[48, 85, 87, 92, 81, 79, 39]
48:39:[48, 85, 88, 93, 82, 79, 39]
48:39:[48, 85, 88, 94, 82, 79, 39]
48:39:[48, 85, 88, 95, 82, 79, 39]
48:39:[48, 85, 89, 96, 83, 79, 39]
48:39:[48, 85, 89, 97, 83, 79, 39]
48:39:[48, 85, 89, 98, 83, 79, 39]
48:40:[48, 85, 87, 90, 81, 79, 40]
48:40:[48, 85, 87, 91, 81, 79, 40]
48:40:[48, 85, 87, 92, 81, 79, 40]
48:40:[48, 85, 88, 93, 82, 79, 40]
48:40:[48, 85, 88, 94, 82, 79, 40]
48:40:[48, 85, 88, 95, 82, 79, 40]
48:40:[48, 85, 89, 96, 83, 79, 40]
48:40:[48, 85, 89, 97, 83, 79, 40]
48:40:[48, 85, 89, 98, 83, 79, 40]
48:41:[48, 85, 87, 90, 81, 79, 41]
48:41:[48, 85, 87, 91, 81, 79, 41]
48:41:[48, 85, 87, 92, 81, 79, 41]
48:41:[48, 85, 88, 93, 82, 79, 41]
48:41:[48, 85, 88, 94, 82, 79, 41]
48:41:[48, 85, 88, 95, 82, 79, 41]
48:41:[48, 85, 89, 96, 83, 79, 41]
48:41:[48, 85, 89, 97, 83, 79, 41]
48:41:[48, 85, 89, 98, 83, 79, 41]
48:42:[48, 85, 87, 90, 81, 80, 42]
48:42:[48, 85, 87, 91, 81, 80, 42]
48:42:[48, 85, 87, 92, 81, 80, 42]
48:42:[48, 85, 88, 93, 82, 80, 42]
48:42:[48, 85, 88, 94, 82, 80, 42]
48:42:[48, 85, 88, 95, 82, 80, 42]
48:42:[48, 85, 89, 96, 83, 80, 42]
48:42:[48, 85, 89, 97, 83, 80, 42]
48:42:[48, 85, 89, 98, 83, 80, 42]
48:43:[48, 85, 87, 90, 81, 80, 43]
48:43:[48, 85, 87, 91, 81, 80, 43]
48:43:[48, 85, 87, 92, 81, 80, 43]
48:43:[48, 85, 88, 93, 82, 80, 43]
48:43:[48, 85, 88, 94, 82, 80, 43]
48:43:[48, 85, 88, 95, 82, 80, 43]
48:43:[48, 85, 89, 96, 83, 80, 43]
48:43:[48, 85, 89, 97, 83, 80, 43]
48:43:[48, 85, 89, 98, 83, 80, 43]
48:44:[48, 85, 87, 90, 81, 80, 44]
48:44:[48, 85, 87, 91, 81, 80, 44]
48:44:[48, 85, 87, 92, 81, 80, 44]
48:44:[48, 85, 88, 93, 82, 80, 44]
48:44:[48, 85, 88, 94, 82, 80, 44]
48:44:[48, 85, 88, 95, 82, 80, 44]
48:44:[48, 85, 89, 96, 83, 80, 44]
48:44:[48, 85, 89, 97, 83, 80, 44]
48:44:[48, 85, 89, 98, 83, 80, 44]
48:45:[48, 85, 87, 84, 45]
48:45:[48, 85, 88, 84, 45]
48:45:[48, 85, 89, 84, 45]
48:46:[48, 85, 87, 84, 46]
48:46:[48, 85, 88, 84, 46]
48:46:[48, 85, 89, 84, 46]
48:47:[48, 85, 87, 84, 47]
48:47:[48, 85, 88, 84, 47]
48:47:[48, 85, 89, 84, 47]
48:49:[48, 85, 49]
48:50:[48, 85, 50]
48:51:[48, 85, 87, 86, 51]
48:51:[48, 85, 88, 86, 51]
48:51:[48, 85, 89, 86, 51]
48:52:[48, 85, 87, 86, 52]
48:52:[48, 85, 88, 86, 52]
48:52:[48, 85, 89, 86, 52]
48:53:[48, 85, 87, 86, 53]
48:53:[48, 85, 88, 86, 53]
48:53:[48, 85, 89, 86, 53]
49:0:[49, 85, 87, 90, 57, 54, 0]
49:0:[49, 85, 87, 91, 57, 54, 0]
49:0:[49, 85, 87, 92, 57, 54, 0]
49:0:[49, 85, 88, 93, 58, 54, 0]
49:0:[49, 85, 88, 94, 58, 54, 0]
49:0:[49, 85, 88, 95, 58, 54, 0]
49:0:[49, 85, 89, 96, 59, 54, 0]
49:0:[49, 85, 89, 97, 59, 54, 0]
49:0:[49, 85, 89, 98, 59, 54, 0]
49:1:[49, 85, 87, 90, 57, 54, 1]
49:1:[49, 85, 87, 91, 57, 54, 1]
49:1:[49, 85, 87, 92, 57, 54, 1]
49:1:[49, 85, 88, 93, 58, 54, 1]
49:1:[49, 85, 88, 94, 58, 54, 1]
49:1:[49, 85, 88, 95, 58, 54, 1]
49:1:[49, 85, 89, 96, 59, 54, 1]
49:1:[49, 85, 89, 97, 59, 54, 1]
49:1:[49, 85, 89, 98, 59, 54, 1]
49:2:[49, 85, 87, 90, 57, 54, 2]
49:2:[49, 85, 87, 91, 57, 54, 2]
49:2:[49, 85, 87, 92, 57, 54, 2]
49:2:[49, 85, 88, 93, 58, 54, 2]
49:2:[49, 85, 88, 94, 58, 54, 2]
49:2:[49, 85, 88, 95, 58, 54, 2]
49:2:[49, 85, 89, 96, 59, 54, 2]
49:2:[49, 85, 89, 97, 59, 54, 2]
49:2:[49, 85, 89, 98, 59, 54, 2]
49:3:[49, 85, 87, 90, 57, 55, 3]
49:3:[49, 85, 87, 91, 57, 55, 3]
49:3:[49, 85, 87, 92, 57, 55, 3]
49:3:[49, 85, 88, 93, 58, 55, 3]
49:3:[49, 85, 88, 94, 58, 55, 3]
49:3:[49, 85, 88, 95, 58, 55, 3]
49:3:[49, 85, 89, 96, 59, 55, 3]
49:3:[49, 85, 89, 97, 59, 55, 3]
49:3:[49, 85, 89, 98, 59, 55, 3]
49:4:[49, 85, 87, 90, 57, 55, 4]
49:4:[49, 85, 87, 91, 57, 55, 4]
49:4:[49, 85, 87, 92, 57, 55, 4]
49:4:[49, 85, 88, 93, 58, 55, 4]
49:4:[49, 85, 88, 94, 58, 55, 4]
49:4:[49, 85, 88, 95, 58, 55, 4]
49:4:[49, 85, 89, 96, 59, 55, 4]
49:4:[49, 85, 89, 97, 59, 55, 4]
49:4:[49, 85, 89, 98, 59, 55, 4]
49:5:[49, 85, 87, 90, 57, 55, 5]
49:5:[49, 85, 87, 91, 57, 55, 5]
49:5:[49, 85, 87, 92, 57, 55, 5]
49:5:[49, 85, 88, 93, 58, 55, 5]
49:5:[49, 85, 88, 94, 58, 55, 5]
49:5:[49, 85, 88, 95, 58, 55, 5]
49:5:[49, 85, 89, 96, 59, 55, 5]
49:5:[49, 85, 89, 97, 59, 55, 5]
49:5:[49, 85, 89, 98, 59, 55, 5]
49:6:[49, 85, 87, 90, 57, 56, 6]
49:6:[49, 85, 87, 91, 57, 56, 6]
49:6:[49, 85, 87, 92, 57, 56, 6]
49:6:[49, 85, 88, 93, 58, 56, 6]
49:6:[49, 85, 88, 94, 58, 56, 6]
49:6:[49, 85, 88, 95, 58, 56, 6]
49:6:[49, 85, 89, 96, 59, 56, 6]
49:6:[49, 85, 89, 97, 59, 56, 6]
49:6:[49, 85, 89, 98, 59, 56, 6]
49:7:[49, 85, 87, 90, 57, 56, 7]
49:7:[49, 85, 87, 91, 57, 56, 7]
49:7:[49, 85, 87, 92, 57, 56, 7]
49:7:[49, 85, 88, 93, 58, 56, 7]
49:7:[49, 85, 88, 94, 58, 56, 7]
49:7:[49, 85, 88, 95, 58, 56, 7]
49:7:[49, 85, 89, 96, 59, 56, 7]
49:7:[49, 85, 89, 97, 59, 56, 7]
49:7:[49, 85, 89, 98, 59, 56, 7]
49:8:[49, 85, 87, 90, 57, 56, 8]
49:8:[49, 85, 87, 91, 57, 56, 8]
49:8:[49, 85, 87, 92, 57, 56, 8]
49:8:[49, 85, 88, 93, 58, 56, 8]
49:8:[49, 85, 88, 94, 58, 56, 8]
49:8:[49, 85, 88, 95, 58, 56, 8]
49:8:[49, 85, 89, 96, 59, 56, 8]
49:8:[49, 85, 89, 97, 59, 56, 8]
49:8:[49, 85, 89, 98, 59, 56, 8]
49:9:[49, 85, 87, 90, 63, 60, 9]
49:9:[49, 85, 87, 91, 63, 60, 9]
49:9:[49, 85, 87, 92, 63, 60, 9]
49:9:[49, 85, 88, 93, 64, 60, 9]
49:9:[49, 85, 88, 94, 64, 60, 9]
49:9:[49, 85, 88, 95, 64, 60, 9]
49:9:[49, 85, 89, 96, 65, 60, 9]
49:9:[49, 85, 89, 97, 65, 60, 9]
49:9:[49, 85, 89, 98, 65, 60, 9]
49:10:[49, 85, 87, 90, 63, 60, 10]
49:10:[49, 85, 87, 91, 63, 60, 10]
49:10:[49, 85, 87, 92, 63, 60, 10]
49:10:[49, 85, 88, 93, 64, 60, 10]
49:10:[49, 85, 88, 94, 64, 60, 10]
49:10:[49, 85, 88, 95, 64, 60, 10]
49:10:[49, 85, 89, 96, 65, 60, 10]
49:10:[49, 85, 89, 97, 65, 60, 10]
49:10:[49, 85, 89, 98, 65, 60, 10]
49:11:[49, 85, 87, 90, 63, 60, 11]
49:11:[49, 85, 87, 91, 63, 60, 11]
49:11:[49, 85, 87, 92, 63, 60, 11]
49:11:[49, 85, 88, 93, 64, 60, 11]
49:11:[49, 85, 88, 94, 64, 60, 11]
49:11:[49, 85, 88, 95, 64, 60, 11]
49:11:[49, 85, 89, 96, 65, 60, 11]
49:11:[49, 85, 89, 97, 65, 60, 11]
49:11:[49, 85, 89, 98, 65, 60, 11]
49:12:[49, 85, 87, 90, 63, 61, 12]
49:12:[49, 85, 87, 91, 63, 61, 12]
49:12:[49, 85, 87, 92, 63, 61, 12]
49:12:[49, 85, 88, 93, 64, 61, 12]
49:12:[49, 85, 88, 94, 64, 61, 12]
49:12:[49, 85, 88, 95, 64, 61, 12]
49:12:[49, 85, 89, 96, 65, 61, 12]
49:12:[49, 85, 89, 97, 65, 61, 12]
49:12:[49, 85, 89, 98, 65, 61, 12]
49:13:[49, 85, 87, 90, 63, 61, 13]
49:13:[49, 85, 87, 91, 63, 61, 13]
49:13:[49, 85, 87, 92, 63, 61, 13]
49:13:[49, 85, 88, 93, 64, 61, 13]
49:13:[49, 85, 88, 94, 64, 61, 13]
49:13:[49, 85, 88, 95, 64, 61, 13]
49:13:[49, 85, 89, 96, 65, 61, 13]
49:13:[49, 85, 89, 97, 65, 61, 13]
49:13:[49, 85, 89, 98, 65, 61, 13]
49:14:[49, 85, 87, 90, 63, 61, 14]
49:14:[49, 85, 87, 91, 63, 61, 14]
49:14:[49, 85, 87, 92, 63, 61, 14]
49:14:[49, 85, 88, 93, 64, 61, 14]
49:14:[49, 85, 88, 94, 64, 61, 14]
49:14:[49, 85, 88, 95, 64, 61, 14]
49:14:[49, 85, 89, 96, 65, 61, 14]
49:14:[49, 85, 89, 97, 65, 61, 14]
49:14:[49, 85, 89, 98, 65, 61, 14]
49:15:[49, 85, 87, 90, 63, 62, 15]
49:15:[49, 85, 87, 91, 63, 62, 15]
49:15:[49, 85, 87, 92, 63, 62, 15]
49:15:[49, 85, 88, 93, 64, 62, 15]
49:15:[49, 85, 88, 94, 64, 62, 15]
49:15:[49, 85, 88, 95, 64, 62, 15]
49:15:[49, 85, 89, 96, 65, 62, 15]
49:15:[49, 85, 89, 97, 65, 62, 15]
49:15:[49, 85, 89, 98, 65, 62, 15]
49:16:[49, 85, 87, 90, 63, 62, 16]
49:16:[49, 85, 87, 91, 63, 62, 16]
49:16:[49, 85, 87, 92, 63, 62, 16]
49:16:[49, 85, 88, 93, 64, 62, 16]
49:16:[49, 85, 88, 94, 64, 62, 16]
49:16:[49, 85, 88, 95, 64, 62, 16]
49:16:[49, 85, 89, 96, 65, 62, 16]
49:16:[49, 85, 89, 97, 65, 62, 16]
49:16:[49, 85, 89, 98, 65, 62, 16]
49:17:[49, 85, 87, 90, 63, 62, 17]
49:17:[49, 85, 87, 91, 63, 62, 17]
49:17:[49, 85, 87, 92, 63, 62, 17]
49:17:[49, 85, 88, 93, 64, 62, 17]
49:17:[49, 85, 88, 94, 64, 62, 17]
49:17:[49, 85, 88, 95, 64, 62, 17]
49:17:[49, 85, 89, 96, 65, 62, 17]
49:17:[49, 85, 89, 97, 65, 62, 17]
49:17:[49, 85, 89, 98, 65, 62, 17]
49:18:[49, 85, 87, 90, 69, 66, 18]
49:18:[49, 85, 87, 91, 69, 66, 18]
49:18:[49, 85, 87, 92, 69, 66, 18]
49:18:[49, 85, 88, 93, 70, 66, 18]
49:18:[49, 85, 88, 94, 70, 66, 18]
49:18:[49, 85, 88, 95, 70, 66, 18]
49:18:[49, 85, 89, 96, 71, 66, 18]
49:18:[49, 85, 89, 97, 71, 66, 18]
49:18:[49, 85, 89, 98, 71, 66, 18]
49:19:[49, 85, 87, 90, 69, 66, 19]
49:19:[49, 85, 87, 91, 69, 66, 19]
49:19:[49, 85, 87, 92, 69, 66, 19]
49:19:[49, 85, 88, 93, 70, 66, 19]
49:19:[49, 85, 88, 94, 70, 66, 19]
49:19:[49, 85, 88, 95, 70, 66, 19]
49:19:[49, 85, 89, 96, 71, 66, 19]
49:19:[49, 85, 89, 97, 71, 66, 19]
49:19:[49, 85, 89, 98, 71, 66, 19]
49:20:[49, 85, 87, 90, 69, 66, 20]
49:20:[49, 85, 87, 91, 69, 66, 20]
49:20:[49, 85, 87, 92, 69, 66, 20]
49:20:[49, 85, 88, 93, 70, 66, 20]
49:20:[49, 85, 88, 94, 70, 66, 20]
49:20:[49, 85, 88, 95, 70, 66, 20]
49:20:[49, 85, 89, 96, 71, 66, 20]
49:20:[49, 85, 89, 97, 71, 66, 20]
49:20:[49, 85, 89, 98, 71, 66, 20]
49:21:[49, 85, 87, 90, 69, 67, 21]
49:21:[49, 85, 87, 91, 69, 67, 21]
49:21:[49, 85, 87, 92, 69, 67, 21]
49:21:[49, 85, 88, 93, 70, 67, 21]
49:21:[49, 85, 88, 94, 70, 67, 21]
49:21:[49, 85, 88, 95, 70, 67, 21]
49:21:[49, 85, 89, 96, 71, 67, 21]
49:21:[49, 85, 89, 97, 71, 67, 21]
49:21:[49, 85, 89, 98, 71, 67, 21]
49:22:[49, 85, 87, 90, 69, 67, 22]
49:22:[49, 85, 87, 91, 69, 67, 22]
49:22:[49, 85, 87, 92, 69, 67, 22]
49:22:[49, 85, 88, 93, 70, 67, 22]
49:22:[49, 85, 88, 94, 70, 67, 22]
49:22:[49, 85, 88, 95, 70, 67, 22]
49:22:[49, 85, 89, 96, 71, 67, 22]
49:22:[49, 85, 89, 97, 71, 67, 22]
49:22:[49, 85, 89, 98, 71, 67, 22]
49:23:[49, 85, 87, 90, 69, 67, 23]
49:23:[49, 85, 87, 91, 69, 67, 23]
49:23:[49, 85, 87, 92, 69, 67, 23]
49:23:[49, 85, 88, 93, 70, 67, 23]
49:23:[49, 85, 88, 94, 70, 67, 23]
49:23:[49, 85, 88, 95, 70, 67, 23]
49:23:[49, 85, 89, 96, 71, 67, 23]
49:23:[49, 85, 89, 97, 71, 67, 23]
49:23:[49, 85, 89, 98, 71, 67, 23]
49:24:[49, 85, 87, 90, 69, 68, 24]
49:24:[49, 85, 87, 91, 69, 68, 24]
49:24:[49, 85, 87, 92, 69, 68, 24]
49:24:[49, 85, 88, 93, 70, 68, 24]
49:24:[49, 85, 88, 94, 70, 68, 24]
49:24:[49, 85, 88, 95, 70, 68, 24]
49:24:[49, 85, 89, 96, 71, 68, 24]
49:24:[49, 85, 89, 97, 71, 68, 24]
49:24:[49, 85, 89, 98, 71, 68, 24]
49:25:[49, 85, 87, 90, 69, 68, 25]
49:25:[49, 85, 87, 91, 69, 68, 25]
49:25:[49, 85, 87, 92, 69, 68, 25]
49:25:[49, 85, 88, 93, 70, 68, 25]
49:25:[49, 85, 88, 94, 70, 68, 25]
49:25:[49, 85, 88, 95, 70, 68, 25]
49:25:[49, 85, 89, 96, 71, 68, 25]
49:25:[49, 85, 89, 97, 71, 68, 25]
49:25:[49, 85, 89, 98, 71, 68, 25]
49:26:[49, 85, 87, 90, 69, 68, 26]
49:26:[49, 85, 87, 91, 69, 68, 26]
49:26:[49, 85, 87, 92, 69, 68, 26]
49:26:[49, 85, 88, 93, 70, 68, 26]
49:26:[49, 85, 88, 94, 70, 68, 26]
49:26:[49, 85, 88, 95, 70, 68, 26]
49:26:[49, 85, 89, 96, 71, 68, 26]
49:26:[49, 85, 89, 97, 71, 68, 26]
49:26:[49, 85, 89, 98, 71, 68, 26]
49:27:[49, 85, 87, 90, 75, 72, 27]
49:27:[49, 85, 87, 91, 75, 72, 27]
49:27:[49, 85, 87, 92, 75, 72, 27]
49:27:[49, 85, 88, 93, 76, 72, 27]
49:27:[49, 85, 88, 94, 76, 72, 27]
49:27:[49, 85, 88, 95, 76, 72, 27]
49:27:[49, 85, 89, 96, 77, 72, 27]
49:27:[49, 85, 89, 97, 77, 72, 27]
49:27:[49, 85, 89, 98, 77, 72, 27]
49:28:[49, 85, 87, 90, 75, 72, 28]
49:28:[49, 85, 87, 91, 75, 72, 28]
49:28:[49, 85, 87, 92, 75, 72, 28]
49:28:[49, 85, 88, 93, 76, 72, 28]
49:28:[49, 85, 88, 94, 76, 72, 28]
49:28:[49, 85, 88, 95, 76, 72, 28]
49:28:[49, 85, 89, 96, 77, 72, 28]
49:28:[49, 85, 89, 97, 77, 72, 28]
49:28:[49, 85, 89, 98, 77, 72, 28]
49:29:[49, 85, 87, 90, 75, 72, 29]
49:29:[49, 85, 87, 91, 75, 72, 29]
49:29:[49, 85, 87, 92, 75, 72, 29]
49:29:[49, 85, 88, 93, 76, 72, 29]
49:29:[49, 85, 88, 94, 76, 72, 29]
49:29:[49, 85, 88, 95, 76, 72, 29]
49:29:[49, 85, 89, 96, 77, 72, 29]
49:29:[49, 85, 89, 97, 77, 72, 29]
49:29:[49, 85, 89, 98, 77, 72, 29]
49:30:[49, 85, 87, 90, 75, 73, 30]
49:30:[49, 85, 87, 91, 75, 73, 30]
49:30:[49, 85, 87, 92, 75, 73, 30]
49:30:[49, 85, 88, 93, 76, 73, 30]
49:30:[49, 85, 88, 94, 76, 73, 30]
49:30:[49, 85, 88, 95, 76, 73, 30]
49:30:[49, 85, 89, 96, 77, 73, 30]
49:30:[49, 85, 89, 97, 77, 73, 30]
49:30:[49, 85, 89, 98, 77, 73, 30]
49:31:[49, 85, 87, 90, 75, 73, 31]
49:31:[49, 85, 87, 91, 75, 73, 31]
49:31:[49, 85, 87, 92, 75, 73, 31]
49:31:[49, 85, 88, 93, 76, 73, 31]
49:31:[49, 85, 88, 94, 76, 73, 31]
49:31:[49, 85, 88, 95, 76, 73, 31]
49:31:[49, 85, 89, 96, 77, 73, 31]
49:31:[49, 85, 89, 97, 77, 73, 31]
49:31:[49, 85, 89, 98, 77, 73, 31]
49:32:[49, 85, 87, 90, 75, 73, 32]
49:32:[49, 85, 87, 91, 75, 73, 32]
49:32:[49, 85, 87, 92, 75, 73, 32]
49:32:[49, 85, 88, 93, 76, 73, 32]
49:32:[49, 85, 88, 94, 76, 73, 32]
49:32:[49, 85, 88, 95, 76, 73, 32]
49:32:[49, 85, 89, 96, 77, 73, 32]
49:32:[49, 85, 89, 97, 77, 73, 32]
49:32:[49, 85, 89, 98, 77, 73, 32]
49:33:[49, 85, 87, 90, 75, 74, 33]
49:33:[49, 85, 87, 91, 75, 74, 33]
49:33:[49, 85, 87, 92, 75, 74, 33]
49:33:[49, 85, 88, 93, 76, 74, 33]
49:33:[49, 85, 88, 94, 76, 74, 33]
49:33:[49, 85, 88, 95, 76, 74, 33]
49:33:[49, 85, 89, 96, 77, 74, 33]
49:33:[49, 85, 89, 97, 77, 74, 33]
49:33:[49, 85, 89, 98, 77, 74, 33]
49:34:[49, 85, 87, 90, 75, 74, 34]
49:34:[49, 85, 87, 91, 75, 74, 34]
49:34:[49, 85, 87, 92, 75, 74, 34]
49:34:[49, 85, 88, 93, 76, 74, 34]
49:34:[49, 85, 88, 94, 76, 74, 34]
49:34:[49, 85, 88, 95, 76, 74, 34]
49:34:[49, 85, 89, 96, 77, 74, 34]
49:34:[49, 85, 89, 97, 77, 74, 34]
49:34:[49, 85, 89, 98, 77, 74, 34]
49:35:[49, 85, 87, 90, 75, 74, 35]
49:35:[49, 85, 87, 91, 75, 74, 35]
49:35:[49, 85, 87, 92, 75, 74, 35]
49:35:[49, 85, 88, 93, 76, 74, 35]
49:35:[49, 85, 88, 94, 76, 74, 35]
49:35:[49, 85, 88, 95, 76, 74, 35]
49:35:[49, 85, 89, 96, 77, 74, 35]
49:35:[49, 85, 89, 97, 77, 74, 35]
49:35:[49, 85, 89, 98, 77, 74, 35]
49:36:[49, 85, 87, 90, 81, 78, 36]
49:36:[49, 85, 87, 91, 81, 78, 36]
49:36:[49, 85, 87, 92, 81, 78, 36]
49:36:[49, 85, 88, 93, 82, 78, 36]
49:36:[49, 85, 88, 94, 82, 78, 36]
49:36:[49, 85, 88, 95, 82, 78, 36]
49:36:[49, 85, 89, 96, 83, 78, 36]
49:36:[49, 85, 89, 97, 83, 78, 36]
49:36:[49, 85, 89, 98, 83, 78, 36]
49:37:[49, 85, 87, 90, 81, 78, 37]
49:37:[49, 85, 87, 91, 81, 78, 37]
49:37:[49, 85, 87, 92, 81, 78, 37]
49:37:[49, 85, 88, 93, 82, 78, 37]
49:37:[49, 85, 88, 94, 82, 78, 37]
49:37:[49, 85, 88, 95, 82, 78, 37]
49:37:[49, 85, 89, 96, 83, 78, 37]
49:37:[49, 85, 89, 97, 83, 78, 37]
49:37:[49, 85, 89, 98, 83, 78, 37]
49:38:[49, 85, 87, 90, 81, 78, 38]
49:38:[49, 85, 87, 91, 81, 78, 38]
49:38:[49, 85, 87, 92, 81, 78, 38]
49:38:[49, 85, 88, 93, 82, 78, 38]
49:38:[49, 85, 88, 94, 82, 78, 38]
49:38:[49, 85, 88, 95, 82, 78, 38]
49:38:[49, 85, 89, 96, 83, 78, 38]
49:38:[49, 85, 89, 97, 83, 78, 38]
49:38:[49, 85, 89, 98, 83, 78, 38]
49:39:[49, 85, 87, 90, 81, 79, 39]
49:39:[49, 85, 87, 91, 81, 79, 39]
49:39:[49, 85, 87, 92, 81, 79, 39]
49:39:[49, 85, 88, 93, 82, 79, 39]
49:39:[49, 85, 88, 94, 82, 79, 39]
49:39:[49, 85, 88, 95, 82, 79, 39]
49:39:[49, 85, 89, 96, 83, 79, 39]
49:39:[49, 85, 89, 97, 83, 79, 39]
49:39:[49, 85, 89, 98, 83, 79, 39]
49:40:[49, 85, 87, 90, 81, 79, 40]
49:40:[49, 85, 87, 91, 81, 79, 40]
49:40:[49, 85, 87, 92, 81, 79, 40]
49:40:[49, 85, 88, 93, 82, 79, 40]
49:40:[49, 85, 88, 94, 82, 79, 40]
49:40:[49, 85, 88, 95, 82, 79, 40]
49:40:[49, 85, 89, 96, 83, 79, 40]
49:40:[49, 85, 89, 97, 83, 79, 40]
49:40:[49, 85, 89, 98, 83, 79, 40]
49:41:[49, 85, 87, 90, 81, 79, 41]
49:41:[49, 85, 87, 91, 81, 79, 41]
49:41:[49, 85, 87, 92, 81, 79, 41]
49:41:[49, 85, 88, 93, 82, 79, 41]
49:41:[49, 85, 88, 94, 82, 79, 41]
49:41:[49, 85, 88, 95, 82, 79, 41]
49:41:[49, 85, 89, 96, 83, 79, 41]
49:41:[49, 85, 89, 97, 83, 79, 41]
49:41:[49, 85, 89, 98, 83, 79, 41]
49:42:[49, 85, 87, 90, 81, 80, 42]
49:42:[49, 85, 87, 91, 81, 80, 42]
49:42:[49, 85, 87, 92, 81, 80, 42]
49:42:[49, 85, 88, 93, 82, 80, 42]
49:42:[49, 85, 88, 94, 82, 80, 42]
49:42:[49, 85, 88, 95, 82, 80, 42]
49:42:[49, 85, 89, 96, 83, 80, 42]
49:42:[49, 85, 89, 97, 83, 80, 42]
49:42:[49, 85, 89, 98, 83, 80, 42]
49:43:[49, 85, 87, 90, 81, 80, 43]
49:43:[49, 85, 87, 91, 81, 80, 43]
49:43:[49, 85, 87, 92, 81, 80, 43]
49:43:[49, 85, 88, 93, 82, 80, 43]
49:43:[49, 85, 88, 94, 82, 80, 43]
49:43:[49, 85, 88, 95, 82, 80, 43]
49:43:[49, 85, 89, 96, 83, 80, 43]
49:43:[49, 85, 89, 97, 83, 80, 43]
49:43:[49, 85, 89, 98, 83, 80, 43]
49:44:[49, 85, 87, 90, 81, 80, 44]
49:44:[49, 85, 87, 91, 81, 80, 44]
49:44:[49, 85, 87, 92, 81, 80, 44]
49:44:[49, 85, 88, 93, 82, 80, 44]
49:44:[49, 85, 88, 94, 82, 80, 44]
49:44:[49, 85, 88, 95, 82, 80, 44]
49:44:[49, 85, 89, 96, 83, 80, 44]
49:44:[49, 85, 89, 97, 83, 80, 44]
49:44:[49, 85, 89, 98, 83, 80, 44]
49:45:[49, 85, 87, 84, 45]
49:45:[49, 85, 88, 84, 45]
49:45:[49, 85, 89, 84, 45]
49:46:[49, 85, 87, 84, 46]
49:46:[49, 85, 88, 84, 46]
49:46:[49, 85, 89, 84, 46]
49:47:[49, 85, 87, 84, 47]
49:47:[49, 85, 88, 84, 47]
49:47:[49, 85, 89, 84, 47]
49:48:[49, 85, 48]
49:50:[49, 85, 50]
49:51:[49, 85, 87, 86, 51]
49:51:[49, 85, 88, 86, 51]
49:51:[49, 85, 89, 86, 51]
49:52:[49, 85, 87, 86, 52]
49:52:[49, 85, 88, 86, 52]
49:52:[49, 85, 89, 86, 52]
49:53:[49, 85, 87, 86, 53]
49:53:[49, 85, 88, 86, 53]
49:53:[49, 85, 89, 86, 53]
50:0:[50, 85, 87, 90, 57, 54, 0]
50:0:[50, 85, 87, 91, 57, 54, 0]
50:0:[50, 85, 87, 92, 57, 54, 0]
50:0:[50, 85, 88, 93, 58, 54, 0]
50:0:[50, 85, 88, 94, 58, 54, 0]
50:0:[50, 85, 88, 95, 58, 54, 0]
50:0:[50, 85, 89, 96, 59, 54, 0]
50:0:[50, 85, 89, 97, 59, 54, 0]
50:0:[50, 85, 89, 98, 59, 54, 0]
50:1:[50, 85, 87, 90, 57, 54, 1]
50:1:[50, 85, 87, 91, 57, 54, 1]
50:1:[50, 85, 87, 92, 57, 54, 1]
50:1:[50, 85, 88, 93, 58, 54, 1]
50:1:[50, 85, 88, 94, 58, 54, 1]
50:1:[50, 85, 88, 95, 58, 54, 1]
50:1:[50, 85, 89, 96, 59, 54, 1]
50:1:[50, 85, 89, 97, 59, 54, 1]
50:1:[50, 85, 89, 98, 59, 54, 1]
50:2:[50, 85, 87, 90, 57, 54, 2]
50:2:[50, 85, 87, 91, 57, 54, 2]
50:2:[50, 85, 87, 92, 57, 54, 2]
50:2:[50, 85, 88, 93, 58, 54, 2]
50:2:[50, 85, 88, 94, 58, 54, 2]
50:2:[50, 85, 88, 95, 58, 54, 2]
50:2:[50, 85, 89, 96, 59, 54, 2]
50:2:[50, 85, 89, 97, 59, 54, 2]
50:2:[50, 85, 89, 98, 59, 54, 2]
50:3:[50, 85, 87, 90, 57, 55, 3]
50:3:[50, 85, 87, 91, 57, 55, 3]
50:3:[50, 85, 87, 92, 57, 55, 3]
50:3:[50, 85, 88, 93, 58, 55, 3]
50:3:[50, 85, 88, 94, 58, 55, 3]
50:3:[50, 85, 88, 95, 58, 55, 3]
50:3:[50, 85, 89, 96, 59, 55, 3]
50:3:[50, 85, 89, 97, 59, 55, 3]
50:3:[50, 85, 89, 98, 59, 55, 3]
50:4:[50, 85, 87, 90, 57, 55, 4]
50:4:[50, 85, 87, 91, 57, 55, 4]
50:4:[50, 85, 87, 92, 57, 55, 4]
50:4:[50, 85, 88, 93, 58, 55, 4]
50:4:[50, 85, 88, 94, 58, 55, 4]
50:4:[50, 85, 88, 95, 58, 55, 4]
50:4:[50, 85, 89, 96, 59, 55, 4]
50:4:[50, 85, 89, 97, 59, 55, 4]
50:4:[50, 85, 89, 98, 59, 55, 4]
50:5:[50, 85, 87, 90, 57, 55, 5]
50:5:[50, 85, 87, 91, 57, 55, 5]
50:5:[50, 85, 87, 92, 57, 55, 5]
50:5:[50, 85, 88, 93, 58, 55, 5]
50:5:[50, 85, 88, 94, 58, 55, 5]
50:5:[50, 85, 88, 95, 58, 55, 5]
50:5:[50, 85, 89, 96, 59, 55, 5]
50:5:[50, 85, 89, 97, 59, 55, 5]
50:5:[50, 85, 89, 98, 59, 55, 5]
50:6:[50, 85, 87, 90, 57, 56, 6]
50:6:[50, 85, 87, 91, 57, 56, 6]
50:6:[50, 85, 87, 92, 57, 56, 6]
50:6:[50, 85, 88, 93, 58, 56, 6]
50:6:[50, 85, 88, 94, 58, 56, 6]
50:6:[50, 85, 88, 95, 58, 56, 6]
50:6:[50, 85, 89, 96, 59, 56, 6]
50:6:[50, 85, 89, 97, 59, 56, 6]
50:6:[50, 85, 89, 98, 59, 56, 6]
50:7:[50, 85, 87, 90, 57, 56, 7]
50:7:[50, 85, 87, 91, 57, 56, 7]
50:7:[50, 85, 87, 92, 57, 56, 7]
50:7:[50, 85, 88, 93, 58, 56, 7]
50:7:[50, 85, 88, 94, 58, 56, 7]
50:7:[50, 85, 88, 95, 58, 56, 7]
50:7:[50, 85, 89, 96, 59, 56, 7]
50:7:[50, 85, 89, 97, 59, 56, 7]
50:7:[50, 85, 89, 98, 59, 56, 7]
50:8:[50, 85, 87, 90, 57, 56, 8]
50:8:[50, 85, 87, 91, 57, 56, 8]
50:8:[50, 85, 87, 92, 57, 56, 8]
50:8:[50, 85, 88, 93, 58, 56, 8]
50:8:[50, 85, 88, 94, 58, 56, 8]
50:8:[50, 85, 88, 95, 58, 56, 8]
50:8:[50, 85, 89, 96, 59, 56, 8]
50:8:[50, 85, 89, 97, 59, 56, 8]
50:8:[50, 85, 89, 98, 59, 56, 8]
50:9:[50, 85, 87, 90, 63, 60, 9]
50:9:[50, 85, 87, 91, 63, 60, 9]
50:9:[50, 85, 87, 92, 63, 60, 9]
50:9:[50, 85, 88, 93, 64, 60, 9]
50:9:[50, 85, 88, 94, 64, 60, 9]
50:9:[50, 85, 88, 95, 64, 60, 9]
50:9:[50, 85, 89, 96, 65, 60, 9]
50:9:[50, 85, 89, 97, 65, 60, 9]
50:9:[50, 85, 89, 98, 65, 60, 9]
50:10:[50, 85, 87, 90, 63, 60, 10]
50:10:[50, 85, 87, 91, 63, 60, 10]
50:10:[50, 85, 87, 92, 63, 60, 10]
50:10:[50, 85, 88, 93, 64, 60, 10]
50:10:[50, 85, 88, 94, 64, 60, 10]
50:10:[50, 85, 88, 95, 64, 60, 10]
50:10:[50, 85, 89, 96, 65, 60, 10]
50:10:[50, 85, 89, 97, 65, 60, 10]
50:10:[50, 85, 89, 98, 65, 60, 10]
50:11:[50, 85, 87, 90, 63, 60, 11]
50:11:[50, 85, 87, 91, 63, 60, 11]
50:11:[50, 85, 87, 92, 63, 60, 11]
50:11:[50, 85, 88, 93, 64, 60, 11]
50:11:[50, 85, 88, 94, 64, 60, 11]
50:11:[50, 85, 88, 95, 64, 60, 11]
50:11:[50, 85, 89, 96, 65, 60, 11]
50:11:[50, 85, 89, 97, 65, 60, 11]
50:11:[50, 85, 89, 98, 65, 60, 11]
50:12:[50, 85, 87, 90, 63, 61, 12]
50:12:[50, 85, 87, 91, 63, 61, 12]
50:12:[50, 85, 87, 92, 63, 61, 12]
50:12:[50, 85, 88, 93, 64, 61, 12]
50:12:[50, 85, 88, 94, 64, 61, 12]
50:12:[50, 85, 88, 95, 64, 61, 12]
50:12:[50, 85, 89, 96, 65, 61, 12]
50:12:[50, 85, 89, 97, 65, 61, 12]
50:12:[50, 85, 89, 98, 65, 61, 12]
50:13:[50, 85, 87, 90, 63, 61, 13]
50:13:[50, 85, 87, 91, 63, 61, 13]
50:13:[50, 85, 87, 92, 63, 61, 13]
50:13:[50, 85, 88, 93, 64, 61, 13]
50:13:[50, 85, 88, 94, 64, 61, 13]
50:13:[50, 85, 88, 95, 64, 61, 13]
50:13:[50, 85, 89, 96, 65, 61, 13]
50:13:[50, 85, 89, 97, 65, 61, 13]
50:13:[50, 85, 89, 98, 65, 61, 13]
50:14:[50, 85, 87, 90, 63, 61, 14]
50:14:[50, 85, 87, 91, 63, 61, 14]
50:14:[50, 85, 87, 92, 63, 61, 14]
50:14:[50, 85, 88, 93, 64, 61, 14]
50:14:[50, 85, 88, 94, 64, 61, 14]
50:14:[50, 85, 88, 95, 64, 61, 14]
50:14:[50, 85, 89, 96, 65, 61, 14]
50:14:[50, 85, 89, 97, 65, 61, 14]
50:14:[50, 85, 89, 98, 65, 61, 14]
50:15:[50, 85, 87, 90, 63, 62, 15]
50:15:[50, 85, 87, 91, 63, 62, 15]
50:15:[50, 85, 87, 92, 63, 62, 15]
50:15:[50, 85, 88, 93, 64, 62, 15]
50:15:[50, 85, 88, 94, 64, 62, 15]
50:15:[50, 85, 88, 95, 64, 62, 15]
50:15:[50, 85, 89, 96, 65, 62, 15]
50:15:[50, 85, 89, 97, 65, 62, 15]
50:15:[50, 85, 89, 98, 65, 62, 15]
50:16:[50, 85, 87, 90, 63, 62, 16]
50:16:[50, 85, 87, 91, 63, 62, 16]
50:16:[50, 85, 87, 92, 63, 62, 16]
50:16:[50, 85, 88, 93, 64, 62, 16]
50:16:[50, 85, 88, 94, 64, 62, 16]
50:16:[50, 85, 88, 95, 64, 62, 16]
50:16:[50, 85, 89, 96, 65, 62, 16]
50:16:[50, 85, 89, 97, 65, 62, 16]
50:16:[50, 85, 89, 98, 65, 62, 16]
50:17:[50, 85, 87, 90, 63, 62, 17]
50:17:[50, 85, 87, 91, 63, 62, 17]
50:17:[50, 85, 87, 92, 63, 62, 17]
50:17:[50, 85, 88, 93, 64, 62, 17]
50:17:[50, 85, 88, 94, 64, 62, 17]
50:17:[50, 85, 88, 95, 64, 62, 17]
50:17:[50, 85, 89, 96, 65, 62, 17]
50:17:[50, 85, 89, 97, 65, 62, 17]
50:17:[50, 85, 89, 98, 65, 62, 17]
50:18:[50, 85, 87, 90, 69, 66, 18]
50:18:[50, 85, 87, 91, 69, 66, 18]
50:18:[50, 85, 87, 92, 69, 66, 18]
50:18:[50, 85, 88, 93, 70, 66, 18]
50:18:[50, 85, 88, 94, 70, 66, 18]
50:18:[50, 85, 88, 95, 70, 66, 18]
50:18:[50, 85, 89, 96, 71, 66, 18]
50:18:[50, 85, 89, 97, 71, 66, 18]
50:18:[50, 85, 89, 98, 71, 66, 18]
50:19:[50, 85, 87, 90, 69, 66, 19]
50:19:[50, 85, 87, 91, 69, 66, 19]
50:19:[50, 85, 87, 92, 69, 66, 19]
50:19:[50, 85, 88, 93, 70, 66, 19]
50:19:[50, 85, 88, 94, 70, 66, 19]
50:19:[50, 85, 88, 95, 70, 66, 19]
50:19:[50, 85, 89, 96, 71, 66, 19]
50:19:[50, 85, 89, 97, 71, 66, 19]
50:19:[50, 85, 89, 98, 71, 66, 19]
50:20:[50, 85, 87, 90, 69, 66, 20]
50:20:[50, 85, 87, 91, 69, 66, 20]
50:20:[50, 85, 87, 92, 69, 66, 20]
50:20:[50, 85, 88, 93, 70, 66, 20]
50:20:[50, 85, 88, 94, 70, 66, 20]
50:20:[50, 85, 88, 95, 70, 66, 20]
50:20:[50, 85, 89, 96, 71, 66, 20]
50:20:[50, 85, 89, 97, 71, 66, 20]
50:20:[50, 85, 89, 98, 71, 66, 20]
50:21:[50, 85, 87, 90, 69, 67, 21]
50:21:[50, 85, 87, 91, 69, 67, 21]
50:21:[50, 85, 87, 92, 69, 67, 21]
50:21:[50, 85, 88, 93, 70, 67, 21]
50:21:[50, 85, 88, 94, 70, 67, 21]
50:21:[50, 85, 88, 95, 70, 67, 21]
50:21:[50, 85, 89, 96, 71, 67, 21]
50:21:[50, 85, 89, 97, 71, 67, 21]
50:21:[50, 85, 89, 98, 71, 67, 21]
50:22:[50, 85, 87, 90, 69, 67, 22]
50:22:[50, 85, 87, 91, 69, 67, 22]
50:22:[50, 85, 87, 92, 69, 67, 22]
50:22:[50, 85, 88, 93, 70, 67, 22]
50:22:[50, 85, 88, 94, 70, 67, 22]
50:22:[50, 85, 88, 95, 70, 67, 22]
50:22:[50, 85, 89, 96, 71, 67, 22]
50:22:[50, 85, 89, 97, 71, 67, 22]
50:22:[50, 85, 89, 98, 71, 67, 22]
50:23:[50, 85, 87, 90, 69, 67, 23]
50:23:[50, 85, 87, 91, 69, 67, 23]
50:23:[50, 85, 87, 92, 69, 67, 23]
50:23:[50, 85, 88, 93, 70, 67, 23]
50:23:[50, 85, 88, 94, 70, 67, 23]
50:23:[50, 85, 88, 95, 70, 67, 23]
50:23:[50, 85, 89, 96, 71, 67, 23]
50:23:[50, 85, 89, 97, 71, 67, 23]
50:23:[50, 85, 89, 98, 71, 67, 23]
50:24:[50, 85, 87, 90, 69, 68, 24]
50:24:[50, 85, 87, 91, 69, 68, 24]
50:24:[50, 85, 87, 92, 69, 68, 24]
50:24:[50, 85, 88, 93, 70, 68, 24]
50:24:[50, 85, 88, 94, 70, 68, 24]
50:24:[50, 85, 88, 95, 70, 68, 24]
50:24:[50, 85, 89, 96, 71, 68, 24]
50:24:[50, 85, 89, 97, 71, 68, 24]
50:24:[50, 85, 89, 98, 71, 68, 24]
50:25:[50, 85, 87, 90, 69, 68, 25]
50:25:[50, 85, 87, 91, 69, 68, 25]
50:25:[50, 85, 87, 92, 69, 68, 25]
50:25:[50, 85, 88, 93, 70, 68, 25]
50:25:[50, 85, 88, 94, 70, 68, 25]
50:25:[50, 85, 88, 95, 70, 68, 25]
50:25:[50, 85, 89, 96, 71, 68, 25]
50:25:[50, 85, 89, 97, 71, 68, 25]
50:25:[50, 85, 89, 98, 71, 68, 25]
50:26:[50, 85, 87, 90, 69, 68, 26]
50:26:[50, 85, 87, 91, 69, 68, 26]
50:26:[50, 85, 87, 92, 69, 68, 26]
50:26:[50, 85, 88, 93, 70, 68, 26]
50:26:[50, 85, 88, 94, 70, 68, 26]
50:26:[50, 85, 88, 95, 70, 68, 26]
50:26:[50, 85, 89, 96, 71, 68, 26]
50:26:[50, 85, 89, 97, 71, 68, 26]
50:26:[50, 85, 89, 98, 71, 68, 26]
50:27:[50, 85, 87, 90, 75, 72, 27]
50:27:[50, 85, 87, 91, 75, 72, 27]
50:27:[50, 85, 87, 92, 75, 72, 27]
50:27:[50, 85, 88, 93, 76, 72, 27]
50:27:[50, 85, 88, 94, 76, 72, 27]
50:27:[50, 85, 88, 95, 76, 72, 27]
50:27:[50, 85, 89, 96, 77, 72, 27]
50:27:[50, 85, 89, 97, 77, 72, 27]
50:27:[50, 85, 89, 98, 77, 72, 27]
50:28:[50, 85, 87, 90, 75, 72, 28]
50:28:[50, 85, 87, 91, 75, 72, 28]
50:28:[50, 85, 87, 92, 75, 72, 28]
50:28:[50, 85, 88, 93, 76, 72, 28]
50:28:[50, 85, 88, 94, 76, 72, 28]
50:28:[50, 85, 88, 95, 76, 72, 28]
50:28:[50, 85, 89, 96, 77, 72, 28]
50:28:[50, 85, 89, 97, 77, 72, 28]
50:28:[50, 85, 89, 98, 77, 72, 28]
50:29:[50, 85, 87, 90, 75, 72, 29]
50:29:[50, 85, 87, 91, 75, 72, 29]
50:29:[50, 85, 87, 92, 75, 72, 29]
50:29:[50, 85, 88, 93, 76, 72, 29]
50:29:[50, 85, 88, 94, 76, 72, 29]
50:29:[50, 85, 88, 95, 76, 72, 29]
50:29:[50, 85, 89, 96, 77, 72, 29]
50:29:[50, 85, 89, 97, 77, 72, 29]
50:29:[50, 85, 89, 98, 77, 72, 29]
50:30:[50, 85, 87, 90, 75, 73, 30]
50:30:[50, 85, 87, 91, 75, 73, 30]
50:30:[50, 85, 87, 92, 75, 73, 30]
50:30:[50, 85, 88, 93, 76, 73, 30]
50:30:[50, 85, 88, 94, 76, 73, 30]
50:30:[50, 85, 88, 95, 76, 73, 30]
50:30:[50, 85, 89, 96, 77, 73, 30]
50:30:[50, 85, 89, 97, 77, 73, 30]
50:30:[50, 85, 89, 98, 77, 73, 30]
50:31:[50, 85, 87, 90, 75, 73, 31]
50:31:[50, 85, 87, 91, 75, 73, 31]
50:31:[50, 85, 87, 92, 75, 73, 31]
50:31:[50, 85, 88, 93, 76, 73, 31]
50:31:[50, 85, 88, 94, 76, 73, 31]
50:31:[50, 85, 88, 95, 76, 73, 31]
50:31:[50, 85, 89, 96, 77, 73, 31]
50:31:[50, 85, 89, 97, 77, 73, 31]
50:31:[50, 85, 89, 98, 77, 73, 31]
50:32:[50, 85, 87, 90, 75, 73, 32]
50:32:[50, 85, 87, 91, 75, 73, 32]
50:32:[50, 85, 87, 92, 75, 73, 32]
50:32:[50, 85, 88, 93, 76, 73, 32]
50:32:[50, 85, 88, 94, 76, 73, 32]
50:32:[50, 85, 88, 95, 76, 73, 32]
50:32:[50, 85, 89, 96, 77, 73, 32]
50:32:[50, 85, 89, 97, 77, 73, 32]
50:32:[50, 85, 89, 98, 77, 73, 32]
50:33:[50, 85, 87, 90, 75, 74, 33]
50:33:[50, 85, 87, 91, 75, 74, 33]
50:33:[50, 85, 87, 92, 75, 74, 33]
50:33:[50, 85, 88, 93, 76, 74, 33]
50:33:[50, 85, 88, 94, 76, 74, 33]
50:33:[50, 85, 88, 95, 76, 74, 33]
50:33:[50, 85, 89, 96, 77, 74, 33]
50:33:[50, 85, 89, 97, 77, 74, 33]
50:33:[50, 85, 89, 98, 77, 74, 33]
50:34:[50, 85, 87, 90, 75, 74, 34]
50:34:[50, 85, 87, 91, 75, 74, 34]
50:34:[50, 85, 87, 92, 75, 74, 34]
50:34:[50, 85, 88, 93, 76, 74, 34]
50:34:[50, 85, 88, 94, 76, 74, 34]
50:34:[50, 85, 88, 95, 76, 74, 34]
50:34:[50, 85, 89, 96, 77, 74, 34]
50:34:[50, 85, 89, 97, 77, 74, 34]
50:34:[50, 85, 89, 98, 77, 74, 34]
50:35:[50, 85, 87, 90, 75, 74, 35]
50:35:[50, 85, 87, 91, 75, 74, 35]
50:35:[50, 85, 87, 92, 75, 74, 35]
50:35:[50, 85, 88, 93, 76, 74, 35]
50:35:[50, 85, 88, 94, 76, 74, 35]
50:35:[50, 85, 88, 95, 76, 74, 35]
50:35:[50, 85, 89, 96, 77, 74, 35]
50:35:[50, 85, 89, 97, 77, 74, 35]
50:35:[50, 85, 89, 98, 77, 74, 35]
50:36:[50, 85, 87, 90, 81, 78, 36]
50:36:[50, 85, 87, 91, 81, 78, 36]
50:36:[50, 85, 87, 92, 81, 78, 36]
50:36:[50, 85, 88, 93, 82, 78, 36]
50:36:[50, 85, 88, 94, 82, 78, 36]
50:36:[50, 85, 88, 95, 82, 78, 36]
50:36:[50, 85, 89, 96, 83, 78, 36]
50:36:[50, 85, 89, 97, 83, 78, 36]
50:36:[50, 85, 89, 98, 83, 78, 36]
50:37:[50, 85, 87, 90, 81, 78, 37]
50:37:[50, 85, 87, 91, 81, 78, 37]
50:37:[50, 85, 87, 92, 81, 78, 37]
50:37:[50, 85, 88, 93, 82, 78, 37]
50:37:[50, 85, 88, 94, 82, 78, 37]
50:37:[50, 85, 88, 95, 82, 78, 37]
50:37:[50, 85, 89, 96, 83, 78, 37]
50:37:[50, 85, 89, 97, 83, 78, 37]
50:37:[50, 85, 89, 98, 83, 78, 37]
50:38:[50, 85, 87, 90, 81, 78, 38]
50:38:[50, 85, 87, 91, 81, 78, 38]
50:38:[50, 85, 87, 92, 81, 78, 38]
50:38:[50, 85, 88, 93, 82, 78, 38]
50:38:[50, 85, 88, 94, 82, 78, 38]
50:38:[50, 85, 88, 95, 82, 78, 38]
50:38:[50, 85, 89, 96, 83, 78, 38]
50:38:[50, 85, 89, 97, 83, 78, 38]
50:38:[50, 85, 89, 98, 83, 78, 38]
50:39:[50, 85, 87, 90, 81, 79, 39]
50:39:[50, 85, 87, 91, 81, 79, 39]
50:39:[50, 85, 87, 92, 81, 79, 39]
50:39:[50, 85, 88, 93, 82, 79, 39]
50:39:[50, 85, 88, 94, 82, 79, 39]
50:39:[50, 85, 88, 95, 82, 79, 39]
50:39:[50, 85, 89, 96, 83, 79, 39]
50:39:[50, 85, 89, 97, 83, 79, 39]
50:39:[50, 85, 89, 98, 83, 79, 39]
50:40:[50, 85, 87, 90, 81, 79, 40]
50:40:[50, 85, 87, 91, 81, 79, 40]
50:40:[50, 85, 87, 92, 81, 79, 40]
50:40:[50, 85, 88, 93, 82, 79, 40]
50:40:[50, 85, 88, 94, 82, 79, 40]
50:40:[50, 85, 88, 95, 82, 79, 40]
50:40:[50, 85, 89, 96, 83, 79, 40]
50:40:[50, 85, 89, 97, 83, 79, 40]
50:40:[50, 85, 89, 98, 83, 79, 40]
50:41:[50, 85, 87, 90, 81, 79, 41]
50:41:[50, 85, 87, 91, 81, 79, 41]
50:41:[50, 85, 87, 92, 81, 79, 41]
50:41:[50, 85, 88, 93, 82, 79, 41]
50:41:[50, 85, 88, 94, 82, 79, 41]
50:41:[50, 85, 88, 95, 82, 79, 41]
50:41:[50, 85, 89, 96, 83, 79, 41]
50:41:[50, 85, 89, 97, 83, 79, 41]
50:41:[50, 85, 89, 98, 83, 79, 41]
50:42:[50, 85, 87, 90, 81, 80, 42]
50:42:[50, 85, 87, 91, 81, 80, 42]
50:42:[50, 85, 87, 92, 81, 80, 42]
50:42:[50, 85, 88, 93, 82, 80, 42]
50:42:[50, 85, 88, 94, 82, 80, 42]
50:42:[50, 85, 88, 95, 82, 80, 42]
50:42:[50, 85, 89, 96, 83, 80, 42]
50:42:[50, 85, 89, 97, 83, 80, 42]
50:42:[50, 85, 89, 98, 83, 80, 42]
50:43:[50, 85, 87, 90, 81, 80, 43]
50:43:[50, 85, 87, 91, 81, 80, 43]
50:43:[50, 85, 87, 92, 81, 80, 43]
50:43:[50, 85, 88, 93, 82, 80, 43]
50:43:[50, 85, 88, 94, 82, 80, 43]
50:43:[50, 85, 88, 95, 82, 80, 43]
50:43:[50, 85, 89, 96, 83, 80, 43]
50:43:[50, 85, 89, 97, 83, 80, 43]
50:43:[50, 85, 89, 98, 83, 80, 43]
50:44:[50, 85, 87, 90, 81, 80, 44]
50:44:[50, 85, 87, 91, 81, 80, 44]
50:44:[50, 85, 87, 92, 81, 80, 44]
50:44:[50, 85, 88, 93, 82, 80, 44]
50:44:[50, 85, 88, 94, 82, 80, 44]
50:44:[50, 85, 88, 95, 82, 80, 44]
50:44:[50, 85, 89, 96, 83, 80, 44]
50:44:[50, 85, 89, 97, 83, 80, 44]
50:44:[50, 85, 89, 98, 83, 80, 44]
50:45:[50, 85, 87, 84, 45]
50:45:[50, 85, 88, 84, 45]
50:45:[50, 85, 89, 84, 45]
50:46:[50, 85, 87, 84, 46]
50:46:[50, 85, 88, 84, 46]
50:46:[50, 85, 89, 84, 46]
50:47:[50, 85, 87, 84, 47]
50:47:[50, 85, 88, 84, 47]
50:47:[50, 85, 89, 84, 47]
50:48:[50, 85, 48]
50:49:[50, 85, 49]
50:51:[50, 85, 87, 86, 51]
50:51:[50, 85, 88, 86, 51]
50:51:[50, 85, 89, 86, 51]
50:52:[50, 85, 87, 86, 52]
50:52:[50, 85, 88, 86, 52]
50:52:[50, 85, 89, 86, 52]
50:53:[50, 85, 87, 86, 53]
50:53:[50, 85, 88, 86, 53]
50:53:[50, 85, 89, 86, 53]
51:0:[51, 86, 87, 90, 57, 54, 0]
51:0:[51, 86, 87, 91, 57, 54, 0]
51:0:[51, 86, 87, 92, 57, 54, 0]
51:0:[51, 86, 88, 93, 58, 54, 0]
51:0:[51, 86, 88, 94, 58, 54, 0]
51:0:[51, 86, 88, 95, 58, 54, 0]
51:0:[51, 86, 89, 96, 59, 54, 0]
51:0:[51, 86, 89, 97, 59, 54, 0]
51:0:[51, 86, 89, 98, 59, 54, 0]
51:1:[51, 86, 87, 90, 57, 54, 1]
51:1:[51, 86, 87, 91, 57, 54, 1]
51:1:[51, 86, 87, 92, 57, 54, 1]
51:1:[51, 86, 88, 93, 58, 54, 1]
51:1:[51, 86, 88, 94, 58, 54, 1]
51:1:[51, 86, 88, 95, 58, 54, 1]
51:1:[51, 86, 89, 96, 59, 54, 1]
51:1:[51, 86, 89, 97, 59, 54, 1]
51:1:[51, 86, 89, 98, 59, 54, 1]
51:2:[51, 86, 87, 90, 57, 54, 2]
51:2:[51, 86, 87, 91, 57, 54, 2]
51:2:[51, 86, 87, 92, 57, 54, 2]
51:2:[51, 86, 88, 93, 58, 54, 2]
51:2:[51, 86, 88, 94, 58, 54, 2]
51:2:[51, 86, 88, 95, 58, 54, 2]
51:2:[51, 86, 89, 96, 59, 54, 2]
51:2:[51, 86, 89, 97, 59, 54, 2]
51:2:[51, 86, 89, 98, 59, 54, 2]
51:3:[51, 86, 87, 90, 57, 55, 3]
51:3:[51, 86, 87, 91, 57, 55, 3]
51:3:[51, 86, 87, 92, 57, 55, 3]
51:3:[51, 86, 88, 93, 58, 55, 3]
51:3:[51, 86, 88, 94, 58, 55, 3]
51:3:[51, 86, 88, 95, 58, 55, 3]
51:3:[51, 86, 89, 96, 59, 55, 3]
51:3:[51, 86, 89, 97, 59, 55, 3]
51:3:[51, 86, 89, 98, 59, 55, 3]
51:4:[51, 86, 87, 90, 57, 55, 4]
51:4:[51, 86, 87, 91, 57, 55, 4]
51:4:[51, 86, 87, 92, 57, 55, 4]
51:4:[51, 86, 88, 93, 58, 55, 4]
51:4:[51, 86, 88, 94, 58, 55, 4]
51:4:[51, 86, 88, 95, 58, 55, 4]
51:4:[51, 86, 89, 96, 59, 55, 4]
51:4:[51, 86, 89, 97, 59, 55, 4]
51:4:[51, 86, 89, 98, 59, 55, 4]
51:5:[51, 86, 87, 90, 57, 55, 5]
51:5:[51, 86, 87, 91, 57, 55, 5]
51:5:[51, 86, 87, 92, 57, 55, 5]
51:5:[51, 86, 88, 93, 58, 55, 5]
51:5:[51, 86, 88, 94, 58, 55, 5]
51:5:[51, 86, 88, 95, 58, 55, 5]
51:5:[51, 86, 89, 96, 59, 55, 5]
51:5:[51, 86, 89, 97, 59, 55, 5]
51:5:[51, 86, 89, 98, 59, 55, 5]
51:6:[51, 86, 87, 90, 57, 56, 6]
51:6:[51, 86, 87, 91, 57, 56, 6]
51:6:[51, 86, 87, 92, 57, 56, 6]
51:6:[51, 86, 88, 93, 58, 56, 6]
51:6:[51, 86, 88, 94, 58, 56, 6]
51:6:[51, 86, 88, 95, 58, 56, 6]
51:6:[51, 86, 89, 96, 59, 56, 6]
51:6:[51, 86, 89, 97, 59, 56, 6]
51:6:[51, 86, 89, 98, 59, 56, 6]
51:7:[51, 86, 87, 90, 57, 56, 7]
51:7:[51, 86, 87, 91, 57, 56, 7]
51:7:[51, 86, 87, 92, 57, 56, 7]
51:7:[51, 86, 88, 93, 58, 56, 7]
51:7:[51, 86, 88, 94, 58, 56, 7]
51:7:[51, 86, 88, 95, 58, 56, 7]
51:7:[51, 86, 89, 96, 59, 56, 7]
51:7:[51, 86, 89, 97, 59, 56, 7]
51:7:[51, 86, 89, 98, 59, 56, 7]
51:8:[51, 86, 87, 90, 57, 56, 8]
51:8:[51, 86, 87, 91, 57, 56, 8]
51:8:[51, 86, 87, 92, 57, 56, 8]
51:8:[51, 86, 88, 93, 58, 56, 8]
51:8:[51, 86, 88, 94, 58, 56, 8]
51:8:[51, 86, 88, 95, 58, 56, 8]
51:8:[51, 86, 89, 96, 59, 56, 8]
51:8:[51, 86, 89, 97, 59, 56, 8]
51:8:[51, 86, 89, 98, 59, 56, 8]
51:9:[51, 86, 87, 90, 63, 60, 9]
51:9:[51, 86, 87, 91, 63, 60, 9]
51:9:[51, 86, 87, 92, 63, 60, 9]
51:9:[51, 86, 88, 93, 64, 60, 9]
51:9:[51, 86, 88, 94, 64, 60, 9]
51:9:[51, 86, 88, 95, 64, 60, 9]
51:9:[51, 86, 89, 96, 65, 60, 9]
51:9:[51, 86, 89, 97, 65, 60, 9]
51:9:[51, 86, 89, 98, 65, 60, 9]
51:10:[51, 86, 87, 90, 63, 60, 10]
51:10:[51, 86, 87, 91, 63, 60, 10]
51:10:[51, 86, 87, 92, 63, 60, 10]
51:10:[51, 86, 88, 93, 64, 60, 10]
51:10:[51, 86, 88, 94, 64, 60, 10]
51:10:[51, 86, 88, 95, 64, 60, 10]
51:10:[51, 86, 89, 96, 65, 60, 10]
51:10:[51, 86, 89, 97, 65, 60, 10]
51:10:[51, 86, 89, 98, 65, 60, 10]
51:11:[51, 86, 87, 90, 63, 60, 11]
51:11:[51, 86, 87, 91, 63, 60, 11]
51:11:[51, 86, 87, 92, 63, 60, 11]
51:11:[51, 86, 88, 93, 64, 60, 11]
51:11:[51, 86, 88, 94, 64, 60, 11]
51:11:[51, 86, 88, 95, 64, 60, 11]
51:11:[51, 86, 89, 96, 65, 60, 11]
51:11:[51, 86, 89, 97, 65, 60, 11]
51:11:[51, 86, 89, 98, 65, 60, 11]
51:12:[51, 86, 87, 90, 63, 61, 12]
51:12:[51, 86, 87, 91, 63, 61, 12]
51:12:[51, 86, 87, 92, 63, 61, 12]
51:12:[51, 86, 88, 93, 64, 61, 12]
51:12:[51, 86, 88, 94, 64, 61, 12]
51:12:[51, 86, 88, 95, 64, 61, 12]
51:12:[51, 86, 89, 96, 65, 61, 12]
51:12:[51, 86, 89, 97, 65, 61, 12]
51:12:[51, 86, 89, 98, 65, 61, 12]
51:13:[51, 86, 87, 90, 63, 61, 13]
51:13:[51, 86, 87, 91, 63, 61, 13]
51:13:[51, 86, 87, 92, 63, 61, 13]
51:13:[51, 86, 88, 93, 64, 61, 13]
51:13:[51, 86, 88, 94, 64, 61, 13]
51:13:[51, 86, 88, 95, 64, 61, 13]
51:13:[51, 86, 89, 96, 65, 61, 13]
51:13:[51, 86, 89, 97, 65, 61, 13]
51:13:[51, 86, 89, 98, 65, 61, 13]
51:14:[51, 86, 87, 90, 63, 61, 14]
51:14:[51, 86, 87, 91, 63, 61, 14]
51:14:[51, 86, 87, 92, 63, 61, 14]
51:14:[51, 86, 88, 93, 64, 61, 14]
51:14:[51, 86, 88, 94, 64, 61, 14]
51:14:[51, 86, 88, 95, 64, 61, 14]
51:14:[51, 86, 89, 96, 65, 61, 14]
51:14:[51, 86, 89, 97, 65, 61, 14]
51:14:[51, 86, 89, 98, 65, 61, 14]
51:15:[51, 86, 87, 90, 63, 62, 15]
51:15:[51, 86, 87, 91, 63, 62, 15]
51:15:[51, 86, 87, 92, 63, 62, 15]
51:15:[51, 86, 88, 93, 64, 62, 15]
51:15:[51, 86, 88, 94, 64, 62, 15]
51:15:[51, 86, 88, 95, 64, 62, 15]
51:15:[51, 86, 89, 96, 65, 62, 15]
51:15:[51, 86, 89, 97, 65, 62, 15]
51:15:[51, 86, 89, 98, 65, 62, 15]
51:16:[51, 86, 87, 90, 63, 62, 16]
51:16:[51, 86, 87, 91, 63, 62, 16]
51:16:[51, 86, 87, 92, 63, 62, 16]
51:16:[51, 86, 88, 93, 64, 62, 16]
51:16:[51, 86, 88, 94, 64, 62, 16]
51:16:[51, 86, 88, 95, 64, 62, 16]
51:16:[51, 86, 89, 96, 65, 62, 16]
51:16:[51, 86, 89, 97, 65, 62, 16]
51:16:[51, 86, 89, 98, 65, 62, 16]
51:17:[51, 86, 87, 90, 63, 62, 17]
51:17:[51, 86, 87, 91, 63, 62, 17]
51:17:[51, 86, 87, 92, 63, 62, 17]
51:17:[51, 86, 88, 93, 64, 62, 17]
51:17:[51, 86, 88, 94, 64, 62, 17]
51:17:[51, 86, 88, 95, 64, 62, 17]
51:17:[51, 86, 89, 96, 65, 62, 17]
51:17:[51, 86, 89, 97, 65, 62, 17]
51:17:[51, 86, 89, 98, 65, 62, 17]
51:18:[51, 86, 87, 90, 69, 66, 18]
51:18:[51, 86, 87, 91, 69, 66, 18]
51:18:[51, 86, 87, 92, 69, 66, 18]
51:18:[51, 86, 88, 93, 70, 66, 18]
51:18:[51, 86, 88, 94, 70, 66, 18]
51:18:[51, 86, 88, 95, 70, 66, 18]
51:18:[51, 86, 89, 96, 71, 66, 18]
51:18:[51, 86, 89, 97, 71, 66, 18]
51:18:[51, 86, 89, 98, 71, 66, 18]
51:19:[51, 86, 87, 90, 69, 66, 19]
51:19:[51, 86, 87, 91, 69, 66, 19]
51:19:[51, 86, 87, 92, 69, 66, 19]
51:19:[51, 86, 88, 93, 70, 66, 19]
51:19:[51, 86, 88, 94, 70, 66, 19]
51:19:[51, 86, 88, 95, 70, 66, 19]
51:19:[51, 86, 89, 96, 71, 66, 19]
51:19:[51, 86, 89, 97, 71, 66, 19]
51:19:[51, 86, 89, 98, 71, 66, 19]
51:20:[51, 86, 87, 90, 69, 66, 20]
51:20:[51, 86, 87, 91, 69, 66, 20]
51:20:[51, 86, 87, 92, 69, 66, 20]
51:20:[51, 86, 88, 93, 70, 66, 20]
51:20:[51, 86, 88, 94, 70, 66, 20]
51:20:[51, 86, 88, 95, 70, 66, 20]
51:20:[51, 86, 89, 96, 71, 66, 20]
51:20:[51, 86, 89, 97, 71, 66, 20]
51:20:[51, 86, 89, 98, 71, 66, 20]
51:21:[51, 86, 87, 90, 69, 67, 21]
51:21:[51, 86, 87, 91, 69, 67, 21]
51:21:[51, 86, 87, 92, 69, 67, 21]
51:21:[51, 86, 88, 93, 70, 67, 21]
51:21:[51, 86, 88, 94, 70, 67, 21]
51:21:[51, 86, 88, 95, 70, 67, 21]
51:21:[51, 86, 89, 96, 71, 67, 21]
51:21:[51, 86, 89, 97, 71, 67, 21]
51:21:[51, 86, 89, 98, 71, 67, 21]
51:22:[51, 86, 87, 90, 69, 67, 22]
51:22:[51, 86, 87, 91, 69, 67, 22]
51:22:[51, 86, 87, 92, 69, 67, 22]
51:22:[51, 86, 88, 93, 70, 67, 22]
51:22:[51, 86, 88, 94, 70, 67, 22]
51:22:[51, 86, 88, 95, 70, 67, 22]
51:22:[51, 86, 89, 96, 71, 67, 22]
51:22:[51, 86, 89, 97, 71, 67, 22]
51:22:[51, 86, 89, 98, 71, 67, 22]
51:23:[51, 86, 87, 90, 69, 67, 23]
51:23:[51, 86, 87, 91, 69, 67, 23]
51:23:[51, 86, 87, 92, 69, 67, 23]
51:23:[51, 86, 88, 93, 70, 67, 23]
51:23:[51, 86, 88, 94, 70, 67, 23]
51:23:[51, 86, 88, 95, 70, 67, 23]
51:23:[51, 86, 89, 96, 71, 67, 23]
51:23:[51, 86, 89, 97, 71, 67, 23]
51:23:[51, 86, 89, 98, 71, 67, 23]
51:24:[51, 86, 87, 90, 69, 68, 24]
51:24:[51, 86, 87, 91, 69, 68, 24]
51:24:[51, 86, 87, 92, 69, 68, 24]
51:24:[51, 86, 88, 93, 70, 68, 24]
51:24:[51, 86, 88, 94, 70, 68, 24]
51:24:[51, 86, 88, 95, 70, 68, 24]
51:24:[51, 86, 89, 96, 71, 68, 24]
51:24:[51, 86, 89, 97, 71, 68, 24]
51:24:[51, 86, 89, 98, 71, 68, 24]
51:25:[51, 86, 87, 90, 69, 68, 25]
51:25:[51, 86, 87, 91, 69, 68, 25]
51:25:[51, 86, 87, 92, 69, 68, 25]
51:25:[51, 86, 88, 93, 70, 68, 25]
51:25:[51, 86, 88, 94, 70, 68, 25]
51:25:[51, 86, 88, 95, 70, 68, 25]
51:25:[51, 86, 89, 96, 71, 68, 25]
51:25:[51, 86, 89, 97, 71, 68, 25]
51:25:[51, 86, 89, 98, 71, 68, 25]
51:26:[51, 86, 87, 90, 69, 68, 26]
51:26:[51, 86, 87, 91, 69, 68, 26]
51:26:[51, 86, 87, 92, 69, 68, 26]
51:26:[51, 86, 88, 93, 70, 68, 26]
51:26:[51, 86, 88, 94, 70, 68, 26]
51:26:[51, 86, 88, 95, 70, 68, 26]
51:26:[51, 86, 89, 96, 71, 68, 26]
51:26:[51, 86, 89, 97, 71, 68, 26]
51:26:[51, 86, 89, 98, 71, 68, 26]
51:27:[51, 86, 87, 90, 75, 72, 27]
51:27:[51, 86, 87, 91, 75, 72, 27]
51:27:[51, 86, 87, 92, 75, 72, 27]
51:27:[51, 86, 88, 93, 76, 72, 27]
51:27:[51, 86, 88, 94, 76, 72, 27]
51:27:[51, 86, 88, 95, 76, 72, 27]
51:27:[51, 86, 89, 96, 77, 72, 27]
51:27:[51, 86, 89, 97, 77, 72, 27]
51:27:[51, 86, 89, 98, 77, 72, 27]
51:28:[51, 86, 87, 90, 75, 72, 28]
51:28:[51, 86, 87, 91, 75, 72, 28]
51:28:[51, 86, 87, 92, 75, 72, 28]
51:28:[51, 86, 88, 93, 76, 72, 28]
51:28:[51, 86, 88, 94, 76, 72, 28]
51:28:[51, 86, 88, 95, 76, 72, 28]
51:28:[51, 86, 89, 96, 77, 72, 28]
51:28:[51, 86, 89, 97, 77, 72, 28]
51:28:[51, 86, 89, 98, 77, 72, 28]
51:29:[51, 86, 87, 90, 75, 72, 29]
51:29:[51, 86, 87, 91, 75, 72, 29]
51:29:[51, 86, 87, 92, 75, 72, 29]
51:29:[51, 86, 88, 93, 76, 72, 29]
51:29:[51, 86, 88, 94, 76, 72, 29]
51:29:[51, 86, 88, 95, 76, 72, 29]
51:29:[51, 86, 89, 96, 77, 72, 29]
51:29:[51, 86, 89, 97, 77, 72, 29]
51:29:[51, 86, 89, 98, 77, 72, 29]
51:30:[51, 86, 87, 90, 75, 73, 30]
51:30:[51, 86, 87, 91, 75, 73, 30]
51:30:[51, 86, 87, 92, 75, 73, 30]
51:30:[51, 86, 88, 93, 76, 73, 30]
51:30:[51, 86, 88, 94, 76, 73, 30]
51:30:[51, 86, 88, 95, 76, 73, 30]
51:30:[51, 86, 89, 96, 77, 73, 30]
51:30:[51, 86, 89, 97, 77, 73, 30]
51:30:[51, 86, 89, 98, 77, 73, 30]
51:31:[51, 86, 87, 90, 75, 73, 31]
51:31:[51, 86, 87, 91, 75, 73, 31]
51:31:[51, 86, 87, 92, 75, 73, 31]
51:31:[51, 86, 88, 93, 76, 73, 31]
51:31:[51, 86, 88, 94, 76, 73, 31]
51:31:[51, 86, 88, 95, 76, 73, 31]
51:31:[51, 86, 89, 96, 77, 73, 31]
51:31:[51, 86, 89, 97, 77, 73, 31]
51:31:[51, 86, 89, 98, 77, 73, 31]
51:32:[51, 86, 87, 90, 75, 73, 32]
51:32:[51, 86, 87, 91, 75, 73, 32]
51:32:[51, 86, 87, 92, 75, 73, 32]
51:32:[51, 86, 88, 93, 76, 73, 32]
51:32:[51, 86, 88, 94, 76, 73, 32]
51:32:[51, 86, 88, 95, 76, 73, 32]
51:32:[51, 86, 89, 96, 77, 73, 32]
51:32:[51, 86, 89, 97, 77, 73, 32]
51:32:[51, 86, 89, 98, 77, 73, 32]
51:33:[51, 86, 87, 90, 75, 74, 33]
51:33:[51, 86, 87, 91, 75, 74, 33]
51:33:[51, 86, 87, 92, 75, 74, 33]
51:33:[51, 86, 88, 93, 76, 74, 33]
51:33:[51, 86, 88, 94, 76, 74, 33]
51:33:[51, 86, 88, 95, 76, 74, 33]
51:33:[51, 86, 89, 96, 77, 74, 33]
51:33:[51, 86, 89, 97, 77, 74, 33]
51:33:[51, 86, 89, 98, 77, 74, 33]
51:34:[51, 86, 87, 90, 75, 74, 34]
51:34:[51, 86, 87, 91, 75, 74, 34]
51:34:[51, 86, 87, 92, 75, 74, 34]
51:34:[51, 86, 88, 93, 76, 74, 34]
51:34:[51, 86, 88, 94, 76, 74, 34]
51:34:[51, 86, 88, 95, 76, 74, 34]
51:34:[51, 86, 89, 96, 77, 74, 34]
51:34:[51, 86, 89, 97, 77, 74, 34]
51:34:[51, 86, 89, 98, 77, 74, 34]
51:35:[51, 86, 87, 90, 75, 74, 35]
51:35:[51, 86, 87, 91, 75, 74, 35]
51:35:[51, 86, 87, 92, 75, 74, 35]
51:35:[51, 86, 88, 93, 76, 74, 35]
51:35:[51, 86, 88, 94, 76, 74, 35]
51:35:[51, 86, 88, 95, 76, 74, 35]
51:35:[51, 86, 89, 96, 77, 74, 35]
51:35:[51, 86, 89, 97, 77, 74, 35]
51:35:[51, 86, 89, 98, 77, 74, 35]
51:36:[51, 86, 87, 90, 81, 78, 36]
51:36:[51, 86, 87, 91, 81, 78, 36]
51:36:[51, 86, 87, 92, 81, 78, 36]
51:36:[51, 86, 88, 93, 82, 78, 36]
51:36:[51, 86, 88, 94, 82, 78, 36]
51:36:[51, 86, 88, 95, 82, 78, 36]
51:36:[51, 86, 89, 96, 83, 78, 36]
51:36:[51, 86, 89, 97, 83, 78, 36]
51:36:[51, 86, 89, 98, 83, 78, 36]
51:37:[51, 86, 87, 90, 81, 78, 37]
51:37:[51, 86, 87, 91, 81, 78, 37]
51:37:[51, 86, 87, 92, 81, 78, 37]
51:37:[51, 86, 88, 93, 82, 78, 37]
51:37:[51, 86, 88, 94, 82, 78, 37]
51:37:[51, 86, 88, 95, 82, 78, 37]
51:37:[51, 86, 89, 96, 83, 78, 37]
51:37:[51, 86, 89, 97, 83, 78, 37]
51:37:[51, 86, 89, 98, 83, 78, 37]
51:38:[51, 86, 87, 90, 81, 78, 38]
51:38:[51, 86, 87, 91, 81, 78, 38]
51:38:[51, 86, 87, 92, 81, 78, 38]
51:38:[51, 86, 88, 93, 82, 78, 38]
51:38:[51, 86, 88, 94, 82, 78, 38]
51:38:[51, 86, 88, 95, 82, 78, 38]
51:38:[51, 86, 89, 96, 83, 78, 38]
51:38:[51, 86, 89, 97, 83, 78, 38]
51:38:[51, 86, 89, 98, 83, 78, 38]
51:39:[51, 86, 87, 90, 81, 79, 39]
51:39:[51, 86, 87, 91, 81, 79, 39]
51:39:[51, 86, 87, 92, 81, 79, 39]
51:39:[51, 86, 88, 93, 82, 79, 39]
51:39:[51, 86, 88, 94, 82, 79, 39]
51:39:[51, 86, 88, 95, 82, 79, 39]
51:39:[51, 86, 89, 96, 83, 79, 39]
51:39:[51, 86, 89, 97, 83, 79, 39]
51:39:[51, 86, 89, 98, 83, 79, 39]
51:40:[51, 86, 87, 90, 81, 79, 40]
51:40:[51, 86, 87, 91, 81, 79, 40]
51:40:[51, 86, 87, 92, 81, 79, 40]
51:40:[51, 86, 88, 93, 82, 79, 40]
51:40:[51, 86, 88, 94, 82, 79, 40]
51:40:[51, 86, 88, 95, 82, 79, 40]
51:40:[51, 86, 89, 96, 83, 79, 40]
51:40:[51, 86, 89, 97, 83, 79, 40]
51:40:[51, 86, 89, 98, 83, 79, 40]
51:41:[51, 86, 87, 90, 81, 79, 41]
51:41:[51, 86, 87, 91, 81, 79, 41]
51:41:[51, 86, 87, 92, 81, 79, 41]
51:41:[51, 86, 88, 93, 82, 79, 41]
51:41:[51, 86, 88, 94, 82, 79, 41]
51:41:[51, 86, 88, 95, 82, 79, 41]
51:41:[51, 86, 89, 96, 83, 79, 41]
51:41:[51, 86, 89, 97, 83, 79, 41]
51:41:[51, 86, 89, 98, 83, 79, 41]
51:42:[51, 86, 87, 90, 81, 80, 42]
51:42:[51, 86, 87, 91, 81, 80, 42]
51:42:[51, 86, 87, 92, 81, 80, 42]
51:42:[51, 86, 88, 93, 82, 80, 42]
51:42:[51, 86, 88, 94, 82, 80, 42]
51:42:[51, 86, 88, 95, 82, 80, 42]
51:42:[51, 86, 89, 96, 83, 80, 42]
51:42:[51, 86, 89, 97, 83, 80, 42]
51:42:[51, 86, 89, 98, 83, 80, 42]
51:43:[51, 86, 87, 90, 81, 80, 43]
51:43:[51, 86, 87, 91, 81, 80, 43]
51:43:[51, 86, 87, 92, 81, 80, 43]
51:43:[51, 86, 88, 93, 82, 80, 43]
51:43:[51, 86, 88, 94, 82, 80, 43]
51:43:[51, 86, 88, 95, 82, 80, 43]
51:43:[51, 86, 89, 96, 83, 80, 43]
51:43:[51, 86, 89, 97, 83, 80, 43]
51:43:[51, 86, 89, 98, 83, 80, 43]
51:44:[51, 86, 87, 90, 81, 80, 44]
51:44:[51, 86, 87, 91, 81, 80, 44]
51:44:[51, 86, 87, 92, 81, 80, 44]
51:44:[51, 86, 88, 93, 82, 80, 44]
51:44:[51, 86, 88, 94, 82, 80, 44]
51:44:[51, 86, 88, 95, 82, 80, 44]
51:44:[51, 86, 89, 96, 83, 80, 44]
51:44:[51, 86, 89, 97, 83, 80, 44]
51:44:[51, 86, 89, 98, 83, 80, 44]
51:45:[51, 86, 87, 84, 45]
51:45:[51, 86, 88, 84, 45]
51:45:[51, 86, 89, 84, 45]
51:46:[51, 86, 87, 84, 46]
51:46:[51, 86, 88, 84, 46]
51:46:[51, 86, 89, 84, 46]
51:47:[51, 86, 87, 84, 47]
51:47:[51, 86, 88, 84, 47]
51:47:[51, 86, 89, 84, 47]
51:48:[51, 86, 87, 85, 48]
51:48:[51, 86, 88, 85, 48]
51:48:[51, 86, 89, 85, 48]
51:49:[51, 86, 87, 85, 49]
51:49:[51, 86, 88, 85, 49]
51:49:[51, 86, 89, 85, 49]
51:50:[51, 86, 87, 85, 50]
51:50:[51, 86, 88, 85, 50]
51:50:[51, 86, 89, 85, 50]
51:52:[51, 86, 52]
51:53:[51, 86, 53]
52:0:[52, 86, 87, 90, 57, 54, 0]
52:0:[52, 86, 87, 91, 57, 54, 0]
52:0:[52, 86, 87, 92, 57, 54, 0]
52:0:[52, 86, 88, 93, 58, 54, 0]
52:0:[52, 86, 88, 94, 58, 54, 0]
52:0:[52, 86, 88, 95, 58, 54, 0]
52:0:[52, 86, 89, 96, 59, 54, 0]
52:0:[52, 86, 89, 97, 59, 54, 0]
52:0:[52, 86, 89, 98, 59, 54, 0]
52:1:[52, 86, 87, 90, 57, 54, 1]
52:1:[52, 86, 87, 91, 57, 54, 1]
52:1:[52, 86, 87, 92, 57, 54, 1]
52:1:[52, 86, 88, 93, 58, 54, 1]
52:1:[52, 86, 88, 94, 58, 54, 1]
52:1:[52, 86, 88, 95, 58, 54, 1]
52:1:[52, 86, 89, 96, 59, 54, 1]
52:1:[52, 86, 89, 97, 59, 54, 1]
52:1:[52, 86, 89, 98, 59, 54, 1]
52:2:[52, 86, 87, 90, 57, 54, 2]
52:2:[52, 86, 87, 91, 57, 54, 2]
52:2:[52, 86, 87, 92, 57, 54, 2]
52:2:[52, 86, 88, 93, 58, 54, 2]
52:2:[52, 86, 88, 94, 58, 54, 2]
52:2:[52, 86, 88, 95, 58, 54, 2]
52:2:[52, 86, 89, 96, 59, 54, 2]
52:2:[52, 86, 89, 97, 59, 54, 2]
52:2:[52, 86, 89, 98, 59, 54, 2]
52:3:[52, 86, 87, 90, 57, 55, 3]
52:3:[52, 86, 87, 91, 57, 55, 3]
52:3:[52, 86, 87, 92, 57, 55, 3]
52:3:[52, 86, 88, 93, 58, 55, 3]
52:3:[52, 86, 88, 94, 58, 55, 3]
52:3:[52, 86, 88, 95, 58, 55, 3]
52:3:[52, 86, 89, 96, 59, 55, 3]
52:3:[52, 86, 89, 97, 59, 55, 3]
52:3:[52, 86, 89, 98, 59, 55, 3]
52:4:[52, 86, 87, 90, 57, 55, 4]
52:4:[52, 86, 87, 91, 57, 55, 4]
52:4:[52, 86, 87, 92, 57, 55, 4]
52:4:[52, 86, 88, 93, 58, 55, 4]
52:4:[52, 86, 88, 94, 58, 55, 4]
52:4:[52, 86, 88, 95, 58, 55, 4]
52:4:[52, 86, 89, 96, 59, 55, 4]
52:4:[52, 86, 89, 97, 59, 55, 4]
52:4:[52, 86, 89, 98, 59, 55, 4]
52:5:[52, 86, 87, 90, 57, 55, 5]
52:5:[52, 86, 87, 91, 57, 55, 5]
52:5:[52, 86, 87, 92, 57, 55, 5]
52:5:[52, 86, 88, 93, 58, 55, 5]
52:5:[52, 86, 88, 94, 58, 55, 5]
52:5:[52, 86, 88, 95, 58, 55, 5]
52:5:[52, 86, 89, 96, 59, 55, 5]
52:5:[52, 86, 89, 97, 59, 55, 5]
52:5:[52, 86, 89, 98, 59, 55, 5]
52:6:[52, 86, 87, 90, 57, 56, 6]
52:6:[52, 86, 87, 91, 57, 56, 6]
52:6:[52, 86, 87, 92, 57, 56, 6]
52:6:[52, 86, 88, 93, 58, 56, 6]
52:6:[52, 86, 88, 94, 58, 56, 6]
52:6:[52, 86, 88, 95, 58, 56, 6]
52:6:[52, 86, 89, 96, 59, 56, 6]
52:6:[52, 86, 89, 97, 59, 56, 6]
52:6:[52, 86, 89, 98, 59, 56, 6]
52:7:[52, 86, 87, 90, 57, 56, 7]
52:7:[52, 86, 87, 91, 57, 56, 7]
52:7:[52, 86, 87, 92, 57, 56, 7]
52:7:[52, 86, 88, 93, 58, 56, 7]
52:7:[52, 86, 88, 94, 58, 56, 7]
52:7:[52, 86, 88, 95, 58, 56, 7]
52:7:[52, 86, 89, 96, 59, 56, 7]
52:7:[52, 86, 89, 97, 59, 56, 7]
52:7:[52, 86, 89, 98, 59, 56, 7]
52:8:[52, 86, 87, 90, 57, 56, 8]
52:8:[52, 86, 87, 91, 57, 56, 8]
52:8:[52, 86, 87, 92, 57, 56, 8]
52:8:[52, 86, 88, 93, 58, 56, 8]
52:8:[52, 86, 88, 94, 58, 56, 8]
52:8:[52, 86, 88, 95, 58, 56, 8]
52:8:[52, 86, 89, 96, 59, 56, 8]
52:8:[52, 86, 89, 97, 59, 56, 8]
52:8:[52, 86, 89, 98, 59, 56, 8]
52:9:[52, 86, 87, 90, 63, 60, 9]
52:9:[52, 86, 87, 91, 63, 60, 9]
52:9:[52, 86, 87, 92, 63, 60, 9]
52:9:[52, 86, 88, 93, 64, 60, 9]
52:9:[52, 86, 88, 94, 64, 60, 9]
52:9:[52, 86, 88, 95, 64, 60, 9]
52:9:[52, 86, 89, 96, 65, 60, 9]
52:9:[52, 86, 89, 97, 65, 60, 9]
52:9:[52, 86, 89, 98, 65, 60, 9]
52:10:[52, 86, 87, 90, 63, 60, 10]
52:10:[52, 86, 87, 91, 63, 60, 10]
52:10:[52, 86, 87, 92, 63, 60, 10]
52:10:[52, 86, 88, 93, 64, 60, 10]
52:10:[52, 86, 88, 94, 64, 60, 10]
52:10:[52, 86, 88, 95, 64, 60, 10]
52:10:[52, 86, 89, 96, 65, 60, 10]
52:10:[52, 86, 89, 97, 65, 60, 10]
52:10:[52, 86, 89, 98, 65, 60, 10]
52:11:[52, 86, 87, 90, 63, 60, 11]
52:11:[52, 86, 87, 91, 63, 60, 11]
52:11:[52, 86, 87, 92, 63, 60, 11]
52:11:[52, 86, 88, 93, 64, 60, 11]
52:11:[52, 86, 88, 94, 64, 60, 11]
52:11:[52, 86, 88, 95, 64, 60, 11]
52:11:[52, 86, 89, 96, 65, 60, 11]
52:11:[52, 86, 89, 97, 65, 60, 11]
52:11:[52, 86, 89, 98, 65, 60, 11]
52:12:[52, 86, 87, 90, 63, 61, 12]
52:12:[52, 86, 87, 91, 63, 61, 12]
52:12:[52, 86, 87, 92, 63, 61, 12]
52:12:[52, 86, 88, 93, 64, 61, 12]
52:12:[52, 86, 88, 94, 64, 61, 12]
52:12:[52, 86, 88, 95, 64, 61, 12]
52:12:[52, 86, 89, 96, 65, 61, 12]
52:12:[52, 86, 89, 97, 65, 61, 12]
52:12:[52, 86, 89, 98, 65, 61, 12]
52:13:[52, 86, 87, 90, 63, 61, 13]
52:13:[52, 86, 87, 91, 63, 61, 13]
52:13:[52, 86, 87, 92, 63, 61, 13]
52:13:[52, 86, 88, 93, 64, 61, 13]
52:13:[52, 86, 88, 94, 64, 61, 13]
52:13:[52, 86, 88, 95, 64, 61, 13]
52:13:[52, 86, 89, 96, 65, 61, 13]
52:13:[52, 86, 89, 97, 65, 61, 13]
52:13:[52, 86, 89, 98, 65, 61, 13]
52:14:[52, 86, 87, 90, 63, 61, 14]
52:14:[52, 86, 87, 91, 63, 61, 14]
52:14:[52, 86, 87, 92, 63, 61, 14]
52:14:[52, 86, 88, 93, 64, 61, 14]
52:14:[52, 86, 88, 94, 64, 61, 14]
52:14:[52, 86, 88, 95, 64, 61, 14]
52:14:[52, 86, 89, 96, 65, 61, 14]
52:14:[52, 86, 89, 97, 65, 61, 14]
52:14:[52, 86, 89, 98, 65, 61, 14]
52:15:[52, 86, 87, 90, 63, 62, 15]
52:15:[52, 86, 87, 91, 63, 62, 15]
52:15:[52, 86, 87, 92, 63, 62, 15]
52:15:[52, 86, 88, 93, 64, 62, 15]
52:15:[52, 86, 88, 94, 64, 62, 15]
52:15:[52, 86, 88, 95, 64, 62, 15]
52:15:[52, 86, 89, 96, 65, 62, 15]
52:15:[52, 86, 89, 97, 65, 62, 15]
52:15:[52, 86, 89, 98, 65, 62, 15]
52:16:[52, 86, 87, 90, 63, 62, 16]
52:16:[52, 86, 87, 91, 63, 62, 16]
52:16:[52, 86, 87, 92, 63, 62, 16]
52:16:[52, 86, 88, 93, 64, 62, 16]
52:16:[52, 86, 88, 94, 64, 62, 16]
52:16:[52, 86, 88, 95, 64, 62, 16]
52:16:[52, 86, 89, 96, 65, 62, 16]
52:16:[52, 86, 89, 97, 65, 62, 16]
52:16:[52, 86, 89, 98, 65, 62, 16]
52:17:[52, 86, 87, 90, 63, 62, 17]
52:17:[52, 86, 87, 91, 63, 62, 17]
52:17:[52, 86, 87, 92, 63, 62, 17]
52:17:[52, 86, 88, 93, 64, 62, 17]
52:17:[52, 86, 88, 94, 64, 62, 17]
52:17:[52, 86, 88, 95, 64, 62, 17]
52:17:[52, 86, 89, 96, 65, 62, 17]
52:17:[52, 86, 89, 97, 65, 62, 17]
52:17:[52, 86, 89, 98, 65, 62, 17]
52:18:[52, 86, 87, 90, 69, 66, 18]
52:18:[52, 86, 87, 91, 69, 66, 18]
52:18:[52, 86, 87, 92, 69, 66, 18]
52:18:[52, 86, 88, 93, 70, 66, 18]
52:18:[52, 86, 88, 94, 70, 66, 18]
52:18:[52, 86, 88, 95, 70, 66, 18]
52:18:[52, 86, 89, 96, 71, 66, 18]
52:18:[52, 86, 89, 97, 71, 66, 18]
52:18:[52, 86, 89, 98, 71, 66, 18]
52:19:[52, 86, 87, 90, 69, 66, 19]
52:19:[52, 86, 87, 91, 69, 66, 19]
52:19:[52, 86, 87, 92, 69, 66, 19]
52:19:[52, 86, 88, 93, 70, 66, 19]
52:19:[52, 86, 88, 94, 70, 66, 19]
52:19:[52, 86, 88, 95, 70, 66, 19]
52:19:[52, 86, 89, 96, 71, 66, 19]
52:19:[52, 86, 89, 97, 71, 66, 19]
52:19:[52, 86, 89, 98, 71, 66, 19]
52:20:[52, 86, 87, 90, 69, 66, 20]
52:20:[52, 86, 87, 91, 69, 66, 20]
52:20:[52, 86, 87, 92, 69, 66, 20]
52:20:[52, 86, 88, 93, 70, 66, 20]
52:20:[52, 86, 88, 94, 70, 66, 20]
52:20:[52, 86, 88, 95, 70, 66, 20]
52:20:[52, 86, 89, 96, 71, 66, 20]
52:20:[52, 86, 89, 97, 71, 66, 20]
52:20:[52, 86, 89, 98, 71, 66, 20]
52:21:[52, 86, 87, 90, 69, 67, 21]
52:21:[52, 86, 87, 91, 69, 67, 21]
52:21:[52, 86, 87, 92, 69, 67, 21]
52:21:[52, 86, 88, 93, 70, 67, 21]
52:21:[52, 86, 88, 94, 70, 67, 21]
52:21:[52, 86, 88, 95, 70, 67, 21]
52:21:[52, 86, 89, 96, 71, 67, 21]
52:21:[52, 86, 89, 97, 71, 67, 21]
52:21:[52, 86, 89, 98, 71, 67, 21]
52:22:[52, 86, 87, 90, 69, 67, 22]
52:22:[52, 86, 87, 91, 69, 67, 22]
52:22:[52, 86, 87, 92, 69, 67, 22]
52:22:[52, 86, 88, 93, 70, 67, 22]
52:22:[52, 86, 88, 94, 70, 67, 22]
52:22:[52, 86, 88, 95, 70, 67, 22]
52:22:[52, 86, 89, 96, 71, 67, 22]
52:22:[52, 86, 89, 97, 71, 67, 22]
52:22:[52, 86, 89, 98, 71, 67, 22]
52:23:[52, 86, 87, 90, 69, 67, 23]
52:23:[52, 86, 87, 91, 69, 67, 23]
52:23:[52, 86, 87, 92, 69, 67, 23]
52:23:[52, 86, 88, 93, 70, 67, 23]
52:23:[52, 86, 88, 94, 70, 67, 23]
52:23:[52, 86, 88, 95, 70, 67, 23]
52:23:[52, 86, 89, 96, 71, 67, 23]
52:23:[52, 86, 89, 97, 71, 67, 23]
52:23:[52, 86, 89, 98, 71, 67, 23]
52:24:[52, 86, 87, 90, 69, 68, 24]
52:24:[52, 86, 87, 91, 69, 68, 24]
52:24:[52, 86, 87, 92, 69, 68, 24]
52:24:[52, 86, 88, 93, 70, 68, 24]
52:24:[52, 86, 88, 94, 70, 68, 24]
52:24:[52, 86, 88, 95, 70, 68, 24]
52:24:[52, 86, 89, 96, 71, 68, 24]
52:24:[52, 86, 89, 97, 71, 68, 24]
52:24:[52, 86, 89, 98, 71, 68, 24]
52:25:[52, 86, 87, 90, 69, 68, 25]
52:25:[52, 86, 87, 91, 69, 68, 25]
52:25:[52, 86, 87, 92, 69, 68, 25]
52:25:[52, 86, 88, 93, 70, 68, 25]
52:25:[52, 86, 88, 94, 70, 68, 25]
52:25:[52, 86, 88, 95, 70, 68, 25]
52:25:[52, 86, 89, 96, 71, 68, 25]
52:25:[52, 86, 89, 97, 71, 68, 25]
52:25:[52, 86, 89, 98, 71, 68, 25]
52:26:[52, 86, 87, 90, 69, 68, 26]
52:26:[52, 86, 87, 91, 69, 68, 26]
52:26:[52, 86, 87, 92, 69, 68, 26]
52:26:[52, 86, 88, 93, 70, 68, 26]
52:26:[52, 86, 88, 94, 70, 68, 26]
52:26:[52, 86, 88, 95, 70, 68, 26]
52:26:[52, 86, 89, 96, 71, 68, 26]
52:26:[52, 86, 89, 97, 71, 68, 26]
52:26:[52, 86, 89, 98, 71, 68, 26]
52:27:[52, 86, 87, 90, 75, 72, 27]
52:27:[52, 86, 87, 91, 75, 72, 27]
52:27:[52, 86, 87, 92, 75, 72, 27]
52:27:[52, 86, 88, 93, 76, 72, 27]
52:27:[52, 86, 88, 94, 76, 72, 27]
52:27:[52, 86, 88, 95, 76, 72, 27]
52:27:[52, 86, 89, 96, 77, 72, 27]
52:27:[52, 86, 89, 97, 77, 72, 27]
52:27:[52, 86, 89, 98, 77, 72, 27]
52:28:[52, 86, 87, 90, 75, 72, 28]
52:28:[52, 86, 87, 91, 75, 72, 28]
52:28:[52, 86, 87, 92, 75, 72, 28]
52:28:[52, 86, 88, 93, 76, 72, 28]
52:28:[52, 86, 88, 94, 76, 72, 28]
52:28:[52, 86, 88, 95, 76, 72, 28]
52:28:[52, 86, 89, 96, 77, 72, 28]
52:28:[52, 86, 89, 97, 77, 72, 28]
52:28:[52, 86, 89, 98, 77, 72, 28]
52:29:[52, 86, 87, 90, 75, 72, 29]
52:29:[52, 86, 87, 91, 75, 72, 29]
52:29:[52, 86, 87, 92, 75, 72, 29]
52:29:[52, 86, 88, 93, 76, 72, 29]
52:29:[52, 86, 88, 94, 76, 72, 29]
52:29:[52, 86, 88, 95, 76, 72, 29]
52:29:[52, 86, 89, 96, 77, 72, 29]
52:29:[52, 86, 89, 97, 77, 72, 29]
52:29:[52, 86, 89, 98, 77, 72, 29]
52:30:[52, 86, 87, 90, 75, 73, 30]
52:30:[52, 86, 87, 91, 75, 73, 30]
52:30:[52, 86, 87, 92, 75, 73, 30]
52:30:[52, 86, 88, 93, 76, 73, 30]
52:30:[52, 86, 88, 94, 76, 73, 30]
52:30:[52, 86, 88, 95, 76, 73, 30]
52:30:[52, 86, 89, 96, 77, 73, 30]
52:30:[52, 86, 89, 97, 77, 73, 30]
52:30:[52, 86, 89, 98, 77, 73, 30]
52:31:[52, 86, 87, 90, 75, 73, 31]
52:31:[52, 86, 87, 91, 75, 73, 31]
52:31:[52, 86, 87, 92, 75, 73, 31]
52:31:[52, 86, 88, 93, 76, 73, 31]
52:31:[52, 86, 88, 94, 76, 73, 31]
52:31:[52, 86, 88, 95, 76, 73, 31]
52:31:[52, 86, 89, 96, 77, 73, 31]
52:31:[52, 86, 89, 97, 77, 73, 31]
52:31:[52, 86, 89, 98, 77, 73, 31]
52:32:[52, 86, 87, 90, 75, 73, 32]
52:32:[52, 86, 87, 91, 75, 73, 32]
52:32:[52, 86, 87, 92, 75, 73, 32]
52:32:[52, 86, 88, 93, 76, 73, 32]
52:32:[52, 86, 88, 94, 76, 73, 32]
52:32:[52, 86, 88, 95, 76, 73, 32]
52:32:[52, 86, 89, 96, 77, 73, 32]
52:32:[52, 86, 89, 97, 77, 73, 32]
52:32:[52, 86, 89, 98, 77, 73, 32]
52:33:[52, 86, 87, 90, 75, 74, 33]
52:33:[52, 86, 87, 91, 75, 74, 33]
52:33:[52, 86, 87, 92, 75, 74, 33]
52:33:[52, 86, 88, 93, 76, 74, 33]
52:33:[52, 86, 88, 94, 76, 74, 33]
52:33:[52, 86, 88, 95, 76, 74, 33]
52:33:[52, 86, 89, 96, 77, 74, 33]
52:33:[52, 86, 89, 97, 77, 74, 33]
52:33:[52, 86, 89, 98, 77, 74, 33]
52:34:[52, 86, 87, 90, 75, 74, 34]
52:34:[52, 86, 87, 91, 75, 74, 34]
52:34:[52, 86, 87, 92, 75, 74, 34]
52:34:[52, 86, 88, 93, 76, 74, 34]
52:34:[52, 86, 88, 94, 76, 74, 34]
52:34:[52, 86, 88, 95, 76, 74, 34]
52:34:[52, 86, 89, 96, 77, 74, 34]
52:34:[52, 86, 89, 97, 77, 74, 34]
52:34:[52, 86, 89, 98, 77, 74, 34]
52:35:[52, 86, 87, 90, 75, 74, 35]
52:35:[52, 86, 87, 91, 75, 74, 35]
52:35:[52, 86, 87, 92, 75, 74, 35]
52:35:[52, 86, 88, 93, 76, 74, 35]
52:35:[52, 86, 88, 94, 76, 74, 35]
52:35:[52, 86, 88, 95, 76, 74, 35]
52:35:[52, 86, 89, 96, 77, 74, 35]
52:35:[52, 86, 89, 97, 77, 74, 35]
52:35:[52, 86, 89, 98, 77, 74, 35]
52:36:[52, 86, 87, 90, 81, 78, 36]
52:36:[52, 86, 87, 91, 81, 78, 36]
52:36:[52, 86, 87, 92, 81, 78, 36]
52:36:[52, 86, 88, 93, 82, 78, 36]
52:36:[52, 86, 88, 94, 82, 78, 36]
52:36:[52, 86, 88, 95, 82, 78, 36]
52:36:[52, 86, 89, 96, 83, 78, 36]
52:36:[52, 86, 89, 97, 83, 78, 36]
52:36:[52, 86, 89, 98, 83, 78, 36]
52:37:[52, 86, 87, 90, 81, 78, 37]
52:37:[52, 86, 87, 91, 81, 78, 37]
52:37:[52, 86, 87, 92, 81, 78, 37]
52:37:[52, 86, 88, 93, 82, 78, 37]
52:37:[52, 86, 88, 94, 82, 78, 37]
52:37:[52, 86, 88, 95, 82, 78, 37]
52:37:[52, 86, 89, 96, 83, 78, 37]
52:37:[52, 86, 89, 97, 83, 78, 37]
52:37:[52, 86, 89, 98, 83, 78, 37]
52:38:[52, 86, 87, 90, 81, 78, 38]
52:38:[52, 86, 87, 91, 81, 78, 38]
52:38:[52, 86, 87, 92, 81, 78, 38]
52:38:[52, 86, 88, 93, 82, 78, 38]
52:38:[52, 86, 88, 94, 82, 78, 38]
52:38:[52, 86, 88, 95, 82, 78, 38]
52:38:[52, 86, 89, 96, 83, 78, 38]
52:38:[52, 86, 89, 97, 83, 78, 38]
52:38:[52, 86, 89, 98, 83, 78, 38]
52:39:[52, 86, 87, 90, 81, 79, 39]
52:39:[52, 86, 87, 91, 81, 79, 39]
52:39:[52, 86, 87, 92, 81, 79, 39]
52:39:[52, 86, 88, 93, 82, 79, 39]
52:39:[52, 86, 88, 94, 82, 79, 39]
52:39:[52, 86, 88, 95, 82, 79, 39]
52:39:[52, 86, 89, 96, 83, 79, 39]
52:39:[52, 86, 89, 97, 83, 79, 39]
52:39:[52, 86, 89, 98, 83, 79, 39]
52:40:[52, 86, 87, 90, 81, 79, 40]
52:40:[52, 86, 87, 91, 81, 79, 40]
52:40:[52, 86, 87, 92, 81, 79, 40]
52:40:[52, 86, 88, 93, 82, 79, 40]
52:40:[52, 86, 88, 94, 82, 79, 40]
52:40:[52, 86, 88, 95, 82, 79, 40]
52:40:[52, 86, 89, 96, 83, 79, 40]
52:40:[52, 86, 89, 97, 83, 79, 40]
52:40:[52, 86, 89, 98, 83, 79, 40]
52:41:[52, 86, 87, 90, 81, 79, 41]
52:41:[52, 86, 87, 91, 81, 79, 41]
52:41:[52, 86, 87, 92, 81, 79, 41]
52:41:[52, 86, 88, 93, 82, 79, 41]
52:41:[52, 86, 88, 94, 82, 79, 41]
52:41:[52, 86, 88, 95, 82, 79, 41]
52:41:[52, 86, 89, 96, 83, 79, 41]
52:41:[52, 86, 89, 97, 83, 79, 41]
52:41:[52, 86, 89, 98, 83, 79, 41]
52:42:[52, 86, 87, 90, 81, 80, 42]
52:42:[52, 86, 87, 91, 81, 80, 42]
52:42:[52, 86, 87, 92, 81, 80, 42]
52:42:[52, 86, 88, 93, 82, 80, 42]
52:42:[52, 86, 88, 94, 82, 80, 42]
52:42:[52, 86, 88, 95, 82, 80, 42]
52:42:[52, 86, 89, 96, 83, 80, 42]
52:42:[52, 86, 89, 97, 83, 80, 42]
52:42:[52, 86, 89, 98, 83, 80, 42]
52:43:[52, 86, 87, 90, 81, 80, 43]
52:43:[52, 86, 87, 91, 81, 80, 43]
52:43:[52, 86, 87, 92, 81, 80, 43]
52:43:[52, 86, 88, 93, 82, 80, 43]
52:43:[52, 86, 88, 94, 82, 80, 43]
52:43:[52, 86, 88, 95, 82, 80, 43]
52:43:[52, 86, 89, 96, 83, 80, 43]
52:43:[52, 86, 89, 97, 83, 80, 43]
52:43:[52, 86, 89, 98, 83, 80, 43]
52:44:[52, 86, 87, 90, 81, 80, 44]
52:44:[52, 86, 87, 91, 81, 80, 44]
52:44:[52, 86, 87, 92, 81, 80, 44]
52:44:[52, 86, 88, 93, 82, 80, 44]
52:44:[52, 86, 88, 94, 82, 80, 44]
52:44:[52, 86, 88, 95, 82, 80, 44]
52:44:[52, 86, 89, 96, 83, 80, 44]
52:44:[52, 86, 89, 97, 83, 80, 44]
52:44:[52, 86, 89, 98, 83, 80, 44]
52:45:[52, 86, 87, 84, 45]
52:45:[52, 86, 88, 84, 45]
52:45:[52, 86, 89, 84, 45]
52:46:[52, 86, 87, 84, 46]
52:46:[52, 86, 88, 84, 46]
52:46:[52, 86, 89, 84, 46]
52:47:[52, 86, 87, 84, 47]
52:47:[52, 86, 88, 84, 47]
52:47:[52, 86, 89, 84, 47]
52:48:[52, 86, 87, 85, 48]
52:48:[52, 86, 88, 85, 48]
52:48:[52, 86, 89, 85, 48]
52:49:[52, 86, 87, 85, 49]
52:49:[52, 86, 88, 85, 49]
52:49:[52, 86, 89, 85, 49]
52:50:[52, 86, 87, 85, 50]
52:50:[52, 86, 88, 85, 50]
52:50:[52, 86, 89, 85, 50]
52:51:[52, 86, 51]
52:53:[52, 86, 53]
53:0:[53, 86, 87, 90, 57, 54, 0]
53:0:[53, 86, 87, 91, 57, 54, 0]
53:0:[53, 86, 87, 92, 57, 54, 0]
53:0:[53, 86, 88, 93, 58, 54, 0]
53:0:[53, 86, 88, 94, 58, 54, 0]
53:0:[53, 86, 88, 95, 58, 54, 0]
53:0:[53, 86, 89, 96, 59, 54, 0]
53:0:[53, 86, 89, 97, 59, 54, 0]
53:0:[53, 86, 89, 98, 59, 54, 0]
53:1:[53, 86, 87, 90, 57, 54, 1]
53:1:[53, 86, 87, 91, 57, 54, 1]
53:1:[53, 86, 87, 92, 57, 54, 1]
53:1:[53, 86, 88, 93, 58, 54, 1]
53:1:[53, 86, 88, 94, 58, 54, 1]
53:1:[53, 86, 88, 95, 58, 54, 1]
53:1:[53, 86, 89, 96, 59, 54, 1]
53:1:[53, 86, 89, 97, 59, 54, 1]
53:1:[53, 86, 89, 98, 59, 54, 1]
53:2:[53, 86, 87, 90, 57, 54, 2]
53:2:[53, 86, 87, 91, 57, 54, 2]
53:2:[53, 86, 87, 92, 57, 54, 2]
53:2:[53, 86, 88, 93, 58, 54, 2]
53:2:[53, 86, 88, 94, 58, 54, 2]
53:2:[53, 86, 88, 95, 58, 54, 2]
53:2:[53, 86, 89, 96, 59, 54, 2]
53:2:[53, 86, 89, 97, 59, 54, 2]
53:2:[53, 86, 89, 98, 59, 54, 2]
53:3:[53, 86, 87, 90, 57, 55, 3]
53:3:[53, 86, 87, 91, 57, 55, 3]
53:3:[53, 86, 87, 92, 57, 55, 3]
53:3:[53, 86, 88, 93, 58, 55, 3]
53:3:[53, 86, 88, 94, 58, 55, 3]
53:3:[53, 86, 88, 95, 58, 55, 3]
53:3:[53, 86, 89, 96, 59, 55, 3]
53:3:[53, 86, 89, 97, 59, 55, 3]
53:3:[53, 86, 89, 98, 59, 55, 3]
53:4:[53, 86, 87, 90, 57, 55, 4]
53:4:[53, 86, 87, 91, 57, 55, 4]
53:4:[53, 86, 87, 92, 57, 55, 4]
53:4:[53, 86, 88, 93, 58, 55, 4]
53:4:[53, 86, 88, 94, 58, 55, 4]
53:4:[53, 86, 88, 95, 58, 55, 4]
53:4:[53, 86, 89, 96, 59, 55, 4]
53:4:[53, 86, 89, 97, 59, 55, 4]
53:4:[53, 86, 89, 98, 59, 55, 4]
53:5:[53, 86, 87, 90, 57, 55, 5]
53:5:[53, 86, 87, 91, 57, 55, 5]
53:5:[53, 86, 87, 92, 57, 55, 5]
53:5:[53, 86, 88, 93, 58, 55, 5]
53:5:[53, 86, 88, 94, 58, 55, 5]
53:5:[53, 86, 88, 95, 58, 55, 5]
53:5:[53, 86, 89, 96, 59, 55, 5]
53:5:[53, 86, 89, 97, 59, 55, 5]
53:5:[53, 86, 89, 98, 59, 55, 5]
53:6:[53, 86, 87, 90, 57, 56, 6]
53:6:[53, 86, 87, 91, 57, 56, 6]
53:6:[53, 86, 87, 92, 57, 56, 6]
53:6:[53, 86, 88, 93, 58, 56, 6]
53:6:[53, 86, 88, 94, 58, 56, 6]
53:6:[53, 86, 88, 95, 58, 56, 6]
53:6:[53, 86, 89, 96, 59, 56, 6]
53:6:[53, 86, 89, 97, 59, 56, 6]
53:6:[53, 86, 89, 98, 59, 56, 6]
53:7:[53, 86, 87, 90, 57, 56, 7]
53:7:[53, 86, 87, 91, 57, 56, 7]
53:7:[53, 86, 87, 92, 57, 56, 7]
53:7:[53, 86, 88, 93, 58, 56, 7]
53:7:[53, 86, 88, 94, 58, 56, 7]
53:7:[53, 86, 88, 95, 58, 56, 7]
53:7:[53, 86, 89, 96, 59, 56, 7]
53:7:[53, 86, 89, 97, 59, 56, 7]
53:7:[53, 86, 89, 98, 59, 56, 7]
53:8:[53, 86, 87, 90, 57, 56, 8]
53:8:[53, 86, 87, 91, 57, 56, 8]
53:8:[53, 86, 87, 92, 57, 56, 8]
53:8:[53, 86, 88, 93, 58, 56, 8]
53:8:[53, 86, 88, 94, 58, 56, 8]
53:8:[53, 86, 88, 95, 58, 56, 8]
53:8:[53, 86, 89, 96, 59, 56, 8]
53:8:[53, 86, 89, 97, 59, 56, 8]
53:8:[53, 86, 89, 98, 59, 56, 8]
53:9:[53, 86, 87, 90, 63, 60, 9]
53:9:[53, 86, 87, 91, 63, 60, 9]
53:9:[53, 86, 87, 92, 63, 60, 9]
53:9:[53, 86, 88, 93, 64, 60, 9]
53:9:[53, 86, 88, 94, 64, 60, 9]
53:9:[53, 86, 88, 95, 64, 60, 9]
53:9:[53, 86, 89, 96, 65, 60, 9]
53:9:[53, 86, 89, 97, 65, 60, 9]
53:9:[53, 86, 89, 98, 65, 60, 9]
53:10:[53, 86, 87, 90, 63, 60, 10]
53:10:[53, 86, 87, 91, 63, 60, 10]
53:10:[53, 86, 87, 92, 63, 60, 10]
53:10:[53, 86, 88, 93, 64, 60, 10]
53:10:[53, 86, 88, 94, 64, 60, 10]
53:10:[53, 86, 88, 95, 64, 60, 10]
53:10:[53, 86, 89, 96, 65, 60, 10]
53:10:[53, 86, 89, 97, 65, 60, 10]
53:10:[53, 86, 89, 98, 65, 60, 10]
53:11:[53, 86, 87, 90, 63, 60, 11]
53:11:[53, 86, 87, 91, 63, 60, 11]
53:11:[53, 86, 87, 92, 63, 60, 11]
53:11:[53, 86, 88, 93, 64, 60, 11]
53:11:[53, 86, 88, 94, 64, 60, 11]
53:11:[53, 86, 88, 95, 64, 60, 11]
53:11:[53, 86, 89, 96, 65, 60, 11]
53:11:[53, 86, 89, 97, 65, 60, 11]
53:11:[53, 86, 89, 98, 65, 60, 11]
53:12:[53, 86, 87, 90, 63, 61, 12]
53:12:[53, 86, 87, 91, 63, 61, 12]
53:12:[53, 86, 87, 92, 63, 61, 12]
53:12:[53, 86, 88, 93, 64, 61, 12]
53:12:[53, 86, 88, 94, 64, 61, 12]
53:12:[53, 86, 88, 95, 64, 61, 12]
53:12:[53, 86, 89, 96, 65, 61, 12]
53:12:[53, 86, 89, 97, 65, 61, 12]
53:12:[53, 86, 89, 98, 65, 61, 12]
53:13:[53, 86, 87, 90, 63, 61, 13]
53:13:[53, 86, 87, 91, 63, 61, 13]
53:13:[53, 86, 87, 92, 63, 61, 13]
53:13:[53, 86, 88, 93, 64, 61, 13]
53:13:[53, 86, 88, 94, 64, 61, 13]
53:13:[53, 86, 88, 95, 64, 61, 13]
53:13:[53, 86, 89, 96, 65, 61, 13]
53:13:[53, 86, 89, 97, 65, 61, 13]
53:13:[53, 86, 89, 98, 65, 61, 13]
53:14:[53, 86, 87, 90, 63, 61, 14]
53:14:[53, 86, 87, 91, 63, 61, 14]
53:14:[53, 86, 87, 92, 63, 61, 14]
53:14:[53, 86, 88, 93, 64, 61, 14]
53:14:[53, 86, 88, 94, 64, 61, 14]
53:14:[53, 86, 88, 95, 64, 61, 14]
53:14:[53, 86, 89, 96, 65, 61, 14]
53:14:[53, 86, 89, 97, 65, 61, 14]
53:14:[53, 86, 89, 98, 65, 61, 14]
53:15:[53, 86, 87, 90, 63, 62, 15]
53:15:[53, 86, 87, 91, 63, 62, 15]
53:15:[53, 86, 87, 92, 63, 62, 15]
53:15:[53, 86, 88, 93, 64, 62, 15]
53:15:[53, 86, 88, 94, 64, 62, 15]
53:15:[53, 86, 88, 95, 64, 62, 15]
53:15:[53, 86, 89, 96, 65, 62, 15]
53:15:[53, 86, 89, 97, 65, 62, 15]
53:15:[53, 86, 89, 98, 65, 62, 15]
53:16:[53, 86, 87, 90, 63, 62, 16]
53:16:[53, 86, 87, 91, 63, 62, 16]
53:16:[53, 86, 87, 92, 63, 62, 16]
53:16:[53, 86, 88, 93, 64, 62, 16]
53:16:[53, 86, 88, 94, 64, 62, 16]
53:16:[53, 86, 88, 95, 64, 62, 16]
53:16:[53, 86, 89, 96, 65, 62, 16]
53:16:[53, 86, 89, 97, 65, 62, 16]
53:16:[53, 86, 89, 98, 65, 62, 16]
53:17:[53, 86, 87, 90, 63, 62, 17]
53:17:[53, 86, 87, 91, 63, 62, 17]
53:17:[53, 86, 87, 92, 63, 62, 17]
53:17:[53, 86, 88, 93, 64, 62, 17]
53:17:[53, 86, 88, 94, 64, 62, 17]
53:17:[53, 86, 88, 95, 64, 62, 17]
53:17:[53, 86, 89, 96, 65, 62, 17]
53:17:[53, 86, 89, 97, 65, 62, 17]
53:17:[53, 86, 89, 98, 65, 62, 17]
53:18:[53, 86, 87, 90, 69, 66, 18]
53:18:[53, 86, 87, 91, 69, 66, 18]
53:18:[53, 86, 87, 92, 69, 66, 18]
53:18:[53, 86, 88, 93, 70, 66, 18]
53:18:[53, 86, 88, 94, 70, 66, 18]
53:18:[53, 86, 88, 95, 70, 66, 18]
53:18:[53, 86, 89, 96, 71, 66, 18]
53:18:[53, 86, 89, 97, 71, 66, 18]
53:18:[53, 86, 89, 98, 71, 66, 18]
53:19:[53, 86, 87, 90, 69, 66, 19]
53:19:[53, 86, 87, 91, 69, 66, 19]
53:19:[53, 86, 87, 92, 69, 66, 19]
53:19:[53, 86, 88, 93, 70, 66, 19]
53:19:[53, 86, 88, 94, 70, 66, 19]
53:19:[53, 86, 88, 95, 70, 66, 19]
53:19:[53, 86, 89, 96, 71, 66, 19]
53:19:[53, 86, 89, 97, 71, 66, 19]
53:19:[53, 86, 89, 98, 71, 66, 19]
53:20:[53, 86, 87, 90, 69, 66, 20]
53:20:[53, 86, 87, 91, 69, 66, 20]
53:20:[53, 86, 87, 92, 69, 66, 20]
53:20:[53, 86, 88, 93, 70, 66, 20]
53:20:[53, 86, 88, 94, 70, 66, 20]
53:20:[53, 86, 88, 95, 70, 66, 20]
53:20:[53, 86, 89, 96, 71, 66, 20]
53:20:[53, 86, 89, 97, 71, 66, 20]
53:20:[53, 86, 89, 98, 71, 66, 20]
53:21:[53, 86, 87, 90, 69, 67, 21]
53:21:[53, 86, 87, 91, 69, 67, 21]
53:21:[53, 86, 87, 92, 69, 67, 21]
53:21:[53, 86, 88, 93, 70, 67, 21]
53:21:[53, 86, 88, 94, 70, 67, 21]
53:21:[53, 86, 88, 95, 70, 67, 21]
53:21:[53, 86, 89, 96, 71, 67, 21]
53:21:[53, 86, 89, 97, 71, 67, 21]
53:21:[53, 86, 89, 98, 71, 67, 21]
53:22:[53, 86, 87, 90, 69, 67, 22]
53:22:[53, 86, 87, 91, 69, 67, 22]
53:22:[53, 86, 87, 92, 69, 67, 22]
53:22:[53, 86, 88, 93, 70, 67, 22]
53:22:[53, 86, 88, 94, 70, 67, 22]
53:22:[53, 86, 88, 95, 70, 67, 22]
53:22:[53, 86, 89, 96, 71, 67, 22]
53:22:[53, 86, 89, 97, 71, 67, 22]
53:22:[53, 86, 89, 98, 71, 67, 22]
53:23:[53, 86, 87, 90, 69, 67, 23]
53:23:[53, 86, 87, 91, 69, 67, 23]
53:23:[53, 86, 87, 92, 69, 67, 23]
53:23:[53, 86, 88, 93, 70, 67, 23]
53:23:[53, 86, 88, 94, 70, 67, 23]
53:23:[53, 86, 88, 95, 70, 67, 23]
53:23:[53, 86, 89, 96, 71, 67, 23]
53:23:[53, 86, 89, 97, 71, 67, 23]
53:23:[53, 86, 89, 98, 71, 67, 23]
53:24:[53, 86, 87, 90, 69, 68, 24]
53:24:[53, 86, 87, 91, 69, 68, 24]
53:24:[53, 86, 87, 92, 69, 68, 24]
53:24:[53, 86, 88, 93, 70, 68, 24]
53:24:[53, 86, 88, 94, 70, 68, 24]
53:24:[53, 86, 88, 95, 70, 68, 24]
53:24:[53, 86, 89, 96, 71, 68, 24]
53:24:[53, 86, 89, 97, 71, 68, 24]
53:24:[53, 86, 89, 98, 71, 68, 24]
53:25:[53, 86, 87, 90, 69, 68, 25]
53:25:[53, 86, 87, 91, 69, 68, 25]
53:25:[53, 86, 87, 92, 69, 68, 25]
53:25:[53, 86, 88, 93, 70, 68, 25]
53:25:[53, 86, 88, 94, 70, 68, 25]
53:25:[53, 86, 88, 95, 70, 68, 25]
53:25:[53, 86, 89, 96, 71, 68, 25]
53:25:[53, 86, 89, 97, 71, 68, 25]
53:25:[53, 86, 89, 98, 71, 68, 25]
53:26:[53, 86, 87, 90, 69, 68, 26]
53:26:[53, 86, 87, 91, 69, 68, 26]
53:26:[53, 86, 87, 92, 69, 68, 26]
53:26:[53, 86, 88, 93, 70, 68, 26]
53:26:[53, 86, 88, 94, 70, 68, 26]
53:26:[53, 86, 88, 95, 70, 68, 26]
53:26:[53, 86, 89, 96, 71, 68, 26]
53:26:[53, 86, 89, 97, 71, 68, 26]
53:26:[53, 86, 89, 98, 71, 68, 26]
53:27:[53, 86, 87, 90, 75, 72, 27]
53:27:[53, 86, 87, 91, 75, 72, 27]
53:27:[53, 86, 87, 92, 75, 72, 27]
53:27:[53, 86, 88, 93, 76, 72, 27]
53:27:[53, 86, 88, 94, 76, 72, 27]
53:27:[53, 86, 88, 95, 76, 72, 27]
53:27:[53, 86, 89, 96, 77, 72, 27]
53:27:[53, 86, 89, 97, 77, 72, 27]
53:27:[53, 86, 89, 98, 77, 72, 27]
53:28:[53, 86, 87, 90, 75, 72, 28]
53:28:[53, 86, 87, 91, 75, 72, 28]
53:28:[53, 86, 87, 92, 75, 72, 28]
53:28:[53, 86, 88, 93, 76, 72, 28]
53:28:[53, 86, 88, 94, 76, 72, 28]
53:28:[53, 86, 88, 95, 76, 72, 28]
53:28:[53, 86, 89, 96, 77, 72, 28]
53:28:[53, 86, 89, 97, 77, 72, 28]
53:28:[53, 86, 89, 98, 77, 72, 28]
53:29:[53, 86, 87, 90, 75, 72, 29]
53:29:[53, 86, 87, 91, 75, 72, 29]
53:29:[53, 86, 87, 92, 75, 72, 29]
53:29:[53, 86, 88, 93, 76, 72, 29]
53:29:[53, 86, 88, 94, 76, 72, 29]
53:29:[53, 86, 88, 95, 76, 72, 29]
53:29:[53, 86, 89, 96, 77, 72, 29]
53:29:[53, 86, 89, 97, 77, 72, 29]
53:29:[53, 86, 89, 98, 77, 72, 29]
53:30:[53, 86, 87, 90, 75, 73, 30]
53:30:[53, 86, 87, 91, 75, 73, 30]
53:30:[53, 86, 87, 92, 75, 73, 30]
53:30:[53, 86, 88, 93, 76, 73, 30]
53:30:[53, 86, 88, 94, 76, 73, 30]
53:30:[53, 86, 88, 95, 76, 73, 30]
53:30:[53, 86, 89, 96, 77, 73, 30]
53:30:[53, 86, 89, 97, 77, 73, 30]
53:30:[53, 86, 89, 98, 77, 73, 30]
53:31:[53, 86, 87, 90, 75, 73, 31]
53:31:[53, 86, 87, 91, 75, 73, 31]
53:31:[53, 86, 87, 92, 75, 73, 31]
53:31:[53, 86, 88, 93, 76, 73, 31]
53:31:[53, 86, 88, 94, 76, 73, 31]
53:31:[53, 86, 88, 95, 76, 73, 31]
53:31:[53, 86, 89, 96, 77, 73, 31]
53:31:[53, 86, 89, 97, 77, 73, 31]
53:31:[53, 86, 89, 98, 77, 73, 31]
53:32:[53, 86, 87, 90, 75, 73, 32]
53:32:[53, 86, 87, 91, 75, 73, 32]
53:32:[53, 86, 87, 92, 75, 73, 32]
53:32:[53, 86, 88, 93, 76, 73, 32]
53:32:[53, 86, 88, 94, 76, 73, 32]
53:32:[53, 86, 88, 95, 76, 73, 32]
53:32:[53, 86, 89, 96, 77, 73, 32]
53:32:[53, 86, 89, 97, 77, 73, 32]
53:32:[53, 86, 89, 98, 77, 73, 32]
53:33:[53, 86, 87, 90, 75, 74, 33]
53:33:[53, 86, 87, 91, 75, 74, 33]
53:33:[53, 86, 87, 92, 75, 74, 33]
53:33:[53, 86, 88, 93, 76, 74, 33]
53:33:[53, 86, 88, 94, 76, 74, 33]
53:33:[53, 86, 88, 95, 76, 74, 33]
53:33:[53, 86, 89, 96, 77, 74, 33]
53:33:[53, 86, 89, 97, 77, 74, 33]
53:33:[53, 86, 89, 98, 77, 74, 33]
53:34:[53, 86, 87, 90, 75, 74, 34]
53:34:[53, 86, 87, 91, 75, 74, 34]
53:34:[53, 86, 87, 92, 75, 74, 34]
53:34:[53, 86, 88, 93, 76, 74, 34]
53:34:[53, 86, 88, 94, 76, 74, 34]
53:34:[53, 86, 88, 95, 76, 74, 34]
53:34:[53, 86, 89, 96, 77, 74, 34]
53:34:[53, 86, 89, 97, 77, 74, 34]
53:34:[53, 86, 89, 98, 77, 74, 34]
53:35:[53, 86, 87, 90, 75, 74, 35]
53:35:[53, 86, 87, 91, 75, 74, 35]
53:35:[53, 86, 87, 92, 75, 74, 35]
53:35:[53, 86, 88, 93, 76, 74, 35]
53:35:[53, 86, 88, 94, 76, 74, 35]
53:35:[53, 86, 88, 95, 76, 74, 35]
53:35:[53, 86, 89, 96, 77, 74, 35]
53:35:[53, 86, 89, 97, 77, 74, 35]
53:35:[53, 86, 89, 98, 77, 74, 35]
53:36:[53, 86, 87, 90, 81, 78, 36]
53:36:[53, 86, 87, 91, 81, 78, 36]
53:36:[53, 86, 87, 92, 81, 78, 36]
53:36:[53, 86, 88, 93, 82, 78, 36]
53:36:[53, 86, 88, 94, 82, 78, 36]
53:36:[53, 86, 88, 95, 82, 78, 36]
53:36:[53, 86, 89, 96, 83, 78, 36]
53:36:[53, 86, 89, 97, 83, 78, 36]
53:36:[53, 86, 89, 98, 83, 78, 36]
53:37:[53, 86, 87, 90, 81, 78, 37]
53:37:[53, 86, 87, 91, 81, 78, 37]
53:37:[53, 86, 87, 92, 81, 78, 37]
53:37:[53, 86, 88, 93, 82, 78, 37]
53:37:[53, 86, 88, 94, 82, 78, 37]
53:37:[53, 86, 88, 95, 82, 78, 37]
53:37:[53, 86, 89, 96, 83, 78, 37]
53:37:[53, 86, 89, 97, 83, 78, 37]
53:37:[53, 86, 89, 98, 83, 78, 37]
53:38:[53, 86, 87, 90, 81, 78, 38]
53:38:[53, 86, 87, 91, 81, 78, 38]
53:38:[53, 86, 87, 92, 81, 78, 38]
53:38:[53, 86, 88, 93, 82, 78, 38]
53:38:[53, 86, 88, 94, 82, 78, 38]
53:38:[53, 86, 88, 95, 82, 78, 38]
53:38:[53, 86, 89, 96, 83, 78, 38]
53:38:[53, 86, 89, 97, 83, 78, 38]
53:38:[53, 86, 89, 98, 83, 78, 38]
53:39:[53, 86, 87, 90, 81, 79, 39]
53:39:[53, 86, 87, 91, 81, 79, 39]
53:39:[53, 86, 87, 92, 81, 79, 39]
53:39:[53, 86, 88, 93, 82, 79, 39]
53:39:[53, 86, 88, 94, 82, 79, 39]
53:39:[53, 86, 88, 95, 82, 79, 39]
53:39:[53, 86, 89, 96, 83, 79, 39]
53:39:[53, 86, 89, 97, 83, 79, 39]
53:39:[53, 86, 89, 98, 83, 79, 39]
53:40:[53, 86, 87, 90, 81, 79, 40]
53:40:[53, 86, 87, 91, 81, 79, 40]
53:40:[53, 86, 87, 92, 81, 79, 40]
53:40:[53, 86, 88, 93, 82, 79, 40]
53:40:[53, 86, 88, 94, 82, 79, 40]
53:40:[53, 86, 88, 95, 82, 79, 40]
53:40:[53, 86, 89, 96, 83, 79, 40]
53:40:[53, 86, 89, 97, 83, 79, 40]
53:40:[53, 86, 89, 98, 83, 79, 40]
53:41:[53, 86, 87, 90, 81, 79, 41]
53:41:[53, 86, 87, 91, 81, 79, 41]
53:41:[53, 86, 87, 92, 81, 79, 41]
53:41:[53, 86, 88, 93, 82, 79, 41]
53:41:[53, 86, 88, 94, 82, 79, 41]
53:41:[53, 86, 88, 95, 82, 79, 41]
53:41:[53, 86, 89, 96, 83, 79, 41]
53:41:[53, 86, 89, 97, 83, 79, 41]
53:41:[53, 86, 89, 98, 83, 79, 41]
53:42:[53, 86, 87, 90, 81, 80, 42]
53:42:[53, 86, 87, 91, 81, 80, 42]
53:42:[53, 86, 87, 92, 81, 80, 42]
53:42:[53, 86, 88, 93, 82, 80, 42]
53:42:[53, 86, 88, 94, 82, 80, 42]
53:42:[53, 86, 88, 95, 82, 80, 42]
53:42:[53, 86, 89, 96, 83, 80, 42]
53:42:[53, 86, 89, 97, 83, 80, 42]
53:42:[53, 86, 89, 98, 83, 80, 42]
53:43:[53, 86, 87, 90, 81, 80, 43]
53:43:[53, 86, 87, 91, 81, 80, 43]
53:43:[53, 86, 87, 92, 81, 80, 43]
53:43:[53, 86, 88, 93, 82, 80, 43]
53:43:[53, 86, 88, 94, 82, 80, 43]
53:43:[53, 86, 88, 95, 82, 80, 43]
53:43:[53, 86, 89, 96, 83, 80, 43]
53:43:[53, 86, 89, 97, 83, 80, 43]
53:43:[53, 86, 89, 98, 83, 80, 43]
53:44:[53, 86, 87, 90, 81, 80, 44]
53:44:[53, 86, 87, 91, 81, 80, 44]
53:44:[53, 86, 87, 92, 81, 80, 44]
53:44:[53, 86, 88, 93, 82, 80, 44]
53:44:[53, 86, 88, 94, 82, 80, 44]
53:44:[53, 86, 88, 95, 82, 80, 44]
53:44:[53, 86, 89, 96, 83, 80, 44]
53:44:[53, 86, 89, 97, 83, 80, 44]
53:44:[53, 86, 89, 98, 83, 80, 44]
53:45:[53, 86, 87, 84, 45]
53:45:[53, 86, 88, 84, 45]
53:45:[53, 86, 89, 84, 45]
53:46:[53, 86, 87, 84, 46]
53:46:[53, 86, 88, 84, 46]
53:46:[53, 86, 89, 84, 46]
53:47:[53, 86, 87, 84, 47]
53:47:[53, 86, 88, 84, 47]
53:47:[53, 86, 89, 84, 47]
53:48:[53, 86, 87, 85, 48]
53:48:[53, 86, 88, 85, 48]
53:48:[53, 86, 89, 85, 48]
53:49:[53, 86, 87, 85, 49]
53:49:[53, 86, 88, 85, 49]
53:49:[53, 86, 89, 85, 49]
53:50:[53, 86, 87, 85, 50]
53:50:[53, 86, 88, 85, 50]
53:50:[53, 86, 89, 85, 50]
53:51:[53, 86, 51]
53:52:[53, 86, 52]
