eval_idx,cluster,dp,mp,sp,pp,sharded,active-chunks-per-dimension,preferred-dataset-splits,collective-optimization,inter-node-bw,intra-node-bw,batch_size,exec_time,is_oom,objective_0,objective_1
1,cl2,1,1,8,4,True,1,1,localBWAware,200,900,8,3004.1103263854984,False,3.477715878152568,4.468347330412158
2,cl2,1,1,8,4,True,1,1,localBWAware,200,900,16,6006.996725463867,False,3.7786573952046614,4.468347330412158
3,cl2,1,1,8,4,True,1,1,localBWAware,200,900,24,9006.528884124757,False,3.954557446148212,4.468347330412158
4,cl2,1,1,8,4,True,1,1,localBWAware,200,600,8,3025.0431953430175,False,3.4807315804315224,4.296665190261531
5,cl2,1,1,8,4,True,1,1,localBWAware,200,600,16,6048.862463378907,False,3.7816737098049753,4.296665190261531
6,cl2,1,1,8,4,True,1,1,localBWAware,200,600,24,9068.121086883544,False,3.9575173106399952,4.296665190261531
7,cl2,1,1,8,4,True,1,1,localBWAware,100,900,8,3010.4509391784673,False,3.4786315539754256,4.463892988985907
8,cl2,1,1,8,4,True,1,1,localBWAware,100,900,16,6019.6779510498045,False,3.7795732574001457,4.463892988985907
9,cl2,1,1,8,4,True,1,1,localBWAware,100,900,24,9025.550722503662,False,3.9554737112366674,4.463892988985907
10,cl2,1,1,8,4,True,1,1,localBWAware,100,600,8,3031.3838081359863,False,3.481640926536858,4.290034611362518
11,cl2,1,1,8,4,True,1,1,localBWAware,100,600,16,6061.543688964844,False,3.782583239714938,4.290034611362518
12,cl2,1,1,8,4,True,1,1,localBWAware,100,600,24,9087.142925262451,False,3.9584273588178602,4.290034611362518
13,cl2,1,1,8,4,True,1,1,baseline,200,900,8,3004.1103263854984,False,3.477715878152568,4.468347330412158
14,cl2,1,1,8,4,True,1,1,baseline,200,900,16,6006.996725463867,False,3.7786573952046614,4.468347330412158
15,cl2,1,1,8,4,True,1,1,baseline,200,900,24,9006.528884124757,False,3.954557446148212,4.468347330412158
16,cl2,1,1,8,4,True,1,1,baseline,200,600,8,3025.0431953430175,False,3.4807315804315224,4.296665190261531
17,cl2,1,1,8,4,True,1,1,baseline,200,600,16,6048.862463378907,False,3.7816737098049753,4.296665190261531
18,cl2,1,1,8,4,True,1,1,baseline,200,600,24,9068.121086883544,False,3.9575173106399952,4.296665190261531
19,cl2,1,1,8,4,True,1,1,baseline,100,900,8,3010.4509391784673,False,3.4786315539754256,4.463892988985907
20,cl2,1,1,8,4,True,1,1,baseline,100,900,16,6019.6779510498045,False,3.7795732574001457,4.463892988985907
21,cl2,1,1,8,4,True,1,1,baseline,100,900,24,9025.550722503662,False,3.9554737112366674,4.463892988985907
22,cl2,1,1,8,4,True,1,1,baseline,100,600,8,3031.3838081359863,False,3.481640926536858,4.290034611362518
23,cl2,1,1,8,4,True,1,1,baseline,100,600,16,6061.543688964844,False,3.782583239714938,4.290034611362518
24,cl2,1,1,8,4,True,1,1,baseline,100,600,24,9087.142925262451,False,3.9584273588178602,4.290034611362518
25,cl2,1,1,8,4,True,2,1,localBWAware,200,900,8,3004.1103263854984,False,3.477715878152568,4.468347330412158
26,cl2,1,1,8,4,True,2,1,localBWAware,200,900,16,6006.996725463867,False,3.7786573952046614,4.468347330412158
27,cl2,1,1,8,4,True,2,1,localBWAware,200,900,24,9006.528884124757,False,3.954557446148212,4.468347330412158
28,cl2,1,1,8,4,True,2,1,localBWAware,200,600,8,3025.0431953430175,False,3.4807315804315224,4.296665190261531
29,cl2,1,1,8,4,True,2,1,localBWAware,200,600,16,6048.862463378907,False,3.7816737098049753,4.296665190261531
30,cl2,1,1,8,4,True,2,1,localBWAware,200,600,24,9068.121086883544,False,3.9575173106399952,4.296665190261531
31,cl2,1,1,8,4,True,2,1,localBWAware,100,900,8,3010.4509391784673,False,3.4786315539754256,4.463892988985907
32,cl2,1,1,8,4,True,2,1,localBWAware,100,900,16,6019.6779510498045,False,3.7795732574001457,4.463892988985907
33,cl2,1,1,8,4,True,2,1,localBWAware,100,900,24,9025.550722503662,False,3.9554737112366674,4.463892988985907
34,cl2,1,1,8,4,True,2,1,localBWAware,100,600,8,3031.3838081359863,False,3.481640926536858,4.290034611362518
35,cl2,1,1,8,4,True,2,1,localBWAware,100,600,16,6061.543688964844,False,3.782583239714938,4.290034611362518
36,cl2,1,1,8,4,True,2,1,localBWAware,100,600,24,9087.142925262451,False,3.9584273588178602,4.290034611362518
37,cl2,1,1,8,4,True,2,1,baseline,200,900,8,3004.1103263854984,False,3.477715878152568,4.468347330412158
38,cl2,1,1,8,4,True,2,1,baseline,200,900,16,6006.996725463867,False,3.7786573952046614,4.468347330412158
39,cl2,1,1,8,4,True,2,1,baseline,200,900,24,9006.528884124757,False,3.954557446148212,4.468347330412158
40,cl2,1,1,8,4,True,2,1,baseline,200,600,8,3025.0431953430175,False,3.4807315804315224,4.296665190261531
41,cl2,1,1,8,4,True,2,1,baseline,200,600,16,6048.862463378907,False,3.7816737098049753,4.296665190261531
42,cl2,1,1,8,4,True,2,1,baseline,200,600,24,9068.121086883544,False,3.9575173106399952,4.296665190261531
43,cl2,1,1,8,4,True,2,1,baseline,100,900,8,3010.4509391784673,False,3.4786315539754256,4.463892988985907
44,cl2,1,1,8,4,True,2,1,baseline,100,900,16,6019.6779510498045,False,3.7795732574001457,4.463892988985907
45,cl2,1,1,8,4,True,2,1,baseline,100,900,24,9025.550722503662,False,3.9554737112366674,4.463892988985907
46,cl2,1,1,8,4,True,2,1,baseline,100,600,8,3031.3838081359863,False,3.481640926536858,4.290034611362518
47,cl2,1,1,8,4,True,2,1,baseline,100,600,16,6061.543688964844,False,3.782583239714938,4.290034611362518
48,cl2,1,1,8,4,True,2,1,baseline,100,600,24,9087.142925262451,False,3.9584273588178602,4.290034611362518
49,cl2,1,1,16,2,True,1,1,localBWAware,200,900,8,1692.9430046081543,False,3.228642337198813,4.468347330412158
50,cl2,1,1,16,2,True,1,1,localBWAware,200,900,16,3359.0844703674315,False,3.5262209251138286,4.468347330412158
51,cl2,1,1,16,2,True,1,1,localBWAware,200,900,24,5025.929067993165,False,3.701216355009335,4.468347330412158
52,cl2,1,1,16,2,True,1,1,localBWAware,200,600,8,1691.2951171875002,False,3.2282193950508944,4.296665190261531
53,cl2,1,1,16,2,True,1,1,localBWAware,200,600,16,3356.765435028076,False,3.525920994559859,4.296665190261531
54,cl2,1,1,16,2,True,1,1,localBWAware,200,600,24,5022.625044250488,False,3.700930757834815,4.296665190261531
55,cl2,1,1,16,2,True,1,1,localBWAware,100,900,8,1911.7162170410156,False,3.2814234242788807,4.463892988985907
56,cl2,1,1,16,2,True,1,1,localBWAware,100,900,16,3768.0941047668457,False,3.576121740371005,4.463892988985907
57,cl2,1,1,16,2,True,1,1,localBWAware,100,900,24,5625.691989898682,False,3.7501759505897185,4.463892988985907
58,cl2,1,1,16,2,True,1,1,localBWAware,100,600,8,1914.6568176269532,False,3.2820909424992952,4.290034611362518
59,cl2,1,1,16,2,True,1,1,localBWAware,100,600,16,3772.6193893432614,False,3.576642992466855,4.290034611362518
60,cl2,1,1,16,2,True,1,1,localBWAware,100,600,24,5631.1313003540035,False,3.7505956538468537,4.290034611362518
61,cl2,1,1,16,2,True,1,1,baseline,200,900,8,1692.9430046081543,False,3.228642337198813,4.468347330412158
62,cl2,1,1,16,2,True,1,1,baseline,200,900,16,3359.0844703674315,False,3.5262209251138286,4.468347330412158
63,cl2,1,1,16,2,True,1,1,baseline,200,900,24,5025.929067993165,False,3.701216355009335,4.468347330412158
64,cl2,1,1,16,2,True,1,1,baseline,200,600,8,1691.2951171875002,False,3.2282193950508944,4.296665190261531
65,cl2,1,1,16,2,True,1,1,baseline,200,600,16,3356.765435028076,False,3.525920994559859,4.296665190261531
66,cl2,1,1,16,2,True,1,1,baseline,200,600,24,5022.625044250488,False,3.700930757834815,4.296665190261531
67,cl2,1,1,16,2,True,1,1,baseline,100,900,8,1911.7162170410156,False,3.2814234242788807,4.463892988985907
68,cl2,1,1,16,2,True,1,1,baseline,100,900,16,3768.0941047668457,False,3.576121740371005,4.463892988985907
69,cl2,1,1,16,2,True,1,1,baseline,100,900,24,5625.691989898682,False,3.7501759505897185,4.463892988985907
70,cl2,1,1,16,2,True,1,1,baseline,100,600,8,1914.6568176269532,False,3.2820909424992952,4.290034611362518
71,cl2,1,1,16,2,True,1,1,baseline,100,600,16,3772.6193893432614,False,3.576642992466855,4.290034611362518
72,cl2,1,1,16,2,True,1,1,baseline,100,600,24,5631.1313003540035,False,3.7505956538468537,4.290034611362518
73,cl2,1,1,16,2,True,2,1,localBWAware,200,900,8,1692.9430046081543,False,3.228642337198813,4.468347330412158
74,cl2,1,1,16,2,True,2,1,localBWAware,200,900,16,3359.0844703674315,False,3.5262209251138286,4.468347330412158
75,cl2,1,1,16,2,True,2,1,localBWAware,200,900,24,5025.929067993165,False,3.701216355009335,4.468347330412158
76,cl2,1,1,16,2,True,2,1,localBWAware,200,600,8,1691.2951171875002,False,3.2282193950508944,4.296665190261531
77,cl2,1,1,16,2,True,2,1,localBWAware,200,600,16,3356.765435028076,False,3.525920994559859,4.296665190261531
78,cl2,1,1,16,2,True,2,1,localBWAware,200,600,24,5022.625044250488,False,3.700930757834815,4.296665190261531
79,cl2,1,1,16,2,True,2,1,localBWAware,100,900,8,1911.7162170410156,False,3.2814234242788807,4.463892988985907
80,cl2,1,1,16,2,True,2,1,localBWAware,100,900,16,3768.0941047668457,False,3.576121740371005,4.463892988985907
81,cl2,1,1,16,2,True,2,1,localBWAware,100,900,24,5625.691989898682,False,3.7501759505897185,4.463892988985907
82,cl2,1,1,16,2,True,2,1,localBWAware,100,600,8,1914.6568176269532,False,3.2820909424992952,4.290034611362518
83,cl2,1,1,16,2,True,2,1,localBWAware,100,600,16,3772.6193893432614,False,3.576642992466855,4.290034611362518
84,cl2,1,1,16,2,True,2,1,localBWAware,100,600,24,5631.1313003540035,False,3.7505956538468537,4.290034611362518
85,cl2,1,1,16,2,True,2,1,baseline,200,900,8,1692.9430046081543,False,3.228642337198813,4.468347330412158
86,cl2,1,1,16,2,True,2,1,baseline,200,900,16,3359.0844703674315,False,3.5262209251138286,4.468347330412158
87,cl2,1,1,16,2,True,2,1,baseline,200,900,24,5025.929067993165,False,3.701216355009335,4.468347330412158
88,cl2,1,1,16,2,True,2,1,baseline,200,600,8,1691.2951171875002,False,3.2282193950508944,4.296665190261531
89,cl2,1,1,16,2,True,2,1,baseline,200,600,16,3356.765435028076,False,3.525920994559859,4.296665190261531
90,cl2,1,1,16,2,True,2,1,baseline,200,600,24,5022.625044250488,False,3.700930757834815,4.296665190261531
91,cl2,1,1,16,2,True,2,1,baseline,100,900,8,1911.7162170410156,False,3.2814234242788807,4.463892988985907
92,cl2,1,1,16,2,True,2,1,baseline,100,900,16,3768.0941047668457,False,3.576121740371005,4.463892988985907
93,cl2,1,1,16,2,True,2,1,baseline,100,900,24,5625.691989898682,False,3.7501759505897185,4.463892988985907
94,cl2,1,1,16,2,True,2,1,baseline,100,600,8,1914.6568176269532,False,3.2820909424992952,4.290034611362518
95,cl2,1,1,16,2,True,2,1,baseline,100,600,16,3772.6193893432614,False,3.576642992466855,4.290034611362518
96,cl2,1,1,16,2,True,2,1,baseline,100,600,24,5631.1313003540035,False,3.7505956538468537,4.290034611362518
97,cl2,1,1,32,1,True,1,1,localBWAware,200,900,8,903.5823623657227,False,2.9559677450438104,4.468347330412158
98,cl2,1,1,32,1,True,1,1,localBWAware,200,900,16,1787.896646118164,False,3.2523424096959643,4.468347330412158
99,cl2,1,1,32,1,True,1,1,localBWAware,200,900,24,2672.2115158081056,False,3.42687083124088,4.468347330412158
100,cl2,1,1,32,1,True,1,1,localBWAware,200,600,8,925.7216354370117,False,2.966480413930328,4.296665190261531
101,cl2,1,1,32,1,True,1,1,localBWAware,200,600,16,1829.762091064453,False,3.262394625656821,4.296665190261531
102,cl2,1,1,32,1,True,1,1,localBWAware,200,600,24,2733.8031326293944,False,3.436767236826129,4.296665190261531
103,cl2,1,1,32,1,True,1,1,localBWAware,100,900,8,1017.4412429809571,False,3.007509338205902,4.463892988985907
104,cl2,1,1,32,1,True,1,1,localBWAware,100,900,16,2003.2053314208983,False,3.3017254673827696,4.463892988985907
105,cl2,1,1,32,1,True,1,1,localBWAware,100,900,24,2988.9697128295898,False,3.4755215143642646,4.463892988985907
106,cl2,1,1,32,1,True,1,1,localBWAware,100,600,8,1039.5805160522461,False,3.0168581313038785,4.290034611362518
107,cl2,1,1,32,1,True,1,1,localBWAware,100,600,16,2045.0707763671874,False,3.310708342785327,4.290034611362518
108,cl2,1,1,32,1,True,1,1,localBWAware,100,600,24,3050.561329650879,False,3.4843797606384244,4.290034611362518
109,cl2,1,1,32,1,True,1,1,baseline,200,900,8,1531.8915710449219,False,3.1852280265476467,4.468347330412158
110,cl2,1,1,32,1,True,1,1,baseline,200,900,16,2066.530268096924,False,3.3152417706974284,4.468347330412158
111,cl2,1,1,32,1,True,1,1,baseline,200,900,24,2808.7078720092773,False,3.4485065714650616,4.468347330412158
112,cl2,1,1,32,1,True,1,1,baseline,200,600,8,1567.1688537597656,False,3.1951157918134534,4.296665190261531
113,cl2,1,1,32,1,True,1,1,baseline,200,600,16,2121.5337226867673,False,3.3266499394542155,4.296665190261531
114,cl2,1,1,32,1,True,1,1,baseline,200,600,24,2870.299488830566,False,3.457927213654086,4.296665190261531
115,cl2,1,1,32,1,True,1,1,baseline,100,900,8,2606.9792335510256,False,3.4161375717168068,4.463892988985907
116,cl2,1,1,32,1,True,1,1,baseline,100,900,16,3229.1408363342284,False,3.5090869868285486,4.463892988985907
117,cl2,1,1,32,1,True,1,1,baseline,100,900,24,3865.229631042481,False,3.5871753002031634,4.463892988985907
118,cl2,1,1,32,1,True,1,1,baseline,100,600,8,2642.6803230285645,False,3.422044631031254,4.290034611362518
119,cl2,1,1,32,1,True,1,1,baseline,100,600,16,3284.1442909240723,False,3.5164222298650296,4.290034611362518
120,cl2,1,1,32,1,True,1,1,baseline,100,600,24,3939.9592575073243,False,3.5954917308785603,4.290034611362518
121,cl2,1,1,32,1,True,2,1,localBWAware,200,900,8,903.5823623657227,False,2.9559677450438104,4.468347330412158
122,cl2,1,1,32,1,True,2,1,localBWAware,200,900,16,1787.896646118164,False,3.2523424096959643,4.468347330412158
123,cl2,1,1,32,1,True,2,1,localBWAware,200,900,24,2672.2115158081056,False,3.42687083124088,4.468347330412158
124,cl2,1,1,32,1,True,2,1,localBWAware,200,600,8,925.7216354370117,False,2.966480413930328,4.296665190261531
125,cl2,1,1,32,1,True,2,1,localBWAware,200,600,16,1829.762091064453,False,3.262394625656821,4.296665190261531
126,cl2,1,1,32,1,True,2,1,localBWAware,200,600,24,2733.8031326293944,False,3.436767236826129,4.296665190261531
127,cl2,1,1,32,1,True,2,1,localBWAware,100,900,8,1017.4412429809571,False,3.007509338205902,4.463892988985907
128,cl2,1,1,32,1,True,2,1,localBWAware,100,900,16,2003.2053314208983,False,3.3017254673827696,4.463892988985907
129,cl2,1,1,32,1,True,2,1,localBWAware,100,900,24,2988.9697128295898,False,3.4755215143642646,4.463892988985907
130,cl2,1,1,32,1,True,2,1,localBWAware,100,600,8,1039.5805160522461,False,3.0168581313038785,4.290034611362518
131,cl2,1,1,32,1,True,2,1,localBWAware,100,600,16,2045.0707763671874,False,3.310708342785327,4.290034611362518
132,cl2,1,1,32,1,True,2,1,localBWAware,100,600,24,3050.561329650879,False,3.4843797606384244,4.290034611362518
133,cl2,1,1,32,1,True,2,1,baseline,200,900,8,1531.8915710449219,False,3.1852280265476467,4.468347330412158
134,cl2,1,1,32,1,True,2,1,baseline,200,900,16,2066.530268096924,False,3.3152417706974284,4.468347330412158
135,cl2,1,1,32,1,True,2,1,baseline,200,900,24,2808.7078720092773,False,3.4485065714650616,4.468347330412158
136,cl2,1,1,32,1,True,2,1,baseline,200,600,8,1567.1688537597656,False,3.1951157918134534,4.296665190261531
137,cl2,1,1,32,1,True,2,1,baseline,200,600,16,2121.5337226867673,False,3.3266499394542155,4.296665190261531
138,cl2,1,1,32,1,True,2,1,baseline,200,600,24,2870.299488830566,False,3.457927213654086,4.296665190261531
139,cl2,1,1,32,1,True,2,1,baseline,100,900,8,2606.9792335510256,False,3.4161375717168068,4.463892988985907
140,cl2,1,1,32,1,True,2,1,baseline,100,900,16,3229.1408363342284,False,3.5090869868285486,4.463892988985907
141,cl2,1,1,32,1,True,2,1,baseline,100,900,24,3865.229631042481,False,3.5871753002031634,4.463892988985907
142,cl2,1,1,32,1,True,2,1,baseline,100,600,8,2642.6803230285645,False,3.422044631031254,4.290034611362518
143,cl2,1,1,32,1,True,2,1,baseline,100,600,16,3284.1442909240723,False,3.5164222298650296,4.290034611362518
144,cl2,1,1,32,1,True,2,1,baseline,100,600,24,3939.9592575073243,False,3.5954917308785603,4.290034611362518
145,cl2,1,2,4,4,True,1,1,localBWAware,200,900,8,2991.3099266052245,False,3.4758614121758677,4.468347330412158
146,cl2,1,2,4,4,True,1,1,localBWAware,200,900,16,5969.600921630859,False,3.7759452987463327,4.468347330412158
147,cl2,1,2,4,4,True,1,1,localBWAware,200,900,24,8949.37009048462,False,3.9517924681813863,4.468347330412158
148,cl2,1,2,4,4,True,1,1,localBWAware,200,600,8,3006.375144195557,False,3.4780431721552874,4.296665190261531
149,cl2,1,2,4,4,True,1,1,localBWAware,200,600,16,5998.384973144531,False,3.778034335105919,4.296665190261531
150,cl2,1,2,4,4,True,1,1,localBWAware,200,600,24,8993.232424163818,False,3.953915817613107,4.296665190261531
151,cl2,1,2,4,4,True,1,1,localBWAware,100,900,8,2997.6505393981934,False,3.4767810022090155,4.463892988985907
152,cl2,1,2,4,4,True,1,1,localBWAware,100,900,16,5982.282147216797,False,3.776866892160643,4.463892988985907
153,cl2,1,2,4,4,True,1,1,localBWAware,100,900,24,8968.391928863526,False,3.9527145791613405,4.463892988985907
154,cl2,1,2,4,4,True,1,1,localBWAware,100,600,8,3012.7157569885253,False,3.4789581588905465,4.290034611362518
155,cl2,1,2,4,4,True,1,1,localBWAware,100,600,16,6011.066198730468,False,3.778951510797604,4.290034611362518
156,cl2,1,2,4,4,True,1,1,localBWAware,100,600,24,9012.254262542725,False,3.9548334359658566,4.290034611362518
157,cl2,1,2,4,4,True,1,1,baseline,200,900,8,2991.3099266052245,False,3.4758614121758677,4.468347330412158
158,cl2,1,2,4,4,True,1,1,baseline,200,900,16,5969.600921630859,False,3.7759452987463327,4.468347330412158
159,cl2,1,2,4,4,True,1,1,baseline,200,900,24,8949.37009048462,False,3.9517924681813863,4.468347330412158
160,cl2,1,2,4,4,True,1,1,baseline,200,600,8,3006.375144195557,False,3.4780431721552874,4.296665190261531
161,cl2,1,2,4,4,True,1,1,baseline,200,600,16,5998.384973144531,False,3.778034335105919,4.296665190261531
162,cl2,1,2,4,4,True,1,1,baseline,200,600,24,8993.232424163818,False,3.953915817613107,4.296665190261531
163,cl2,1,2,4,4,True,1,1,baseline,100,900,8,2997.6505393981934,False,3.4767810022090155,4.463892988985907
164,cl2,1,2,4,4,True,1,1,baseline,100,900,16,5982.282147216797,False,3.776866892160643,4.463892988985907
165,cl2,1,2,4,4,True,1,1,baseline,100,900,24,8968.391928863526,False,3.9527145791613405,4.463892988985907
166,cl2,1,2,4,4,True,1,1,baseline,100,600,8,3012.7157569885253,False,3.4789581588905465,4.290034611362518
167,cl2,1,2,4,4,True,1,1,baseline,100,600,16,6011.066198730468,False,3.778951510797604,4.290034611362518
168,cl2,1,2,4,4,True,1,1,baseline,100,600,24,9012.254262542725,False,3.9548334359658566,4.290034611362518
169,cl2,1,2,4,4,True,2,1,localBWAware,200,900,8,2991.3099266052245,False,3.4758614121758677,4.468347330412158
170,cl2,1,2,4,4,True,2,1,localBWAware,200,900,16,5969.600921630859,False,3.7759452987463327,4.468347330412158
171,cl2,1,2,4,4,True,2,1,localBWAware,200,900,24,8949.37009048462,False,3.9517924681813863,4.468347330412158
172,cl2,1,2,4,4,True,2,1,localBWAware,200,600,8,3006.375144195557,False,3.4780431721552874,4.296665190261531
173,cl2,1,2,4,4,True,2,1,localBWAware,200,600,16,5998.384973144531,False,3.778034335105919,4.296665190261531
174,cl2,1,2,4,4,True,2,1,localBWAware,200,600,24,8993.232424163818,False,3.953915817613107,4.296665190261531
175,cl2,1,2,4,4,True,2,1,localBWAware,100,900,8,2997.6505393981934,False,3.4767810022090155,4.463892988985907
176,cl2,1,2,4,4,True,2,1,localBWAware,100,900,16,5982.282147216797,False,3.776866892160643,4.463892988985907
177,cl2,1,2,4,4,True,2,1,localBWAware,100,900,24,8968.391928863526,False,3.9527145791613405,4.463892988985907
178,cl2,1,2,4,4,True,2,1,localBWAware,100,600,8,3012.7157569885253,False,3.4789581588905465,4.290034611362518
179,cl2,1,2,4,4,True,2,1,localBWAware,100,600,16,6011.066198730468,False,3.778951510797604,4.290034611362518
180,cl2,1,2,4,4,True,2,1,localBWAware,100,600,24,9012.254262542725,False,3.9548334359658566,4.290034611362518
181,cl2,1,2,4,4,True,2,1,baseline,200,900,8,2991.3099266052245,False,3.4758614121758677,4.468347330412158
182,cl2,1,2,4,4,True,2,1,baseline,200,900,16,5969.600921630859,False,3.7759452987463327,4.468347330412158
183,cl2,1,2,4,4,True,2,1,baseline,200,900,24,8949.37009048462,False,3.9517924681813863,4.468347330412158
184,cl2,1,2,4,4,True,2,1,baseline,200,600,8,3006.375144195557,False,3.4780431721552874,4.296665190261531
185,cl2,1,2,4,4,True,2,1,baseline,200,600,16,5998.384973144531,False,3.778034335105919,4.296665190261531
186,cl2,1,2,4,4,True,2,1,baseline,200,600,24,8993.232424163818,False,3.953915817613107,4.296665190261531
187,cl2,1,2,4,4,True,2,1,baseline,100,900,8,2997.6505393981934,False,3.4767810022090155,4.463892988985907
188,cl2,1,2,4,4,True,2,1,baseline,100,900,16,5982.282147216797,False,3.776866892160643,4.463892988985907
189,cl2,1,2,4,4,True,2,1,baseline,100,900,24,8968.391928863526,False,3.9527145791613405,4.463892988985907
190,cl2,1,2,4,4,True,2,1,baseline,100,600,8,3012.7157569885253,False,3.4789581588905465,4.290034611362518
191,cl2,1,2,4,4,True,2,1,baseline,100,600,16,6011.066198730468,False,3.778951510797604,4.290034611362518
192,cl2,1,2,4,4,True,2,1,baseline,100,600,24,9012.254262542725,False,3.9548334359658566,4.290034611362518
193,cl2,1,2,8,2,True,1,1,localBWAware,200,900,8,1586.5214355468752,False,3.20044594424408,4.468347330412158
194,cl2,1,2,8,2,True,1,1,localBWAware,200,900,16,3153.878764343262,False,3.4988449949571536,4.468347330412158
195,cl2,1,2,8,2,True,1,1,localBWAware,200,900,24,4720.322877502442,False,3.6739717060751396,4.468347330412158
196,cl2,1,2,8,2,True,1,1,localBWAware,200,600,8,1589.3239013671873,False,3.201212414665828,4.296665190261531
197,cl2,1,2,8,2,True,1,1,localBWAware,200,600,16,3159.316994476318,False,3.4995932036338684,4.296665190261531
198,cl2,1,2,8,2,True,1,1,localBWAware,200,600,24,4728.067543029785,False,3.674683672051626,4.296665190261531
199,cl2,1,2,8,2,True,1,1,localBWAware,100,900,8,1704.5618888854979,False,3.231612774126668,4.463892988985907
200,cl2,1,2,8,2,True,1,1,localBWAware,100,900,16,3345.410023498535,False,3.524449353801888,4.463892988985907
201,cl2,1,2,8,2,True,1,1,localBWAware,100,900,24,5002.18896560669,False,3.699160093865922,4.463892988985907
202,cl2,1,2,8,2,True,1,1,localBWAware,100,600,8,1708.3465209960937,False,3.2325759675781156,4.290034611362518
203,cl2,1,2,8,2,True,1,1,localBWAware,100,600,16,3351.454815673828,False,3.5252333686094093,4.290034611362518
204,cl2,1,2,8,2,True,1,1,localBWAware,100,600,24,5010.911817169189,False,3.699916760025694,4.290034611362518
205,cl2,1,2,8,2,True,1,1,baseline,200,900,8,1586.5214355468752,False,3.20044594424408,4.468347330412158
206,cl2,1,2,8,2,True,1,1,baseline,200,900,16,3153.878764343262,False,3.4988449949571536,4.468347330412158
207,cl2,1,2,8,2,True,1,1,baseline,200,900,24,4720.322877502442,False,3.6739717060751396,4.468347330412158
208,cl2,1,2,8,2,True,1,1,baseline,200,600,8,1589.3239013671873,False,3.201212414665828,4.296665190261531
209,cl2,1,2,8,2,True,1,1,baseline,200,600,16,3159.316994476318,False,3.4995932036338684,4.296665190261531
210,cl2,1,2,8,2,True,1,1,baseline,200,600,24,4728.067543029785,False,3.674683672051626,4.296665190261531
211,cl2,1,2,8,2,True,1,1,baseline,100,900,8,1704.5618888854979,False,3.231612774126668,4.463892988985907
212,cl2,1,2,8,2,True,1,1,baseline,100,900,16,3345.410023498535,False,3.524449353801888,4.463892988985907
213,cl2,1,2,8,2,True,1,1,baseline,100,900,24,5002.18896560669,False,3.699160093865922,4.463892988985907
214,cl2,1,2,8,2,True,1,1,baseline,100,600,8,1708.3465209960937,False,3.2325759675781156,4.290034611362518
215,cl2,1,2,8,2,True,1,1,baseline,100,600,16,3351.454815673828,False,3.5252333686094093,4.290034611362518
216,cl2,1,2,8,2,True,1,1,baseline,100,600,24,5010.911817169189,False,3.699916760025694,4.290034611362518
217,cl2,1,2,8,2,True,2,1,localBWAware,200,900,8,1586.5214355468752,False,3.20044594424408,4.468347330412158
218,cl2,1,2,8,2,True,2,1,localBWAware,200,900,16,3153.878764343262,False,3.4988449949571536,4.468347330412158
219,cl2,1,2,8,2,True,2,1,localBWAware,200,900,24,4720.322877502442,False,3.6739717060751396,4.468347330412158
220,cl2,1,2,8,2,True,2,1,localBWAware,200,600,8,1589.3239013671873,False,3.201212414665828,4.296665190261531
221,cl2,1,2,8,2,True,2,1,localBWAware,200,600,16,3159.316994476318,False,3.4995932036338684,4.296665190261531
222,cl2,1,2,8,2,True,2,1,localBWAware,200,600,24,4728.067543029785,False,3.674683672051626,4.296665190261531
223,cl2,1,2,8,2,True,2,1,localBWAware,100,900,8,1704.5618888854979,False,3.231612774126668,4.463892988985907
224,cl2,1,2,8,2,True,2,1,localBWAware,100,900,16,3345.410023498535,False,3.524449353801888,4.463892988985907
225,cl2,1,2,8,2,True,2,1,localBWAware,100,900,24,5002.18896560669,False,3.699160093865922,4.463892988985907
226,cl2,1,2,8,2,True,2,1,localBWAware,100,600,8,1708.3465209960937,False,3.2325759675781156,4.290034611362518
227,cl2,1,2,8,2,True,2,1,localBWAware,100,600,16,3351.454815673828,False,3.5252333686094093,4.290034611362518
228,cl2,1,2,8,2,True,2,1,localBWAware,100,600,24,5010.911817169189,False,3.699916760025694,4.290034611362518
229,cl2,1,2,8,2,True,2,1,baseline,200,900,8,1586.5214355468752,False,3.20044594424408,4.468347330412158
230,cl2,1,2,8,2,True,2,1,baseline,200,900,16,3153.878764343262,False,3.4988449949571536,4.468347330412158
231,cl2,1,2,8,2,True,2,1,baseline,200,900,24,4720.322877502442,False,3.6739717060751396,4.468347330412158
232,cl2,1,2,8,2,True,2,1,baseline,200,600,8,1589.3239013671873,False,3.201212414665828,4.296665190261531
233,cl2,1,2,8,2,True,2,1,baseline,200,600,16,3159.316994476318,False,3.4995932036338684,4.296665190261531
234,cl2,1,2,8,2,True,2,1,baseline,200,600,24,4728.067543029785,False,3.674683672051626,4.296665190261531
235,cl2,1,2,8,2,True,2,1,baseline,100,900,8,1704.5618888854979,False,3.231612774126668,4.463892988985907
236,cl2,1,2,8,2,True,2,1,baseline,100,900,16,3345.410023498535,False,3.524449353801888,4.463892988985907
237,cl2,1,2,8,2,True,2,1,baseline,100,900,24,5002.18896560669,False,3.699160093865922,4.463892988985907
238,cl2,1,2,8,2,True,2,1,baseline,100,600,8,1708.3465209960937,False,3.2325759675781156,4.290034611362518
239,cl2,1,2,8,2,True,2,1,baseline,100,600,16,3351.454815673828,False,3.5252333686094093,4.290034611362518
240,cl2,1,2,8,2,True,2,1,baseline,100,600,24,5010.911817169189,False,3.699916760025694,4.290034611362518
241,cl2,1,2,16,1,True,1,1,localBWAware,200,900,8,1062.0489852905273,False,3.0261445483374914,4.468347330412158
242,cl2,1,2,16,1,True,1,1,localBWAware,200,900,16,1926.4875617980956,False,3.2847662093729544,4.468347330412158
243,cl2,1,2,16,1,True,1,1,localBWAware,200,900,24,2823.3029914855956,False,3.4507574883024787,4.468347330412158
244,cl2,1,2,16,1,True,1,1,localBWAware,200,600,8,1059.360326385498,False,3.025043704341991,4.296665190261531
245,cl2,1,2,16,1,True,1,1,localBWAware,200,600,16,1924.516738128662,False,3.2843216926430303,4.296665190261531
246,cl2,1,2,16,1,True,1,1,localBWAware,200,600,24,2826.9255615234374,False,3.4513143728173437,4.296665190261531
247,cl2,1,2,16,1,True,1,1,localBWAware,100,900,8,1421.6820602416994,False,3.1528024832283106,4.463892988985907
248,cl2,1,2,16,1,True,1,1,localBWAware,100,900,16,2476.8128242492676,False,3.393893187664892,4.463892988985907
249,cl2,1,2,16,1,True,1,1,localBWAware,100,900,24,3531.943659210205,False,3.548013767190562,4.463892988985907
250,cl2,1,2,16,1,True,1,1,localBWAware,100,600,8,1423.5702415466308,False,3.153378900891819,4.290034611362518
251,cl2,1,2,16,1,True,1,1,localBWAware,100,600,16,2478.944231414795,False,3.3942667565938587,4.290034611362518
252,cl2,1,2,16,1,True,1,1,localBWAware,100,600,24,3535.9815216064453,False,3.5485099868033307,4.290034611362518
253,cl2,1,2,16,1,True,1,1,baseline,200,900,8,1062.0489852905273,False,3.0261445483374914,4.468347330412158
254,cl2,1,2,16,1,True,1,1,baseline,200,900,16,1926.4875617980956,False,3.2847662093729544,4.468347330412158
255,cl2,1,2,16,1,True,1,1,baseline,200,900,24,2823.3029914855956,False,3.4507574883024787,4.468347330412158
256,cl2,1,2,16,1,True,1,1,baseline,200,600,8,1059.360326385498,False,3.025043704341991,4.296665190261531
257,cl2,1,2,16,1,True,1,1,baseline,200,600,16,1924.516738128662,False,3.2843216926430303,4.296665190261531
258,cl2,1,2,16,1,True,1,1,baseline,200,600,24,2826.9255615234374,False,3.4513143728173437,4.296665190261531
259,cl2,1,2,16,1,True,1,1,baseline,100,900,8,1421.6820602416994,False,3.1528024832283106,4.463892988985907
260,cl2,1,2,16,1,True,1,1,baseline,100,900,16,2476.8128242492676,False,3.393893187664892,4.463892988985907
261,cl2,1,2,16,1,True,1,1,baseline,100,900,24,3531.943659210205,False,3.548013767190562,4.463892988985907
262,cl2,1,2,16,1,True,1,1,baseline,100,600,8,1423.5702415466308,False,3.153378900891819,4.290034611362518
263,cl2,1,2,16,1,True,1,1,baseline,100,600,16,2478.944231414795,False,3.3942667565938587,4.290034611362518
264,cl2,1,2,16,1,True,1,1,baseline,100,600,24,3535.9815216064453,False,3.5485099868033307,4.290034611362518
265,cl2,1,2,16,1,True,2,1,localBWAware,200,900,8,1062.0489852905273,False,3.0261445483374914,4.468347330412158
266,cl2,1,2,16,1,True,2,1,localBWAware,200,900,16,1926.4875617980956,False,3.2847662093729544,4.468347330412158
267,cl2,1,2,16,1,True,2,1,localBWAware,200,900,24,2823.3029914855956,False,3.4507574883024787,4.468347330412158
268,cl2,1,2,16,1,True,2,1,localBWAware,200,600,8,1059.360326385498,False,3.025043704341991,4.296665190261531
269,cl2,1,2,16,1,True,2,1,localBWAware,200,600,16,1924.516738128662,False,3.2843216926430303,4.296665190261531
270,cl2,1,2,16,1,True,2,1,localBWAware,200,600,24,2826.9255615234374,False,3.4513143728173437,4.296665190261531
271,cl2,1,2,16,1,True,2,1,localBWAware,100,900,8,1421.6820602416994,False,3.1528024832283106,4.463892988985907
272,cl2,1,2,16,1,True,2,1,localBWAware,100,900,16,2476.8128242492676,False,3.393893187664892,4.463892988985907
273,cl2,1,2,16,1,True,2,1,localBWAware,100,900,24,3531.943659210205,False,3.548013767190562,4.463892988985907
274,cl2,1,2,16,1,True,2,1,localBWAware,100,600,8,1423.5702415466308,False,3.153378900891819,4.290034611362518
275,cl2,1,2,16,1,True,2,1,localBWAware,100,600,16,2478.944231414795,False,3.3942667565938587,4.290034611362518
276,cl2,1,2,16,1,True,2,1,localBWAware,100,600,24,3535.9815216064453,False,3.5485099868033307,4.290034611362518
277,cl2,1,2,16,1,True,2,1,baseline,200,900,8,1062.0489852905273,False,3.0261445483374914,4.468347330412158
278,cl2,1,2,16,1,True,2,1,baseline,200,900,16,1926.4875617980956,False,3.2847662093729544,4.468347330412158
279,cl2,1,2,16,1,True,2,1,baseline,200,900,24,2823.3029914855956,False,3.4507574883024787,4.468347330412158
280,cl2,1,2,16,1,True,2,1,baseline,200,600,8,1059.360326385498,False,3.025043704341991,4.296665190261531
281,cl2,1,2,16,1,True,2,1,baseline,200,600,16,1924.516738128662,False,3.2843216926430303,4.296665190261531
282,cl2,1,2,16,1,True,2,1,baseline,200,600,24,2826.9255615234374,False,3.4513143728173437,4.296665190261531
283,cl2,1,2,16,1,True,2,1,baseline,100,900,8,1421.6820602416994,False,3.1528024832283106,4.463892988985907
284,cl2,1,2,16,1,True,2,1,baseline,100,900,16,2476.8128242492676,False,3.393893187664892,4.463892988985907
285,cl2,1,2,16,1,True,2,1,baseline,100,900,24,3531.943659210205,False,3.548013767190562,4.463892988985907
286,cl2,1,2,16,1,True,2,1,baseline,100,600,8,1423.5702415466308,False,3.153378900891819,4.290034611362518
287,cl2,1,2,16,1,True,2,1,baseline,100,600,16,2478.944231414795,False,3.3942667565938587,4.290034611362518
288,cl2,1,2,16,1,True,2,1,baseline,100,600,24,3535.9815216064453,False,3.5485099868033307,4.290034611362518
289,cl2,1,4,2,4,True,1,1,localBWAware,200,900,8,3002.525804901123,False,3.4774867485905157,4.468347330412158
290,cl2,1,4,2,4,True,1,1,localBWAware,200,900,16,5998.191313934326,False,3.7780203135843853,4.468347330412158
291,cl2,1,4,2,4,True,1,1,localBWAware,200,900,24,8993.981355285645,False,3.953951982931172,4.468347330412158
292,cl2,1,4,2,4,True,1,1,localBWAware,200,600,8,3023.78684463501,False,3.4805511732506087,4.296665190261531
293,cl2,1,4,2,4,True,1,1,localBWAware,200,600,16,6039.120664215088,False,3.7809737070845957,4.296665190261531
294,cl2,1,4,2,4,True,1,1,localBWAware,200,600,24,9054.512894439698,False,3.956865091541613,4.296665190261531
295,cl2,1,4,2,4,True,1,1,localBWAware,100,900,8,3008.8664176940915,False,3.4784029071331948,4.463892988985907
296,cl2,1,4,2,4,True,1,1,localBWAware,100,900,16,6010.872539520264,False,3.7789375188570027,4.463892988985907
297,cl2,1,4,2,4,True,1,1,localBWAware,100,900,24,9013.003193664552,False,3.9548695249542676,4.463892988985907
298,cl2,1,4,2,4,True,1,1,localBWAware,100,600,8,3030.1274574279782,False,3.481460896783969,4.290034611362518
299,cl2,1,4,2,4,True,1,1,localBWAware,100,600,16,6051.801889801025,False,3.7818847026336226,4.290034611362518
300,cl2,1,4,2,4,True,1,1,localBWAware,100,600,24,9073.534732818604,False,3.957776506013309,4.290034611362518
301,cl2,1,4,2,4,True,1,1,baseline,200,900,8,3002.525804901123,False,3.4774867485905157,4.468347330412158
302,cl2,1,4,2,4,True,1,1,baseline,200,900,16,5998.191313934326,False,3.7780203135843853,4.468347330412158
303,cl2,1,4,2,4,True,1,1,baseline,200,900,24,8993.981355285645,False,3.953951982931172,4.468347330412158
304,cl2,1,4,2,4,True,1,1,baseline,200,600,8,3023.78684463501,False,3.4805511732506087,4.296665190261531
305,cl2,1,4,2,4,True,1,1,baseline,200,600,16,6039.120664215088,False,3.7809737070845957,4.296665190261531
306,cl2,1,4,2,4,True,1,1,baseline,200,600,24,9054.512894439698,False,3.956865091541613,4.296665190261531
307,cl2,1,4,2,4,True,1,1,baseline,100,900,8,3008.8664176940915,False,3.4784029071331948,4.463892988985907
308,cl2,1,4,2,4,True,1,1,baseline,100,900,16,6010.872539520264,False,3.7789375188570027,4.463892988985907
309,cl2,1,4,2,4,True,1,1,baseline,100,900,24,9013.003193664552,False,3.9548695249542676,4.463892988985907
310,cl2,1,4,2,4,True,1,1,baseline,100,600,8,3030.1274574279782,False,3.481460896783969,4.290034611362518
311,cl2,1,4,2,4,True,1,1,baseline,100,600,16,6051.801889801025,False,3.7818847026336226,4.290034611362518
312,cl2,1,4,2,4,True,1,1,baseline,100,600,24,9073.534732818604,False,3.957776506013309,4.290034611362518
313,cl2,1,4,2,4,True,2,1,localBWAware,200,900,8,3002.525804901123,False,3.4774867485905157,4.468347330412158
314,cl2,1,4,2,4,True,2,1,localBWAware,200,900,16,5998.191313934326,False,3.7780203135843853,4.468347330412158
315,cl2,1,4,2,4,True,2,1,localBWAware,200,900,24,8993.981355285645,False,3.953951982931172,4.468347330412158
316,cl2,1,4,2,4,True,2,1,localBWAware,200,600,8,3023.78684463501,False,3.4805511732506087,4.296665190261531
317,cl2,1,4,2,4,True,2,1,localBWAware,200,600,16,6039.120664215088,False,3.7809737070845957,4.296665190261531
318,cl2,1,4,2,4,True,2,1,localBWAware,200,600,24,9054.512894439698,False,3.956865091541613,4.296665190261531
319,cl2,1,4,2,4,True,2,1,localBWAware,100,900,8,3008.8664176940915,False,3.4784029071331948,4.463892988985907
320,cl2,1,4,2,4,True,2,1,localBWAware,100,900,16,6010.872539520264,False,3.7789375188570027,4.463892988985907
321,cl2,1,4,2,4,True,2,1,localBWAware,100,900,24,9013.003193664552,False,3.9548695249542676,4.463892988985907
322,cl2,1,4,2,4,True,2,1,localBWAware,100,600,8,3030.1274574279782,False,3.481460896783969,4.290034611362518
323,cl2,1,4,2,4,True,2,1,localBWAware,100,600,16,6051.801889801025,False,3.7818847026336226,4.290034611362518
324,cl2,1,4,2,4,True,2,1,localBWAware,100,600,24,9073.534732818604,False,3.957776506013309,4.290034611362518
325,cl2,1,4,2,4,True,2,1,baseline,200,900,8,3002.525804901123,False,3.4774867485905157,4.468347330412158
326,cl2,1,4,2,4,True,2,1,baseline,200,900,16,5998.191313934326,False,3.7780203135843853,4.468347330412158
327,cl2,1,4,2,4,True,2,1,baseline,200,900,24,8993.981355285645,False,3.953951982931172,4.468347330412158
328,cl2,1,4,2,4,True,2,1,baseline,200,600,8,3023.78684463501,False,3.4805511732506087,4.296665190261531
329,cl2,1,4,2,4,True,2,1,baseline,200,600,16,6039.120664215088,False,3.7809737070845957,4.296665190261531
330,cl2,1,4,2,4,True,2,1,baseline,200,600,24,9054.512894439698,False,3.956865091541613,4.296665190261531
331,cl2,1,4,2,4,True,2,1,baseline,100,900,8,3008.8664176940915,False,3.4784029071331948,4.463892988985907
332,cl2,1,4,2,4,True,2,1,baseline,100,900,16,6010.872539520264,False,3.7789375188570027,4.463892988985907
333,cl2,1,4,2,4,True,2,1,baseline,100,900,24,9013.003193664552,False,3.9548695249542676,4.463892988985907
334,cl2,1,4,2,4,True,2,1,baseline,100,600,8,3030.1274574279782,False,3.481460896783969,4.290034611362518
335,cl2,1,4,2,4,True,2,1,baseline,100,600,16,6051.801889801025,False,3.7818847026336226,4.290034611362518
336,cl2,1,4,2,4,True,2,1,baseline,100,600,24,9073.534732818604,False,3.957776506013309,4.290034611362518
337,cl2,1,4,4,2,True,1,1,localBWAware,200,900,8,1599.8480850219726,False,3.2040787458003166,4.468347330412158
338,cl2,1,4,4,2,True,1,1,localBWAware,200,900,16,3165.1038253784177,False,3.500387960814467,4.468347330412158
339,cl2,1,4,4,2,True,1,1,localBWAware,200,900,24,4735.685929870605,False,3.6753828923113567,4.468347330412158
340,cl2,1,4,4,2,True,1,1,localBWAware,200,600,8,1610.327247619629,False,3.2069141414937,4.296665190261531
341,cl2,1,4,4,2,True,1,1,localBWAware,200,600,16,3182.958219909668,False,3.5028309380298093,4.296665190261531
342,cl2,1,4,4,2,True,1,1,localBWAware,200,600,24,4762.04449081421,False,3.6777934486129276,4.296665190261531
343,cl2,1,4,4,2,True,1,1,localBWAware,100,900,8,1714.4968254089354,False,3.234136685304764,4.463892988985907
344,cl2,1,4,4,2,True,1,1,localBWAware,100,900,16,3345.77506942749,False,3.5244967407536887,4.463892988985907
345,cl2,1,4,4,2,True,1,1,localBWAware,100,900,24,4986.127894592285,False,3.697763413999952,4.463892988985907
346,cl2,1,4,4,2,True,1,1,localBWAware,100,600,8,1724.964978790283,False,3.2367802822078295,4.290034611362518
347,cl2,1,4,4,2,True,1,1,localBWAware,100,600,16,3364.6635246276855,False,3.5269416401190106,4.290034611362518
348,cl2,1,4,4,2,True,1,1,localBWAware,100,600,24,5012.486455535888,False,3.7000532121032568,4.290034611362518
349,cl2,1,4,4,2,True,1,1,baseline,200,900,8,1599.8480850219726,False,3.2040787458003166,4.468347330412158
350,cl2,1,4,4,2,True,1,1,baseline,200,900,16,3165.1038253784177,False,3.500387960814467,4.468347330412158
351,cl2,1,4,4,2,True,1,1,baseline,200,900,24,4735.685929870605,False,3.6753828923113567,4.468347330412158
352,cl2,1,4,4,2,True,1,1,baseline,200,600,8,1610.327247619629,False,3.2069141414937,4.296665190261531
353,cl2,1,4,4,2,True,1,1,baseline,200,600,16,3182.958219909668,False,3.5028309380298093,4.296665190261531
354,cl2,1,4,4,2,True,1,1,baseline,200,600,24,4762.04449081421,False,3.6777934486129276,4.296665190261531
355,cl2,1,4,4,2,True,1,1,baseline,100,900,8,1714.4968254089354,False,3.234136685304764,4.463892988985907
356,cl2,1,4,4,2,True,1,1,baseline,100,900,16,3345.77506942749,False,3.5244967407536887,4.463892988985907
357,cl2,1,4,4,2,True,1,1,baseline,100,900,24,4986.127894592285,False,3.697763413999952,4.463892988985907
358,cl2,1,4,4,2,True,1,1,baseline,100,600,8,1724.964978790283,False,3.2367802822078295,4.290034611362518
359,cl2,1,4,4,2,True,1,1,baseline,100,600,16,3364.6635246276855,False,3.5269416401190106,4.290034611362518
360,cl2,1,4,4,2,True,1,1,baseline,100,600,24,5012.486455535888,False,3.7000532121032568,4.290034611362518
361,cl2,1,4,4,2,True,2,1,localBWAware,200,900,8,1599.8480850219726,False,3.2040787458003166,4.468347330412158
362,cl2,1,4,4,2,True,2,1,localBWAware,200,900,16,3165.1038253784177,False,3.500387960814467,4.468347330412158
363,cl2,1,4,4,2,True,2,1,localBWAware,200,900,24,4735.685929870605,False,3.6753828923113567,4.468347330412158
364,cl2,1,4,4,2,True,2,1,localBWAware,200,600,8,1610.327247619629,False,3.2069141414937,4.296665190261531
365,cl2,1,4,4,2,True,2,1,localBWAware,200,600,16,3182.958219909668,False,3.5028309380298093,4.296665190261531
366,cl2,1,4,4,2,True,2,1,localBWAware,200,600,24,4762.04449081421,False,3.6777934486129276,4.296665190261531
367,cl2,1,4,4,2,True,2,1,localBWAware,100,900,8,1714.4968254089354,False,3.234136685304764,4.463892988985907
368,cl2,1,4,4,2,True,2,1,localBWAware,100,900,16,3345.77506942749,False,3.5244967407536887,4.463892988985907
369,cl2,1,4,4,2,True,2,1,localBWAware,100,900,24,4986.127894592285,False,3.697763413999952,4.463892988985907
370,cl2,1,4,4,2,True,2,1,localBWAware,100,600,8,1724.964978790283,False,3.2367802822078295,4.290034611362518
371,cl2,1,4,4,2,True,2,1,localBWAware,100,600,16,3364.6635246276855,False,3.5269416401190106,4.290034611362518
372,cl2,1,4,4,2,True,2,1,localBWAware,100,600,24,5012.486455535888,False,3.7000532121032568,4.290034611362518
373,cl2,1,4,4,2,True,2,1,baseline,200,900,8,1599.8480850219726,False,3.2040787458003166,4.468347330412158
374,cl2,1,4,4,2,True,2,1,baseline,200,900,16,3165.1038253784177,False,3.500387960814467,4.468347330412158
375,cl2,1,4,4,2,True,2,1,baseline,200,900,24,4735.685929870605,False,3.6753828923113567,4.468347330412158
376,cl2,1,4,4,2,True,2,1,baseline,200,600,8,1610.327247619629,False,3.2069141414937,4.296665190261531
377,cl2,1,4,4,2,True,2,1,baseline,200,600,16,3182.958219909668,False,3.5028309380298093,4.296665190261531
378,cl2,1,4,4,2,True,2,1,baseline,200,600,24,4762.04449081421,False,3.6777934486129276,4.296665190261531
379,cl2,1,4,4,2,True,2,1,baseline,100,900,8,1714.4968254089354,False,3.234136685304764,4.463892988985907
380,cl2,1,4,4,2,True,2,1,baseline,100,900,16,3345.77506942749,False,3.5244967407536887,4.463892988985907
381,cl2,1,4,4,2,True,2,1,baseline,100,900,24,4986.127894592285,False,3.697763413999952,4.463892988985907
382,cl2,1,4,4,2,True,2,1,baseline,100,600,8,1724.964978790283,False,3.2367802822078295,4.290034611362518
383,cl2,1,4,4,2,True,2,1,baseline,100,600,16,3364.6635246276855,False,3.5269416401190106,4.290034611362518
384,cl2,1,4,4,2,True,2,1,baseline,100,600,24,5012.486455535888,False,3.7000532121032568,4.290034611362518
385,cl2,1,4,8,1,True,1,1,localBWAware,200,900,8,1077.4297668457032,False,3.032388969908889,4.468347330412158
386,cl2,1,4,8,1,True,1,1,localBWAware,200,900,16,1935.7224334716796,False,3.2868430832131716,4.468347330412158
387,cl2,1,4,8,1,True,1,1,localBWAware,200,900,24,2842.123997497559,False,3.4536430216048974,4.468347330412158
388,cl2,1,4,8,1,True,1,1,localBWAware,200,600,8,1083.590153503418,False,3.03486504998003,4.296665190261531
389,cl2,1,4,8,1,True,1,1,localBWAware,200,600,16,1946.6057739257812,False,3.2892780072240853,4.296665190261531
390,cl2,1,4,8,1,True,1,1,localBWAware,200,600,24,2856.9493972778323,False,3.455902548160961,4.296665190261531
391,cl2,1,4,8,1,True,1,1,localBWAware,100,900,8,1463.8869003295897,False,3.165507524495487,4.463892988985907
392,cl2,1,4,8,1,True,1,1,localBWAware,100,900,16,2499.715992736816,False,3.397890668754517,4.463892988985907
393,cl2,1,4,8,1,True,1,1,localBWAware,100,900,24,3536.6880157470705,False,3.548596750791432,4.463892988985907
394,cl2,1,4,8,1,True,1,1,localBWAware,100,600,8,1469.6210906982424,False,3.167205375951631,4.290034611362518
395,cl2,1,4,8,1,True,1,1,localBWAware,100,600,16,2510.1728439331055,False,3.3997036268921628,4.290034611362518
396,cl2,1,4,8,1,True,1,1,localBWAware,100,600,24,3551.338220214844,False,3.550392035348131,4.290034611362518
397,cl2,1,4,8,1,True,1,1,baseline,200,900,8,1077.4297668457032,False,3.032388969908889,4.468347330412158
398,cl2,1,4,8,1,True,1,1,baseline,200,900,16,1935.7224334716796,False,3.2868430832131716,4.468347330412158
399,cl2,1,4,8,1,True,1,1,baseline,200,900,24,2842.123997497559,False,3.4536430216048974,4.468347330412158
400,cl2,1,4,8,1,True,1,1,baseline,200,600,8,1083.590153503418,False,3.03486504998003,4.296665190261531
401,cl2,1,4,8,1,True,1,1,baseline,200,600,16,1946.6057739257812,False,3.2892780072240853,4.296665190261531
402,cl2,1,4,8,1,True,1,1,baseline,200,600,24,2856.9493972778323,False,3.455902548160961,4.296665190261531
403,cl2,1,4,8,1,True,1,1,baseline,100,900,8,1463.8869003295897,False,3.165507524495487,4.463892988985907
404,cl2,1,4,8,1,True,1,1,baseline,100,900,16,2499.715992736816,False,3.397890668754517,4.463892988985907
405,cl2,1,4,8,1,True,1,1,baseline,100,900,24,3536.6880157470705,False,3.548596750791432,4.463892988985907
406,cl2,1,4,8,1,True,1,1,baseline,100,600,8,1469.6210906982424,False,3.167205375951631,4.290034611362518
407,cl2,1,4,8,1,True,1,1,baseline,100,600,16,2510.1728439331055,False,3.3997036268921628,4.290034611362518
408,cl2,1,4,8,1,True,1,1,baseline,100,600,24,3551.338220214844,False,3.550392035348131,4.290034611362518
409,cl2,1,4,8,1,True,2,1,localBWAware,200,900,8,1077.4297668457032,False,3.032388969908889,4.468347330412158
410,cl2,1,4,8,1,True,2,1,localBWAware,200,900,16,1935.7224334716796,False,3.2868430832131716,4.468347330412158
411,cl2,1,4,8,1,True,2,1,localBWAware,200,900,24,2842.123997497559,False,3.4536430216048974,4.468347330412158
412,cl2,1,4,8,1,True,2,1,localBWAware,200,600,8,1083.590153503418,False,3.03486504998003,4.296665190261531
413,cl2,1,4,8,1,True,2,1,localBWAware,200,600,16,1946.6057739257812,False,3.2892780072240853,4.296665190261531
414,cl2,1,4,8,1,True,2,1,localBWAware,200,600,24,2856.9493972778323,False,3.455902548160961,4.296665190261531
415,cl2,1,4,8,1,True,2,1,localBWAware,100,900,8,1463.8869003295897,False,3.165507524495487,4.463892988985907
416,cl2,1,4,8,1,True,2,1,localBWAware,100,900,16,2499.715992736816,False,3.397890668754517,4.463892988985907
417,cl2,1,4,8,1,True,2,1,localBWAware,100,900,24,3536.6880157470705,False,3.548596750791432,4.463892988985907
418,cl2,1,4,8,1,True,2,1,localBWAware,100,600,8,1469.6210906982424,False,3.167205375951631,4.290034611362518
419,cl2,1,4,8,1,True,2,1,localBWAware,100,600,16,2510.1728439331055,False,3.3997036268921628,4.290034611362518
420,cl2,1,4,8,1,True,2,1,localBWAware,100,600,24,3551.338220214844,False,3.550392035348131,4.290034611362518
421,cl2,1,4,8,1,True,2,1,baseline,200,900,8,1077.4297668457032,False,3.032388969908889,4.468347330412158
422,cl2,1,4,8,1,True,2,1,baseline,200,900,16,1935.7224334716796,False,3.2868430832131716,4.468347330412158
423,cl2,1,4,8,1,True,2,1,baseline,200,900,24,2842.123997497559,False,3.4536430216048974,4.468347330412158
424,cl2,1,4,8,1,True,2,1,baseline,200,600,8,1083.590153503418,False,3.03486504998003,4.296665190261531
425,cl2,1,4,8,1,True,2,1,baseline,200,600,16,1946.6057739257812,False,3.2892780072240853,4.296665190261531
426,cl2,1,4,8,1,True,2,1,baseline,200,600,24,2856.9493972778323,False,3.455902548160961,4.296665190261531
427,cl2,1,4,8,1,True,2,1,baseline,100,900,8,1463.8869003295897,False,3.165507524495487,4.463892988985907
428,cl2,1,4,8,1,True,2,1,baseline,100,900,16,2499.715992736816,False,3.397890668754517,4.463892988985907
429,cl2,1,4,8,1,True,2,1,baseline,100,900,24,3536.6880157470705,False,3.548596750791432,4.463892988985907
430,cl2,1,4,8,1,True,2,1,baseline,100,600,8,1469.6210906982424,False,3.167205375951631,4.290034611362518
431,cl2,1,4,8,1,True,2,1,baseline,100,600,16,2510.1728439331055,False,3.3997036268921628,4.290034611362518
432,cl2,1,4,8,1,True,2,1,baseline,100,600,24,3551.338220214844,False,3.550392035348131,4.290034611362518
433,cl2,1,8,1,4,True,1,1,localBWAware,200,900,8,3058.9066085815425,False,3.485566217750666,4.468347330412158
434,cl2,1,8,1,4,True,1,1,localBWAware,200,900,16,6112.620984649658,False,3.786227468032823,4.468347330412158
435,cl2,1,8,1,4,True,1,1,localBWAware,200,900,24,9166.543382263184,False,3.9622055981546525,4.468347330412158
436,cl2,1,8,1,4,True,1,1,localBWAware,200,600,8,3099.411829376221,False,3.4912792862562245,4.296665190261531
437,cl2,1,8,1,4,True,1,1,localBWAware,200,600,16,6192.63201828003,False,3.791875273909368,4.296665190261531
438,cl2,1,8,1,4,True,1,1,localBWAware,200,600,24,9286.108575439453,False,3.9678337572365256,4.296665190261531
439,cl2,1,8,1,4,True,1,1,localBWAware,100,900,8,3065.2472213745114,False,3.486465507418516,4.463892988985907
440,cl2,1,8,1,4,True,1,1,localBWAware,100,900,16,6125.302210235595,False,3.787127520791652,4.463892988985907
441,cl2,1,8,1,4,True,1,1,localBWAware,100,900,24,9185.565220642091,False,3.9631058851549867,4.463892988985907
442,cl2,1,8,1,4,True,1,1,localBWAware,100,600,8,3105.7524421691896,False,3.4921668353961905,4.290034611362518
443,cl2,1,8,1,4,True,1,1,localBWAware,100,600,16,6205.313243865967,False,3.7927637095492974,4.290034611362518
444,cl2,1,8,1,4,True,1,1,localBWAware,100,600,24,9305.130413818359,False,3.9687224642593466,4.290034611362518
445,cl2,1,8,1,4,True,1,1,baseline,200,900,8,3058.9066085815425,False,3.485566217750666,4.468347330412158
446,cl2,1,8,1,4,True,1,1,baseline,200,900,16,6112.620984649658,False,3.786227468032823,4.468347330412158
447,cl2,1,8,1,4,True,1,1,baseline,200,900,24,9166.543382263184,False,3.9622055981546525,4.468347330412158
448,cl2,1,8,1,4,True,1,1,baseline,200,600,8,3099.411829376221,False,3.4912792862562245,4.296665190261531
449,cl2,1,8,1,4,True,1,1,baseline,200,600,16,6192.63201828003,False,3.791875273909368,4.296665190261531
450,cl2,1,8,1,4,True,1,1,baseline,200,600,24,9286.108575439453,False,3.9678337572365256,4.296665190261531
451,cl2,1,8,1,4,True,1,1,baseline,100,900,8,3065.2472213745114,False,3.486465507418516,4.463892988985907
452,cl2,1,8,1,4,True,1,1,baseline,100,900,16,6125.302210235595,False,3.787127520791652,4.463892988985907
453,cl2,1,8,1,4,True,1,1,baseline,100,900,24,9185.565220642091,False,3.9631058851549867,4.463892988985907
454,cl2,1,8,1,4,True,1,1,baseline,100,600,8,3105.7524421691896,False,3.4921668353961905,4.290034611362518
455,cl2,1,8,1,4,True,1,1,baseline,100,600,16,6205.313243865967,False,3.7927637095492974,4.290034611362518
456,cl2,1,8,1,4,True,1,1,baseline,100,600,24,9305.130413818359,False,3.9687224642593466,4.290034611362518
457,cl2,1,8,1,4,True,2,1,localBWAware,200,900,8,3058.9066085815425,False,3.485566217750666,4.468347330412158
458,cl2,1,8,1,4,True,2,1,localBWAware,200,900,16,6112.620984649658,False,3.786227468032823,4.468347330412158
459,cl2,1,8,1,4,True,2,1,localBWAware,200,900,24,9166.543382263184,False,3.9622055981546525,4.468347330412158
460,cl2,1,8,1,4,True,2,1,localBWAware,200,600,8,3099.411829376221,False,3.4912792862562245,4.296665190261531
461,cl2,1,8,1,4,True,2,1,localBWAware,200,600,16,6192.63201828003,False,3.791875273909368,4.296665190261531
462,cl2,1,8,1,4,True,2,1,localBWAware,200,600,24,9286.108575439453,False,3.9678337572365256,4.296665190261531
463,cl2,1,8,1,4,True,2,1,localBWAware,100,900,8,3065.2472213745114,False,3.486465507418516,4.463892988985907
464,cl2,1,8,1,4,True,2,1,localBWAware,100,900,16,6125.302210235595,False,3.787127520791652,4.463892988985907
465,cl2,1,8,1,4,True,2,1,localBWAware,100,900,24,9185.565220642091,False,3.9631058851549867,4.463892988985907
466,cl2,1,8,1,4,True,2,1,localBWAware,100,600,8,3105.7524421691896,False,3.4921668353961905,4.290034611362518
467,cl2,1,8,1,4,True,2,1,localBWAware,100,600,16,6205.313243865967,False,3.7927637095492974,4.290034611362518
468,cl2,1,8,1,4,True,2,1,localBWAware,100,600,24,9305.130413818359,False,3.9687224642593466,4.290034611362518
469,cl2,1,8,1,4,True,2,1,baseline,200,900,8,3058.9066085815425,False,3.485566217750666,4.468347330412158
470,cl2,1,8,1,4,True,2,1,baseline,200,900,16,6112.620984649658,False,3.786227468032823,4.468347330412158
471,cl2,1,8,1,4,True,2,1,baseline,200,900,24,9166.543382263184,False,3.9622055981546525,4.468347330412158
472,cl2,1,8,1,4,True,2,1,baseline,200,600,8,3099.411829376221,False,3.4912792862562245,4.296665190261531
473,cl2,1,8,1,4,True,2,1,baseline,200,600,16,6192.63201828003,False,3.791875273909368,4.296665190261531
474,cl2,1,8,1,4,True,2,1,baseline,200,600,24,9286.108575439453,False,3.9678337572365256,4.296665190261531
475,cl2,1,8,1,4,True,2,1,baseline,100,900,8,3065.2472213745114,False,3.486465507418516,4.463892988985907
476,cl2,1,8,1,4,True,2,1,baseline,100,900,16,6125.302210235595,False,3.787127520791652,4.463892988985907
477,cl2,1,8,1,4,True,2,1,baseline,100,900,24,9185.565220642091,False,3.9631058851549867,4.463892988985907
478,cl2,1,8,1,4,True,2,1,baseline,100,600,8,3105.7524421691896,False,3.4921668353961905,4.290034611362518
479,cl2,1,8,1,4,True,2,1,baseline,100,600,16,6205.313243865967,False,3.7927637095492974,4.290034611362518
480,cl2,1,8,1,4,True,2,1,baseline,100,600,24,9305.130413818359,False,3.9687224642593466,4.290034611362518
481,cl2,1,8,2,2,True,1,1,localBWAware,200,900,8,1618.3976440429688,False,3.209085237545816,4.468347330412158
482,cl2,1,8,2,2,True,1,1,localBWAware,200,900,16,3181.5160583496095,False,3.5026341196310278,4.468347330412158
483,cl2,1,8,2,2,True,1,1,localBWAware,200,900,24,4756.997856903075,False,3.6773329557639465,4.468347330412158
484,cl2,1,8,2,2,True,1,1,localBWAware,200,600,8,1640.3848388671877,False,3.2149457467000926,4.296665190261531
485,cl2,1,8,2,2,True,1,1,localBWAware,200,600,16,3222.021279144287,False,3.5081284042968637,4.296665190261531
486,cl2,1,8,2,2,True,1,1,localBWAware,200,600,24,4817.1545288085945,False,3.682790578208234,4.296665190261531
487,cl2,1,8,2,2,True,1,1,localBWAware,100,900,8,1720.3427810668945,False,3.2356149894039334,4.463892988985907
488,cl2,1,8,2,2,True,1,1,localBWAware,100,900,16,3331.6167526245117,False,3.522655037214575,4.463892988985907
489,cl2,1,8,2,2,True,1,1,localBWAware,100,900,24,4942.975701141358,False,3.69398847554551,4.463892988985907
490,cl2,1,8,2,2,True,1,1,localBWAware,100,600,8,1742.3299758911132,False,3.241130408500318,4.290034611362518
491,cl2,1,8,2,2,True,1,1,localBWAware,100,600,16,3373.328377532959,False,3.528058619756943,4.290034611362518
492,cl2,1,8,2,2,True,1,1,localBWAware,100,600,24,5004.338777160645,False,3.6993467023146027,4.290034611362518
493,cl2,1,8,2,2,True,1,1,baseline,200,900,8,1618.3976440429688,False,3.209085237545816,4.468347330412158
494,cl2,1,8,2,2,True,1,1,baseline,200,900,16,3181.5160583496095,False,3.5026341196310278,4.468347330412158
495,cl2,1,8,2,2,True,1,1,baseline,200,900,24,4756.997856903075,False,3.6773329557639465,4.468347330412158
496,cl2,1,8,2,2,True,1,1,baseline,200,600,8,1640.3848388671877,False,3.2149457467000926,4.296665190261531
497,cl2,1,8,2,2,True,1,1,baseline,200,600,16,3222.021279144287,False,3.5081284042968637,4.296665190261531
498,cl2,1,8,2,2,True,1,1,baseline,200,600,24,4817.1545288085945,False,3.682790578208234,4.296665190261531
499,cl2,1,8,2,2,True,1,1,baseline,100,900,8,1720.3427810668945,False,3.2356149894039334,4.463892988985907
500,cl2,1,8,2,2,True,1,1,baseline,100,900,16,3331.6167526245117,False,3.522655037214575,4.463892988985907
501,cl2,1,8,2,2,True,1,1,baseline,100,900,24,4942.975701141358,False,3.69398847554551,4.463892988985907
502,cl2,1,8,2,2,True,1,1,baseline,100,600,8,1742.3299758911132,False,3.241130408500318,4.290034611362518
503,cl2,1,8,2,2,True,1,1,baseline,100,600,16,3373.328377532959,False,3.528058619756943,4.290034611362518
504,cl2,1,8,2,2,True,1,1,baseline,100,600,24,5004.338777160645,False,3.6993467023146027,4.290034611362518
505,cl2,1,8,2,2,True,2,1,localBWAware,200,900,8,1618.3976440429688,False,3.209085237545816,4.468347330412158
506,cl2,1,8,2,2,True,2,1,localBWAware,200,900,16,3181.5160583496095,False,3.5026341196310278,4.468347330412158
507,cl2,1,8,2,2,True,2,1,localBWAware,200,900,24,4756.997856903075,False,3.6773329557639465,4.468347330412158
508,cl2,1,8,2,2,True,2,1,localBWAware,200,600,8,1640.3848388671877,False,3.2149457467000926,4.296665190261531
509,cl2,1,8,2,2,True,2,1,localBWAware,200,600,16,3222.021279144287,False,3.5081284042968637,4.296665190261531
510,cl2,1,8,2,2,True,2,1,localBWAware,200,600,24,4817.1545288085945,False,3.682790578208234,4.296665190261531
511,cl2,1,8,2,2,True,2,1,localBWAware,100,900,8,1720.3427810668945,False,3.2356149894039334,4.463892988985907
512,cl2,1,8,2,2,True,2,1,localBWAware,100,900,16,3331.6167526245117,False,3.522655037214575,4.463892988985907
513,cl2,1,8,2,2,True,2,1,localBWAware,100,900,24,4942.975701141358,False,3.69398847554551,4.463892988985907
514,cl2,1,8,2,2,True,2,1,localBWAware,100,600,8,1742.3299758911132,False,3.241130408500318,4.290034611362518
515,cl2,1,8,2,2,True,2,1,localBWAware,100,600,16,3373.328377532959,False,3.528058619756943,4.290034611362518
516,cl2,1,8,2,2,True,2,1,localBWAware,100,600,24,5004.338777160645,False,3.6993467023146027,4.290034611362518
517,cl2,1,8,2,2,True,2,1,baseline,200,900,8,1618.3976440429688,False,3.209085237545816,4.468347330412158
518,cl2,1,8,2,2,True,2,1,baseline,200,900,16,3181.5160583496095,False,3.5026341196310278,4.468347330412158
519,cl2,1,8,2,2,True,2,1,baseline,200,900,24,4756.997856903075,False,3.6773329557639465,4.468347330412158
520,cl2,1,8,2,2,True,2,1,baseline,200,600,8,1640.3848388671877,False,3.2149457467000926,4.296665190261531
521,cl2,1,8,2,2,True,2,1,baseline,200,600,16,3222.021279144287,False,3.5081284042968637,4.296665190261531
522,cl2,1,8,2,2,True,2,1,baseline,200,600,24,4817.1545288085945,False,3.682790578208234,4.296665190261531
523,cl2,1,8,2,2,True,2,1,baseline,100,900,8,1720.3427810668945,False,3.2356149894039334,4.463892988985907
524,cl2,1,8,2,2,True,2,1,baseline,100,900,16,3331.6167526245117,False,3.522655037214575,4.463892988985907
525,cl2,1,8,2,2,True,2,1,baseline,100,900,24,4942.975701141358,False,3.69398847554551,4.463892988985907
526,cl2,1,8,2,2,True,2,1,baseline,100,600,8,1742.3299758911132,False,3.241130408500318,4.290034611362518
527,cl2,1,8,2,2,True,2,1,baseline,100,600,16,3373.328377532959,False,3.528058619756943,4.290034611362518
528,cl2,1,8,2,2,True,2,1,baseline,100,600,24,5004.338777160645,False,3.6993467023146027,4.290034611362518
529,cl2,1,8,4,1,True,1,1,localBWAware,200,900,8,1113.1700866699218,False,3.0465615273702897,4.468347330412158
530,cl2,1,8,4,1,True,1,1,localBWAware,200,900,16,1970.6564483642578,False,3.2946109187571664,4.468347330412158
531,cl2,1,8,4,1,True,1,1,localBWAware,200,900,24,2876.8600387573238,False,3.4589187336755356,4.468347330412158
532,cl2,1,8,4,1,True,1,1,localBWAware,200,600,8,1125.3700881958007,False,3.0512953676296433,4.296665190261531
533,cl2,1,8,4,1,True,1,1,localBWAware,200,600,16,1992.6436431884765,False,3.299429638070938,4.296665190261531
534,cl2,1,8,4,1,True,1,1,localBWAware,200,600,24,2908.7459381103517,False,3.4637057898289534,4.296665190261531
535,cl2,1,8,4,1,True,1,1,localBWAware,100,900,8,1518.8713897705077,False,3.1815210015930937,4.463892988985907
536,cl2,1,8,4,1,True,1,1,localBWAware,100,900,16,2520.850671386719,False,3.4015471199669856,4.463892988985907
537,cl2,1,8,4,1,True,1,1,localBWAware,100,900,24,3522.8869766235352,False,3.546898710108262,4.463892988985907
538,cl2,1,8,4,1,True,1,1,localBWAware,100,600,8,1531.0713912963865,False,3.1849954415951998,4.290034611362518
539,cl2,1,8,4,1,True,1,1,localBWAware,100,600,16,2542.837866210937,False,3.4053186700244313,4.290034611362518
540,cl2,1,8,4,1,True,1,1,localBWAware,100,600,24,3554.772875976563,False,3.5508118577068073,4.290034611362518
541,cl2,1,8,4,1,True,1,1,baseline,200,900,8,1113.1700866699218,False,3.0465615273702897,4.468347330412158
542,cl2,1,8,4,1,True,1,1,baseline,200,900,16,1970.6564483642578,False,3.2946109187571664,4.468347330412158
543,cl2,1,8,4,1,True,1,1,baseline,200,900,24,2876.8600387573238,False,3.4589187336755356,4.468347330412158
544,cl2,1,8,4,1,True,1,1,baseline,200,600,8,1125.3700881958007,False,3.0512953676296433,4.296665190261531
545,cl2,1,8,4,1,True,1,1,baseline,200,600,16,1992.6436431884765,False,3.299429638070938,4.296665190261531
546,cl2,1,8,4,1,True,1,1,baseline,200,600,24,2908.7459381103517,False,3.4637057898289534,4.296665190261531
547,cl2,1,8,4,1,True,1,1,baseline,100,900,8,1518.8713897705077,False,3.1815210015930937,4.463892988985907
548,cl2,1,8,4,1,True,1,1,baseline,100,900,16,2520.850671386719,False,3.4015471199669856,4.463892988985907
549,cl2,1,8,4,1,True,1,1,baseline,100,900,24,3522.8869766235352,False,3.546898710108262,4.463892988985907
550,cl2,1,8,4,1,True,1,1,baseline,100,600,8,1531.0713912963865,False,3.1849954415951998,4.290034611362518
551,cl2,1,8,4,1,True,1,1,baseline,100,600,16,2542.837866210937,False,3.4053186700244313,4.290034611362518
552,cl2,1,8,4,1,True,1,1,baseline,100,600,24,3554.772875976563,False,3.5508118577068073,4.290034611362518
553,cl2,1,8,4,1,True,2,1,localBWAware,200,900,8,1113.1700866699218,False,3.0465615273702897,4.468347330412158
554,cl2,1,8,4,1,True,2,1,localBWAware,200,900,16,1970.6564483642578,False,3.2946109187571664,4.468347330412158
555,cl2,1,8,4,1,True,2,1,localBWAware,200,900,24,2876.8600387573238,False,3.4589187336755356,4.468347330412158
556,cl2,1,8,4,1,True,2,1,localBWAware,200,600,8,1125.3700881958007,False,3.0512953676296433,4.296665190261531
557,cl2,1,8,4,1,True,2,1,localBWAware,200,600,16,1992.6436431884765,False,3.299429638070938,4.296665190261531
558,cl2,1,8,4,1,True,2,1,localBWAware,200,600,24,2908.7459381103517,False,3.4637057898289534,4.296665190261531
559,cl2,1,8,4,1,True,2,1,localBWAware,100,900,8,1518.8713897705077,False,3.1815210015930937,4.463892988985907
560,cl2,1,8,4,1,True,2,1,localBWAware,100,900,16,2520.850671386719,False,3.4015471199669856,4.463892988985907
561,cl2,1,8,4,1,True,2,1,localBWAware,100,900,24,3522.8869766235352,False,3.546898710108262,4.463892988985907
562,cl2,1,8,4,1,True,2,1,localBWAware,100,600,8,1531.0713912963865,False,3.1849954415951998,4.290034611362518
563,cl2,1,8,4,1,True,2,1,localBWAware,100,600,16,2542.837866210937,False,3.4053186700244313,4.290034611362518
564,cl2,1,8,4,1,True,2,1,localBWAware,100,600,24,3554.772875976563,False,3.5508118577068073,4.290034611362518
565,cl2,1,8,4,1,True,2,1,baseline,200,900,8,1113.1700866699218,False,3.0465615273702897,4.468347330412158
566,cl2,1,8,4,1,True,2,1,baseline,200,900,16,1970.6564483642578,False,3.2946109187571664,4.468347330412158
567,cl2,1,8,4,1,True,2,1,baseline,200,900,24,2876.8600387573238,False,3.4589187336755356,4.468347330412158
568,cl2,1,8,4,1,True,2,1,baseline,200,600,8,1125.3700881958007,False,3.0512953676296433,4.296665190261531
569,cl2,1,8,4,1,True,2,1,baseline,200,600,16,1992.6436431884765,False,3.299429638070938,4.296665190261531
570,cl2,1,8,4,1,True,2,1,baseline,200,600,24,2908.7459381103517,False,3.4637057898289534,4.296665190261531
571,cl2,1,8,4,1,True,2,1,baseline,100,900,8,1518.8713897705077,False,3.1815210015930937,4.463892988985907
572,cl2,1,8,4,1,True,2,1,baseline,100,900,16,2520.850671386719,False,3.4015471199669856,4.463892988985907
573,cl2,1,8,4,1,True,2,1,baseline,100,900,24,3522.8869766235352,False,3.546898710108262,4.463892988985907
574,cl2,1,8,4,1,True,2,1,baseline,100,600,8,1531.0713912963865,False,3.1849954415951998,4.290034611362518
575,cl2,1,8,4,1,True,2,1,baseline,100,600,16,2542.837866210937,False,3.4053186700244313,4.290034611362518
576,cl2,1,8,4,1,True,2,1,baseline,100,600,24,3554.772875976563,False,3.5508118577068073,4.290034611362518
577,cl2,1,16,1,2,True,1,1,localBWAware,200,900,8,1873.6638175964356,False,3.2726916701909126,4.468347330412158
578,cl2,1,16,1,2,True,1,1,localBWAware,200,900,16,3734.1320297241214,False,3.5721896694692257,4.468347330412158
579,cl2,1,16,1,2,True,1,1,localBWAware,200,900,24,5594.603260803223,False,3.7477692941256513,4.468347330412158
580,cl2,1,16,1,2,True,1,1,localBWAware,200,600,8,1871.341891479492,False,3.2721531397279313,4.296665190261531
581,cl2,1,16,1,2,True,1,1,localBWAware,200,600,16,3729.65552444458,False,3.5716687216903353,4.296665190261531
582,cl2,1,16,1,2,True,1,1,localBWAware,200,600,24,5587.97304611206,False,3.747254302604451,4.296665190261531
583,cl2,1,16,1,2,True,1,1,localBWAware,100,900,8,2275.3791023254394,False,3.357053765094976,4.463892988985907
584,cl2,1,16,1,2,True,1,1,localBWAware,100,900,16,4512.505730438233,False,3.6544177664253206,4.463892988985907
585,cl2,1,16,1,2,True,1,1,localBWAware,100,900,24,6756.543212127685,False,3.8297245586825417,4.463892988985907
586,cl2,1,16,1,2,True,1,1,localBWAware,100,600,8,2279.5577293395995,False,3.357850595097386,4.290034611362518
587,cl2,1,16,1,2,True,1,1,localBWAware,100,600,16,4519.7071884155275,False,3.6551102997285154,4.290034611362518
588,cl2,1,16,1,2,True,1,1,localBWAware,100,600,24,6767.154331970215,False,3.830406081132316,4.290034611362518
589,cl2,1,16,1,2,True,1,1,baseline,200,900,8,1873.6638175964356,False,3.2726916701909126,4.468347330412158
590,cl2,1,16,1,2,True,1,1,baseline,200,900,16,3734.1320297241214,False,3.5721896694692257,4.468347330412158
591,cl2,1,16,1,2,True,1,1,baseline,200,900,24,5594.603260803223,False,3.7477692941256513,4.468347330412158
592,cl2,1,16,1,2,True,1,1,baseline,200,600,8,1871.341891479492,False,3.2721531397279313,4.296665190261531
593,cl2,1,16,1,2,True,1,1,baseline,200,600,16,3729.65552444458,False,3.5716687216903353,4.296665190261531
594,cl2,1,16,1,2,True,1,1,baseline,200,600,24,5587.97304611206,False,3.747254302604451,4.296665190261531
595,cl2,1,16,1,2,True,1,1,baseline,100,900,8,2275.3791023254394,False,3.357053765094976,4.463892988985907
596,cl2,1,16,1,2,True,1,1,baseline,100,900,16,4512.505730438233,False,3.6544177664253206,4.463892988985907
597,cl2,1,16,1,2,True,1,1,baseline,100,900,24,6756.543212127685,False,3.8297245586825417,4.463892988985907
598,cl2,1,16,1,2,True,1,1,baseline,100,600,8,2279.5577293395995,False,3.357850595097386,4.290034611362518
599,cl2,1,16,1,2,True,1,1,baseline,100,600,16,4519.7071884155275,False,3.6551102997285154,4.290034611362518
600,cl2,1,16,1,2,True,1,1,baseline,100,600,24,6767.154331970215,False,3.830406081132316,4.290034611362518
601,cl2,1,16,1,2,True,2,1,localBWAware,200,900,8,1873.6638175964356,False,3.2726916701909126,4.468347330412158
602,cl2,1,16,1,2,True,2,1,localBWAware,200,900,16,3734.1320297241214,False,3.5721896694692257,4.468347330412158
603,cl2,1,16,1,2,True,2,1,localBWAware,200,900,24,5594.603260803223,False,3.7477692941256513,4.468347330412158
604,cl2,1,16,1,2,True,2,1,localBWAware,200,600,8,1871.341891479492,False,3.2721531397279313,4.296665190261531
605,cl2,1,16,1,2,True,2,1,localBWAware,200,600,16,3729.65552444458,False,3.5716687216903353,4.296665190261531
606,cl2,1,16,1,2,True,2,1,localBWAware,200,600,24,5587.97304611206,False,3.747254302604451,4.296665190261531
607,cl2,1,16,1,2,True,2,1,localBWAware,100,900,8,2275.3791023254394,False,3.357053765094976,4.463892988985907
608,cl2,1,16,1,2,True,2,1,localBWAware,100,900,16,4512.505730438233,False,3.6544177664253206,4.463892988985907
609,cl2,1,16,1,2,True,2,1,localBWAware,100,900,24,6756.543212127685,False,3.8297245586825417,4.463892988985907
610,cl2,1,16,1,2,True,2,1,localBWAware,100,600,8,2279.5577293395995,False,3.357850595097386,4.290034611362518
611,cl2,1,16,1,2,True,2,1,localBWAware,100,600,16,4519.7071884155275,False,3.6551102997285154,4.290034611362518
612,cl2,1,16,1,2,True,2,1,localBWAware,100,600,24,6767.154331970215,False,3.830406081132316,4.290034611362518
613,cl2,1,16,1,2,True,2,1,baseline,200,900,8,1873.6638175964356,False,3.2726916701909126,4.468347330412158
614,cl2,1,16,1,2,True,2,1,baseline,200,900,16,3734.1320297241214,False,3.5721896694692257,4.468347330412158
615,cl2,1,16,1,2,True,2,1,baseline,200,900,24,5594.603260803223,False,3.7477692941256513,4.468347330412158
616,cl2,1,16,1,2,True,2,1,baseline,200,600,8,1871.341891479492,False,3.2721531397279313,4.296665190261531
617,cl2,1,16,1,2,True,2,1,baseline,200,600,16,3729.65552444458,False,3.5716687216903353,4.296665190261531
618,cl2,1,16,1,2,True,2,1,baseline,200,600,24,5587.97304611206,False,3.747254302604451,4.296665190261531
619,cl2,1,16,1,2,True,2,1,baseline,100,900,8,2275.3791023254394,False,3.357053765094976,4.463892988985907
620,cl2,1,16,1,2,True,2,1,baseline,100,900,16,4512.505730438233,False,3.6544177664253206,4.463892988985907
621,cl2,1,16,1,2,True,2,1,baseline,100,900,24,6756.543212127685,False,3.8297245586825417,4.463892988985907
622,cl2,1,16,1,2,True,2,1,baseline,100,600,8,2279.5577293395995,False,3.357850595097386,4.290034611362518
623,cl2,1,16,1,2,True,2,1,baseline,100,600,16,4519.7071884155275,False,3.6551102997285154,4.290034611362518
624,cl2,1,16,1,2,True,2,1,baseline,100,600,24,6767.154331970215,False,3.830406081132316,4.290034611362518
625,cl2,1,16,2,1,True,1,1,localBWAware,200,900,8,1081.547582244873,False,3.0340456308040613,4.468347330412158
626,cl2,1,16,2,1,True,1,1,localBWAware,200,900,16,2040.944556427002,False,3.309831206987082,4.468347330412158
627,cl2,1,16,2,1,True,1,1,localBWAware,200,900,24,3000.3443870544434,False,3.477171106990766,4.468347330412158
628,cl2,1,16,2,1,True,1,1,localBWAware,200,600,8,1083.3043098449707,False,3.034750470957959,4.296665190261531
629,cl2,1,16,2,1,True,1,1,localBWAware,200,600,16,2045.8481346130372,False,3.310873392451695,4.296665190261531
630,cl2,1,16,2,1,True,1,1,localBWAware,200,600,24,3008.393277740479,False,3.4783346095752212,4.296665190261531
631,cl2,1,16,2,1,True,1,1,localBWAware,100,900,8,1433.624700164795,False,3.1564354749163077,4.463892988985907
632,cl2,1,16,2,1,True,1,1,localBWAware,100,900,16,2625.2325141906736,False,3.4191677744688365,4.463892988985907
633,cl2,1,16,2,1,True,1,1,localBWAware,100,900,24,3816.839669036865,False,3.5817039172676703,4.463892988985907
634,cl2,1,16,2,1,True,1,1,localBWAware,100,600,8,1433.9369178771972,False,3.1565300461571355,4.290034611362518
635,cl2,1,16,2,1,True,1,1,localBWAware,100,600,16,2622.5294975280763,False,3.4187203817241762,4.290034611362518
636,cl2,1,16,2,1,True,1,1,localBWAware,100,600,24,3811.121491241455,False,3.581052793467723,4.290034611362518
637,cl2,1,16,2,1,True,1,1,baseline,200,900,8,1081.547582244873,False,3.0340456308040613,4.468347330412158
638,cl2,1,16,2,1,True,1,1,baseline,200,900,16,2040.944556427002,False,3.309831206987082,4.468347330412158
639,cl2,1,16,2,1,True,1,1,baseline,200,900,24,3000.3443870544434,False,3.477171106990766,4.468347330412158
640,cl2,1,16,2,1,True,1,1,baseline,200,600,8,1083.3043098449707,False,3.034750470957959,4.296665190261531
641,cl2,1,16,2,1,True,1,1,baseline,200,600,16,2045.8481346130372,False,3.310873392451695,4.296665190261531
642,cl2,1,16,2,1,True,1,1,baseline,200,600,24,3008.393277740479,False,3.4783346095752212,4.296665190261531
643,cl2,1,16,2,1,True,1,1,baseline,100,900,8,1433.624700164795,False,3.1564354749163077,4.463892988985907
644,cl2,1,16,2,1,True,1,1,baseline,100,900,16,2625.2325141906736,False,3.4191677744688365,4.463892988985907
645,cl2,1,16,2,1,True,1,1,baseline,100,900,24,3816.839669036865,False,3.5817039172676703,4.463892988985907
646,cl2,1,16,2,1,True,1,1,baseline,100,600,8,1433.9369178771972,False,3.1565300461571355,4.290034611362518
647,cl2,1,16,2,1,True,1,1,baseline,100,600,16,2622.5294975280763,False,3.4187203817241762,4.290034611362518
648,cl2,1,16,2,1,True,1,1,baseline,100,600,24,3811.121491241455,False,3.581052793467723,4.290034611362518
649,cl2,1,16,2,1,True,2,1,localBWAware,200,900,8,1081.547582244873,False,3.0340456308040613,4.468347330412158
650,cl2,1,16,2,1,True,2,1,localBWAware,200,900,16,2040.944556427002,False,3.309831206987082,4.468347330412158
651,cl2,1,16,2,1,True,2,1,localBWAware,200,900,24,3000.3443870544434,False,3.477171106990766,4.468347330412158
652,cl2,1,16,2,1,True,2,1,localBWAware,200,600,8,1083.3043098449707,False,3.034750470957959,4.296665190261531
653,cl2,1,16,2,1,True,2,1,localBWAware,200,600,16,2045.8481346130372,False,3.310873392451695,4.296665190261531
654,cl2,1,16,2,1,True,2,1,localBWAware,200,600,24,3008.393277740479,False,3.4783346095752212,4.296665190261531
655,cl2,1,16,2,1,True,2,1,localBWAware,100,900,8,1433.624700164795,False,3.1564354749163077,4.463892988985907
656,cl2,1,16,2,1,True,2,1,localBWAware,100,900,16,2625.2325141906736,False,3.4191677744688365,4.463892988985907
657,cl2,1,16,2,1,True,2,1,localBWAware,100,900,24,3816.839669036865,False,3.5817039172676703,4.463892988985907
658,cl2,1,16,2,1,True,2,1,localBWAware,100,600,8,1433.9369178771972,False,3.1565300461571355,4.290034611362518
659,cl2,1,16,2,1,True,2,1,localBWAware,100,600,16,2622.5294975280763,False,3.4187203817241762,4.290034611362518
660,cl2,1,16,2,1,True,2,1,localBWAware,100,600,24,3811.121491241455,False,3.581052793467723,4.290034611362518
661,cl2,1,16,2,1,True,2,1,baseline,200,900,8,1081.547582244873,False,3.0340456308040613,4.468347330412158
662,cl2,1,16,2,1,True,2,1,baseline,200,900,16,2040.944556427002,False,3.309831206987082,4.468347330412158
663,cl2,1,16,2,1,True,2,1,baseline,200,900,24,3000.3443870544434,False,3.477171106990766,4.468347330412158
664,cl2,1,16,2,1,True,2,1,baseline,200,600,8,1083.3043098449707,False,3.034750470957959,4.296665190261531
665,cl2,1,16,2,1,True,2,1,baseline,200,600,16,2045.8481346130372,False,3.310873392451695,4.296665190261531
666,cl2,1,16,2,1,True,2,1,baseline,200,600,24,3008.393277740479,False,3.4783346095752212,4.296665190261531
667,cl2,1,16,2,1,True,2,1,baseline,100,900,8,1433.624700164795,False,3.1564354749163077,4.463892988985907
668,cl2,1,16,2,1,True,2,1,baseline,100,900,16,2625.2325141906736,False,3.4191677744688365,4.463892988985907
669,cl2,1,16,2,1,True,2,1,baseline,100,900,24,3816.839669036865,False,3.5817039172676703,4.463892988985907
670,cl2,1,16,2,1,True,2,1,baseline,100,600,8,1433.9369178771972,False,3.1565300461571355,4.290034611362518
671,cl2,1,16,2,1,True,2,1,baseline,100,600,16,2622.5294975280763,False,3.4187203817241762,4.290034611362518
672,cl2,1,16,2,1,True,2,1,baseline,100,600,24,3811.121491241455,False,3.581052793467723,4.290034611362518
673,cl2,1,32,1,1,True,1,1,localBWAware,200,900,8,1040.475203704834,False,3.0172317346942275,4.468347330412158
674,cl2,1,32,1,1,True,1,1,localBWAware,200,900,16,2069.1965354919435,False,3.315801742587426,4.468347330412158
675,cl2,1,32,1,1,True,1,1,localBWAware,200,900,24,3098.7239295959475,False,3.491182885954095,4.468347330412158
676,cl2,1,32,1,1,True,1,1,localBWAware,200,600,8,1082.340941619873,False,3.0343640867784494,4.296665190261531
677,cl2,1,32,1,1,True,1,1,localBWAware,200,600,16,2149.3082130432126,False,3.332298698239684,4.296665190261531
678,cl2,1,32,1,1,True,1,1,localBWAware,200,600,24,3218.2879508972164,False,3.5076248992692225,4.296665190261531
679,cl2,1,32,1,1,True,1,1,localBWAware,100,900,8,1255.7841819763182,False,3.0989150083260366,4.463892988985907
680,cl2,1,32,1,1,True,1,1,localBWAware,100,900,16,2481.2007316589356,False,3.3946619005581358,4.463892988985907
681,cl2,1,32,1,1,True,1,1,localBWAware,100,900,24,3713.62714920044,False,3.569798298118531,4.463892988985907
682,cl2,1,32,1,1,True,1,1,localBWAware,100,600,8,1297.6499198913575,False,3.1131575442625343,4.290034611362518
683,cl2,1,32,1,1,True,1,1,localBWAware,100,600,16,2561.3124092102053,False,3.408462553603649,4.290034611362518
684,cl2,1,32,1,1,True,1,1,localBWAware,100,600,24,3833.1911705017087,False,3.5835604791092046,4.290034611362518
685,cl2,1,32,1,1,True,1,1,baseline,200,900,8,1176.971559906006,False,3.0707659687694218,4.468347330412158
686,cl2,1,32,1,1,True,1,1,baseline,200,900,16,2198.281327056885,False,3.342083270876421,4.468347330412158
687,cl2,1,32,1,1,True,1,1,baseline,200,900,24,3219.5922660827637,False,3.5078008754838783,4.468347330412158
688,cl2,1,32,1,1,True,1,1,baseline,200,600,8,1218.8372978210448,False,3.08594573566388,4.296665190261531
689,cl2,1,32,1,1,True,1,1,baseline,200,600,16,2279.5994087219237,False,3.3578585356553465,4.296665190261531
690,cl2,1,32,1,1,True,1,1,baseline,200,600,24,3340.3626914978026,False,3.5237936244057124,4.296665190261531
691,cl2,1,32,1,1,True,1,1,baseline,100,900,8,1528.7769859313967,False,3.184344136266847,4.463892988985907
692,cl2,1,32,1,1,True,1,1,baseline,100,900,16,2752.986362457275,False,3.4398040600223814,4.463892988985907
693,cl2,1,32,1,1,True,1,1,baseline,100,900,24,3977.1963249206547,False,3.5995770294383984,4.463892988985907
694,cl2,1,32,1,1,True,1,1,baseline,100,600,8,1570.6427238464355,False,3.1960774067406463,4.290034611362518
695,cl2,1,32,1,1,True,1,1,baseline,100,600,16,2834.3044441223146,False,3.4524464977466773,4.290034611362518
696,cl2,1,32,1,1,True,1,1,baseline,100,600,24,4097.966750335693,False,3.612568430345236,4.290034611362518
697,cl2,1,32,1,1,True,2,1,localBWAware,200,900,8,1040.475203704834,False,3.0172317346942275,4.468347330412158
698,cl2,1,32,1,1,True,2,1,localBWAware,200,900,16,2069.1965354919435,False,3.315801742587426,4.468347330412158
699,cl2,1,32,1,1,True,2,1,localBWAware,200,900,24,3098.7239295959475,False,3.491182885954095,4.468347330412158
700,cl2,1,32,1,1,True,2,1,localBWAware,200,600,8,1082.340941619873,False,3.0343640867784494,4.296665190261531
701,cl2,1,32,1,1,True,2,1,localBWAware,200,600,16,2149.3082130432126,False,3.332298698239684,4.296665190261531
702,cl2,1,32,1,1,True,2,1,localBWAware,200,600,24,3218.2879508972164,False,3.5076248992692225,4.296665190261531
703,cl2,1,32,1,1,True,2,1,localBWAware,100,900,8,1255.7841819763182,False,3.0989150083260366,4.463892988985907
704,cl2,1,32,1,1,True,2,1,localBWAware,100,900,16,2481.2007316589356,False,3.3946619005581358,4.463892988985907
705,cl2,1,32,1,1,True,2,1,localBWAware,100,900,24,3713.62714920044,False,3.569798298118531,4.463892988985907
706,cl2,1,32,1,1,True,2,1,localBWAware,100,600,8,1297.6499198913575,False,3.1131575442625343,4.290034611362518
707,cl2,1,32,1,1,True,2,1,localBWAware,100,600,16,2561.3124092102053,False,3.408462553603649,4.290034611362518
708,cl2,1,32,1,1,True,2,1,localBWAware,100,600,24,3833.1911705017087,False,3.5835604791092046,4.290034611362518
709,cl2,1,32,1,1,True,2,1,baseline,200,900,8,1176.971559906006,False,3.0707659687694218,4.468347330412158
710,cl2,1,32,1,1,True,2,1,baseline,200,900,16,2198.281327056885,False,3.342083270876421,4.468347330412158
711,cl2,1,32,1,1,True,2,1,baseline,200,900,24,3219.5922660827637,False,3.5078008754838783,4.468347330412158
712,cl2,1,32,1,1,True,2,1,baseline,200,600,8,1218.8372978210448,False,3.08594573566388,4.296665190261531
713,cl2,1,32,1,1,True,2,1,baseline,200,600,16,2279.5994087219237,False,3.3578585356553465,4.296665190261531
714,cl2,1,32,1,1,True,2,1,baseline,200,600,24,3340.3626914978026,False,3.5237936244057124,4.296665190261531
715,cl2,1,32,1,1,True,2,1,baseline,100,900,8,1528.7769859313967,False,3.184344136266847,4.463892988985907
716,cl2,1,32,1,1,True,2,1,baseline,100,900,16,2752.986362457275,False,3.4398040600223814,4.463892988985907
717,cl2,1,32,1,1,True,2,1,baseline,100,900,24,3977.1963249206547,False,3.5995770294383984,4.463892988985907
718,cl2,1,32,1,1,True,2,1,baseline,100,600,8,1570.6427238464355,False,3.1960774067406463,4.290034611362518
719,cl2,1,32,1,1,True,2,1,baseline,100,600,16,2834.3044441223146,False,3.4524464977466773,4.290034611362518
720,cl2,1,32,1,1,True,2,1,baseline,100,600,24,4097.966750335693,False,3.612568430345236,4.290034611362518
721,cl2,2,1,4,4,True,1,1,localBWAware,200,900,8,2969.6878932952877,False,3.472710808461268,4.468347330412158
722,cl2,2,1,4,4,True,1,1,localBWAware,200,900,16,5936.404585647582,False,3.7735234918879654,4.468347330412158
723,cl2,2,1,4,4,True,1,1,localBWAware,200,900,24,8903.121463394165,False,3.9495422984038866,4.468347330412158
724,cl2,2,1,4,4,True,1,1,localBWAware,200,600,8,2979.0038097381594,False,3.4740710586186028,4.296665190261531
725,cl2,2,1,4,4,True,1,1,localBWAware,200,600,16,5954.1747013092045,False,3.77482157312251,4.296665190261531
726,cl2,2,1,4,4,True,1,1,localBWAware,200,600,24,8929.345338821411,False,3.9508196194529894,4.296665190261531
727,cl2,2,1,4,4,True,1,1,localBWAware,100,900,8,2976.0285060882566,False,3.47363708681253,4.463892988985907
728,cl2,2,1,4,4,True,1,1,localBWAware,100,900,16,5949.085808944703,False,3.7744502331849112,4.463892988985907
729,cl2,2,1,4,4,True,1,1,localBWAware,100,900,24,8922.143290328979,False,3.9504691937654357,4.463892988985907
730,cl2,2,1,4,4,True,1,1,localBWAware,100,600,8,2985.344422531128,False,3.474994443396955,4.290034611362518
731,cl2,2,1,4,4,True,1,1,localBWAware,100,600,16,5966.855924606323,False,3.7757455515186638,4.290034611362518
732,cl2,2,1,4,4,True,1,1,localBWAware,100,600,24,8948.367165756226,False,3.951743795584451,4.290034611362518
733,cl2,2,1,4,4,True,1,1,baseline,200,900,8,2969.6878932952877,False,3.472710808461268,4.468347330412158
734,cl2,2,1,4,4,True,1,1,baseline,200,900,16,5936.404585647582,False,3.7735234918879654,4.468347330412158
735,cl2,2,1,4,4,True,1,1,baseline,200,900,24,8903.121463394165,False,3.9495422984038866,4.468347330412158
736,cl2,2,1,4,4,True,1,1,baseline,200,600,8,2979.0038097381594,False,3.4740710586186028,4.296665190261531
737,cl2,2,1,4,4,True,1,1,baseline,200,600,16,5954.1747013092045,False,3.77482157312251,4.296665190261531
738,cl2,2,1,4,4,True,1,1,baseline,200,600,24,8929.345338821411,False,3.9508196194529894,4.296665190261531
739,cl2,2,1,4,4,True,1,1,baseline,100,900,8,2976.0285060882566,False,3.47363708681253,4.463892988985907
740,cl2,2,1,4,4,True,1,1,baseline,100,900,16,5949.085808944703,False,3.7744502331849112,4.463892988985907
741,cl2,2,1,4,4,True,1,1,baseline,100,900,24,8922.143290328979,False,3.9504691937654357,4.463892988985907
742,cl2,2,1,4,4,True,1,1,baseline,100,600,8,2985.344422531128,False,3.474994443396955,4.290034611362518
743,cl2,2,1,4,4,True,1,1,baseline,100,600,16,5966.855924606323,False,3.7757455515186638,4.290034611362518
744,cl2,2,1,4,4,True,1,1,baseline,100,600,24,8948.367165756226,False,3.951743795584451,4.290034611362518
745,cl2,2,1,4,4,True,2,1,localBWAware,200,900,8,2969.6878932952877,False,3.472710808461268,4.468347330412158
746,cl2,2,1,4,4,True,2,1,localBWAware,200,900,16,5936.404585647582,False,3.7735234918879654,4.468347330412158
747,cl2,2,1,4,4,True,2,1,localBWAware,200,900,24,8903.121463394165,False,3.9495422984038866,4.468347330412158
748,cl2,2,1,4,4,True,2,1,localBWAware,200,600,8,2979.0038097381594,False,3.4740710586186028,4.296665190261531
749,cl2,2,1,4,4,True,2,1,localBWAware,200,600,16,5954.1747013092045,False,3.77482157312251,4.296665190261531
750,cl2,2,1,4,4,True,2,1,localBWAware,200,600,24,8929.345338821411,False,3.9508196194529894,4.296665190261531
751,cl2,2,1,4,4,True,2,1,localBWAware,100,900,8,2976.0285060882566,False,3.47363708681253,4.463892988985907
752,cl2,2,1,4,4,True,2,1,localBWAware,100,900,16,5949.085808944703,False,3.7744502331849112,4.463892988985907
753,cl2,2,1,4,4,True,2,1,localBWAware,100,900,24,8922.143290328979,False,3.9504691937654357,4.463892988985907
754,cl2,2,1,4,4,True,2,1,localBWAware,100,600,8,2985.344422531128,False,3.474994443396955,4.290034611362518
755,cl2,2,1,4,4,True,2,1,localBWAware,100,600,16,5966.855924606323,False,3.7757455515186638,4.290034611362518
756,cl2,2,1,4,4,True,2,1,localBWAware,100,600,24,8948.367165756226,False,3.951743795584451,4.290034611362518
757,cl2,2,1,4,4,True,2,1,baseline,200,900,8,2969.6878932952877,False,3.472710808461268,4.468347330412158
758,cl2,2,1,4,4,True,2,1,baseline,200,900,16,5936.404585647582,False,3.7735234918879654,4.468347330412158
759,cl2,2,1,4,4,True,2,1,baseline,200,900,24,8903.121463394165,False,3.9495422984038866,4.468347330412158
760,cl2,2,1,4,4,True,2,1,baseline,200,600,8,2979.0038097381594,False,3.4740710586186028,4.296665190261531
761,cl2,2,1,4,4,True,2,1,baseline,200,600,16,5954.1747013092045,False,3.77482157312251,4.296665190261531
762,cl2,2,1,4,4,True,2,1,baseline,200,600,24,8929.345338821411,False,3.9508196194529894,4.296665190261531
763,cl2,2,1,4,4,True,2,1,baseline,100,900,8,2976.0285060882566,False,3.47363708681253,4.463892988985907
764,cl2,2,1,4,4,True,2,1,baseline,100,900,16,5949.085808944703,False,3.7744502331849112,4.463892988985907
765,cl2,2,1,4,4,True,2,1,baseline,100,900,24,8922.143290328979,False,3.9504691937654357,4.463892988985907
766,cl2,2,1,4,4,True,2,1,baseline,100,600,8,2985.344422531128,False,3.474994443396955,4.290034611362518
767,cl2,2,1,4,4,True,2,1,baseline,100,600,16,5966.855924606323,False,3.7757455515186638,4.290034611362518
768,cl2,2,1,4,4,True,2,1,baseline,100,600,24,8948.367165756226,False,3.951743795584451,4.290034611362518
769,cl2,2,1,8,2,True,1,1,localBWAware,200,900,8,1574.0016586303711,False,3.197005185668305,4.468347330412158
770,cl2,2,1,8,2,True,1,1,localBWAware,200,900,16,3134.6576843261723,False,3.496190121267108,4.468347330412158
771,cl2,2,1,8,2,True,1,1,localBWAware,200,900,24,4695.827930831909,False,3.671712174683482,4.468347330412158
772,cl2,2,1,8,2,True,1,1,localBWAware,200,600,8,1574.6866779327393,False,3.197194153311914,4.296665190261531
773,cl2,2,1,8,2,True,1,1,localBWAware,200,600,16,3135.204873275757,False,3.496265925525904,4.296665190261531
774,cl2,2,1,8,2,True,1,1,localBWAware,200,600,24,4695.723537826538,False,3.671702519770482,4.296665190261531
775,cl2,2,1,8,2,True,1,1,localBWAware,100,900,8,1676.3650978088378,False,3.2243686101749174,4.463892988985907
776,cl2,2,1,8,2,True,1,1,localBWAware,100,900,16,3326.648921585083,False,3.522006969951005,4.463892988985907
777,cl2,2,1,8,2,True,1,1,localBWAware,100,900,24,4977.186231994629,False,3.6969838910985464,4.463892988985907
778,cl2,2,1,8,2,True,1,1,localBWAware,100,600,8,1677.3970928192139,False,3.2246358859846076,4.290034611362518
779,cl2,2,1,8,2,True,1,1,localBWAware,100,600,16,3327.80615272522,False,3.5221580203669753,4.290034611362518
780,cl2,2,1,8,2,True,1,1,localBWAware,100,600,24,4979.082991790771,False,3.6971493651941962,4.290034611362518
781,cl2,2,1,8,2,True,1,1,baseline,200,900,8,1574.0016586303711,False,3.197005185668305,4.468347330412158
782,cl2,2,1,8,2,True,1,1,baseline,200,900,16,3134.6576843261723,False,3.496190121267108,4.468347330412158
783,cl2,2,1,8,2,True,1,1,baseline,200,900,24,4695.827930831909,False,3.671712174683482,4.468347330412158
784,cl2,2,1,8,2,True,1,1,baseline,200,600,8,1574.6866779327393,False,3.197194153311914,4.296665190261531
785,cl2,2,1,8,2,True,1,1,baseline,200,600,16,3135.204873275757,False,3.496265925525904,4.296665190261531
786,cl2,2,1,8,2,True,1,1,baseline,200,600,24,4695.723537826538,False,3.671702519770482,4.296665190261531
787,cl2,2,1,8,2,True,1,1,baseline,100,900,8,1676.3650978088378,False,3.2243686101749174,4.463892988985907
788,cl2,2,1,8,2,True,1,1,baseline,100,900,16,3326.648921585083,False,3.522006969951005,4.463892988985907
789,cl2,2,1,8,2,True,1,1,baseline,100,900,24,4977.186231994629,False,3.6969838910985464,4.463892988985907
790,cl2,2,1,8,2,True,1,1,baseline,100,600,8,1677.3970928192139,False,3.2246358859846076,4.290034611362518
791,cl2,2,1,8,2,True,1,1,baseline,100,600,16,3327.80615272522,False,3.5221580203669753,4.290034611362518
792,cl2,2,1,8,2,True,1,1,baseline,100,600,24,4979.082991790771,False,3.6971493651941962,4.290034611362518
793,cl2,2,1,8,2,True,2,1,localBWAware,200,900,8,1574.0016586303711,False,3.197005185668305,4.468347330412158
794,cl2,2,1,8,2,True,2,1,localBWAware,200,900,16,3134.6576843261723,False,3.496190121267108,4.468347330412158
795,cl2,2,1,8,2,True,2,1,localBWAware,200,900,24,4695.827930831909,False,3.671712174683482,4.468347330412158
796,cl2,2,1,8,2,True,2,1,localBWAware,200,600,8,1574.6866779327393,False,3.197194153311914,4.296665190261531
797,cl2,2,1,8,2,True,2,1,localBWAware,200,600,16,3135.204873275757,False,3.496265925525904,4.296665190261531
798,cl2,2,1,8,2,True,2,1,localBWAware,200,600,24,4695.723537826538,False,3.671702519770482,4.296665190261531
799,cl2,2,1,8,2,True,2,1,localBWAware,100,900,8,1676.3650978088378,False,3.2243686101749174,4.463892988985907
800,cl2,2,1,8,2,True,2,1,localBWAware,100,900,16,3326.648921585083,False,3.522006969951005,4.463892988985907
801,cl2,2,1,8,2,True,2,1,localBWAware,100,900,24,4977.186231994629,False,3.6969838910985464,4.463892988985907
802,cl2,2,1,8,2,True,2,1,localBWAware,100,600,8,1677.3970928192139,False,3.2246358859846076,4.290034611362518
803,cl2,2,1,8,2,True,2,1,localBWAware,100,600,16,3327.80615272522,False,3.5221580203669753,4.290034611362518
804,cl2,2,1,8,2,True,2,1,localBWAware,100,600,24,4979.082991790771,False,3.6971493651941962,4.290034611362518
805,cl2,2,1,8,2,True,2,1,baseline,200,900,8,1574.0016586303711,False,3.197005185668305,4.468347330412158
806,cl2,2,1,8,2,True,2,1,baseline,200,900,16,3134.6576843261723,False,3.496190121267108,4.468347330412158
807,cl2,2,1,8,2,True,2,1,baseline,200,900,24,4695.827930831909,False,3.671712174683482,4.468347330412158
808,cl2,2,1,8,2,True,2,1,baseline,200,600,8,1574.6866779327393,False,3.197194153311914,4.296665190261531
809,cl2,2,1,8,2,True,2,1,baseline,200,600,16,3135.204873275757,False,3.496265925525904,4.296665190261531
810,cl2,2,1,8,2,True,2,1,baseline,200,600,24,4695.723537826538,False,3.671702519770482,4.296665190261531
811,cl2,2,1,8,2,True,2,1,baseline,100,900,8,1676.3650978088378,False,3.2243686101749174,4.463892988985907
812,cl2,2,1,8,2,True,2,1,baseline,100,900,16,3326.648921585083,False,3.522006969951005,4.463892988985907
813,cl2,2,1,8,2,True,2,1,baseline,100,900,24,4977.186231994629,False,3.6969838910985464,4.463892988985907
814,cl2,2,1,8,2,True,2,1,baseline,100,600,8,1677.3970928192139,False,3.2246358859846076,4.290034611362518
815,cl2,2,1,8,2,True,2,1,baseline,100,600,16,3327.80615272522,False,3.5221580203669753,4.290034611362518
816,cl2,2,1,8,2,True,2,1,baseline,100,600,24,4979.082991790771,False,3.6971493651941962,4.290034611362518
817,cl2,2,1,16,1,True,1,1,localBWAware,200,900,8,953.4513210296631,False,2.979298524809528,4.468347330412158
818,cl2,2,1,16,1,True,1,1,localBWAware,200,900,16,1880.351558303833,False,3.274239054347566,4.468347330412158
819,cl2,2,1,16,1,True,1,1,localBWAware,200,900,24,2806.845295715332,False,3.4482184763791146,4.468347330412158
820,cl2,2,1,16,1,True,1,1,localBWAware,200,600,8,953.0209865570068,False,2.9791024643797197,4.296665190261531
821,cl2,2,1,16,1,True,1,1,localBWAware,200,600,16,1879.5878986358641,False,3.2740626402386637,4.296665190261531
822,cl2,2,1,16,1,True,1,1,localBWAware,200,600,24,2805.7482376098637,False,3.4480486987941994,4.296665190261531
823,cl2,2,1,16,1,True,1,1,localBWAware,100,900,8,1166.5694446563723,False,3.066910596994634,4.463892988985907
824,cl2,2,1,16,1,True,1,1,localBWAware,100,900,16,2283.7541553497317,False,3.3586493505713517,4.463892988985907
825,cl2,2,1,16,1,True,1,1,localBWAware,100,900,24,3400.9409591674807,False,3.5315990925824323,4.463892988985907
826,cl2,2,1,16,1,True,1,1,localBWAware,100,600,8,1166.4852939605714,False,3.0668792679544317,4.290034611362518
827,cl2,2,1,16,1,True,1,1,localBWAware,100,600,16,2282.8624362945557,False,3.358479741994752,4.290034611362518
828,cl2,2,1,16,1,True,1,1,localBWAware,100,600,24,3399.241744995117,False,3.531382051545127,4.290034611362518
829,cl2,2,1,16,1,True,1,1,baseline,200,900,8,953.4513210296631,False,2.979298524809528,4.468347330412158
830,cl2,2,1,16,1,True,1,1,baseline,200,900,16,1880.351558303833,False,3.274239054347566,4.468347330412158
831,cl2,2,1,16,1,True,1,1,baseline,200,900,24,2806.845295715332,False,3.4482184763791146,4.468347330412158
832,cl2,2,1,16,1,True,1,1,baseline,200,600,8,953.0209865570068,False,2.9791024643797197,4.296665190261531
833,cl2,2,1,16,1,True,1,1,baseline,200,600,16,1879.5878986358641,False,3.2740626402386637,4.296665190261531
834,cl2,2,1,16,1,True,1,1,baseline,200,600,24,2805.7482376098637,False,3.4480486987941994,4.296665190261531
835,cl2,2,1,16,1,True,1,1,baseline,100,900,8,1166.5694446563723,False,3.066910596994634,4.463892988985907
836,cl2,2,1,16,1,True,1,1,baseline,100,900,16,2283.7541553497317,False,3.3586493505713517,4.463892988985907
837,cl2,2,1,16,1,True,1,1,baseline,100,900,24,3400.9409591674807,False,3.5315990925824323,4.463892988985907
838,cl2,2,1,16,1,True,1,1,baseline,100,600,8,1166.4852939605714,False,3.0668792679544317,4.290034611362518
839,cl2,2,1,16,1,True,1,1,baseline,100,600,16,2282.8624362945557,False,3.358479741994752,4.290034611362518
840,cl2,2,1,16,1,True,1,1,baseline,100,600,24,3399.241744995117,False,3.531382051545127,4.290034611362518
841,cl2,2,1,16,1,True,2,1,localBWAware,200,900,8,953.4513210296631,False,2.979298524809528,4.468347330412158
842,cl2,2,1,16,1,True,2,1,localBWAware,200,900,16,1880.351558303833,False,3.274239054347566,4.468347330412158
843,cl2,2,1,16,1,True,2,1,localBWAware,200,900,24,2806.845295715332,False,3.4482184763791146,4.468347330412158
844,cl2,2,1,16,1,True,2,1,localBWAware,200,600,8,953.0209865570068,False,2.9791024643797197,4.296665190261531
845,cl2,2,1,16,1,True,2,1,localBWAware,200,600,16,1879.5878986358641,False,3.2740626402386637,4.296665190261531
846,cl2,2,1,16,1,True,2,1,localBWAware,200,600,24,2805.7482376098637,False,3.4480486987941994,4.296665190261531
847,cl2,2,1,16,1,True,2,1,localBWAware,100,900,8,1166.5694446563723,False,3.066910596994634,4.463892988985907
848,cl2,2,1,16,1,True,2,1,localBWAware,100,900,16,2283.7541553497317,False,3.3586493505713517,4.463892988985907
849,cl2,2,1,16,1,True,2,1,localBWAware,100,900,24,3400.9409591674807,False,3.5315990925824323,4.463892988985907
850,cl2,2,1,16,1,True,2,1,localBWAware,100,600,8,1166.4852939605714,False,3.0668792679544317,4.290034611362518
851,cl2,2,1,16,1,True,2,1,localBWAware,100,600,16,2282.8624362945557,False,3.358479741994752,4.290034611362518
852,cl2,2,1,16,1,True,2,1,localBWAware,100,600,24,3399.241744995117,False,3.531382051545127,4.290034611362518
853,cl2,2,1,16,1,True,2,1,baseline,200,900,8,953.4513210296631,False,2.979298524809528,4.468347330412158
854,cl2,2,1,16,1,True,2,1,baseline,200,900,16,1880.351558303833,False,3.274239054347566,4.468347330412158
855,cl2,2,1,16,1,True,2,1,baseline,200,900,24,2806.845295715332,False,3.4482184763791146,4.468347330412158
856,cl2,2,1,16,1,True,2,1,baseline,200,600,8,953.0209865570068,False,2.9791024643797197,4.296665190261531
857,cl2,2,1,16,1,True,2,1,baseline,200,600,16,1879.5878986358641,False,3.2740626402386637,4.296665190261531
858,cl2,2,1,16,1,True,2,1,baseline,200,600,24,2805.7482376098637,False,3.4480486987941994,4.296665190261531
859,cl2,2,1,16,1,True,2,1,baseline,100,900,8,1166.5694446563723,False,3.066910596994634,4.463892988985907
860,cl2,2,1,16,1,True,2,1,baseline,100,900,16,2283.7541553497317,False,3.3586493505713517,4.463892988985907
861,cl2,2,1,16,1,True,2,1,baseline,100,900,24,3400.9409591674807,False,3.5315990925824323,4.463892988985907
862,cl2,2,1,16,1,True,2,1,baseline,100,600,8,1166.4852939605714,False,3.0668792679544317,4.290034611362518
863,cl2,2,1,16,1,True,2,1,baseline,100,600,16,2282.8624362945557,False,3.358479741994752,4.290034611362518
864,cl2,2,1,16,1,True,2,1,baseline,100,600,24,3399.241744995117,False,3.531382051545127,4.290034611362518
865,cl2,2,2,2,4,True,1,1,localBWAware,200,900,8,2968.4111091613768,False,3.4725240482498756,4.468347330412158
866,cl2,2,2,2,4,True,1,1,localBWAware,200,900,16,5932.862619781494,False,3.77326429201492,4.468347330412158
867,cl2,2,2,2,4,True,1,1,localBWAware,200,900,24,8897.370267105101,False,3.949261664257661,4.468347330412158
868,cl2,2,2,2,4,True,1,1,localBWAware,200,600,8,2977.797878265381,False,3.473895216138437,4.296665190261531
869,cl2,2,2,2,4,True,1,1,localBWAware,200,600,16,5950.6227962493895,False,3.7745624216646525,4.296665190261531
870,cl2,2,2,2,4,True,1,1,localBWAware,200,600,24,8923.526598358154,False,3.950536522484256,4.296665190261531
871,cl2,2,2,2,4,True,1,1,localBWAware,100,900,8,2974.7517219543456,False,3.4734507245907045,4.463892988985907
872,cl2,2,2,2,4,True,1,1,localBWAware,100,900,16,5945.5438430786135,False,3.774191585993498,4.463892988985907
873,cl2,2,2,2,4,True,1,1,localBWAware,100,900,24,8916.392094039917,False,3.9501891581184045,4.463892988985907
874,cl2,2,2,2,4,True,1,1,localBWAware,100,600,8,2984.1384910583497,False,3.4748189744664337,4.290034611362518
875,cl2,2,2,2,4,True,1,1,localBWAware,100,600,16,5963.304019546508,False,3.7754869509935207,4.290034611362518
876,cl2,2,2,2,4,True,1,1,localBWAware,100,600,24,8942.54842529297,False,3.9514613005996573,4.290034611362518
877,cl2,2,2,2,4,True,1,1,baseline,200,900,8,2968.4111091613768,False,3.4725240482498756,4.468347330412158
878,cl2,2,2,2,4,True,1,1,baseline,200,900,16,5932.862619781494,False,3.77326429201492,4.468347330412158
879,cl2,2,2,2,4,True,1,1,baseline,200,900,24,8897.370267105101,False,3.949261664257661,4.468347330412158
880,cl2,2,2,2,4,True,1,1,baseline,200,600,8,2977.797878265381,False,3.473895216138437,4.296665190261531
881,cl2,2,2,2,4,True,1,1,baseline,200,600,16,5950.6227962493895,False,3.7745624216646525,4.296665190261531
882,cl2,2,2,2,4,True,1,1,baseline,200,600,24,8923.526598358154,False,3.950536522484256,4.296665190261531
883,cl2,2,2,2,4,True,1,1,baseline,100,900,8,2974.7517219543456,False,3.4734507245907045,4.463892988985907
884,cl2,2,2,2,4,True,1,1,baseline,100,900,16,5945.5438430786135,False,3.774191585993498,4.463892988985907
885,cl2,2,2,2,4,True,1,1,baseline,100,900,24,8916.392094039917,False,3.9501891581184045,4.463892988985907
886,cl2,2,2,2,4,True,1,1,baseline,100,600,8,2984.1384910583497,False,3.4748189744664337,4.290034611362518
887,cl2,2,2,2,4,True,1,1,baseline,100,600,16,5963.304019546508,False,3.7754869509935207,4.290034611362518
888,cl2,2,2,2,4,True,1,1,baseline,100,600,24,8942.54842529297,False,3.9514613005996573,4.290034611362518
889,cl2,2,2,2,4,True,2,1,localBWAware,200,900,8,2968.4111091613768,False,3.4725240482498756,4.468347330412158
890,cl2,2,2,2,4,True,2,1,localBWAware,200,900,16,5932.862619781494,False,3.77326429201492,4.468347330412158
891,cl2,2,2,2,4,True,2,1,localBWAware,200,900,24,8897.370267105101,False,3.949261664257661,4.468347330412158
892,cl2,2,2,2,4,True,2,1,localBWAware,200,600,8,2977.797878265381,False,3.473895216138437,4.296665190261531
893,cl2,2,2,2,4,True,2,1,localBWAware,200,600,16,5950.6227962493895,False,3.7745624216646525,4.296665190261531
894,cl2,2,2,2,4,True,2,1,localBWAware,200,600,24,8923.526598358154,False,3.950536522484256,4.296665190261531
895,cl2,2,2,2,4,True,2,1,localBWAware,100,900,8,2974.7517219543456,False,3.4734507245907045,4.463892988985907
896,cl2,2,2,2,4,True,2,1,localBWAware,100,900,16,5945.5438430786135,False,3.774191585993498,4.463892988985907
897,cl2,2,2,2,4,True,2,1,localBWAware,100,900,24,8916.392094039917,False,3.9501891581184045,4.463892988985907
898,cl2,2,2,2,4,True,2,1,localBWAware,100,600,8,2984.1384910583497,False,3.4748189744664337,4.290034611362518
899,cl2,2,2,2,4,True,2,1,localBWAware,100,600,16,5963.304019546508,False,3.7754869509935207,4.290034611362518
900,cl2,2,2,2,4,True,2,1,localBWAware,100,600,24,8942.54842529297,False,3.9514613005996573,4.290034611362518
901,cl2,2,2,2,4,True,2,1,baseline,200,900,8,2968.4111091613768,False,3.4725240482498756,4.468347330412158
902,cl2,2,2,2,4,True,2,1,baseline,200,900,16,5932.862619781494,False,3.77326429201492,4.468347330412158
903,cl2,2,2,2,4,True,2,1,baseline,200,900,24,8897.370267105101,False,3.949261664257661,4.468347330412158
904,cl2,2,2,2,4,True,2,1,baseline,200,600,8,2977.797878265381,False,3.473895216138437,4.296665190261531
905,cl2,2,2,2,4,True,2,1,baseline,200,600,16,5950.6227962493895,False,3.7745624216646525,4.296665190261531
906,cl2,2,2,2,4,True,2,1,baseline,200,600,24,8923.526598358154,False,3.950536522484256,4.296665190261531
907,cl2,2,2,2,4,True,2,1,baseline,100,900,8,2974.7517219543456,False,3.4734507245907045,4.463892988985907
908,cl2,2,2,2,4,True,2,1,baseline,100,900,16,5945.5438430786135,False,3.774191585993498,4.463892988985907
909,cl2,2,2,2,4,True,2,1,baseline,100,900,24,8916.392094039917,False,3.9501891581184045,4.463892988985907
910,cl2,2,2,2,4,True,2,1,baseline,100,600,8,2984.1384910583497,False,3.4748189744664337,4.290034611362518
911,cl2,2,2,2,4,True,2,1,baseline,100,600,16,5963.304019546508,False,3.7754869509935207,4.290034611362518
912,cl2,2,2,2,4,True,2,1,baseline,100,600,24,8942.54842529297,False,3.9514613005996573,4.290034611362518
913,cl2,2,2,4,2,True,1,1,localBWAware,200,900,8,1567.7322097778322,False,3.195271881213194,4.468347330412158
914,cl2,2,2,4,2,True,1,1,localBWAware,200,900,16,3122.5045314788817,False,3.4945030773087336,4.468347330412158
915,cl2,2,2,4,2,True,1,1,localBWAware,200,900,24,4677.534848785401,False,3.6700170317848366,4.468347330412158
916,cl2,2,2,4,2,True,1,1,localBWAware,200,600,8,1570.9820205688477,False,3.1961712146947034,4.296665190261531
917,cl2,2,2,4,2,True,1,1,localBWAware,200,600,16,3128.8300380706783,False,3.495381972371881,4.296665190261531
918,cl2,2,2,4,2,True,1,1,localBWAware,200,600,24,4686.678421783447,False,3.6708651552619984,4.296665190261531
919,cl2,2,2,4,2,True,1,1,localBWAware,100,900,8,1658.800959777832,False,3.2197942779736874,4.463892988985907
920,cl2,2,2,4,2,True,1,1,localBWAware,100,900,16,3286.363548660278,False,3.5167156048822847,4.463892988985907
921,cl2,2,2,4,2,True,1,1,localBWAware,100,900,24,4918.670084381103,False,3.6918476936026567,4.463892988985907
922,cl2,2,2,4,2,True,1,1,localBWAware,100,600,8,1662.7594081878663,False,3.2208294138284046,4.290034611362518
923,cl2,2,2,4,2,True,1,1,localBWAware,100,600,16,3292.6890552520754,False,3.517550720094137,4.290034611362518
924,cl2,2,2,4,2,True,1,1,localBWAware,100,600,24,4927.813657379151,False,3.6926542768548116,4.290034611362518
925,cl2,2,2,4,2,True,1,1,baseline,200,900,8,1567.7322097778322,False,3.195271881213194,4.468347330412158
926,cl2,2,2,4,2,True,1,1,baseline,200,900,16,3122.5045314788817,False,3.4945030773087336,4.468347330412158
927,cl2,2,2,4,2,True,1,1,baseline,200,900,24,4677.534848785401,False,3.6700170317848366,4.468347330412158
928,cl2,2,2,4,2,True,1,1,baseline,200,600,8,1570.9820205688477,False,3.1961712146947034,4.296665190261531
929,cl2,2,2,4,2,True,1,1,baseline,200,600,16,3128.8300380706783,False,3.495381972371881,4.296665190261531
930,cl2,2,2,4,2,True,1,1,baseline,200,600,24,4686.678421783447,False,3.6708651552619984,4.296665190261531
931,cl2,2,2,4,2,True,1,1,baseline,100,900,8,1658.800959777832,False,3.2197942779736874,4.463892988985907
932,cl2,2,2,4,2,True,1,1,baseline,100,900,16,3286.363548660278,False,3.5167156048822847,4.463892988985907
933,cl2,2,2,4,2,True,1,1,baseline,100,900,24,4918.670084381103,False,3.6918476936026567,4.463892988985907
934,cl2,2,2,4,2,True,1,1,baseline,100,600,8,1662.7594081878663,False,3.2208294138284046,4.290034611362518
935,cl2,2,2,4,2,True,1,1,baseline,100,600,16,3292.6890552520754,False,3.517550720094137,4.290034611362518
936,cl2,2,2,4,2,True,1,1,baseline,100,600,24,4927.813657379151,False,3.6926542768548116,4.290034611362518
937,cl2,2,2,4,2,True,2,1,localBWAware,200,900,8,1567.7322097778322,False,3.195271881213194,4.468347330412158
938,cl2,2,2,4,2,True,2,1,localBWAware,200,900,16,3122.5045314788817,False,3.4945030773087336,4.468347330412158
939,cl2,2,2,4,2,True,2,1,localBWAware,200,900,24,4677.534848785401,False,3.6700170317848366,4.468347330412158
940,cl2,2,2,4,2,True,2,1,localBWAware,200,600,8,1570.9820205688477,False,3.1961712146947034,4.296665190261531
941,cl2,2,2,4,2,True,2,1,localBWAware,200,600,16,3128.8300380706783,False,3.495381972371881,4.296665190261531
942,cl2,2,2,4,2,True,2,1,localBWAware,200,600,24,4686.678421783447,False,3.6708651552619984,4.296665190261531
943,cl2,2,2,4,2,True,2,1,localBWAware,100,900,8,1658.800959777832,False,3.2197942779736874,4.463892988985907
944,cl2,2,2,4,2,True,2,1,localBWAware,100,900,16,3286.363548660278,False,3.5167156048822847,4.463892988985907
945,cl2,2,2,4,2,True,2,1,localBWAware,100,900,24,4918.670084381103,False,3.6918476936026567,4.463892988985907
946,cl2,2,2,4,2,True,2,1,localBWAware,100,600,8,1662.7594081878663,False,3.2208294138284046,4.290034611362518
947,cl2,2,2,4,2,True,2,1,localBWAware,100,600,16,3292.6890552520754,False,3.517550720094137,4.290034611362518
948,cl2,2,2,4,2,True,2,1,localBWAware,100,600,24,4927.813657379151,False,3.6926542768548116,4.290034611362518
949,cl2,2,2,4,2,True,2,1,baseline,200,900,8,1567.7322097778322,False,3.195271881213194,4.468347330412158
950,cl2,2,2,4,2,True,2,1,baseline,200,900,16,3122.5045314788817,False,3.4945030773087336,4.468347330412158
951,cl2,2,2,4,2,True,2,1,baseline,200,900,24,4677.534848785401,False,3.6700170317848366,4.468347330412158
952,cl2,2,2,4,2,True,2,1,baseline,200,600,8,1570.9820205688477,False,3.1961712146947034,4.296665190261531
953,cl2,2,2,4,2,True,2,1,baseline,200,600,16,3128.8300380706783,False,3.495381972371881,4.296665190261531
954,cl2,2,2,4,2,True,2,1,baseline,200,600,24,4686.678421783447,False,3.6708651552619984,4.296665190261531
955,cl2,2,2,4,2,True,2,1,baseline,100,900,8,1658.800959777832,False,3.2197942779736874,4.463892988985907
956,cl2,2,2,4,2,True,2,1,baseline,100,900,16,3286.363548660278,False,3.5167156048822847,4.463892988985907
957,cl2,2,2,4,2,True,2,1,baseline,100,900,24,4918.670084381103,False,3.6918476936026567,4.463892988985907
958,cl2,2,2,4,2,True,2,1,baseline,100,600,8,1662.7594081878663,False,3.2208294138284046,4.290034611362518
959,cl2,2,2,4,2,True,2,1,baseline,100,600,16,3292.6890552520754,False,3.517550720094137,4.290034611362518
960,cl2,2,2,4,2,True,2,1,baseline,100,600,24,4927.813657379151,False,3.6926542768548116,4.290034611362518
961,cl2,2,2,8,1,True,1,1,localBWAware,200,900,8,1026.4035095214845,False,3.0113181283271304,4.468347330412158
962,cl2,2,2,8,1,True,1,1,localBWAware,200,900,16,1877.4350749969483,False,3.273564927269761,4.468347330412158
963,cl2,2,2,8,1,True,1,1,localBWAware,200,900,24,2773.369591140747,False,3.4430077493821507,4.468347330412158
964,cl2,2,2,8,1,True,1,1,localBWAware,200,600,8,1030.3097122192382,False,3.012967793724003,4.296665190261531
965,cl2,2,2,8,1,True,1,1,localBWAware,200,600,16,1882.6576755523681,False,3.2747713592444194,4.296665190261531
966,cl2,2,2,8,1,True,1,1,localBWAware,200,600,24,2778.297057723999,False,3.4437786789945197,4.296665190261531
967,cl2,2,2,8,1,True,1,1,localBWAware,100,900,8,1369.42868270874,False,3.1365394199324084,4.463892988985907
968,cl2,2,2,8,1,True,1,1,localBWAware,100,900,16,2397.9968204498286,False,3.379848602923793,4.463892988985907
969,cl2,2,2,8,1,True,1,1,localBWAware,100,900,24,3426.936887741089,False,3.534906106309594,4.463892988985907
970,cl2,2,2,8,1,True,1,1,localBWAware,100,600,8,1372.9980445861815,False,3.1376699187181565,4.290034611362518
971,cl2,2,2,8,1,True,1,1,localBWAware,100,600,16,2402.8828731536864,False,3.380732601938828,4.290034611362518
972,cl2,2,2,8,1,True,1,1,localBWAware,100,600,24,3433.478593826294,False,3.535734344110565,4.290034611362518
973,cl2,2,2,8,1,True,1,1,baseline,200,900,8,1026.4035095214845,False,3.0113181283271304,4.468347330412158
974,cl2,2,2,8,1,True,1,1,baseline,200,900,16,1877.4350749969483,False,3.273564927269761,4.468347330412158
975,cl2,2,2,8,1,True,1,1,baseline,200,900,24,2773.369591140747,False,3.4430077493821507,4.468347330412158
976,cl2,2,2,8,1,True,1,1,baseline,200,600,8,1030.3097122192382,False,3.012967793724003,4.296665190261531
977,cl2,2,2,8,1,True,1,1,baseline,200,600,16,1882.6576755523681,False,3.2747713592444194,4.296665190261531
978,cl2,2,2,8,1,True,1,1,baseline,200,600,24,2778.297057723999,False,3.4437786789945197,4.296665190261531
979,cl2,2,2,8,1,True,1,1,baseline,100,900,8,1369.42868270874,False,3.1365394199324084,4.463892988985907
980,cl2,2,2,8,1,True,1,1,baseline,100,900,16,2397.9968204498286,False,3.379848602923793,4.463892988985907
981,cl2,2,2,8,1,True,1,1,baseline,100,900,24,3426.936887741089,False,3.534906106309594,4.463892988985907
982,cl2,2,2,8,1,True,1,1,baseline,100,600,8,1372.9980445861815,False,3.1376699187181565,4.290034611362518
983,cl2,2,2,8,1,True,1,1,baseline,100,600,16,2402.8828731536864,False,3.380732601938828,4.290034611362518
984,cl2,2,2,8,1,True,1,1,baseline,100,600,24,3433.478593826294,False,3.535734344110565,4.290034611362518
985,cl2,2,2,8,1,True,2,1,localBWAware,200,900,8,1026.4035095214845,False,3.0113181283271304,4.468347330412158
986,cl2,2,2,8,1,True,2,1,localBWAware,200,900,16,1877.4350749969483,False,3.273564927269761,4.468347330412158
987,cl2,2,2,8,1,True,2,1,localBWAware,200,900,24,2773.369591140747,False,3.4430077493821507,4.468347330412158
988,cl2,2,2,8,1,True,2,1,localBWAware,200,600,8,1030.3097122192382,False,3.012967793724003,4.296665190261531
989,cl2,2,2,8,1,True,2,1,localBWAware,200,600,16,1882.6576755523681,False,3.2747713592444194,4.296665190261531
990,cl2,2,2,8,1,True,2,1,localBWAware,200,600,24,2778.297057723999,False,3.4437786789945197,4.296665190261531
991,cl2,2,2,8,1,True,2,1,localBWAware,100,900,8,1369.42868270874,False,3.1365394199324084,4.463892988985907
992,cl2,2,2,8,1,True,2,1,localBWAware,100,900,16,2397.9968204498286,False,3.379848602923793,4.463892988985907
993,cl2,2,2,8,1,True,2,1,localBWAware,100,900,24,3426.936887741089,False,3.534906106309594,4.463892988985907
994,cl2,2,2,8,1,True,2,1,localBWAware,100,600,8,1372.9980445861815,False,3.1376699187181565,4.290034611362518
995,cl2,2,2,8,1,True,2,1,localBWAware,100,600,16,2402.8828731536864,False,3.380732601938828,4.290034611362518
996,cl2,2,2,8,1,True,2,1,localBWAware,100,600,24,3433.478593826294,False,3.535734344110565,4.290034611362518
997,cl2,2,2,8,1,True,2,1,baseline,200,900,8,1026.4035095214845,False,3.0113181283271304,4.468347330412158
998,cl2,2,2,8,1,True,2,1,baseline,200,900,16,1877.4350749969483,False,3.273564927269761,4.468347330412158
999,cl2,2,2,8,1,True,2,1,baseline,200,900,24,2773.369591140747,False,3.4430077493821507,4.468347330412158
1000,cl2,2,2,8,1,True,2,1,baseline,200,600,8,1030.3097122192382,False,3.012967793724003,4.296665190261531
1001,cl2,2,2,8,1,True,2,1,baseline,200,600,16,1882.6576755523681,False,3.2747713592444194,4.296665190261531
1002,cl2,2,2,8,1,True,2,1,baseline,200,600,24,2778.297057723999,False,3.4437786789945197,4.296665190261531
1003,cl2,2,2,8,1,True,2,1,baseline,100,900,8,1369.42868270874,False,3.1365394199324084,4.463892988985907
1004,cl2,2,2,8,1,True,2,1,baseline,100,900,16,2397.9968204498286,False,3.379848602923793,4.463892988985907
1005,cl2,2,2,8,1,True,2,1,baseline,100,900,24,3426.936887741089,False,3.534906106309594,4.463892988985907
1006,cl2,2,2,8,1,True,2,1,baseline,100,600,8,1372.9980445861815,False,3.1376699187181565,4.290034611362518
1007,cl2,2,2,8,1,True,2,1,baseline,100,600,16,2402.8828731536864,False,3.380732601938828,4.290034611362518
1008,cl2,2,2,8,1,True,2,1,baseline,100,600,24,3433.478593826294,False,3.535734344110565,4.290034611362518
1009,cl2,2,4,1,4,True,1,1,localBWAware,200,900,8,2994.499673080444,False,3.4763242700068475,4.468347330412158
1010,cl2,2,4,1,4,True,1,1,localBWAware,200,900,16,5985.695335006713,False,3.7771146079781652,4.468347330412158
1011,cl2,2,4,1,4,True,1,1,localBWAware,200,900,24,8976.928723526,False,3.9531277769154003,4.468347330412158
1012,cl2,2,4,1,4,True,1,1,localBWAware,200,600,8,3012.2037403106688,False,3.4788843434583336,4.296665190261531
1013,cl2,2,4,1,4,True,1,1,localBWAware,200,600,16,6020.279160690307,False,3.7796166299848037,4.296665190261531
1014,cl2,2,4,1,4,True,1,1,localBWAware,200,600,24,9028.514757156372,False,3.9556163122377392,4.296665190261531
1015,cl2,2,4,1,4,True,1,1,localBWAware,100,900,8,3000.840285873413,False,3.4772428815262577,4.463892988985907
1016,cl2,2,4,1,4,True,1,1,localBWAware,100,900,16,5998.376558303833,False,3.7780337258550185,4.463892988985907
1017,cl2,2,4,1,4,True,1,1,localBWAware,100,900,24,8995.950550460815,False,3.9540470595113684,4.463892988985907
1018,cl2,2,4,1,4,True,1,1,localBWAware,100,600,8,3018.5443531036376,False,3.4797975615599235,4.290034611362518
1019,cl2,2,4,1,4,True,1,1,localBWAware,100,600,16,6032.960383987426,False,3.7805304734894287,4.290034611362518
1020,cl2,2,4,1,4,True,1,1,localBWAware,100,600,24,9047.536584091185,False,3.956530347871622,4.290034611362518
1021,cl2,2,4,1,4,True,1,1,baseline,200,900,8,2994.499673080444,False,3.4763242700068475,4.468347330412158
1022,cl2,2,4,1,4,True,1,1,baseline,200,900,16,5985.695335006713,False,3.7771146079781652,4.468347330412158
1023,cl2,2,4,1,4,True,1,1,baseline,200,900,24,8976.928723526,False,3.9531277769154003,4.468347330412158
1024,cl2,2,4,1,4,True,1,1,baseline,200,600,8,3012.2037403106688,False,3.4788843434583336,4.296665190261531
1025,cl2,2,4,1,4,True,1,1,baseline,200,600,16,6020.279160690307,False,3.7796166299848037,4.296665190261531
1026,cl2,2,4,1,4,True,1,1,baseline,200,600,24,9028.514757156372,False,3.9556163122377392,4.296665190261531
1027,cl2,2,4,1,4,True,1,1,baseline,100,900,8,3000.840285873413,False,3.4772428815262577,4.463892988985907
1028,cl2,2,4,1,4,True,1,1,baseline,100,900,16,5998.376558303833,False,3.7780337258550185,4.463892988985907
1029,cl2,2,4,1,4,True,1,1,baseline,100,900,24,8995.950550460815,False,3.9540470595113684,4.463892988985907
1030,cl2,2,4,1,4,True,1,1,baseline,100,600,8,3018.5443531036376,False,3.4797975615599235,4.290034611362518
1031,cl2,2,4,1,4,True,1,1,baseline,100,600,16,6032.960383987426,False,3.7805304734894287,4.290034611362518
1032,cl2,2,4,1,4,True,1,1,baseline,100,600,24,9047.536584091185,False,3.956530347871622,4.290034611362518
1033,cl2,2,4,1,4,True,2,1,localBWAware,200,900,8,2994.499673080444,False,3.4763242700068475,4.468347330412158
1034,cl2,2,4,1,4,True,2,1,localBWAware,200,900,16,5985.695335006713,False,3.7771146079781652,4.468347330412158
1035,cl2,2,4,1,4,True,2,1,localBWAware,200,900,24,8976.928723526,False,3.9531277769154003,4.468347330412158
1036,cl2,2,4,1,4,True,2,1,localBWAware,200,600,8,3012.2037403106688,False,3.4788843434583336,4.296665190261531
1037,cl2,2,4,1,4,True,2,1,localBWAware,200,600,16,6020.279160690307,False,3.7796166299848037,4.296665190261531
1038,cl2,2,4,1,4,True,2,1,localBWAware,200,600,24,9028.514757156372,False,3.9556163122377392,4.296665190261531
1039,cl2,2,4,1,4,True,2,1,localBWAware,100,900,8,3000.840285873413,False,3.4772428815262577,4.463892988985907
1040,cl2,2,4,1,4,True,2,1,localBWAware,100,900,16,5998.376558303833,False,3.7780337258550185,4.463892988985907
1041,cl2,2,4,1,4,True,2,1,localBWAware,100,900,24,8995.950550460815,False,3.9540470595113684,4.463892988985907
1042,cl2,2,4,1,4,True,2,1,localBWAware,100,600,8,3018.5443531036376,False,3.4797975615599235,4.290034611362518
1043,cl2,2,4,1,4,True,2,1,localBWAware,100,600,16,6032.960383987426,False,3.7805304734894287,4.290034611362518
1044,cl2,2,4,1,4,True,2,1,localBWAware,100,600,24,9047.536584091185,False,3.956530347871622,4.290034611362518
1045,cl2,2,4,1,4,True,2,1,baseline,200,900,8,2994.499673080444,False,3.4763242700068475,4.468347330412158
1046,cl2,2,4,1,4,True,2,1,baseline,200,900,16,5985.695335006713,False,3.7771146079781652,4.468347330412158
1047,cl2,2,4,1,4,True,2,1,baseline,200,900,24,8976.928723526,False,3.9531277769154003,4.468347330412158
1048,cl2,2,4,1,4,True,2,1,baseline,200,600,8,3012.2037403106688,False,3.4788843434583336,4.296665190261531
1049,cl2,2,4,1,4,True,2,1,baseline,200,600,16,6020.279160690307,False,3.7796166299848037,4.296665190261531
1050,cl2,2,4,1,4,True,2,1,baseline,200,600,24,9028.514757156372,False,3.9556163122377392,4.296665190261531
1051,cl2,2,4,1,4,True,2,1,baseline,100,900,8,3000.840285873413,False,3.4772428815262577,4.463892988985907
1052,cl2,2,4,1,4,True,2,1,baseline,100,900,16,5998.376558303833,False,3.7780337258550185,4.463892988985907
1053,cl2,2,4,1,4,True,2,1,baseline,100,900,24,8995.950550460815,False,3.9540470595113684,4.463892988985907
1054,cl2,2,4,1,4,True,2,1,baseline,100,600,8,3018.5443531036376,False,3.4797975615599235,4.290034611362518
1055,cl2,2,4,1,4,True,2,1,baseline,100,600,16,6032.960383987426,False,3.7805304734894287,4.290034611362518
1056,cl2,2,4,1,4,True,2,1,baseline,100,600,24,9047.536584091185,False,3.956530347871622,4.290034611362518
1057,cl2,2,4,2,2,True,1,1,localBWAware,200,900,8,1560.2685916900634,False,3.1931993662058438,4.468347330412158
1058,cl2,2,4,2,2,True,1,1,localBWAware,200,900,16,3104.4283390045166,False,3.4919816392716765,4.468347330412158
1059,cl2,2,4,2,2,True,1,1,localBWAware,200,900,24,4648.650315856934,False,3.667326878597481,4.468347330412158
1060,cl2,2,4,2,2,True,1,1,localBWAware,200,600,8,1569.518459701538,False,3.1957664279681226,4.296665190261531
1061,cl2,2,4,2,2,True,1,1,localBWAware,200,600,16,3122.132406234741,False,3.4944513170728992,4.296665190261531
1062,cl2,2,4,2,2,True,1,1,localBWAware,200,600,24,4674.77555809021,False,3.6697607646795922,4.296665190261531
1063,cl2,2,4,2,2,True,1,1,localBWAware,100,900,8,1636.0378086090088,False,3.213793335937093,4.463892988985907
1064,cl2,2,4,2,2,True,1,1,localBWAware,100,900,16,3221.4572193145755,False,3.508052368325861,4.463892988985907
1065,cl2,2,4,2,2,True,1,1,localBWAware,100,900,24,4817.989251708984,False,3.6828658268103767,4.463892988985907
1066,cl2,2,4,2,2,True,1,1,localBWAware,100,600,8,1646.1493938446044,False,3.2164692464158424,4.290034611362518
1067,cl2,2,4,2,2,True,1,1,localBWAware,100,600,16,3239.1612865447996,False,3.51043257323787,4.290034611362518
1068,cl2,2,4,2,2,True,1,1,localBWAware,100,600,24,4844.11449394226,False,3.685214399437922,4.290034611362518
1069,cl2,2,4,2,2,True,1,1,baseline,200,900,8,1560.2685916900634,False,3.1931993662058438,4.468347330412158
1070,cl2,2,4,2,2,True,1,1,baseline,200,900,16,3104.4283390045166,False,3.4919816392716765,4.468347330412158
1071,cl2,2,4,2,2,True,1,1,baseline,200,900,24,4648.650315856934,False,3.667326878597481,4.468347330412158
1072,cl2,2,4,2,2,True,1,1,baseline,200,600,8,1569.518459701538,False,3.1957664279681226,4.296665190261531
1073,cl2,2,4,2,2,True,1,1,baseline,200,600,16,3122.132406234741,False,3.4944513170728992,4.296665190261531
1074,cl2,2,4,2,2,True,1,1,baseline,200,600,24,4674.77555809021,False,3.6697607646795922,4.296665190261531
1075,cl2,2,4,2,2,True,1,1,baseline,100,900,8,1636.0378086090088,False,3.213793335937093,4.463892988985907
1076,cl2,2,4,2,2,True,1,1,baseline,100,900,16,3221.4572193145755,False,3.508052368325861,4.463892988985907
1077,cl2,2,4,2,2,True,1,1,baseline,100,900,24,4817.989251708984,False,3.6828658268103767,4.463892988985907
1078,cl2,2,4,2,2,True,1,1,baseline,100,600,8,1646.1493938446044,False,3.2164692464158424,4.290034611362518
1079,cl2,2,4,2,2,True,1,1,baseline,100,600,16,3239.1612865447996,False,3.51043257323787,4.290034611362518
1080,cl2,2,4,2,2,True,1,1,baseline,100,600,24,4844.11449394226,False,3.685214399437922,4.290034611362518
1081,cl2,2,4,2,2,True,2,1,localBWAware,200,900,8,1560.2685916900634,False,3.1931993662058438,4.468347330412158
1082,cl2,2,4,2,2,True,2,1,localBWAware,200,900,16,3104.4283390045166,False,3.4919816392716765,4.468347330412158
1083,cl2,2,4,2,2,True,2,1,localBWAware,200,900,24,4648.650315856934,False,3.667326878597481,4.468347330412158
1084,cl2,2,4,2,2,True,2,1,localBWAware,200,600,8,1569.518459701538,False,3.1957664279681226,4.296665190261531
1085,cl2,2,4,2,2,True,2,1,localBWAware,200,600,16,3122.132406234741,False,3.4944513170728992,4.296665190261531
1086,cl2,2,4,2,2,True,2,1,localBWAware,200,600,24,4674.77555809021,False,3.6697607646795922,4.296665190261531
1087,cl2,2,4,2,2,True,2,1,localBWAware,100,900,8,1636.0378086090088,False,3.213793335937093,4.463892988985907
1088,cl2,2,4,2,2,True,2,1,localBWAware,100,900,16,3221.4572193145755,False,3.508052368325861,4.463892988985907
1089,cl2,2,4,2,2,True,2,1,localBWAware,100,900,24,4817.989251708984,False,3.6828658268103767,4.463892988985907
1090,cl2,2,4,2,2,True,2,1,localBWAware,100,600,8,1646.1493938446044,False,3.2164692464158424,4.290034611362518
1091,cl2,2,4,2,2,True,2,1,localBWAware,100,600,16,3239.1612865447996,False,3.51043257323787,4.290034611362518
1092,cl2,2,4,2,2,True,2,1,localBWAware,100,600,24,4844.11449394226,False,3.685214399437922,4.290034611362518
1093,cl2,2,4,2,2,True,2,1,baseline,200,900,8,1560.2685916900634,False,3.1931993662058438,4.468347330412158
1094,cl2,2,4,2,2,True,2,1,baseline,200,900,16,3104.4283390045166,False,3.4919816392716765,4.468347330412158
1095,cl2,2,4,2,2,True,2,1,baseline,200,900,24,4648.650315856934,False,3.667326878597481,4.468347330412158
1096,cl2,2,4,2,2,True,2,1,baseline,200,600,8,1569.518459701538,False,3.1957664279681226,4.296665190261531
1097,cl2,2,4,2,2,True,2,1,baseline,200,600,16,3122.132406234741,False,3.4944513170728992,4.296665190261531
1098,cl2,2,4,2,2,True,2,1,baseline,200,600,24,4674.77555809021,False,3.6697607646795922,4.296665190261531
1099,cl2,2,4,2,2,True,2,1,baseline,100,900,8,1636.0378086090088,False,3.213793335937093,4.463892988985907
1100,cl2,2,4,2,2,True,2,1,baseline,100,900,16,3221.4572193145755,False,3.508052368325861,4.463892988985907
1101,cl2,2,4,2,2,True,2,1,baseline,100,900,24,4817.989251708984,False,3.6828658268103767,4.463892988985907
1102,cl2,2,4,2,2,True,2,1,baseline,100,600,8,1646.1493938446044,False,3.2164692464158424,4.290034611362518
1103,cl2,2,4,2,2,True,2,1,baseline,100,600,16,3239.1612865447996,False,3.51043257323787,4.290034611362518
1104,cl2,2,4,2,2,True,2,1,baseline,100,600,24,4844.11449394226,False,3.685214399437922,4.290034611362518
1105,cl2,2,4,4,1,True,1,1,localBWAware,200,900,8,1021.5885955810547,False,3.0092760360722512,4.468347330412158
1106,cl2,2,4,4,1,True,1,1,localBWAware,200,900,16,1861.8011959075927,False,3.2699333049321995,4.468347330412158
1107,cl2,2,4,4,1,True,1,1,localBWAware,200,900,24,2752.399190139771,False,3.439711421388466,4.468347330412158
1108,cl2,2,4,4,1,True,1,1,localBWAware,200,600,8,1027.9908920288085,False,3.0119892668390693,4.296665190261531
1109,cl2,2,4,4,1,True,1,1,localBWAware,200,600,16,1871.9127811431886,False,3.27228560959938,4.296665190261531
1110,cl2,2,4,4,1,True,1,1,localBWAware,200,600,24,2766.7518493652346,False,3.4419702089117528,4.296665190261531
1111,cl2,2,4,4,1,True,1,1,localBWAware,100,900,8,1352.83653717041,False,3.1312453240967915,4.463892988985907
1112,cl2,2,4,4,1,True,1,1,localBWAware,100,900,16,2339.2664714813236,False,3.3690796961581473,4.463892988985907
1113,cl2,2,4,4,1,True,1,1,localBWAware,100,900,24,3325.698059463501,False,3.5218828170237924,4.463892988985907
1114,cl2,2,4,4,1,True,1,1,localBWAware,100,600,8,1359.238833618164,False,3.1332957738842073,4.290034611362518
1115,cl2,2,4,4,1,True,1,1,localBWAware,100,600,16,2349.862407302857,False,3.3710424335489533,4.290034611362518
1116,cl2,2,4,4,1,True,1,1,localBWAware,100,600,24,3340.5350692749025,False,3.523816035381032,4.290034611362518
1117,cl2,2,4,4,1,True,1,1,baseline,200,900,8,1021.5885955810547,False,3.0092760360722512,4.468347330412158
1118,cl2,2,4,4,1,True,1,1,baseline,200,900,16,1861.8011959075927,False,3.2699333049321995,4.468347330412158
1119,cl2,2,4,4,1,True,1,1,baseline,200,900,24,2752.399190139771,False,3.439711421388466,4.468347330412158
1120,cl2,2,4,4,1,True,1,1,baseline,200,600,8,1027.9908920288085,False,3.0119892668390693,4.296665190261531
1121,cl2,2,4,4,1,True,1,1,baseline,200,600,16,1871.9127811431886,False,3.27228560959938,4.296665190261531
1122,cl2,2,4,4,1,True,1,1,baseline,200,600,24,2766.7518493652346,False,3.4419702089117528,4.296665190261531
1123,cl2,2,4,4,1,True,1,1,baseline,100,900,8,1352.83653717041,False,3.1312453240967915,4.463892988985907
1124,cl2,2,4,4,1,True,1,1,baseline,100,900,16,2339.2664714813236,False,3.3690796961581473,4.463892988985907
1125,cl2,2,4,4,1,True,1,1,baseline,100,900,24,3325.698059463501,False,3.5218828170237924,4.463892988985907
1126,cl2,2,4,4,1,True,1,1,baseline,100,600,8,1359.238833618164,False,3.1332957738842073,4.290034611362518
1127,cl2,2,4,4,1,True,1,1,baseline,100,600,16,2349.862407302857,False,3.3710424335489533,4.290034611362518
1128,cl2,2,4,4,1,True,1,1,baseline,100,600,24,3340.5350692749025,False,3.523816035381032,4.290034611362518
1129,cl2,2,4,4,1,True,2,1,localBWAware,200,900,8,1021.5885955810547,False,3.0092760360722512,4.468347330412158
1130,cl2,2,4,4,1,True,2,1,localBWAware,200,900,16,1861.8011959075927,False,3.2699333049321995,4.468347330412158
1131,cl2,2,4,4,1,True,2,1,localBWAware,200,900,24,2752.399190139771,False,3.439711421388466,4.468347330412158
1132,cl2,2,4,4,1,True,2,1,localBWAware,200,600,8,1027.9908920288085,False,3.0119892668390693,4.296665190261531
1133,cl2,2,4,4,1,True,2,1,localBWAware,200,600,16,1871.9127811431886,False,3.27228560959938,4.296665190261531
1134,cl2,2,4,4,1,True,2,1,localBWAware,200,600,24,2766.7518493652346,False,3.4419702089117528,4.296665190261531
1135,cl2,2,4,4,1,True,2,1,localBWAware,100,900,8,1352.83653717041,False,3.1312453240967915,4.463892988985907
1136,cl2,2,4,4,1,True,2,1,localBWAware,100,900,16,2339.2664714813236,False,3.3690796961581473,4.463892988985907
1137,cl2,2,4,4,1,True,2,1,localBWAware,100,900,24,3325.698059463501,False,3.5218828170237924,4.463892988985907
1138,cl2,2,4,4,1,True,2,1,localBWAware,100,600,8,1359.238833618164,False,3.1332957738842073,4.290034611362518
1139,cl2,2,4,4,1,True,2,1,localBWAware,100,600,16,2349.862407302857,False,3.3710424335489533,4.290034611362518
1140,cl2,2,4,4,1,True,2,1,localBWAware,100,600,24,3340.5350692749025,False,3.523816035381032,4.290034611362518
1141,cl2,2,4,4,1,True,2,1,baseline,200,900,8,1021.5885955810547,False,3.0092760360722512,4.468347330412158
1142,cl2,2,4,4,1,True,2,1,baseline,200,900,16,1861.8011959075927,False,3.2699333049321995,4.468347330412158
1143,cl2,2,4,4,1,True,2,1,baseline,200,900,24,2752.399190139771,False,3.439711421388466,4.468347330412158
1144,cl2,2,4,4,1,True,2,1,baseline,200,600,8,1027.9908920288085,False,3.0119892668390693,4.296665190261531
1145,cl2,2,4,4,1,True,2,1,baseline,200,600,16,1871.9127811431886,False,3.27228560959938,4.296665190261531
1146,cl2,2,4,4,1,True,2,1,baseline,200,600,24,2766.7518493652346,False,3.4419702089117528,4.296665190261531
1147,cl2,2,4,4,1,True,2,1,baseline,100,900,8,1352.83653717041,False,3.1312453240967915,4.463892988985907
1148,cl2,2,4,4,1,True,2,1,baseline,100,900,16,2339.2664714813236,False,3.3690796961581473,4.463892988985907
1149,cl2,2,4,4,1,True,2,1,baseline,100,900,24,3325.698059463501,False,3.5218828170237924,4.463892988985907
1150,cl2,2,4,4,1,True,2,1,baseline,100,600,8,1359.238833618164,False,3.1332957738842073,4.290034611362518
1151,cl2,2,4,4,1,True,2,1,baseline,100,600,16,2349.862407302857,False,3.3710424335489533,4.290034611362518
1152,cl2,2,4,4,1,True,2,1,baseline,100,600,24,3340.5350692749025,False,3.523816035381032,4.290034611362518
1153,cl2,2,8,1,2,True,1,1,localBWAware,200,900,8,1657.6870800018312,False,3.219502552598768,4.468347330412158
1154,cl2,2,8,1,2,True,1,1,localBWAware,200,900,16,3308.4466117858883,False,3.519624130850896,4.468347330412158
1155,cl2,2,8,1,2,True,1,1,localBWAware,200,900,24,4965.953044509887,False,3.6960026087733864,4.468347330412158
1156,cl2,2,8,1,2,True,1,1,localBWAware,200,600,8,1657.6960933685302,False,3.219504913988216,4.296665190261531
1157,cl2,2,8,1,2,True,1,1,localBWAware,200,600,16,3308.04801864624,False,3.5195718050164624,4.296665190261531
1158,cl2,2,8,1,2,True,1,1,localBWAware,200,600,24,4958.400304412842,False,3.695341585558005,4.296665190261531
1159,cl2,2,8,1,2,True,1,1,localBWAware,100,900,8,1855.2488090515137,False,3.268402161472373,4.463892988985907
1160,cl2,2,8,1,2,True,1,1,localBWAware,100,900,16,3685.96177482605,False,3.5665508270663984,4.463892988985907
1161,cl2,2,8,1,2,True,1,1,localBWAware,100,900,24,5516.675101089478,False,3.741677407383704,4.463892988985907
1162,cl2,2,8,1,2,True,1,1,localBWAware,100,600,8,1856.2677074432374,False,3.268640609534396,4.290034611362518
1163,cl2,2,8,1,2,True,1,1,localBWAware,100,600,16,3687.3103408813477,False,3.5667096913517895,4.290034611362518
1164,cl2,2,8,1,2,True,1,1,localBWAware,100,600,24,5518.35362663269,False,3.74180952745421,4.290034611362518
1165,cl2,2,8,1,2,True,1,1,baseline,200,900,8,1657.6870800018312,False,3.219502552598768,4.468347330412158
1166,cl2,2,8,1,2,True,1,1,baseline,200,900,16,3308.4466117858883,False,3.519624130850896,4.468347330412158
1167,cl2,2,8,1,2,True,1,1,baseline,200,900,24,4965.953044509887,False,3.6960026087733864,4.468347330412158
1168,cl2,2,8,1,2,True,1,1,baseline,200,600,8,1657.6960933685302,False,3.219504913988216,4.296665190261531
1169,cl2,2,8,1,2,True,1,1,baseline,200,600,16,3308.04801864624,False,3.5195718050164624,4.296665190261531
1170,cl2,2,8,1,2,True,1,1,baseline,200,600,24,4958.400304412842,False,3.695341585558005,4.296665190261531
1171,cl2,2,8,1,2,True,1,1,baseline,100,900,8,1855.2488090515137,False,3.268402161472373,4.463892988985907
1172,cl2,2,8,1,2,True,1,1,baseline,100,900,16,3685.96177482605,False,3.5665508270663984,4.463892988985907
1173,cl2,2,8,1,2,True,1,1,baseline,100,900,24,5516.675101089478,False,3.741677407383704,4.463892988985907
1174,cl2,2,8,1,2,True,1,1,baseline,100,600,8,1856.2677074432374,False,3.268640609534396,4.290034611362518
1175,cl2,2,8,1,2,True,1,1,baseline,100,600,16,3687.3103408813477,False,3.5667096913517895,4.290034611362518
1176,cl2,2,8,1,2,True,1,1,baseline,100,600,24,5518.35362663269,False,3.74180952745421,4.290034611362518
1177,cl2,2,8,1,2,True,2,1,localBWAware,200,900,8,1657.6870800018312,False,3.219502552598768,4.468347330412158
1178,cl2,2,8,1,2,True,2,1,localBWAware,200,900,16,3308.4466117858883,False,3.519624130850896,4.468347330412158
1179,cl2,2,8,1,2,True,2,1,localBWAware,200,900,24,4965.953044509887,False,3.6960026087733864,4.468347330412158
1180,cl2,2,8,1,2,True,2,1,localBWAware,200,600,8,1657.6960933685302,False,3.219504913988216,4.296665190261531
1181,cl2,2,8,1,2,True,2,1,localBWAware,200,600,16,3308.04801864624,False,3.5195718050164624,4.296665190261531
1182,cl2,2,8,1,2,True,2,1,localBWAware,200,600,24,4958.400304412842,False,3.695341585558005,4.296665190261531
1183,cl2,2,8,1,2,True,2,1,localBWAware,100,900,8,1855.2488090515137,False,3.268402161472373,4.463892988985907
1184,cl2,2,8,1,2,True,2,1,localBWAware,100,900,16,3685.96177482605,False,3.5665508270663984,4.463892988985907
1185,cl2,2,8,1,2,True,2,1,localBWAware,100,900,24,5516.675101089478,False,3.741677407383704,4.463892988985907
1186,cl2,2,8,1,2,True,2,1,localBWAware,100,600,8,1856.2677074432374,False,3.268640609534396,4.290034611362518
1187,cl2,2,8,1,2,True,2,1,localBWAware,100,600,16,3687.3103408813477,False,3.5667096913517895,4.290034611362518
1188,cl2,2,8,1,2,True,2,1,localBWAware,100,600,24,5518.35362663269,False,3.74180952745421,4.290034611362518
1189,cl2,2,8,1,2,True,2,1,baseline,200,900,8,1657.6870800018312,False,3.219502552598768,4.468347330412158
1190,cl2,2,8,1,2,True,2,1,baseline,200,900,16,3308.4466117858883,False,3.519624130850896,4.468347330412158
1191,cl2,2,8,1,2,True,2,1,baseline,200,900,24,4965.953044509887,False,3.6960026087733864,4.468347330412158
1192,cl2,2,8,1,2,True,2,1,baseline,200,600,8,1657.6960933685302,False,3.219504913988216,4.296665190261531
1193,cl2,2,8,1,2,True,2,1,baseline,200,600,16,3308.04801864624,False,3.5195718050164624,4.296665190261531
1194,cl2,2,8,1,2,True,2,1,baseline,200,600,24,4958.400304412842,False,3.695341585558005,4.296665190261531
1195,cl2,2,8,1,2,True,2,1,baseline,100,900,8,1855.2488090515137,False,3.268402161472373,4.463892988985907
1196,cl2,2,8,1,2,True,2,1,baseline,100,900,16,3685.96177482605,False,3.5665508270663984,4.463892988985907
1197,cl2,2,8,1,2,True,2,1,baseline,100,900,24,5516.675101089478,False,3.741677407383704,4.463892988985907
1198,cl2,2,8,1,2,True,2,1,baseline,100,600,8,1856.2677074432374,False,3.268640609534396,4.290034611362518
1199,cl2,2,8,1,2,True,2,1,baseline,100,600,16,3687.3103408813477,False,3.5667096913517895,4.290034611362518
1200,cl2,2,8,1,2,True,2,1,baseline,100,600,24,5518.35362663269,False,3.74180952745421,4.290034611362518
1201,cl2,2,8,2,1,True,1,1,localBWAware,200,900,8,923.1482906341552,False,2.965271469857156,4.468347330412158
1202,cl2,2,8,2,1,True,1,1,localBWAware,200,900,16,1783.7276412963868,False,3.2513285423539804,4.468347330412158
1203,cl2,2,8,2,1,True,1,1,localBWAware,200,900,24,2644.320135498047,False,3.4223140320026646,4.468347330412158
1204,cl2,2,8,2,1,True,1,1,localBWAware,200,600,8,925.5885040283202,False,2.9664179519634972,4.296665190261531
1205,cl2,2,8,2,1,True,1,1,localBWAware,200,600,16,1787.6333564758302,False,3.2522784498136916,4.296665190261531
1206,cl2,2,8,2,1,True,1,1,localBWAware,200,600,24,2649.6917198181154,False,3.423195348589636,4.296665190261531
1207,cl2,2,8,2,1,True,1,1,localBWAware,100,900,8,1113.7779430389405,False,3.0467986129869176,4.463892988985907
1208,cl2,2,8,2,1,True,1,1,localBWAware,100,900,16,2121.9677181243896,False,3.3267387726157054,4.463892988985907
1209,cl2,2,8,2,1,True,1,1,localBWAware,100,900,24,3121.5837718963626,False,3.4943749942998723,4.463892988985907
1210,cl2,2,8,2,1,True,1,1,localBWAware,100,600,8,1116.5685070037841,False,3.047885374340707,4.290034611362518
1211,cl2,2,8,2,1,True,1,1,localBWAware,100,600,16,2126.3617733001706,False,3.327637156133446,4.290034611362518
1212,cl2,2,8,2,1,True,1,1,localBWAware,100,600,24,3127.5815380096437,False,3.495208640842212,4.290034611362518
1213,cl2,2,8,2,1,True,1,1,baseline,200,900,8,923.1482906341552,False,2.965271469857156,4.468347330412158
1214,cl2,2,8,2,1,True,1,1,baseline,200,900,16,1783.7276412963868,False,3.2513285423539804,4.468347330412158
1215,cl2,2,8,2,1,True,1,1,baseline,200,900,24,2644.320135498047,False,3.4223140320026646,4.468347330412158
1216,cl2,2,8,2,1,True,1,1,baseline,200,600,8,925.5885040283202,False,2.9664179519634972,4.296665190261531
1217,cl2,2,8,2,1,True,1,1,baseline,200,600,16,1787.6333564758302,False,3.2522784498136916,4.296665190261531
1218,cl2,2,8,2,1,True,1,1,baseline,200,600,24,2649.6917198181154,False,3.423195348589636,4.296665190261531
1219,cl2,2,8,2,1,True,1,1,baseline,100,900,8,1113.7779430389405,False,3.0467986129869176,4.463892988985907
1220,cl2,2,8,2,1,True,1,1,baseline,100,900,16,2121.9677181243896,False,3.3267387726157054,4.463892988985907
1221,cl2,2,8,2,1,True,1,1,baseline,100,900,24,3121.5837718963626,False,3.4943749942998723,4.463892988985907
1222,cl2,2,8,2,1,True,1,1,baseline,100,600,8,1116.5685070037841,False,3.047885374340707,4.290034611362518
1223,cl2,2,8,2,1,True,1,1,baseline,100,600,16,2126.3617733001706,False,3.327637156133446,4.290034611362518
1224,cl2,2,8,2,1,True,1,1,baseline,100,600,24,3127.5815380096437,False,3.495208640842212,4.290034611362518
1225,cl2,2,8,2,1,True,2,1,localBWAware,200,900,8,923.1482906341552,False,2.965271469857156,4.468347330412158
1226,cl2,2,8,2,1,True,2,1,localBWAware,200,900,16,1783.7276412963868,False,3.2513285423539804,4.468347330412158
1227,cl2,2,8,2,1,True,2,1,localBWAware,200,900,24,2644.320135498047,False,3.4223140320026646,4.468347330412158
1228,cl2,2,8,2,1,True,2,1,localBWAware,200,600,8,925.5885040283202,False,2.9664179519634972,4.296665190261531
1229,cl2,2,8,2,1,True,2,1,localBWAware,200,600,16,1787.6333564758302,False,3.2522784498136916,4.296665190261531
1230,cl2,2,8,2,1,True,2,1,localBWAware,200,600,24,2649.6917198181154,False,3.423195348589636,4.296665190261531
1231,cl2,2,8,2,1,True,2,1,localBWAware,100,900,8,1113.7779430389405,False,3.0467986129869176,4.463892988985907
1232,cl2,2,8,2,1,True,2,1,localBWAware,100,900,16,2121.9677181243896,False,3.3267387726157054,4.463892988985907
1233,cl2,2,8,2,1,True,2,1,localBWAware,100,900,24,3121.5837718963626,False,3.4943749942998723,4.463892988985907
1234,cl2,2,8,2,1,True,2,1,localBWAware,100,600,8,1116.5685070037841,False,3.047885374340707,4.290034611362518
1235,cl2,2,8,2,1,True,2,1,localBWAware,100,600,16,2126.3617733001706,False,3.327637156133446,4.290034611362518
1236,cl2,2,8,2,1,True,2,1,localBWAware,100,600,24,3127.5815380096437,False,3.495208640842212,4.290034611362518
1237,cl2,2,8,2,1,True,2,1,baseline,200,900,8,923.1482906341552,False,2.965271469857156,4.468347330412158
1238,cl2,2,8,2,1,True,2,1,baseline,200,900,16,1783.7276412963868,False,3.2513285423539804,4.468347330412158
1239,cl2,2,8,2,1,True,2,1,baseline,200,900,24,2644.320135498047,False,3.4223140320026646,4.468347330412158
1240,cl2,2,8,2,1,True,2,1,baseline,200,600,8,925.5885040283202,False,2.9664179519634972,4.296665190261531
1241,cl2,2,8,2,1,True,2,1,baseline,200,600,16,1787.6333564758302,False,3.2522784498136916,4.296665190261531
1242,cl2,2,8,2,1,True,2,1,baseline,200,600,24,2649.6917198181154,False,3.423195348589636,4.296665190261531
1243,cl2,2,8,2,1,True,2,1,baseline,100,900,8,1113.7779430389405,False,3.0467986129869176,4.463892988985907
1244,cl2,2,8,2,1,True,2,1,baseline,100,900,16,2121.9677181243896,False,3.3267387726157054,4.463892988985907
1245,cl2,2,8,2,1,True,2,1,baseline,100,900,24,3121.5837718963626,False,3.4943749942998723,4.463892988985907
1246,cl2,2,8,2,1,True,2,1,baseline,100,600,8,1116.5685070037841,False,3.047885374340707,4.290034611362518
1247,cl2,2,8,2,1,True,2,1,baseline,100,600,16,2126.3617733001706,False,3.327637156133446,4.290034611362518
1248,cl2,2,8,2,1,True,2,1,baseline,100,600,24,3127.5815380096437,False,3.495208640842212,4.290034611362518
1249,cl2,2,16,1,1,True,1,1,localBWAware,200,900,8,1135.4851238250733,False,3.05518144883052,4.468347330412158
1250,cl2,2,16,1,1,True,1,1,localBWAware,200,900,16,2260.7803676605226,False,3.3542583731608344,4.468347330412158
1251,cl2,2,16,1,1,True,1,1,localBWAware,200,900,24,3377.502476119995,False,3.5285956760848474,4.468347330412158
1252,cl2,2,16,1,1,True,1,1,localBWAware,200,600,8,1134.7194133758544,False,3.054888485064487,4.296665190261531
1253,cl2,2,16,1,1,True,1,1,localBWAware,200,600,16,2259.3480068206786,False,3.3539831303455316,4.296665190261531
1254,cl2,2,16,1,1,True,1,1,localBWAware,200,600,24,3375.4033184051514,False,3.5283256730167443,4.296665190261531
1255,cl2,2,16,1,1,True,1,1,localBWAware,100,900,8,1565.984580230713,False,3.194787481378576,4.463892988985907
1256,cl2,2,16,1,1,True,1,1,localBWAware,100,900,16,3082.608514022827,False,3.488918373576554,4.463892988985907
1257,cl2,2,16,1,1,True,1,1,localBWAware,100,900,24,4599.237104415894,False,3.6626857993294464,4.463892988985907
1258,cl2,2,16,1,1,True,1,1,localBWAware,100,600,8,1565.091396331787,False,3.1945397040317127,4.290034611362518
1259,cl2,2,16,1,1,True,1,1,localBWAware,100,600,16,3080.100193405151,False,3.4885648440118864,4.290034611362518
1260,cl2,2,16,1,1,True,1,1,localBWAware,100,600,24,4595.113830184936,False,3.6622962742006666,4.290034611362518
1261,cl2,2,16,1,1,True,1,1,baseline,200,900,8,1135.4851238250733,False,3.05518144883052,4.468347330412158
1262,cl2,2,16,1,1,True,1,1,baseline,200,900,16,2260.7803676605226,False,3.3542583731608344,4.468347330412158
1263,cl2,2,16,1,1,True,1,1,baseline,200,900,24,3377.502476119995,False,3.5285956760848474,4.468347330412158
1264,cl2,2,16,1,1,True,1,1,baseline,200,600,8,1134.7194133758544,False,3.054888485064487,4.296665190261531
1265,cl2,2,16,1,1,True,1,1,baseline,200,600,16,2259.3480068206786,False,3.3539831303455316,4.296665190261531
1266,cl2,2,16,1,1,True,1,1,baseline,200,600,24,3375.4033184051514,False,3.5283256730167443,4.296665190261531
1267,cl2,2,16,1,1,True,1,1,baseline,100,900,8,1565.984580230713,False,3.194787481378576,4.463892988985907
1268,cl2,2,16,1,1,True,1,1,baseline,100,900,16,3082.608514022827,False,3.488918373576554,4.463892988985907
1269,cl2,2,16,1,1,True,1,1,baseline,100,900,24,4599.237104415894,False,3.6626857993294464,4.463892988985907
1270,cl2,2,16,1,1,True,1,1,baseline,100,600,8,1565.091396331787,False,3.1945397040317127,4.290034611362518
1271,cl2,2,16,1,1,True,1,1,baseline,100,600,16,3080.100193405151,False,3.4885648440118864,4.290034611362518
1272,cl2,2,16,1,1,True,1,1,baseline,100,600,24,4595.113830184936,False,3.6622962742006666,4.290034611362518
1273,cl2,2,16,1,1,True,2,1,localBWAware,200,900,8,1135.4851238250733,False,3.05518144883052,4.468347330412158
1274,cl2,2,16,1,1,True,2,1,localBWAware,200,900,16,2260.7803676605226,False,3.3542583731608344,4.468347330412158
1275,cl2,2,16,1,1,True,2,1,localBWAware,200,900,24,3377.502476119995,False,3.5285956760848474,4.468347330412158
1276,cl2,2,16,1,1,True,2,1,localBWAware,200,600,8,1134.7194133758544,False,3.054888485064487,4.296665190261531
1277,cl2,2,16,1,1,True,2,1,localBWAware,200,600,16,2259.3480068206786,False,3.3539831303455316,4.296665190261531
1278,cl2,2,16,1,1,True,2,1,localBWAware,200,600,24,3375.4033184051514,False,3.5283256730167443,4.296665190261531
1279,cl2,2,16,1,1,True,2,1,localBWAware,100,900,8,1565.984580230713,False,3.194787481378576,4.463892988985907
1280,cl2,2,16,1,1,True,2,1,localBWAware,100,900,16,3082.608514022827,False,3.488918373576554,4.463892988985907
1281,cl2,2,16,1,1,True,2,1,localBWAware,100,900,24,4599.237104415894,False,3.6626857993294464,4.463892988985907
1282,cl2,2,16,1,1,True,2,1,localBWAware,100,600,8,1565.091396331787,False,3.1945397040317127,4.290034611362518
1283,cl2,2,16,1,1,True,2,1,localBWAware,100,600,16,3080.100193405151,False,3.4885648440118864,4.290034611362518
1284,cl2,2,16,1,1,True,2,1,localBWAware,100,600,24,4595.113830184936,False,3.6622962742006666,4.290034611362518
1285,cl2,2,16,1,1,True,2,1,baseline,200,900,8,1135.4851238250733,False,3.05518144883052,4.468347330412158
1286,cl2,2,16,1,1,True,2,1,baseline,200,900,16,2260.7803676605226,False,3.3542583731608344,4.468347330412158
1287,cl2,2,16,1,1,True,2,1,baseline,200,900,24,3377.502476119995,False,3.5285956760848474,4.468347330412158
1288,cl2,2,16,1,1,True,2,1,baseline,200,600,8,1134.7194133758544,False,3.054888485064487,4.296665190261531
1289,cl2,2,16,1,1,True,2,1,baseline,200,600,16,2259.3480068206786,False,3.3539831303455316,4.296665190261531
1290,cl2,2,16,1,1,True,2,1,baseline,200,600,24,3375.4033184051514,False,3.5283256730167443,4.296665190261531
1291,cl2,2,16,1,1,True,2,1,baseline,100,900,8,1565.984580230713,False,3.194787481378576,4.463892988985907
1292,cl2,2,16,1,1,True,2,1,baseline,100,900,16,3082.608514022827,False,3.488918373576554,4.463892988985907
1293,cl2,2,16,1,1,True,2,1,baseline,100,900,24,4599.237104415894,False,3.6626857993294464,4.463892988985907
1294,cl2,2,16,1,1,True,2,1,baseline,100,600,8,1565.091396331787,False,3.1945397040317127,4.290034611362518
1295,cl2,2,16,1,1,True,2,1,baseline,100,600,16,3080.100193405151,False,3.4885648440118864,4.290034611362518
1296,cl2,2,16,1,1,True,2,1,baseline,100,600,24,4595.113830184936,False,3.6622962742006666,4.290034611362518
1297,cl2,4,1,2,4,True,1,1,localBWAware,200,900,8,2951.9004678726196,False,3.470101709864271,4.468347330412158
1298,cl2,4,1,2,4,True,1,1,localBWAware,200,900,16,5902.2109434127815,False,3.771014727007902,4.468347330412158
1299,cl2,4,1,2,4,True,1,1,localBWAware,200,900,24,8852.57844429016,False,3.9470697838087325,4.468347330412158
1300,cl2,4,1,2,4,True,1,1,localBWAware,200,600,8,2955.0475358963013,False,3.4705644714817097,4.296665190261531
1301,cl2,4,1,2,4,True,1,1,localBWAware,200,600,16,5908.161845970153,False,3.771452383703049,4.296665190261531
1302,cl2,4,1,2,4,True,1,1,localBWAware,200,600,24,8861.289204025268,False,3.9474969107655533,4.296665190261531
1303,cl2,4,1,2,4,True,1,1,localBWAware,100,900,8,2958.241079521179,False,3.471033563589011,4.463892988985907
1304,cl2,4,1,2,4,True,1,1,localBWAware,100,900,16,5914.8921609878535,False,3.771946831074712,4.463892988985907
1305,cl2,4,1,2,4,True,1,1,localBWAware,100,900,24,8871.600268936158,False,3.948001965410466,4.463892988985907
1306,cl2,4,1,2,4,True,1,1,localBWAware,100,600,8,2961.388147544861,False,3.4714953338631944,4.290034611362518
1307,cl2,4,1,2,4,True,1,1,localBWAware,100,600,16,5920.843063545227,False,3.7723835499285494,4.290034611362518
1308,cl2,4,1,2,4,True,1,1,localBWAware,100,600,24,8880.311028671264,False,3.9484281770027105,4.290034611362518
1309,cl2,4,1,2,4,True,1,1,baseline,200,900,8,2951.9004678726196,False,3.470101709864271,4.468347330412158
1310,cl2,4,1,2,4,True,1,1,baseline,200,900,16,5902.2109434127815,False,3.771014727007902,4.468347330412158
1311,cl2,4,1,2,4,True,1,1,baseline,200,900,24,8852.57844429016,False,3.9470697838087325,4.468347330412158
1312,cl2,4,1,2,4,True,1,1,baseline,200,600,8,2955.0475358963013,False,3.4705644714817097,4.296665190261531
1313,cl2,4,1,2,4,True,1,1,baseline,200,600,16,5908.161845970153,False,3.771452383703049,4.296665190261531
1314,cl2,4,1,2,4,True,1,1,baseline,200,600,24,8861.289204025268,False,3.9474969107655533,4.296665190261531
1315,cl2,4,1,2,4,True,1,1,baseline,100,900,8,2958.241079521179,False,3.471033563589011,4.463892988985907
1316,cl2,4,1,2,4,True,1,1,baseline,100,900,16,5914.8921609878535,False,3.771946831074712,4.463892988985907
1317,cl2,4,1,2,4,True,1,1,baseline,100,900,24,8871.600268936158,False,3.948001965410466,4.463892988985907
1318,cl2,4,1,2,4,True,1,1,baseline,100,600,8,2961.388147544861,False,3.4714953338631944,4.290034611362518
1319,cl2,4,1,2,4,True,1,1,baseline,100,600,16,5920.843063545227,False,3.7723835499285494,4.290034611362518
1320,cl2,4,1,2,4,True,1,1,baseline,100,600,24,8880.311028671264,False,3.9484281770027105,4.290034611362518
1321,cl2,4,1,2,4,True,2,1,localBWAware,200,900,8,2951.9004678726196,False,3.470101709864271,4.468347330412158
1322,cl2,4,1,2,4,True,2,1,localBWAware,200,900,16,5902.2109434127815,False,3.771014727007902,4.468347330412158
1323,cl2,4,1,2,4,True,2,1,localBWAware,200,900,24,8852.57844429016,False,3.9470697838087325,4.468347330412158
1324,cl2,4,1,2,4,True,2,1,localBWAware,200,600,8,2955.0475358963013,False,3.4705644714817097,4.296665190261531
1325,cl2,4,1,2,4,True,2,1,localBWAware,200,600,16,5908.161845970153,False,3.771452383703049,4.296665190261531
1326,cl2,4,1,2,4,True,2,1,localBWAware,200,600,24,8861.289204025268,False,3.9474969107655533,4.296665190261531
1327,cl2,4,1,2,4,True,2,1,localBWAware,100,900,8,2958.241079521179,False,3.471033563589011,4.463892988985907
1328,cl2,4,1,2,4,True,2,1,localBWAware,100,900,16,5914.8921609878535,False,3.771946831074712,4.463892988985907
1329,cl2,4,1,2,4,True,2,1,localBWAware,100,900,24,8871.600268936158,False,3.948001965410466,4.463892988985907
1330,cl2,4,1,2,4,True,2,1,localBWAware,100,600,8,2961.388147544861,False,3.4714953338631944,4.290034611362518
1331,cl2,4,1,2,4,True,2,1,localBWAware,100,600,16,5920.843063545227,False,3.7723835499285494,4.290034611362518
1332,cl2,4,1,2,4,True,2,1,localBWAware,100,600,24,8880.311028671264,False,3.9484281770027105,4.290034611362518
1333,cl2,4,1,2,4,True,2,1,baseline,200,900,8,2951.9004678726196,False,3.470101709864271,4.468347330412158
1334,cl2,4,1,2,4,True,2,1,baseline,200,900,16,5902.2109434127815,False,3.771014727007902,4.468347330412158
1335,cl2,4,1,2,4,True,2,1,baseline,200,900,24,8852.57844429016,False,3.9470697838087325,4.468347330412158
1336,cl2,4,1,2,4,True,2,1,baseline,200,600,8,2955.0475358963013,False,3.4705644714817097,4.296665190261531
1337,cl2,4,1,2,4,True,2,1,baseline,200,600,16,5908.161845970153,False,3.771452383703049,4.296665190261531
1338,cl2,4,1,2,4,True,2,1,baseline,200,600,24,8861.289204025268,False,3.9474969107655533,4.296665190261531
1339,cl2,4,1,2,4,True,2,1,baseline,100,900,8,2958.241079521179,False,3.471033563589011,4.463892988985907
1340,cl2,4,1,2,4,True,2,1,baseline,100,900,16,5914.8921609878535,False,3.771946831074712,4.463892988985907
1341,cl2,4,1,2,4,True,2,1,baseline,100,900,24,8871.600268936158,False,3.948001965410466,4.463892988985907
1342,cl2,4,1,2,4,True,2,1,baseline,100,600,8,2961.388147544861,False,3.4714953338631944,4.290034611362518
1343,cl2,4,1,2,4,True,2,1,baseline,100,600,16,5920.843063545227,False,3.7723835499285494,4.290034611362518
1344,cl2,4,1,2,4,True,2,1,baseline,100,600,24,8880.311028671264,False,3.9484281770027105,4.290034611362518
1345,cl2,4,1,4,2,True,1,1,localBWAware,200,900,8,1559.1460332870483,False,3.192886794137235,4.468347330412158
1346,cl2,4,1,4,2,True,1,1,localBWAware,200,900,16,3107.3708988189696,False,3.4923930941615557,4.468347330412158
1347,cl2,4,1,4,2,True,1,1,localBWAware,200,900,24,4655.387666130066,False,3.6679558516441015,4.468347330412158
1348,cl2,4,1,4,2,True,1,1,localBWAware,200,600,8,1559.6850797653199,False,3.1930369176321265,4.296665190261531
1349,cl2,4,1,4,2,True,1,1,localBWAware,200,600,16,3107.93196144104,False,3.4924715026983266,4.296665190261531
1350,cl2,4,1,4,2,True,1,1,localBWAware,200,600,24,4655.970743751525,False,3.668010242718466,4.296665190261531
1351,cl2,4,1,4,2,True,1,1,localBWAware,100,900,8,1646.216035079956,False,3.2164868276481866,4.463892988985907
1352,cl2,4,1,4,2,True,1,1,localBWAware,100,900,16,3261.10747089386,False,3.5133651113625595,4.463892988985907
1353,cl2,4,1,4,2,True,1,1,localBWAware,100,900,24,4886.164456558228,False,3.6889680801924287,4.463892988985907
1354,cl2,4,1,4,2,True,1,1,localBWAware,100,600,8,1646.7894813537598,False,3.2166380843367377,4.290034611362518
1355,cl2,4,1,4,2,True,1,1,localBWAware,100,600,16,3271.7909774780273,False,3.5147855504309673,4.290034611362518
1356,cl2,4,1,4,2,True,1,1,localBWAware,100,600,24,4886.642138671875,False,3.6890105356946847,4.290034611362518
1357,cl2,4,1,4,2,True,1,1,baseline,200,900,8,1559.1460332870483,False,3.192886794137235,4.468347330412158
1358,cl2,4,1,4,2,True,1,1,baseline,200,900,16,3107.3708988189696,False,3.4923930941615557,4.468347330412158
1359,cl2,4,1,4,2,True,1,1,baseline,200,900,24,4655.387666130066,False,3.6679558516441015,4.468347330412158
1360,cl2,4,1,4,2,True,1,1,baseline,200,600,8,1559.6850797653199,False,3.1930369176321265,4.296665190261531
1361,cl2,4,1,4,2,True,1,1,baseline,200,600,16,3107.93196144104,False,3.4924715026983266,4.296665190261531
1362,cl2,4,1,4,2,True,1,1,baseline,200,600,24,4655.970743751525,False,3.668010242718466,4.296665190261531
1363,cl2,4,1,4,2,True,1,1,baseline,100,900,8,1646.216035079956,False,3.2164868276481866,4.463892988985907
1364,cl2,4,1,4,2,True,1,1,baseline,100,900,16,3261.10747089386,False,3.5133651113625595,4.463892988985907
1365,cl2,4,1,4,2,True,1,1,baseline,100,900,24,4886.164456558228,False,3.6889680801924287,4.463892988985907
1366,cl2,4,1,4,2,True,1,1,baseline,100,600,8,1646.7894813537598,False,3.2166380843367377,4.290034611362518
1367,cl2,4,1,4,2,True,1,1,baseline,100,600,16,3271.7909774780273,False,3.5147855504309673,4.290034611362518
1368,cl2,4,1,4,2,True,1,1,baseline,100,600,24,4886.642138671875,False,3.6890105356946847,4.290034611362518
1369,cl2,4,1,4,2,True,2,1,localBWAware,200,900,8,1559.1460332870483,False,3.192886794137235,4.468347330412158
1370,cl2,4,1,4,2,True,2,1,localBWAware,200,900,16,3107.3708988189696,False,3.4923930941615557,4.468347330412158
1371,cl2,4,1,4,2,True,2,1,localBWAware,200,900,24,4655.387666130066,False,3.6679558516441015,4.468347330412158
1372,cl2,4,1,4,2,True,2,1,localBWAware,200,600,8,1559.6850797653199,False,3.1930369176321265,4.296665190261531
1373,cl2,4,1,4,2,True,2,1,localBWAware,200,600,16,3107.93196144104,False,3.4924715026983266,4.296665190261531
1374,cl2,4,1,4,2,True,2,1,localBWAware,200,600,24,4655.970743751525,False,3.668010242718466,4.296665190261531
1375,cl2,4,1,4,2,True,2,1,localBWAware,100,900,8,1646.216035079956,False,3.2164868276481866,4.463892988985907
1376,cl2,4,1,4,2,True,2,1,localBWAware,100,900,16,3261.10747089386,False,3.5133651113625595,4.463892988985907
1377,cl2,4,1,4,2,True,2,1,localBWAware,100,900,24,4886.164456558228,False,3.6889680801924287,4.463892988985907
1378,cl2,4,1,4,2,True,2,1,localBWAware,100,600,8,1646.7894813537598,False,3.2166380843367377,4.290034611362518
1379,cl2,4,1,4,2,True,2,1,localBWAware,100,600,16,3271.7909774780273,False,3.5147855504309673,4.290034611362518
1380,cl2,4,1,4,2,True,2,1,localBWAware,100,600,24,4886.642138671875,False,3.6890105356946847,4.290034611362518
1381,cl2,4,1,4,2,True,2,1,baseline,200,900,8,1559.1460332870483,False,3.192886794137235,4.468347330412158
1382,cl2,4,1,4,2,True,2,1,baseline,200,900,16,3107.3708988189696,False,3.4923930941615557,4.468347330412158
1383,cl2,4,1,4,2,True,2,1,baseline,200,900,24,4655.387666130066,False,3.6679558516441015,4.468347330412158
1384,cl2,4,1,4,2,True,2,1,baseline,200,600,8,1559.6850797653199,False,3.1930369176321265,4.296665190261531
1385,cl2,4,1,4,2,True,2,1,baseline,200,600,16,3107.93196144104,False,3.4924715026983266,4.296665190261531
1386,cl2,4,1,4,2,True,2,1,baseline,200,600,24,4655.970743751525,False,3.668010242718466,4.296665190261531
1387,cl2,4,1,4,2,True,2,1,baseline,100,900,8,1646.216035079956,False,3.2164868276481866,4.463892988985907
1388,cl2,4,1,4,2,True,2,1,baseline,100,900,16,3261.10747089386,False,3.5133651113625595,4.463892988985907
1389,cl2,4,1,4,2,True,2,1,baseline,100,900,24,4886.164456558228,False,3.6889680801924287,4.463892988985907
1390,cl2,4,1,4,2,True,2,1,baseline,100,600,8,1646.7894813537598,False,3.2166380843367377,4.290034611362518
1391,cl2,4,1,4,2,True,2,1,baseline,100,600,16,3271.7909774780273,False,3.5147855504309673,4.290034611362518
1392,cl2,4,1,4,2,True,2,1,baseline,100,600,24,4886.642138671875,False,3.6890105356946847,4.290034611362518
1393,cl2,4,1,8,1,True,1,1,localBWAware,200,900,8,936.3330368041992,False,2.9714303469443717,4.468347330412158
1394,cl2,4,1,8,1,True,1,1,localBWAware,200,900,16,1849.0549873352052,False,3.266949826432925,4.468347330412158
1395,cl2,4,1,8,1,True,1,1,localBWAware,200,900,24,2761.777212524414,False,3.4411886419204842,4.468347330412158
1396,cl2,4,1,8,1,True,1,1,localBWAware,200,600,8,936.8939392089844,False,2.9716904294967628,4.296665190261531
1397,cl2,4,1,8,1,True,1,1,localBWAware,200,600,16,1849.6158897399903,False,3.2670815477075386,4.296665190261531
1398,cl2,4,1,8,1,True,1,1,localBWAware,200,600,24,2762.338041687012,False,3.441276824371514,4.296665190261531
1399,cl2,4,1,8,1,True,1,1,localBWAware,100,900,8,1135.5854793548583,False,3.05521983059882,4.463892988985907
1400,cl2,4,1,8,1,True,1,1,localBWAware,100,900,16,2225.844588088989,False,3.3474948379449585,4.463892988985907
1401,cl2,4,1,8,1,True,1,1,localBWAware,100,900,24,3316.1038982391356,False,3.5206281291535837,4.463892988985907
1402,cl2,4,1,8,1,True,1,1,localBWAware,100,600,8,1136.1025829315186,False,3.0554175472109937,4.290034611362518
1403,cl2,4,1,8,1,True,1,1,localBWAware,100,600,16,2226.361618423462,False,3.347595706328781,4.290034611362518
1404,cl2,4,1,8,1,True,1,1,localBWAware,100,600,24,3316.620928573608,False,3.520695836898909,4.290034611362518
1405,cl2,4,1,8,1,True,1,1,baseline,200,900,8,936.3330368041992,False,2.9714303469443717,4.468347330412158
1406,cl2,4,1,8,1,True,1,1,baseline,200,900,16,1849.0549873352052,False,3.266949826432925,4.468347330412158
1407,cl2,4,1,8,1,True,1,1,baseline,200,900,24,2761.777212524414,False,3.4411886419204842,4.468347330412158
1408,cl2,4,1,8,1,True,1,1,baseline,200,600,8,936.8939392089844,False,2.9716904294967628,4.296665190261531
1409,cl2,4,1,8,1,True,1,1,baseline,200,600,16,1849.6158897399903,False,3.2670815477075386,4.296665190261531
1410,cl2,4,1,8,1,True,1,1,baseline,200,600,24,2762.338041687012,False,3.441276824371514,4.296665190261531
1411,cl2,4,1,8,1,True,1,1,baseline,100,900,8,1135.5854793548583,False,3.05521983059882,4.463892988985907
1412,cl2,4,1,8,1,True,1,1,baseline,100,900,16,2225.844588088989,False,3.3474948379449585,4.463892988985907
1413,cl2,4,1,8,1,True,1,1,baseline,100,900,24,3316.1038982391356,False,3.5206281291535837,4.463892988985907
1414,cl2,4,1,8,1,True,1,1,baseline,100,600,8,1136.1025829315186,False,3.0554175472109937,4.290034611362518
1415,cl2,4,1,8,1,True,1,1,baseline,100,600,16,2226.361618423462,False,3.347595706328781,4.290034611362518
1416,cl2,4,1,8,1,True,1,1,baseline,100,600,24,3316.620928573608,False,3.520695836898909,4.290034611362518
1417,cl2,4,1,8,1,True,2,1,localBWAware,200,900,8,936.3330368041992,False,2.9714303469443717,4.468347330412158
1418,cl2,4,1,8,1,True,2,1,localBWAware,200,900,16,1849.0549873352052,False,3.266949826432925,4.468347330412158
1419,cl2,4,1,8,1,True,2,1,localBWAware,200,900,24,2761.777212524414,False,3.4411886419204842,4.468347330412158
1420,cl2,4,1,8,1,True,2,1,localBWAware,200,600,8,936.8939392089844,False,2.9716904294967628,4.296665190261531
1421,cl2,4,1,8,1,True,2,1,localBWAware,200,600,16,1849.6158897399903,False,3.2670815477075386,4.296665190261531
1422,cl2,4,1,8,1,True,2,1,localBWAware,200,600,24,2762.338041687012,False,3.441276824371514,4.296665190261531
1423,cl2,4,1,8,1,True,2,1,localBWAware,100,900,8,1135.5854793548583,False,3.05521983059882,4.463892988985907
1424,cl2,4,1,8,1,True,2,1,localBWAware,100,900,16,2225.844588088989,False,3.3474948379449585,4.463892988985907
1425,cl2,4,1,8,1,True,2,1,localBWAware,100,900,24,3316.1038982391356,False,3.5206281291535837,4.463892988985907
1426,cl2,4,1,8,1,True,2,1,localBWAware,100,600,8,1136.1025829315186,False,3.0554175472109937,4.290034611362518
1427,cl2,4,1,8,1,True,2,1,localBWAware,100,600,16,2226.361618423462,False,3.347595706328781,4.290034611362518
1428,cl2,4,1,8,1,True,2,1,localBWAware,100,600,24,3316.620928573608,False,3.520695836898909,4.290034611362518
1429,cl2,4,1,8,1,True,2,1,baseline,200,900,8,936.3330368041992,False,2.9714303469443717,4.468347330412158
1430,cl2,4,1,8,1,True,2,1,baseline,200,900,16,1849.0549873352052,False,3.266949826432925,4.468347330412158
1431,cl2,4,1,8,1,True,2,1,baseline,200,900,24,2761.777212524414,False,3.4411886419204842,4.468347330412158
1432,cl2,4,1,8,1,True,2,1,baseline,200,600,8,936.8939392089844,False,2.9716904294967628,4.296665190261531
1433,cl2,4,1,8,1,True,2,1,baseline,200,600,16,1849.6158897399903,False,3.2670815477075386,4.296665190261531
1434,cl2,4,1,8,1,True,2,1,baseline,200,600,24,2762.338041687012,False,3.441276824371514,4.296665190261531
1435,cl2,4,1,8,1,True,2,1,baseline,100,900,8,1135.5854793548583,False,3.05521983059882,4.463892988985907
1436,cl2,4,1,8,1,True,2,1,baseline,100,900,16,2225.844588088989,False,3.3474948379449585,4.463892988985907
1437,cl2,4,1,8,1,True,2,1,baseline,100,900,24,3316.1038982391356,False,3.5206281291535837,4.463892988985907
1438,cl2,4,1,8,1,True,2,1,baseline,100,600,8,1136.1025829315186,False,3.0554175472109937,4.290034611362518
1439,cl2,4,1,8,1,True,2,1,baseline,100,600,16,2226.361618423462,False,3.347595706328781,4.290034611362518
1440,cl2,4,1,8,1,True,2,1,baseline,100,600,24,3316.620928573608,False,3.520695836898909,4.290034611362518
1441,cl2,4,2,1,4,True,1,1,localBWAware,200,900,8,2961.5967498779296,False,3.4715259248046775,4.468347330412158
1442,cl2,4,2,1,4,True,1,1,localBWAware,200,900,16,5921.521677589416,False,3.7724333234900804,4.468347330412158
1443,cl2,4,2,1,4,True,1,1,localBWAware,200,900,24,8881.457876014709,False,3.9484842603214623,4.468347330412158
1444,cl2,4,2,1,4,True,1,1,localBWAware,200,600,8,2967.6304246902464,False,3.4724098148982585,4.296665190261531
1445,cl2,4,2,1,4,True,1,1,localBWAware,200,600,16,5933.180623626709,False,3.773287569751635,4.296665190261531
1446,cl2,4,2,1,4,True,1,1,localBWAware,200,600,24,8898.749631500245,False,3.9493289879608002,4.296665190261531
1447,cl2,4,2,1,4,True,1,1,localBWAware,100,900,8,2967.937361526489,False,3.4724547308959166,4.463892988985907
1448,cl2,4,2,1,4,True,1,1,localBWAware,100,900,16,5934.20289516449,False,3.773362391111922,4.463892988985907
1449,cl2,4,2,1,4,True,1,1,localBWAware,100,900,24,8900.479700660706,False,3.9494134140309454,4.463892988985907
1450,cl2,4,2,1,4,True,1,1,localBWAware,100,600,8,2973.9710363388062,False,3.473336734589606,4.290034611362518
1451,cl2,4,2,1,4,True,1,1,localBWAware,100,600,16,5945.861841201782,False,3.7742148136646154,4.290034611362518
1452,cl2,4,2,1,4,True,1,1,localBWAware,100,600,24,8917.77145614624,False,3.9502563380958486,4.290034611362518
1453,cl2,4,2,1,4,True,1,1,baseline,200,900,8,2961.5967498779296,False,3.4715259248046775,4.468347330412158
1454,cl2,4,2,1,4,True,1,1,baseline,200,900,16,5921.521677589416,False,3.7724333234900804,4.468347330412158
1455,cl2,4,2,1,4,True,1,1,baseline,200,900,24,8881.457876014709,False,3.9484842603214623,4.468347330412158
1456,cl2,4,2,1,4,True,1,1,baseline,200,600,8,2967.6304246902464,False,3.4724098148982585,4.296665190261531
1457,cl2,4,2,1,4,True,1,1,baseline,200,600,16,5933.180623626709,False,3.773287569751635,4.296665190261531
1458,cl2,4,2,1,4,True,1,1,baseline,200,600,24,8898.749631500245,False,3.9493289879608002,4.296665190261531
1459,cl2,4,2,1,4,True,1,1,baseline,100,900,8,2967.937361526489,False,3.4724547308959166,4.463892988985907
1460,cl2,4,2,1,4,True,1,1,baseline,100,900,16,5934.20289516449,False,3.773362391111922,4.463892988985907
1461,cl2,4,2,1,4,True,1,1,baseline,100,900,24,8900.479700660706,False,3.9494134140309454,4.463892988985907
1462,cl2,4,2,1,4,True,1,1,baseline,100,600,8,2973.9710363388062,False,3.473336734589606,4.290034611362518
1463,cl2,4,2,1,4,True,1,1,baseline,100,600,16,5945.861841201782,False,3.7742148136646154,4.290034611362518
1464,cl2,4,2,1,4,True,1,1,baseline,100,600,24,8917.77145614624,False,3.9502563380958486,4.290034611362518
1465,cl2,4,2,1,4,True,2,1,localBWAware,200,900,8,2961.5967498779296,False,3.4715259248046775,4.468347330412158
1466,cl2,4,2,1,4,True,2,1,localBWAware,200,900,16,5921.521677589416,False,3.7724333234900804,4.468347330412158
1467,cl2,4,2,1,4,True,2,1,localBWAware,200,900,24,8881.457876014709,False,3.9484842603214623,4.468347330412158
1468,cl2,4,2,1,4,True,2,1,localBWAware,200,600,8,2967.6304246902464,False,3.4724098148982585,4.296665190261531
1469,cl2,4,2,1,4,True,2,1,localBWAware,200,600,16,5933.180623626709,False,3.773287569751635,4.296665190261531
1470,cl2,4,2,1,4,True,2,1,localBWAware,200,600,24,8898.749631500245,False,3.9493289879608002,4.296665190261531
1471,cl2,4,2,1,4,True,2,1,localBWAware,100,900,8,2967.937361526489,False,3.4724547308959166,4.463892988985907
1472,cl2,4,2,1,4,True,2,1,localBWAware,100,900,16,5934.20289516449,False,3.773362391111922,4.463892988985907
1473,cl2,4,2,1,4,True,2,1,localBWAware,100,900,24,8900.479700660706,False,3.9494134140309454,4.463892988985907
1474,cl2,4,2,1,4,True,2,1,localBWAware,100,600,8,2973.9710363388062,False,3.473336734589606,4.290034611362518
1475,cl2,4,2,1,4,True,2,1,localBWAware,100,600,16,5945.861841201782,False,3.7742148136646154,4.290034611362518
1476,cl2,4,2,1,4,True,2,1,localBWAware,100,600,24,8917.77145614624,False,3.9502563380958486,4.290034611362518
1477,cl2,4,2,1,4,True,2,1,baseline,200,900,8,2961.5967498779296,False,3.4715259248046775,4.468347330412158
1478,cl2,4,2,1,4,True,2,1,baseline,200,900,16,5921.521677589416,False,3.7724333234900804,4.468347330412158
1479,cl2,4,2,1,4,True,2,1,baseline,200,900,24,8881.457876014709,False,3.9484842603214623,4.468347330412158
1480,cl2,4,2,1,4,True,2,1,baseline,200,600,8,2967.6304246902464,False,3.4724098148982585,4.296665190261531
1481,cl2,4,2,1,4,True,2,1,baseline,200,600,16,5933.180623626709,False,3.773287569751635,4.296665190261531
1482,cl2,4,2,1,4,True,2,1,baseline,200,600,24,8898.749631500245,False,3.9493289879608002,4.296665190261531
1483,cl2,4,2,1,4,True,2,1,baseline,100,900,8,2967.937361526489,False,3.4724547308959166,4.463892988985907
1484,cl2,4,2,1,4,True,2,1,baseline,100,900,16,5934.20289516449,False,3.773362391111922,4.463892988985907
1485,cl2,4,2,1,4,True,2,1,baseline,100,900,24,8900.479700660706,False,3.9494134140309454,4.463892988985907
1486,cl2,4,2,1,4,True,2,1,baseline,100,600,8,2973.9710363388062,False,3.473336734589606,4.290034611362518
1487,cl2,4,2,1,4,True,2,1,baseline,100,600,16,5945.861841201782,False,3.7742148136646154,4.290034611362518
1488,cl2,4,2,1,4,True,2,1,baseline,100,600,24,8917.77145614624,False,3.9502563380958486,4.290034611362518
1489,cl2,4,2,2,2,True,1,1,localBWAware,200,900,8,1536.6322574615479,False,3.1865699457924004,4.468347330412158
1490,cl2,4,2,2,2,True,1,1,localBWAware,200,900,16,3065.184987258911,False,3.4864566897912845,4.468347330412158
1491,cl2,4,2,2,2,True,1,1,localBWAware,200,900,24,4593.765717887879,False,3.662168842399491,4.468347330412158
1492,cl2,4,2,2,2,True,1,1,localBWAware,200,600,8,1539.8591663360596,False,3.187481002602703,4.296665190261531
1493,cl2,4,2,2,2,True,1,1,localBWAware,200,600,16,3071.218662071228,False,3.4873107380810633,4.296665190261531
1494,cl2,4,2,2,2,True,1,1,localBWAware,200,600,24,4602.61760559082,False,3.6630048943637963,4.296665190261531
1495,cl2,4,2,2,2,True,1,1,localBWAware,100,900,8,1595.1466976165773,False,3.202800629108407,4.463892988985907
1496,cl2,4,2,2,2,True,1,1,localBWAware,100,900,16,3176.009481811523,False,3.501881790320637,4.463892988985907
1497,cl2,4,2,2,2,True,1,1,localBWAware,100,900,24,4756.900192451478,False,3.677324039306741,4.463892988985907
1498,cl2,4,2,2,2,True,1,1,localBWAware,100,600,8,1598.3736064910888,False,3.2036782995543818,4.290034611362518
1499,cl2,4,2,2,2,True,1,1,localBWAware,100,600,16,3182.0431566238403,False,3.5027060654917355,4.290034611362518
1500,cl2,4,2,2,2,True,1,1,localBWAware,100,600,24,4765.752080154419,False,3.678131446104981,4.290034611362518
1501,cl2,4,2,2,2,True,1,1,baseline,200,900,8,1536.6322574615479,False,3.1865699457924004,4.468347330412158
1502,cl2,4,2,2,2,True,1,1,baseline,200,900,16,3065.184987258911,False,3.4864566897912845,4.468347330412158
1503,cl2,4,2,2,2,True,1,1,baseline,200,900,24,4593.765717887879,False,3.662168842399491,4.468347330412158
1504,cl2,4,2,2,2,True,1,1,baseline,200,600,8,1539.8591663360596,False,3.187481002602703,4.296665190261531
1505,cl2,4,2,2,2,True,1,1,baseline,200,600,16,3071.218662071228,False,3.4873107380810633,4.296665190261531
1506,cl2,4,2,2,2,True,1,1,baseline,200,600,24,4602.61760559082,False,3.6630048943637963,4.296665190261531
1507,cl2,4,2,2,2,True,1,1,baseline,100,900,8,1595.1466976165773,False,3.202800629108407,4.463892988985907
1508,cl2,4,2,2,2,True,1,1,baseline,100,900,16,3176.009481811523,False,3.501881790320637,4.463892988985907
1509,cl2,4,2,2,2,True,1,1,baseline,100,900,24,4756.900192451478,False,3.677324039306741,4.463892988985907
1510,cl2,4,2,2,2,True,1,1,baseline,100,600,8,1598.3736064910888,False,3.2036782995543818,4.290034611362518
1511,cl2,4,2,2,2,True,1,1,baseline,100,600,16,3182.0431566238403,False,3.5027060654917355,4.290034611362518
1512,cl2,4,2,2,2,True,1,1,baseline,100,600,24,4765.752080154419,False,3.678131446104981,4.290034611362518
1513,cl2,4,2,2,2,True,2,1,localBWAware,200,900,8,1536.6322574615479,False,3.1865699457924004,4.468347330412158
1514,cl2,4,2,2,2,True,2,1,localBWAware,200,900,16,3065.184987258911,False,3.4864566897912845,4.468347330412158
1515,cl2,4,2,2,2,True,2,1,localBWAware,200,900,24,4593.765717887879,False,3.662168842399491,4.468347330412158
1516,cl2,4,2,2,2,True,2,1,localBWAware,200,600,8,1539.8591663360596,False,3.187481002602703,4.296665190261531
1517,cl2,4,2,2,2,True,2,1,localBWAware,200,600,16,3071.218662071228,False,3.4873107380810633,4.296665190261531
1518,cl2,4,2,2,2,True,2,1,localBWAware,200,600,24,4602.61760559082,False,3.6630048943637963,4.296665190261531
1519,cl2,4,2,2,2,True,2,1,localBWAware,100,900,8,1595.1466976165773,False,3.202800629108407,4.463892988985907
1520,cl2,4,2,2,2,True,2,1,localBWAware,100,900,16,3176.009481811523,False,3.501881790320637,4.463892988985907
1521,cl2,4,2,2,2,True,2,1,localBWAware,100,900,24,4756.900192451478,False,3.677324039306741,4.463892988985907
1522,cl2,4,2,2,2,True,2,1,localBWAware,100,600,8,1598.3736064910888,False,3.2036782995543818,4.290034611362518
1523,cl2,4,2,2,2,True,2,1,localBWAware,100,600,16,3182.0431566238403,False,3.5027060654917355,4.290034611362518
1524,cl2,4,2,2,2,True,2,1,localBWAware,100,600,24,4765.752080154419,False,3.678131446104981,4.290034611362518
1525,cl2,4,2,2,2,True,2,1,baseline,200,900,8,1536.6322574615479,False,3.1865699457924004,4.468347330412158
1526,cl2,4,2,2,2,True,2,1,baseline,200,900,16,3065.184987258911,False,3.4864566897912845,4.468347330412158
1527,cl2,4,2,2,2,True,2,1,baseline,200,900,24,4593.765717887879,False,3.662168842399491,4.468347330412158
1528,cl2,4,2,2,2,True,2,1,baseline,200,600,8,1539.8591663360596,False,3.187481002602703,4.296665190261531
1529,cl2,4,2,2,2,True,2,1,baseline,200,600,16,3071.218662071228,False,3.4873107380810633,4.296665190261531
1530,cl2,4,2,2,2,True,2,1,baseline,200,600,24,4602.61760559082,False,3.6630048943637963,4.296665190261531
1531,cl2,4,2,2,2,True,2,1,baseline,100,900,8,1595.1466976165773,False,3.202800629108407,4.463892988985907
1532,cl2,4,2,2,2,True,2,1,baseline,100,900,16,3176.009481811523,False,3.501881790320637,4.463892988985907
1533,cl2,4,2,2,2,True,2,1,baseline,100,900,24,4756.900192451478,False,3.677324039306741,4.463892988985907
1534,cl2,4,2,2,2,True,2,1,baseline,100,600,8,1598.3736064910888,False,3.2036782995543818,4.290034611362518
1535,cl2,4,2,2,2,True,2,1,baseline,100,600,16,3182.0431566238403,False,3.5027060654917355,4.290034611362518
1536,cl2,4,2,2,2,True,2,1,baseline,100,600,24,4765.752080154419,False,3.678131446104981,4.290034611362518
1537,cl2,4,2,4,1,True,1,1,localBWAware,200,900,8,974.3686254501342,False,2.988723291285053,4.468347330412158
1538,cl2,4,2,4,1,True,1,1,localBWAware,200,900,16,1805.9439949035645,False,3.2567042780475433,4.468347330412158
1539,cl2,4,2,4,1,True,1,1,localBWAware,200,900,24,2693.536493110657,False,3.4303228639173264,4.468347330412158
1540,cl2,4,2,4,1,True,1,1,localBWAware,200,600,8,977.3548936843872,False,2.99005229184787,4.296665190261531
1541,cl2,4,2,4,1,True,1,1,localBWAware,200,600,16,1809.6017623901366,False,3.2575830105455372,4.296665190261531
1542,cl2,4,2,4,1,True,1,1,localBWAware,200,600,24,2698.161427116394,False,3.4310679293272273,4.296665190261531
1543,cl2,4,2,4,1,True,1,1,localBWAware,100,900,8,1268.3898679733277,False,3.1032527641806196,4.463892988985907
1544,cl2,4,2,4,1,True,1,1,localBWAware,100,900,16,2247.0448150634766,False,3.351611734074976,4.463892988985907
1545,cl2,4,2,4,1,True,1,1,localBWAware,100,900,24,3225.6999979019165,False,3.508623973928869,4.463892988985907
1546,cl2,4,2,4,1,True,1,1,localBWAware,100,600,8,1271.3761362075804,False,3.10427405544222,4.290034611362518
1547,cl2,4,2,4,1,True,1,1,localBWAware,100,600,16,2251.4291084289553,False,3.352458276725189,4.290034611362518
1548,cl2,4,2,4,1,True,1,1,localBWAware,100,600,24,3231.4823163986207,False,3.509401783680783,4.290034611362518
1549,cl2,4,2,4,1,True,1,1,baseline,200,900,8,974.3686254501342,False,2.988723291285053,4.468347330412158
1550,cl2,4,2,4,1,True,1,1,baseline,200,900,16,1805.9439949035645,False,3.2567042780475433,4.468347330412158
1551,cl2,4,2,4,1,True,1,1,baseline,200,900,24,2693.536493110657,False,3.4303228639173264,4.468347330412158
1552,cl2,4,2,4,1,True,1,1,baseline,200,600,8,977.3548936843872,False,2.99005229184787,4.296665190261531
1553,cl2,4,2,4,1,True,1,1,baseline,200,600,16,1809.6017623901366,False,3.2575830105455372,4.296665190261531
1554,cl2,4,2,4,1,True,1,1,baseline,200,600,24,2698.161427116394,False,3.4310679293272273,4.296665190261531
1555,cl2,4,2,4,1,True,1,1,baseline,100,900,8,1268.3898679733277,False,3.1032527641806196,4.463892988985907
1556,cl2,4,2,4,1,True,1,1,baseline,100,900,16,2247.0448150634766,False,3.351611734074976,4.463892988985907
1557,cl2,4,2,4,1,True,1,1,baseline,100,900,24,3225.6999979019165,False,3.508623973928869,4.463892988985907
1558,cl2,4,2,4,1,True,1,1,baseline,100,600,8,1271.3761362075804,False,3.10427405544222,4.290034611362518
1559,cl2,4,2,4,1,True,1,1,baseline,100,600,16,2251.4291084289553,False,3.352458276725189,4.290034611362518
1560,cl2,4,2,4,1,True,1,1,baseline,100,600,24,3231.4823163986207,False,3.509401783680783,4.290034611362518
1561,cl2,4,2,4,1,True,2,1,localBWAware,200,900,8,974.3686254501342,False,2.988723291285053,4.468347330412158
1562,cl2,4,2,4,1,True,2,1,localBWAware,200,900,16,1805.9439949035645,False,3.2567042780475433,4.468347330412158
1563,cl2,4,2,4,1,True,2,1,localBWAware,200,900,24,2693.536493110657,False,3.4303228639173264,4.468347330412158
1564,cl2,4,2,4,1,True,2,1,localBWAware,200,600,8,977.3548936843872,False,2.99005229184787,4.296665190261531
1565,cl2,4,2,4,1,True,2,1,localBWAware,200,600,16,1809.6017623901366,False,3.2575830105455372,4.296665190261531
1566,cl2,4,2,4,1,True,2,1,localBWAware,200,600,24,2698.161427116394,False,3.4310679293272273,4.296665190261531
1567,cl2,4,2,4,1,True,2,1,localBWAware,100,900,8,1268.3898679733277,False,3.1032527641806196,4.463892988985907
1568,cl2,4,2,4,1,True,2,1,localBWAware,100,900,16,2247.0448150634766,False,3.351611734074976,4.463892988985907
1569,cl2,4,2,4,1,True,2,1,localBWAware,100,900,24,3225.6999979019165,False,3.508623973928869,4.463892988985907
1570,cl2,4,2,4,1,True,2,1,localBWAware,100,600,8,1271.3761362075804,False,3.10427405544222,4.290034611362518
1571,cl2,4,2,4,1,True,2,1,localBWAware,100,600,16,2251.4291084289553,False,3.352458276725189,4.290034611362518
1572,cl2,4,2,4,1,True,2,1,localBWAware,100,600,24,3231.4823163986207,False,3.509401783680783,4.290034611362518
1573,cl2,4,2,4,1,True,2,1,baseline,200,900,8,974.3686254501342,False,2.988723291285053,4.468347330412158
1574,cl2,4,2,4,1,True,2,1,baseline,200,900,16,1805.9439949035645,False,3.2567042780475433,4.468347330412158
1575,cl2,4,2,4,1,True,2,1,baseline,200,900,24,2693.536493110657,False,3.4303228639173264,4.468347330412158
1576,cl2,4,2,4,1,True,2,1,baseline,200,600,8,977.3548936843872,False,2.99005229184787,4.296665190261531
1577,cl2,4,2,4,1,True,2,1,baseline,200,600,16,1809.6017623901366,False,3.2575830105455372,4.296665190261531
1578,cl2,4,2,4,1,True,2,1,baseline,200,600,24,2698.161427116394,False,3.4310679293272273,4.296665190261531
1579,cl2,4,2,4,1,True,2,1,baseline,100,900,8,1268.3898679733277,False,3.1032527641806196,4.463892988985907
1580,cl2,4,2,4,1,True,2,1,baseline,100,900,16,2247.0448150634766,False,3.351611734074976,4.463892988985907
1581,cl2,4,2,4,1,True,2,1,baseline,100,900,24,3225.6999979019165,False,3.508623973928869,4.463892988985907
1582,cl2,4,2,4,1,True,2,1,baseline,100,600,8,1271.3761362075804,False,3.10427405544222,4.290034611362518
1583,cl2,4,2,4,1,True,2,1,baseline,100,600,16,2251.4291084289553,False,3.352458276725189,4.290034611362518
1584,cl2,4,2,4,1,True,2,1,baseline,100,600,24,3231.4823163986207,False,3.509401783680783,4.290034611362518
1585,cl2,4,4,1,2,True,1,1,localBWAware,200,900,8,1632.5389411926271,False,3.212863549361123,4.468347330412158
1586,cl2,4,4,1,2,True,1,1,localBWAware,200,900,16,3264.984362411499,False,3.5138811055698493,4.468347330412158
1587,cl2,4,4,1,2,True,1,1,localBWAware,200,900,24,4891.810765457153,False,3.6894696484649603,4.468347330412158
1588,cl2,4,4,1,2,True,1,1,localBWAware,200,600,8,1632.8194725036622,False,3.212938171001536,4.296665190261531
1589,cl2,4,4,1,2,True,1,1,localBWAware,200,600,16,3265.5454250335697,False,3.51395572934749,4.296665190261531
1590,cl2,4,4,1,2,True,1,1,localBWAware,200,600,24,4892.393843078613,False,3.6895214109543915,4.296665190261531
1591,cl2,4,4,1,2,True,1,1,localBWAware,100,900,8,1800.8281299591065,False,3.255472265972139,4.463892988985907
1592,cl2,4,4,1,2,True,1,1,localBWAware,100,900,16,3570.895641517639,False,3.5527771582366663,4.463892988985907
1593,cl2,4,4,1,2,True,1,1,localBWAware,100,900,24,5350.935439682007,False,3.7284297111388973,4.463892988985907
1594,cl2,4,4,1,2,True,1,1,localBWAware,100,600,8,1801.3671764373778,False,3.255602244994839,4.290034611362518
1595,cl2,4,4,1,2,True,1,1,localBWAware,100,600,16,3581.579148101807,False,3.554074552927018,4.290034611362518
1596,cl2,4,4,1,2,True,1,1,localBWAware,100,600,24,5351.327152061463,False,3.7284615022715686,4.290034611362518
1597,cl2,4,4,1,2,True,1,1,baseline,200,900,8,1632.5389411926271,False,3.212863549361123,4.468347330412158
1598,cl2,4,4,1,2,True,1,1,baseline,200,900,16,3264.984362411499,False,3.5138811055698493,4.468347330412158
1599,cl2,4,4,1,2,True,1,1,baseline,200,900,24,4891.810765457153,False,3.6894696484649603,4.468347330412158
1600,cl2,4,4,1,2,True,1,1,baseline,200,600,8,1632.8194725036622,False,3.212938171001536,4.296665190261531
1601,cl2,4,4,1,2,True,1,1,baseline,200,600,16,3265.5454250335697,False,3.51395572934749,4.296665190261531
1602,cl2,4,4,1,2,True,1,1,baseline,200,600,24,4892.393843078613,False,3.6895214109543915,4.296665190261531
1603,cl2,4,4,1,2,True,1,1,baseline,100,900,8,1800.8281299591065,False,3.255472265972139,4.463892988985907
1604,cl2,4,4,1,2,True,1,1,baseline,100,900,16,3570.895641517639,False,3.5527771582366663,4.463892988985907
1605,cl2,4,4,1,2,True,1,1,baseline,100,900,24,5350.935439682007,False,3.7284297111388973,4.463892988985907
1606,cl2,4,4,1,2,True,1,1,baseline,100,600,8,1801.3671764373778,False,3.255602244994839,4.290034611362518
1607,cl2,4,4,1,2,True,1,1,baseline,100,600,16,3581.579148101807,False,3.554074552927018,4.290034611362518
1608,cl2,4,4,1,2,True,1,1,baseline,100,600,24,5351.327152061463,False,3.7284615022715686,4.290034611362518
1609,cl2,4,4,1,2,True,2,1,localBWAware,200,900,8,1632.5389411926271,False,3.212863549361123,4.468347330412158
1610,cl2,4,4,1,2,True,2,1,localBWAware,200,900,16,3264.984362411499,False,3.5138811055698493,4.468347330412158
1611,cl2,4,4,1,2,True,2,1,localBWAware,200,900,24,4891.810765457153,False,3.6894696484649603,4.468347330412158
1612,cl2,4,4,1,2,True,2,1,localBWAware,200,600,8,1632.8194725036622,False,3.212938171001536,4.296665190261531
1613,cl2,4,4,1,2,True,2,1,localBWAware,200,600,16,3265.5454250335697,False,3.51395572934749,4.296665190261531
1614,cl2,4,4,1,2,True,2,1,localBWAware,200,600,24,4892.393843078613,False,3.6895214109543915,4.296665190261531
1615,cl2,4,4,1,2,True,2,1,localBWAware,100,900,8,1800.8281299591065,False,3.255472265972139,4.463892988985907
1616,cl2,4,4,1,2,True,2,1,localBWAware,100,900,16,3570.895641517639,False,3.5527771582366663,4.463892988985907
1617,cl2,4,4,1,2,True,2,1,localBWAware,100,900,24,5350.935439682007,False,3.7284297111388973,4.463892988985907
1618,cl2,4,4,1,2,True,2,1,localBWAware,100,600,8,1801.3671764373778,False,3.255602244994839,4.290034611362518
1619,cl2,4,4,1,2,True,2,1,localBWAware,100,600,16,3581.579148101807,False,3.554074552927018,4.290034611362518
1620,cl2,4,4,1,2,True,2,1,localBWAware,100,600,24,5351.327152061463,False,3.7284615022715686,4.290034611362518
1621,cl2,4,4,1,2,True,2,1,baseline,200,900,8,1632.5389411926271,False,3.212863549361123,4.468347330412158
1622,cl2,4,4,1,2,True,2,1,baseline,200,900,16,3264.984362411499,False,3.5138811055698493,4.468347330412158
1623,cl2,4,4,1,2,True,2,1,baseline,200,900,24,4891.810765457153,False,3.6894696484649603,4.468347330412158
1624,cl2,4,4,1,2,True,2,1,baseline,200,600,8,1632.8194725036622,False,3.212938171001536,4.296665190261531
1625,cl2,4,4,1,2,True,2,1,baseline,200,600,16,3265.5454250335697,False,3.51395572934749,4.296665190261531
1626,cl2,4,4,1,2,True,2,1,baseline,200,600,24,4892.393843078613,False,3.6895214109543915,4.296665190261531
1627,cl2,4,4,1,2,True,2,1,baseline,100,900,8,1800.8281299591065,False,3.255472265972139,4.463892988985907
1628,cl2,4,4,1,2,True,2,1,baseline,100,900,16,3570.895641517639,False,3.5527771582366663,4.463892988985907
1629,cl2,4,4,1,2,True,2,1,baseline,100,900,24,5350.935439682007,False,3.7284297111388973,4.463892988985907
1630,cl2,4,4,1,2,True,2,1,baseline,100,600,8,1801.3671764373778,False,3.255602244994839,4.290034611362518
1631,cl2,4,4,1,2,True,2,1,baseline,100,600,16,3581.579148101807,False,3.554074552927018,4.290034611362518
1632,cl2,4,4,1,2,True,2,1,baseline,100,600,24,5351.327152061463,False,3.7284615022715686,4.290034611362518
1633,cl2,4,4,2,1,True,1,1,localBWAware,200,900,8,885.3671722412109,False,2.9471234151142522,4.468347330412158
1634,cl2,4,4,2,1,True,1,1,localBWAware,200,900,16,1734.494553565979,False,3.239172940465219,4.468347330412158
1635,cl2,4,4,2,1,True,1,1,localBWAware,200,900,24,2608.450975227356,False,3.416382678747367,4.468347330412158
1636,cl2,4,4,2,1,True,1,1,localBWAware,200,600,8,886.2364608764649,False,2.9475496134813284,4.296665190261531
1637,cl2,4,4,2,1,True,1,1,localBWAware,200,600,16,1735.7161005020141,False,3.239478691999349,4.296665190261531
1638,cl2,4,4,2,1,True,1,1,localBWAware,200,600,24,2610.0247804641726,False,3.4166446306975757,4.296665190261531
1639,cl2,4,4,2,1,True,1,1,localBWAware,100,900,8,1057.0708974838258,False,3.0241041163078344,4.463892988985907
1640,cl2,4,4,2,1,True,1,1,localBWAware,100,900,16,2026.174326324463,False,3.306676808104113,4.463892988985907
1641,cl2,4,4,2,1,True,1,1,localBWAware,100,900,24,3003.9900232315067,False,3.477698485967717,4.463892988985907
1642,cl2,4,4,2,1,True,1,1,localBWAware,100,600,8,1058.4795782089234,False,3.024682483369382,4.290034611362518
1643,cl2,4,4,2,1,True,1,1,localBWAware,100,600,16,2027.3958732604979,False,3.3069385581583335,4.290034611362518
1644,cl2,4,4,2,1,True,1,1,localBWAware,100,600,24,3005.5638284683228,False,3.4779259554146784,4.290034611362518
1645,cl2,4,4,2,1,True,1,1,baseline,200,900,8,885.3671722412109,False,2.9471234151142522,4.468347330412158
1646,cl2,4,4,2,1,True,1,1,baseline,200,900,16,1734.494553565979,False,3.239172940465219,4.468347330412158
1647,cl2,4,4,2,1,True,1,1,baseline,200,900,24,2608.450975227356,False,3.416382678747367,4.468347330412158
1648,cl2,4,4,2,1,True,1,1,baseline,200,600,8,886.2364608764649,False,2.9475496134813284,4.296665190261531
1649,cl2,4,4,2,1,True,1,1,baseline,200,600,16,1735.7161005020141,False,3.239478691999349,4.296665190261531
1650,cl2,4,4,2,1,True,1,1,baseline,200,600,24,2610.0247804641726,False,3.4166446306975757,4.296665190261531
1651,cl2,4,4,2,1,True,1,1,baseline,100,900,8,1057.0708974838258,False,3.0241041163078344,4.463892988985907
1652,cl2,4,4,2,1,True,1,1,baseline,100,900,16,2026.174326324463,False,3.306676808104113,4.463892988985907
1653,cl2,4,4,2,1,True,1,1,baseline,100,900,24,3003.9900232315067,False,3.477698485967717,4.463892988985907
1654,cl2,4,4,2,1,True,1,1,baseline,100,600,8,1058.4795782089234,False,3.024682483369382,4.290034611362518
1655,cl2,4,4,2,1,True,1,1,baseline,100,600,16,2027.3958732604979,False,3.3069385581583335,4.290034611362518
1656,cl2,4,4,2,1,True,1,1,baseline,100,600,24,3005.5638284683228,False,3.4779259554146784,4.290034611362518
1657,cl2,4,4,2,1,True,2,1,localBWAware,200,900,8,885.3671722412109,False,2.9471234151142522,4.468347330412158
1658,cl2,4,4,2,1,True,2,1,localBWAware,200,900,16,1734.494553565979,False,3.239172940465219,4.468347330412158
1659,cl2,4,4,2,1,True,2,1,localBWAware,200,900,24,2608.450975227356,False,3.416382678747367,4.468347330412158
1660,cl2,4,4,2,1,True,2,1,localBWAware,200,600,8,886.2364608764649,False,2.9475496134813284,4.296665190261531
1661,cl2,4,4,2,1,True,2,1,localBWAware,200,600,16,1735.7161005020141,False,3.239478691999349,4.296665190261531
1662,cl2,4,4,2,1,True,2,1,localBWAware,200,600,24,2610.0247804641726,False,3.4166446306975757,4.296665190261531
1663,cl2,4,4,2,1,True,2,1,localBWAware,100,900,8,1057.0708974838258,False,3.0241041163078344,4.463892988985907
1664,cl2,4,4,2,1,True,2,1,localBWAware,100,900,16,2026.174326324463,False,3.306676808104113,4.463892988985907
1665,cl2,4,4,2,1,True,2,1,localBWAware,100,900,24,3003.9900232315067,False,3.477698485967717,4.463892988985907
1666,cl2,4,4,2,1,True,2,1,localBWAware,100,600,8,1058.4795782089234,False,3.024682483369382,4.290034611362518
1667,cl2,4,4,2,1,True,2,1,localBWAware,100,600,16,2027.3958732604979,False,3.3069385581583335,4.290034611362518
1668,cl2,4,4,2,1,True,2,1,localBWAware,100,600,24,3005.5638284683228,False,3.4779259554146784,4.290034611362518
1669,cl2,4,4,2,1,True,2,1,baseline,200,900,8,885.3671722412109,False,2.9471234151142522,4.468347330412158
1670,cl2,4,4,2,1,True,2,1,baseline,200,900,16,1734.494553565979,False,3.239172940465219,4.468347330412158
1671,cl2,4,4,2,1,True,2,1,baseline,200,900,24,2608.450975227356,False,3.416382678747367,4.468347330412158
1672,cl2,4,4,2,1,True,2,1,baseline,200,600,8,886.2364608764649,False,2.9475496134813284,4.296665190261531
1673,cl2,4,4,2,1,True,2,1,baseline,200,600,16,1735.7161005020141,False,3.239478691999349,4.296665190261531
1674,cl2,4,4,2,1,True,2,1,baseline,200,600,24,2610.0247804641726,False,3.4166446306975757,4.296665190261531
1675,cl2,4,4,2,1,True,2,1,baseline,100,900,8,1057.0708974838258,False,3.0241041163078344,4.463892988985907
1676,cl2,4,4,2,1,True,2,1,baseline,100,900,16,2026.174326324463,False,3.306676808104113,4.463892988985907
1677,cl2,4,4,2,1,True,2,1,baseline,100,900,24,3003.9900232315067,False,3.477698485967717,4.463892988985907
1678,cl2,4,4,2,1,True,2,1,baseline,100,600,8,1058.4795782089234,False,3.024682483369382,4.290034611362518
1679,cl2,4,4,2,1,True,2,1,baseline,100,600,16,2027.3958732604979,False,3.3069385581583335,4.290034611362518
1680,cl2,4,4,2,1,True,2,1,baseline,100,600,24,3005.5638284683228,False,3.4779259554146784,4.290034611362518
1681,cl2,4,8,1,1,True,1,1,localBWAware,200,900,8,1114.296319770813,False,3.047000696159834,4.468347330412158
1682,cl2,4,8,1,1,True,1,1,localBWAware,200,900,16,2204.988115310669,False,3.343406253001633,4.468347330412158
1683,cl2,4,8,1,1,True,1,1,localBWAware,200,900,24,3295.680167198181,False,3.5179450584981753,4.468347330412158
1684,cl2,4,8,1,1,True,1,1,localBWAware,200,600,8,1114.8572221755983,False,3.047219251606861,4.296665190261531
1685,cl2,4,8,1,1,True,1,1,localBWAware,200,600,16,2205.5490177154543,False,3.343516714296142,4.296665190261531
1686,cl2,4,8,1,1,True,1,1,localBWAware,200,600,24,3296.240923118591,False,3.518018946883421,4.296665190261531
1687,cl2,4,8,1,1,True,1,1,localBWAware,100,900,8,1503.2657117843628,False,3.1770357516863976,4.463892988985907
1688,cl2,4,8,1,1,True,1,1,localBWAware,100,900,16,2961.2113586425785,False,3.4714694065842466,4.463892988985907
1689,cl2,4,8,1,1,True,1,1,localBWAware,100,900,24,4419.157005500793,False,3.6453394316169048,4.463892988985907
1690,cl2,4,8,1,1,True,1,1,localBWAware,100,600,8,1503.7829069137572,False,3.17718514401187,4.290034611362518
1691,cl2,4,8,1,1,True,1,1,localBWAware,100,600,16,2961.7283889770506,False,3.471545228196951,4.290034611362518
1692,cl2,4,8,1,1,True,1,1,localBWAware,100,600,24,4419.674035835266,False,3.6453902400146316,4.290034611362518
1693,cl2,4,8,1,1,True,1,1,baseline,200,900,8,1114.296319770813,False,3.047000696159834,4.468347330412158
1694,cl2,4,8,1,1,True,1,1,baseline,200,900,16,2204.988115310669,False,3.343406253001633,4.468347330412158
1695,cl2,4,8,1,1,True,1,1,baseline,200,900,24,3295.680167198181,False,3.5179450584981753,4.468347330412158
1696,cl2,4,8,1,1,True,1,1,baseline,200,600,8,1114.8572221755983,False,3.047219251606861,4.296665190261531
1697,cl2,4,8,1,1,True,1,1,baseline,200,600,16,2205.5490177154543,False,3.343516714296142,4.296665190261531
1698,cl2,4,8,1,1,True,1,1,baseline,200,600,24,3296.240923118591,False,3.518018946883421,4.296665190261531
1699,cl2,4,8,1,1,True,1,1,baseline,100,900,8,1503.2657117843628,False,3.1770357516863976,4.463892988985907
1700,cl2,4,8,1,1,True,1,1,baseline,100,900,16,2961.2113586425785,False,3.4714694065842466,4.463892988985907
1701,cl2,4,8,1,1,True,1,1,baseline,100,900,24,4419.157005500793,False,3.6453394316169048,4.463892988985907
1702,cl2,4,8,1,1,True,1,1,baseline,100,600,8,1503.7829069137572,False,3.17718514401187,4.290034611362518
1703,cl2,4,8,1,1,True,1,1,baseline,100,600,16,2961.7283889770506,False,3.471545228196951,4.290034611362518
1704,cl2,4,8,1,1,True,1,1,baseline,100,600,24,4419.674035835266,False,3.6453902400146316,4.290034611362518
1705,cl2,4,8,1,1,True,2,1,localBWAware,200,900,8,1114.296319770813,False,3.047000696159834,4.468347330412158
1706,cl2,4,8,1,1,True,2,1,localBWAware,200,900,16,2204.988115310669,False,3.343406253001633,4.468347330412158
1707,cl2,4,8,1,1,True,2,1,localBWAware,200,900,24,3295.680167198181,False,3.5179450584981753,4.468347330412158
1708,cl2,4,8,1,1,True,2,1,localBWAware,200,600,8,1114.8572221755983,False,3.047219251606861,4.296665190261531
1709,cl2,4,8,1,1,True,2,1,localBWAware,200,600,16,2205.5490177154543,False,3.343516714296142,4.296665190261531
1710,cl2,4,8,1,1,True,2,1,localBWAware,200,600,24,3296.240923118591,False,3.518018946883421,4.296665190261531
1711,cl2,4,8,1,1,True,2,1,localBWAware,100,900,8,1503.2657117843628,False,3.1770357516863976,4.463892988985907
1712,cl2,4,8,1,1,True,2,1,localBWAware,100,900,16,2961.2113586425785,False,3.4714694065842466,4.463892988985907
1713,cl2,4,8,1,1,True,2,1,localBWAware,100,900,24,4419.157005500793,False,3.6453394316169048,4.463892988985907
1714,cl2,4,8,1,1,True,2,1,localBWAware,100,600,8,1503.7829069137572,False,3.17718514401187,4.290034611362518
1715,cl2,4,8,1,1,True,2,1,localBWAware,100,600,16,2961.7283889770506,False,3.471545228196951,4.290034611362518
1716,cl2,4,8,1,1,True,2,1,localBWAware,100,600,24,4419.674035835266,False,3.6453902400146316,4.290034611362518
1717,cl2,4,8,1,1,True,2,1,baseline,200,900,8,1114.296319770813,False,3.047000696159834,4.468347330412158
1718,cl2,4,8,1,1,True,2,1,baseline,200,900,16,2204.988115310669,False,3.343406253001633,4.468347330412158
1719,cl2,4,8,1,1,True,2,1,baseline,200,900,24,3295.680167198181,False,3.5179450584981753,4.468347330412158
1720,cl2,4,8,1,1,True,2,1,baseline,200,600,8,1114.8572221755983,False,3.047219251606861,4.296665190261531
1721,cl2,4,8,1,1,True,2,1,baseline,200,600,16,2205.5490177154543,False,3.343516714296142,4.296665190261531
1722,cl2,4,8,1,1,True,2,1,baseline,200,600,24,3296.240923118591,False,3.518018946883421,4.296665190261531
1723,cl2,4,8,1,1,True,2,1,baseline,100,900,8,1503.2657117843628,False,3.1770357516863976,4.463892988985907
1724,cl2,4,8,1,1,True,2,1,baseline,100,900,16,2961.2113586425785,False,3.4714694065842466,4.463892988985907
1725,cl2,4,8,1,1,True,2,1,baseline,100,900,24,4419.157005500793,False,3.6453394316169048,4.463892988985907
1726,cl2,4,8,1,1,True,2,1,baseline,100,600,8,1503.7829069137572,False,3.17718514401187,4.290034611362518
1727,cl2,4,8,1,1,True,2,1,baseline,100,600,16,2961.7283889770506,False,3.471545228196951,4.290034611362518
1728,cl2,4,8,1,1,True,2,1,baseline,100,600,24,4419.674035835266,False,3.6453902400146316,4.290034611362518
1729,cl2,8,1,1,4,True,1,1,localBWAware,200,900,8,2946.3431931495666,False,3.4692833325304333,4.468347330412158
1730,cl2,8,1,1,4,True,1,1,localBWAware,200,900,16,5892.116824150085,False,3.770271349097402,4.468347330412158
1731,cl2,8,1,1,4,True,1,1,localBWAware,200,900,24,8837.89043111801,False,3.9463486130380185,4.468347330412158
1732,cl2,8,1,1,4,True,1,1,localBWAware,200,600,8,2946.493993663788,False,3.469305560136299,4.296665190261531
1733,cl2,8,1,1,4,True,1,1,localBWAware,200,600,16,5892.267624664306,False,3.770282464116855,4.296665190261531
1734,cl2,8,1,1,4,True,1,1,localBWAware,200,600,24,8838.041231632233,False,3.9463560233213855,4.296665190261531
1735,cl2,8,1,1,4,True,1,1,localBWAware,100,900,8,2952.6838019371035,False,3.470216941571752,4.463892988985907
1736,cl2,8,1,1,4,True,1,1,localBWAware,100,900,16,5904.798040580749,False,3.7712050482050317,4.463892988985907
1737,cl2,8,1,1,4,True,1,1,localBWAware,100,900,24,8856.912255764008,False,3.947282342202212,4.463892988985907
1738,cl2,8,1,1,4,True,1,1,localBWAware,100,600,8,2952.8346024513244,False,3.470239121447158,4.290034611362518
1739,cl2,8,1,1,4,True,1,1,localBWAware,100,600,16,5904.948841094971,False,3.7712161393540384,4.290034611362518
1740,cl2,8,1,1,4,True,1,1,localBWAware,100,600,24,8857.063056278228,False,3.947289736570787,4.290034611362518
1741,cl2,8,1,1,4,True,1,1,baseline,200,900,8,2946.3431931495666,False,3.4692833325304333,4.468347330412158
1742,cl2,8,1,1,4,True,1,1,baseline,200,900,16,5892.116824150085,False,3.770271349097402,4.468347330412158
1743,cl2,8,1,1,4,True,1,1,baseline,200,900,24,8837.89043111801,False,3.9463486130380185,4.468347330412158
1744,cl2,8,1,1,4,True,1,1,baseline,200,600,8,2946.493993663788,False,3.469305560136299,4.296665190261531
1745,cl2,8,1,1,4,True,1,1,baseline,200,600,16,5892.267624664306,False,3.770282464116855,4.296665190261531
1746,cl2,8,1,1,4,True,1,1,baseline,200,600,24,8838.041231632233,False,3.9463560233213855,4.296665190261531
1747,cl2,8,1,1,4,True,1,1,baseline,100,900,8,2952.6838019371035,False,3.470216941571752,4.463892988985907
1748,cl2,8,1,1,4,True,1,1,baseline,100,900,16,5904.798040580749,False,3.7712050482050317,4.463892988985907
1749,cl2,8,1,1,4,True,1,1,baseline,100,900,24,8856.912255764008,False,3.947282342202212,4.463892988985907
1750,cl2,8,1,1,4,True,1,1,baseline,100,600,8,2952.8346024513244,False,3.470239121447158,4.290034611362518
1751,cl2,8,1,1,4,True,1,1,baseline,100,600,16,5904.948841094971,False,3.7712161393540384,4.290034611362518
1752,cl2,8,1,1,4,True,1,1,baseline,100,600,24,8857.063056278228,False,3.947289736570787,4.290034611362518
1753,cl2,8,1,1,4,True,2,1,localBWAware,200,900,8,2946.3431931495666,False,3.4692833325304333,4.468347330412158
1754,cl2,8,1,1,4,True,2,1,localBWAware,200,900,16,5892.116824150085,False,3.770271349097402,4.468347330412158
1755,cl2,8,1,1,4,True,2,1,localBWAware,200,900,24,8837.89043111801,False,3.9463486130380185,4.468347330412158
1756,cl2,8,1,1,4,True,2,1,localBWAware,200,600,8,2946.493993663788,False,3.469305560136299,4.296665190261531
1757,cl2,8,1,1,4,True,2,1,localBWAware,200,600,16,5892.267624664306,False,3.770282464116855,4.296665190261531
1758,cl2,8,1,1,4,True,2,1,localBWAware,200,600,24,8838.041231632233,False,3.9463560233213855,4.296665190261531
1759,cl2,8,1,1,4,True,2,1,localBWAware,100,900,8,2952.6838019371035,False,3.470216941571752,4.463892988985907
1760,cl2,8,1,1,4,True,2,1,localBWAware,100,900,16,5904.798040580749,False,3.7712050482050317,4.463892988985907
1761,cl2,8,1,1,4,True,2,1,localBWAware,100,900,24,8856.912255764008,False,3.947282342202212,4.463892988985907
1762,cl2,8,1,1,4,True,2,1,localBWAware,100,600,8,2952.8346024513244,False,3.470239121447158,4.290034611362518
1763,cl2,8,1,1,4,True,2,1,localBWAware,100,600,16,5904.948841094971,False,3.7712161393540384,4.290034611362518
1764,cl2,8,1,1,4,True,2,1,localBWAware,100,600,24,8857.063056278228,False,3.947289736570787,4.290034611362518
1765,cl2,8,1,1,4,True,2,1,baseline,200,900,8,2946.3431931495666,False,3.4692833325304333,4.468347330412158
1766,cl2,8,1,1,4,True,2,1,baseline,200,900,16,5892.116824150085,False,3.770271349097402,4.468347330412158
1767,cl2,8,1,1,4,True,2,1,baseline,200,900,24,8837.89043111801,False,3.9463486130380185,4.468347330412158
1768,cl2,8,1,1,4,True,2,1,baseline,200,600,8,2946.493993663788,False,3.469305560136299,4.296665190261531
1769,cl2,8,1,1,4,True,2,1,baseline,200,600,16,5892.267624664306,False,3.770282464116855,4.296665190261531
1770,cl2,8,1,1,4,True,2,1,baseline,200,600,24,8838.041231632233,False,3.9463560233213855,4.296665190261531
1771,cl2,8,1,1,4,True,2,1,baseline,100,900,8,2952.6838019371035,False,3.470216941571752,4.463892988985907
1772,cl2,8,1,1,4,True,2,1,baseline,100,900,16,5904.798040580749,False,3.7712050482050317,4.463892988985907
1773,cl2,8,1,1,4,True,2,1,baseline,100,900,24,8856.912255764008,False,3.947282342202212,4.463892988985907
1774,cl2,8,1,1,4,True,2,1,baseline,100,600,8,2952.8346024513244,False,3.470239121447158,4.290034611362518
1775,cl2,8,1,1,4,True,2,1,baseline,100,600,16,5904.948841094971,False,3.7712161393540384,4.290034611362518
1776,cl2,8,1,1,4,True,2,1,baseline,100,600,24,8857.063056278228,False,3.947289736570787,4.290034611362518
1777,cl2,8,1,2,2,True,1,1,localBWAware,200,900,8,1525.2367106437684,False,3.183337249681981,4.468347330412158
1778,cl2,8,1,2,2,True,1,1,localBWAware,200,900,16,3046.7473826408386,False,3.4838364467158667,4.468347330412158
1779,cl2,8,1,2,2,True,1,1,localBWAware,200,900,24,4568.258100700378,False,3.6597506330099834,4.468347330412158
1780,cl2,8,1,2,2,True,1,1,localBWAware,200,600,8,1525.3875111579896,False,3.1833801863575504,4.296665190261531
1781,cl2,8,1,2,2,True,1,1,localBWAware,200,600,16,3046.89818315506,False,3.4838579418391067,4.296665190261531
1782,cl2,8,1,2,2,True,1,1,localBWAware,200,600,24,4568.4089012146,False,3.6597649690542293,4.296665190261531
1783,cl2,8,1,2,2,True,1,1,localBWAware,100,900,8,1580.6489579200745,False,3.1988354293463734,4.463892988985907
1784,cl2,8,1,2,2,True,1,1,localBWAware,100,900,16,3154.46961107254,False,3.4989263479388395,4.463892988985907
1785,cl2,8,1,2,2,True,1,1,localBWAware,100,900,24,4728.2903463363655,False,3.67470413706527,4.463892988985907
1786,cl2,8,1,2,2,True,1,1,localBWAware,100,600,8,1580.7997584342957,False,3.1988768608780034,4.290034611362518
1787,cl2,8,1,2,2,True,1,1,localBWAware,100,600,16,3154.6204115867613,False,3.4989471090409863,4.290034611362518
1788,cl2,8,1,2,2,True,1,1,localBWAware,100,600,24,4728.441146850586,False,3.6747179879039553,4.290034611362518
1789,cl2,8,1,2,2,True,1,1,baseline,200,900,8,1525.2367106437684,False,3.183337249681981,4.468347330412158
1790,cl2,8,1,2,2,True,1,1,baseline,200,900,16,3046.7473826408386,False,3.4838364467158667,4.468347330412158
1791,cl2,8,1,2,2,True,1,1,baseline,200,900,24,4568.258100700378,False,3.6597506330099834,4.468347330412158
1792,cl2,8,1,2,2,True,1,1,baseline,200,600,8,1525.3875111579896,False,3.1833801863575504,4.296665190261531
1793,cl2,8,1,2,2,True,1,1,baseline,200,600,16,3046.89818315506,False,3.4838579418391067,4.296665190261531
1794,cl2,8,1,2,2,True,1,1,baseline,200,600,24,4568.4089012146,False,3.6597649690542293,4.296665190261531
1795,cl2,8,1,2,2,True,1,1,baseline,100,900,8,1580.6489579200745,False,3.1988354293463734,4.463892988985907
1796,cl2,8,1,2,2,True,1,1,baseline,100,900,16,3154.46961107254,False,3.4989263479388395,4.463892988985907
1797,cl2,8,1,2,2,True,1,1,baseline,100,900,24,4728.2903463363655,False,3.67470413706527,4.463892988985907
1798,cl2,8,1,2,2,True,1,1,baseline,100,600,8,1580.7997584342957,False,3.1988768608780034,4.290034611362518
1799,cl2,8,1,2,2,True,1,1,baseline,100,600,16,3154.6204115867613,False,3.4989471090409863,4.290034611362518
1800,cl2,8,1,2,2,True,1,1,baseline,100,600,24,4728.441146850586,False,3.6747179879039553,4.290034611362518
1801,cl2,8,1,2,2,True,2,1,localBWAware,200,900,8,1525.2367106437684,False,3.183337249681981,4.468347330412158
1802,cl2,8,1,2,2,True,2,1,localBWAware,200,900,16,3046.7473826408386,False,3.4838364467158667,4.468347330412158
1803,cl2,8,1,2,2,True,2,1,localBWAware,200,900,24,4568.258100700378,False,3.6597506330099834,4.468347330412158
1804,cl2,8,1,2,2,True,2,1,localBWAware,200,600,8,1525.3875111579896,False,3.1833801863575504,4.296665190261531
1805,cl2,8,1,2,2,True,2,1,localBWAware,200,600,16,3046.89818315506,False,3.4838579418391067,4.296665190261531
1806,cl2,8,1,2,2,True,2,1,localBWAware,200,600,24,4568.4089012146,False,3.6597649690542293,4.296665190261531
1807,cl2,8,1,2,2,True,2,1,localBWAware,100,900,8,1580.6489579200745,False,3.1988354293463734,4.463892988985907
1808,cl2,8,1,2,2,True,2,1,localBWAware,100,900,16,3154.46961107254,False,3.4989263479388395,4.463892988985907
1809,cl2,8,1,2,2,True,2,1,localBWAware,100,900,24,4728.2903463363655,False,3.67470413706527,4.463892988985907
1810,cl2,8,1,2,2,True,2,1,localBWAware,100,600,8,1580.7997584342957,False,3.1988768608780034,4.290034611362518
1811,cl2,8,1,2,2,True,2,1,localBWAware,100,600,16,3154.6204115867613,False,3.4989471090409863,4.290034611362518
1812,cl2,8,1,2,2,True,2,1,localBWAware,100,600,24,4728.441146850586,False,3.6747179879039553,4.290034611362518
1813,cl2,8,1,2,2,True,2,1,baseline,200,900,8,1525.2367106437684,False,3.183337249681981,4.468347330412158
1814,cl2,8,1,2,2,True,2,1,baseline,200,900,16,3046.7473826408386,False,3.4838364467158667,4.468347330412158
1815,cl2,8,1,2,2,True,2,1,baseline,200,900,24,4568.258100700378,False,3.6597506330099834,4.468347330412158
1816,cl2,8,1,2,2,True,2,1,baseline,200,600,8,1525.3875111579896,False,3.1833801863575504,4.296665190261531
1817,cl2,8,1,2,2,True,2,1,baseline,200,600,16,3046.89818315506,False,3.4838579418391067,4.296665190261531
1818,cl2,8,1,2,2,True,2,1,baseline,200,600,24,4568.4089012146,False,3.6597649690542293,4.296665190261531
1819,cl2,8,1,2,2,True,2,1,baseline,100,900,8,1580.6489579200745,False,3.1988354293463734,4.463892988985907
1820,cl2,8,1,2,2,True,2,1,baseline,100,900,16,3154.46961107254,False,3.4989263479388395,4.463892988985907
1821,cl2,8,1,2,2,True,2,1,baseline,100,900,24,4728.2903463363655,False,3.67470413706527,4.463892988985907
1822,cl2,8,1,2,2,True,2,1,baseline,100,600,8,1580.7997584342957,False,3.1988768608780034,4.290034611362518
1823,cl2,8,1,2,2,True,2,1,baseline,100,600,16,3154.6204115867613,False,3.4989471090409863,4.290034611362518
1824,cl2,8,1,2,2,True,2,1,baseline,100,600,24,4728.441146850586,False,3.6747179879039553,4.290034611362518
1825,cl2,8,1,4,1,True,1,1,localBWAware,200,900,8,907.2780203819275,False,2.9577403898341093,4.468347330412158
1826,cl2,8,1,4,1,True,1,1,localBWAware,200,900,16,1794.8095361709595,False,3.25401836835793,4.468347330412158
1827,cl2,8,1,4,1,True,1,1,localBWAware,200,900,24,2672.448545837402,False,3.4269093522441425,4.468347330412158
1828,cl2,8,1,4,1,True,1,1,localBWAware,200,600,8,907.5796214103699,False,2.9578847357713096,4.296665190261531
1829,cl2,8,1,4,1,True,1,1,localBWAware,200,600,16,1795.1111371994018,False,3.2540913413702133,4.296665190261531
1830,cl2,8,1,4,1,True,1,1,localBWAware,200,600,24,2672.707846355438,False,3.426951488629297,4.296665190261531
1831,cl2,8,1,4,1,True,1,1,localBWAware,100,900,8,1078.0658480644227,False,3.032645288288235,4.463892988985907
1832,cl2,8,1,4,1,True,1,1,localBWAware,100,900,16,2098.58741312027,False,3.32192706372865,4.463892988985907
1833,cl2,8,1,4,1,True,1,1,localBWAware,100,900,24,3138.278915977478,False,3.4966915390874242,4.463892988985907
1834,cl2,8,1,4,1,True,1,1,localBWAware,100,600,8,1078.367449092865,False,3.0327667700548315,4.290034611362518
1835,cl2,8,1,4,1,True,1,1,localBWAware,100,600,16,2098.738213634491,False,3.321958270185831,4.290034611362518
1836,cl2,8,1,4,1,True,1,1,localBWAware,100,600,24,3138.429716491699,False,3.496712407295602,4.290034611362518
1837,cl2,8,1,4,1,True,1,1,baseline,200,900,8,907.2780203819275,False,2.9577403898341093,4.468347330412158
1838,cl2,8,1,4,1,True,1,1,baseline,200,900,16,1794.8095361709595,False,3.25401836835793,4.468347330412158
1839,cl2,8,1,4,1,True,1,1,baseline,200,900,24,2672.448545837402,False,3.4269093522441425,4.468347330412158
1840,cl2,8,1,4,1,True,1,1,baseline,200,600,8,907.5796214103699,False,2.9578847357713096,4.296665190261531
1841,cl2,8,1,4,1,True,1,1,baseline,200,600,16,1795.1111371994018,False,3.2540913413702133,4.296665190261531
1842,cl2,8,1,4,1,True,1,1,baseline,200,600,24,2672.707846355438,False,3.426951488629297,4.296665190261531
1843,cl2,8,1,4,1,True,1,1,baseline,100,900,8,1078.0658480644227,False,3.032645288288235,4.463892988985907
1844,cl2,8,1,4,1,True,1,1,baseline,100,900,16,2098.58741312027,False,3.32192706372865,4.463892988985907
1845,cl2,8,1,4,1,True,1,1,baseline,100,900,24,3138.278915977478,False,3.4966915390874242,4.463892988985907
1846,cl2,8,1,4,1,True,1,1,baseline,100,600,8,1078.367449092865,False,3.0327667700548315,4.290034611362518
1847,cl2,8,1,4,1,True,1,1,baseline,100,600,16,2098.738213634491,False,3.321958270185831,4.290034611362518
1848,cl2,8,1,4,1,True,1,1,baseline,100,600,24,3138.429716491699,False,3.496712407295602,4.290034611362518
1849,cl2,8,1,4,1,True,2,1,localBWAware,200,900,8,907.2780203819275,False,2.9577403898341093,4.468347330412158
1850,cl2,8,1,4,1,True,2,1,localBWAware,200,900,16,1794.8095361709595,False,3.25401836835793,4.468347330412158
1851,cl2,8,1,4,1,True,2,1,localBWAware,200,900,24,2672.448545837402,False,3.4269093522441425,4.468347330412158
1852,cl2,8,1,4,1,True,2,1,localBWAware,200,600,8,907.5796214103699,False,2.9578847357713096,4.296665190261531
1853,cl2,8,1,4,1,True,2,1,localBWAware,200,600,16,1795.1111371994018,False,3.2540913413702133,4.296665190261531
1854,cl2,8,1,4,1,True,2,1,localBWAware,200,600,24,2672.707846355438,False,3.426951488629297,4.296665190261531
1855,cl2,8,1,4,1,True,2,1,localBWAware,100,900,8,1078.0658480644227,False,3.032645288288235,4.463892988985907
1856,cl2,8,1,4,1,True,2,1,localBWAware,100,900,16,2098.58741312027,False,3.32192706372865,4.463892988985907
1857,cl2,8,1,4,1,True,2,1,localBWAware,100,900,24,3138.278915977478,False,3.4966915390874242,4.463892988985907
1858,cl2,8,1,4,1,True,2,1,localBWAware,100,600,8,1078.367449092865,False,3.0327667700548315,4.290034611362518
1859,cl2,8,1,4,1,True,2,1,localBWAware,100,600,16,2098.738213634491,False,3.321958270185831,4.290034611362518
1860,cl2,8,1,4,1,True,2,1,localBWAware,100,600,24,3138.429716491699,False,3.496712407295602,4.290034611362518
1861,cl2,8,1,4,1,True,2,1,baseline,200,900,8,907.2780203819275,False,2.9577403898341093,4.468347330412158
1862,cl2,8,1,4,1,True,2,1,baseline,200,900,16,1794.8095361709595,False,3.25401836835793,4.468347330412158
1863,cl2,8,1,4,1,True,2,1,baseline,200,900,24,2672.448545837402,False,3.4269093522441425,4.468347330412158
1864,cl2,8,1,4,1,True,2,1,baseline,200,600,8,907.5796214103699,False,2.9578847357713096,4.296665190261531
1865,cl2,8,1,4,1,True,2,1,baseline,200,600,16,1795.1111371994018,False,3.2540913413702133,4.296665190261531
1866,cl2,8,1,4,1,True,2,1,baseline,200,600,24,2672.707846355438,False,3.426951488629297,4.296665190261531
1867,cl2,8,1,4,1,True,2,1,baseline,100,900,8,1078.0658480644227,False,3.032645288288235,4.463892988985907
1868,cl2,8,1,4,1,True,2,1,baseline,100,900,16,2098.58741312027,False,3.32192706372865,4.463892988985907
1869,cl2,8,1,4,1,True,2,1,baseline,100,900,24,3138.278915977478,False,3.4966915390874242,4.463892988985907
1870,cl2,8,1,4,1,True,2,1,baseline,100,600,8,1078.367449092865,False,3.0327667700548315,4.290034611362518
1871,cl2,8,1,4,1,True,2,1,baseline,100,600,16,2098.738213634491,False,3.321958270185831,4.290034611362518
1872,cl2,8,1,4,1,True,2,1,baseline,100,600,24,3138.429716491699,False,3.496712407295602,4.290034611362518
1873,cl2,8,2,1,2,True,1,1,localBWAware,200,900,8,1577.9777037620543,False,3.198100862497282,4.468347330412158
1874,cl2,8,2,1,2,True,1,1,localBWAware,200,900,16,3152.2306694984436,False,3.498617990170585,4.468347330412158
1875,cl2,8,2,1,2,True,1,1,localBWAware,200,900,24,4726.4836915969845,False,3.674538163729383,4.468347330412158
1876,cl2,8,2,1,2,True,1,1,localBWAware,200,600,8,1578.1285042762756,False,3.198142364162263,4.296665190261531
1877,cl2,8,2,1,2,True,1,1,localBWAware,200,600,16,3152.381470012665,False,3.498638766018411,4.296665190261531
1878,cl2,8,2,1,2,True,1,1,localBWAware,200,600,24,4726.634492111206,False,3.6745520198623387,4.296665190261531
1879,cl2,8,2,1,2,True,1,1,localBWAware,100,900,8,1684.1148533821108,False,3.2263717062189596,4.463892988985907
1880,cl2,8,2,1,2,True,1,1,localBWAware,100,900,16,3361.4026293754578,False,3.5265205354516946,4.463892988985907
1881,cl2,8,2,1,2,True,1,1,localBWAware,100,900,24,5038.69053440094,False,3.7023176857363636,4.463892988985907
1882,cl2,8,2,1,2,True,1,1,localBWAware,100,600,8,1684.265653896332,False,3.226410592461827,4.290034611362518
1883,cl2,8,2,1,2,True,1,1,localBWAware,100,600,16,3361.5534298896787,False,3.526540018497732,4.290034611362518
1884,cl2,8,2,1,2,True,1,1,localBWAware,100,600,24,5038.841334915161,False,3.7023306833298317,4.290034611362518
1885,cl2,8,2,1,2,True,1,1,baseline,200,900,8,1577.9777037620543,False,3.198100862497282,4.468347330412158
1886,cl2,8,2,1,2,True,1,1,baseline,200,900,16,3152.2306694984436,False,3.498617990170585,4.468347330412158
1887,cl2,8,2,1,2,True,1,1,baseline,200,900,24,4726.4836915969845,False,3.674538163729383,4.468347330412158
1888,cl2,8,2,1,2,True,1,1,baseline,200,600,8,1578.1285042762756,False,3.198142364162263,4.296665190261531
1889,cl2,8,2,1,2,True,1,1,baseline,200,600,16,3152.381470012665,False,3.498638766018411,4.296665190261531
1890,cl2,8,2,1,2,True,1,1,baseline,200,600,24,4726.634492111206,False,3.6745520198623387,4.296665190261531
1891,cl2,8,2,1,2,True,1,1,baseline,100,900,8,1684.1148533821108,False,3.2263717062189596,4.463892988985907
1892,cl2,8,2,1,2,True,1,1,baseline,100,900,16,3361.4026293754578,False,3.5265205354516946,4.463892988985907
1893,cl2,8,2,1,2,True,1,1,baseline,100,900,24,5038.69053440094,False,3.7023176857363636,4.463892988985907
1894,cl2,8,2,1,2,True,1,1,baseline,100,600,8,1684.265653896332,False,3.226410592461827,4.290034611362518
1895,cl2,8,2,1,2,True,1,1,baseline,100,600,16,3361.5534298896787,False,3.526540018497732,4.290034611362518
1896,cl2,8,2,1,2,True,1,1,baseline,100,600,24,5038.841334915161,False,3.7023306833298317,4.290034611362518
1897,cl2,8,2,1,2,True,2,1,localBWAware,200,900,8,1577.9777037620543,False,3.198100862497282,4.468347330412158
1898,cl2,8,2,1,2,True,2,1,localBWAware,200,900,16,3152.2306694984436,False,3.498617990170585,4.468347330412158
1899,cl2,8,2,1,2,True,2,1,localBWAware,200,900,24,4726.4836915969845,False,3.674538163729383,4.468347330412158
1900,cl2,8,2,1,2,True,2,1,localBWAware,200,600,8,1578.1285042762756,False,3.198142364162263,4.296665190261531
1901,cl2,8,2,1,2,True,2,1,localBWAware,200,600,16,3152.381470012665,False,3.498638766018411,4.296665190261531
1902,cl2,8,2,1,2,True,2,1,localBWAware,200,600,24,4726.634492111206,False,3.6745520198623387,4.296665190261531
1903,cl2,8,2,1,2,True,2,1,localBWAware,100,900,8,1684.1148533821108,False,3.2263717062189596,4.463892988985907
1904,cl2,8,2,1,2,True,2,1,localBWAware,100,900,16,3361.4026293754578,False,3.5265205354516946,4.463892988985907
1905,cl2,8,2,1,2,True,2,1,localBWAware,100,900,24,5038.69053440094,False,3.7023176857363636,4.463892988985907
1906,cl2,8,2,1,2,True,2,1,localBWAware,100,600,8,1684.265653896332,False,3.226410592461827,4.290034611362518
1907,cl2,8,2,1,2,True,2,1,localBWAware,100,600,16,3361.5534298896787,False,3.526540018497732,4.290034611362518
1908,cl2,8,2,1,2,True,2,1,localBWAware,100,600,24,5038.841334915161,False,3.7023306833298317,4.290034611362518
1909,cl2,8,2,1,2,True,2,1,baseline,200,900,8,1577.9777037620543,False,3.198100862497282,4.468347330412158
1910,cl2,8,2,1,2,True,2,1,baseline,200,900,16,3152.2306694984436,False,3.498617990170585,4.468347330412158
1911,cl2,8,2,1,2,True,2,1,baseline,200,900,24,4726.4836915969845,False,3.674538163729383,4.468347330412158
1912,cl2,8,2,1,2,True,2,1,baseline,200,600,8,1578.1285042762756,False,3.198142364162263,4.296665190261531
1913,cl2,8,2,1,2,True,2,1,baseline,200,600,16,3152.381470012665,False,3.498638766018411,4.296665190261531
1914,cl2,8,2,1,2,True,2,1,baseline,200,600,24,4726.634492111206,False,3.6745520198623387,4.296665190261531
1915,cl2,8,2,1,2,True,2,1,baseline,100,900,8,1684.1148533821108,False,3.2263717062189596,4.463892988985907
1916,cl2,8,2,1,2,True,2,1,baseline,100,900,16,3361.4026293754578,False,3.5265205354516946,4.463892988985907
1917,cl2,8,2,1,2,True,2,1,baseline,100,900,24,5038.69053440094,False,3.7023176857363636,4.463892988985907
1918,cl2,8,2,1,2,True,2,1,baseline,100,600,8,1684.265653896332,False,3.226410592461827,4.290034611362518
1919,cl2,8,2,1,2,True,2,1,baseline,100,600,16,3361.5534298896787,False,3.526540018497732,4.290034611362518
1920,cl2,8,2,1,2,True,2,1,baseline,100,600,24,5038.841334915161,False,3.7023306833298317,4.290034611362518
1921,cl2,8,2,2,1,True,1,1,localBWAware,200,900,8,848.4335909843444,False,2.9286178546704895,4.468347330412158
1922,cl2,8,2,2,1,True,1,1,localBWAware,200,900,16,1683.5817229270933,False,3.226234202372377,4.468347330412158
1923,cl2,8,2,2,1,True,1,1,localBWAware,200,900,24,2520.3739459991452,False,3.401464981509949,4.468347330412158
1924,cl2,8,2,2,1,True,1,1,localBWAware,200,600,8,848.7351920127869,False,2.9287722101654525,4.296665190261531
1925,cl2,8,2,2,1,True,1,1,localBWAware,200,600,16,1683.7325234413145,False,3.226273100928583,4.296665190261531
1926,cl2,8,2,2,1,True,1,1,localBWAware,200,600,24,2520.5247465133666,False,3.4014909656985663,4.296665190261531
1927,cl2,8,2,2,1,True,1,1,localBWAware,100,900,8,983.790735912323,False,2.9929027286104835,4.463892988985907
1928,cl2,8,2,2,1,True,1,1,localBWAware,100,900,16,1898.5221487998963,False,3.2784156681313155,4.463892988985907
1929,cl2,8,2,2,1,True,1,1,localBWAware,100,900,24,2834.0297538757327,False,3.45240440550079,4.463892988985907
1930,cl2,8,2,2,1,True,1,1,localBWAware,100,600,8,984.5161437034607,False,2.9932228419204017,4.290034611362518
1931,cl2,8,2,2,1,True,1,1,localBWAware,100,600,16,1898.8237498283386,False,3.27848465508492,4.290034611362518
1932,cl2,8,2,2,1,True,1,1,localBWAware,100,600,24,2834.1805543899536,False,3.45242751396983,4.290034611362518
1933,cl2,8,2,2,1,True,1,1,baseline,200,900,8,848.4335909843444,False,2.9286178546704895,4.468347330412158
1934,cl2,8,2,2,1,True,1,1,baseline,200,900,16,1683.5817229270933,False,3.226234202372377,4.468347330412158
1935,cl2,8,2,2,1,True,1,1,baseline,200,900,24,2520.3739459991452,False,3.401464981509949,4.468347330412158
1936,cl2,8,2,2,1,True,1,1,baseline,200,600,8,848.7351920127869,False,2.9287722101654525,4.296665190261531
1937,cl2,8,2,2,1,True,1,1,baseline,200,600,16,1683.7325234413145,False,3.226273100928583,4.296665190261531
1938,cl2,8,2,2,1,True,1,1,baseline,200,600,24,2520.5247465133666,False,3.4014909656985663,4.296665190261531
1939,cl2,8,2,2,1,True,1,1,baseline,100,900,8,983.790735912323,False,2.9929027286104835,4.463892988985907
1940,cl2,8,2,2,1,True,1,1,baseline,100,900,16,1898.5221487998963,False,3.2784156681313155,4.463892988985907
1941,cl2,8,2,2,1,True,1,1,baseline,100,900,24,2834.0297538757327,False,3.45240440550079,4.463892988985907
1942,cl2,8,2,2,1,True,1,1,baseline,100,600,8,984.5161437034607,False,2.9932228419204017,4.290034611362518
1943,cl2,8,2,2,1,True,1,1,baseline,100,600,16,1898.8237498283386,False,3.27848465508492,4.290034611362518
1944,cl2,8,2,2,1,True,1,1,baseline,100,600,24,2834.1805543899536,False,3.45242751396983,4.290034611362518
1945,cl2,8,2,2,1,True,2,1,localBWAware,200,900,8,848.4335909843444,False,2.9286178546704895,4.468347330412158
1946,cl2,8,2,2,1,True,2,1,localBWAware,200,900,16,1683.5817229270933,False,3.226234202372377,4.468347330412158
1947,cl2,8,2,2,1,True,2,1,localBWAware,200,900,24,2520.3739459991452,False,3.401464981509949,4.468347330412158
1948,cl2,8,2,2,1,True,2,1,localBWAware,200,600,8,848.7351920127869,False,2.9287722101654525,4.296665190261531
1949,cl2,8,2,2,1,True,2,1,localBWAware,200,600,16,1683.7325234413145,False,3.226273100928583,4.296665190261531
1950,cl2,8,2,2,1,True,2,1,localBWAware,200,600,24,2520.5247465133666,False,3.4014909656985663,4.296665190261531
1951,cl2,8,2,2,1,True,2,1,localBWAware,100,900,8,983.790735912323,False,2.9929027286104835,4.463892988985907
1952,cl2,8,2,2,1,True,2,1,localBWAware,100,900,16,1898.5221487998963,False,3.2784156681313155,4.463892988985907
1953,cl2,8,2,2,1,True,2,1,localBWAware,100,900,24,2834.0297538757327,False,3.45240440550079,4.463892988985907
1954,cl2,8,2,2,1,True,2,1,localBWAware,100,600,8,984.5161437034607,False,2.9932228419204017,4.290034611362518
1955,cl2,8,2,2,1,True,2,1,localBWAware,100,600,16,1898.8237498283386,False,3.27848465508492,4.290034611362518
1956,cl2,8,2,2,1,True,2,1,localBWAware,100,600,24,2834.1805543899536,False,3.45242751396983,4.290034611362518
1957,cl2,8,2,2,1,True,2,1,baseline,200,900,8,848.4335909843444,False,2.9286178546704895,4.468347330412158
1958,cl2,8,2,2,1,True,2,1,baseline,200,900,16,1683.5817229270933,False,3.226234202372377,4.468347330412158
1959,cl2,8,2,2,1,True,2,1,baseline,200,900,24,2520.3739459991452,False,3.401464981509949,4.468347330412158
1960,cl2,8,2,2,1,True,2,1,baseline,200,600,8,848.7351920127869,False,2.9287722101654525,4.296665190261531
1961,cl2,8,2,2,1,True,2,1,baseline,200,600,16,1683.7325234413145,False,3.226273100928583,4.296665190261531
1962,cl2,8,2,2,1,True,2,1,baseline,200,600,24,2520.5247465133666,False,3.4014909656985663,4.296665190261531
1963,cl2,8,2,2,1,True,2,1,baseline,100,900,8,983.790735912323,False,2.9929027286104835,4.463892988985907
1964,cl2,8,2,2,1,True,2,1,baseline,100,900,16,1898.5221487998963,False,3.2784156681313155,4.463892988985907
1965,cl2,8,2,2,1,True,2,1,baseline,100,900,24,2834.0297538757327,False,3.45240440550079,4.463892988985907
1966,cl2,8,2,2,1,True,2,1,baseline,100,600,8,984.5161437034607,False,2.9932228419204017,4.290034611362518
1967,cl2,8,2,2,1,True,2,1,baseline,100,600,16,1898.8237498283386,False,3.27848465508492,4.290034611362518
1968,cl2,8,2,2,1,True,2,1,baseline,100,600,24,2834.1805543899536,False,3.45242751396983,4.290034611362518
1969,cl2,8,4,1,1,True,1,1,localBWAware,200,900,8,1060.8129335403441,False,3.025638806055948,4.468347330412158
1970,cl2,8,4,1,1,True,1,1,localBWAware,200,900,16,1988.1636154174805,False,3.298452121685573,4.468347330412158
1971,cl2,8,4,1,1,True,1,1,localBWAware,200,900,24,3133.097921562195,False,3.4959739684947118,4.468347330412158
1972,cl2,8,4,1,1,True,1,1,localBWAware,200,600,8,1061.1145345687867,False,3.02576226330436,4.296665190261531
1973,cl2,8,4,1,1,True,1,1,localBWAware,200,600,16,1988.4595398902893,False,3.298516758620389,4.296665190261531
1974,cl2,8,4,1,1,True,1,1,localBWAware,200,600,24,3133.314237213135,False,3.496003952061451,4.296665190261531
1975,cl2,8,4,1,1,True,1,1,localBWAware,100,900,8,1383.7754316329956,False,3.1410656156149686,4.463892988985907
1976,cl2,8,4,1,1,True,1,1,localBWAware,100,900,16,2712.669462490082,False,3.4333968784051447,4.463892988985907
1977,cl2,8,4,1,1,True,1,1,localBWAware,100,900,24,4055.452083206177,False,3.6080392744036507,4.463892988985907
1978,cl2,8,4,1,1,True,1,1,localBWAware,100,600,8,1384.077032661438,False,3.1411602620346004,4.290034611362518
1979,cl2,8,4,1,1,True,1,1,localBWAware,100,600,16,2712.9710635185243,False,3.433445161612223,4.290034611362518
1980,cl2,8,4,1,1,True,1,1,localBWAware,100,600,24,4055.602883720398,False,3.608055423186138,4.290034611362518
1981,cl2,8,4,1,1,True,1,1,baseline,200,900,8,1060.8129335403441,False,3.025638806055948,4.468347330412158
1982,cl2,8,4,1,1,True,1,1,baseline,200,900,16,1988.1636154174805,False,3.298452121685573,4.468347330412158
1983,cl2,8,4,1,1,True,1,1,baseline,200,900,24,3133.097921562195,False,3.4959739684947118,4.468347330412158
1984,cl2,8,4,1,1,True,1,1,baseline,200,600,8,1061.1145345687867,False,3.02576226330436,4.296665190261531
1985,cl2,8,4,1,1,True,1,1,baseline,200,600,16,1988.4595398902893,False,3.298516758620389,4.296665190261531
1986,cl2,8,4,1,1,True,1,1,baseline,200,600,24,3133.314237213135,False,3.496003952061451,4.296665190261531
1987,cl2,8,4,1,1,True,1,1,baseline,100,900,8,1383.7754316329956,False,3.1410656156149686,4.463892988985907
1988,cl2,8,4,1,1,True,1,1,baseline,100,900,16,2712.669462490082,False,3.4333968784051447,4.463892988985907
1989,cl2,8,4,1,1,True,1,1,baseline,100,900,24,4055.452083206177,False,3.6080392744036507,4.463892988985907
1990,cl2,8,4,1,1,True,1,1,baseline,100,600,8,1384.077032661438,False,3.1411602620346004,4.290034611362518
1991,cl2,8,4,1,1,True,1,1,baseline,100,600,16,2712.9710635185243,False,3.433445161612223,4.290034611362518
1992,cl2,8,4,1,1,True,1,1,baseline,100,600,24,4055.602883720398,False,3.608055423186138,4.290034611362518
1993,cl2,8,4,1,1,True,2,1,localBWAware,200,900,8,1060.8129335403441,False,3.025638806055948,4.468347330412158
1994,cl2,8,4,1,1,True,2,1,localBWAware,200,900,16,1988.1636154174805,False,3.298452121685573,4.468347330412158
1995,cl2,8,4,1,1,True,2,1,localBWAware,200,900,24,3133.097921562195,False,3.4959739684947118,4.468347330412158
1996,cl2,8,4,1,1,True,2,1,localBWAware,200,600,8,1061.1145345687867,False,3.02576226330436,4.296665190261531
1997,cl2,8,4,1,1,True,2,1,localBWAware,200,600,16,1988.4595398902893,False,3.298516758620389,4.296665190261531
1998,cl2,8,4,1,1,True,2,1,localBWAware,200,600,24,3133.314237213135,False,3.496003952061451,4.296665190261531
1999,cl2,8,4,1,1,True,2,1,localBWAware,100,900,8,1383.7754316329956,False,3.1410656156149686,4.463892988985907
2000,cl2,8,4,1,1,True,2,1,localBWAware,100,900,16,2712.669462490082,False,3.4333968784051447,4.463892988985907
2001,cl2,8,4,1,1,True,2,1,localBWAware,100,900,24,4055.452083206177,False,3.6080392744036507,4.463892988985907
2002,cl2,8,4,1,1,True,2,1,localBWAware,100,600,8,1384.077032661438,False,3.1411602620346004,4.290034611362518
2003,cl2,8,4,1,1,True,2,1,localBWAware,100,600,16,2712.9710635185243,False,3.433445161612223,4.290034611362518
2004,cl2,8,4,1,1,True,2,1,localBWAware,100,600,24,4055.602883720398,False,3.608055423186138,4.290034611362518
2005,cl2,8,4,1,1,True,2,1,baseline,200,900,8,1060.8129335403441,False,3.025638806055948,4.468347330412158
2006,cl2,8,4,1,1,True,2,1,baseline,200,900,16,1988.1636154174805,False,3.298452121685573,4.468347330412158
2007,cl2,8,4,1,1,True,2,1,baseline,200,900,24,3133.097921562195,False,3.4959739684947118,4.468347330412158
2008,cl2,8,4,1,1,True,2,1,baseline,200,600,8,1061.1145345687867,False,3.02576226330436,4.296665190261531
2009,cl2,8,4,1,1,True,2,1,baseline,200,600,16,1988.4595398902893,False,3.298516758620389,4.296665190261531
2010,cl2,8,4,1,1,True,2,1,baseline,200,600,24,3133.314237213135,False,3.496003952061451,4.296665190261531
2011,cl2,8,4,1,1,True,2,1,baseline,100,900,8,1383.7754316329956,False,3.1410656156149686,4.463892988985907
2012,cl2,8,4,1,1,True,2,1,baseline,100,900,16,2712.669462490082,False,3.4333968784051447,4.463892988985907
2013,cl2,8,4,1,1,True,2,1,baseline,100,900,24,4055.452083206177,False,3.6080392744036507,4.463892988985907
2014,cl2,8,4,1,1,True,2,1,baseline,100,600,8,1384.077032661438,False,3.1411602620346004,4.290034611362518
2015,cl2,8,4,1,1,True,2,1,baseline,100,600,16,2712.9710635185243,False,3.433445161612223,4.290034611362518
2016,cl2,8,4,1,1,True,2,1,baseline,100,600,24,4055.602883720398,False,3.608055423186138,4.290034611362518
2017,cl2,16,1,1,2,True,1,1,localBWAware,200,900,8,1472.1668147563935,False,3.1679570237402643,4.468347330412158
2018,cl2,16,1,1,2,True,1,1,localBWAware,200,900,16,2943.502866840363,False,3.4688644631318275,4.468347330412158
2019,cl2,16,1,1,2,True,1,1,localBWAware,200,900,24,4414.838905763626,True,1e+20,1e+20
2020,cl2,16,1,1,2,True,1,1,localBWAware,200,600,8,1472.1557982444763,False,3.167953773817641,4.296665190261531
2021,cl2,16,1,1,2,True,1,1,localBWAware,200,600,16,2943.4918503284453,False,3.468862837714933,4.296665190261531
2022,cl2,16,1,1,2,True,1,1,localBWAware,200,600,24,4414.827889251709,True,1e+20,1e+20
2023,cl2,16,1,1,2,True,1,1,localBWAware,100,900,8,1474.4549446105957,False,3.1686315062157533,4.463892988985907
2024,cl2,16,1,1,2,True,1,1,localBWAware,100,900,16,2947.3761484622955,False,3.4694355646850243,4.463892988985907
2025,cl2,16,1,1,2,True,1,1,localBWAware,100,900,24,4420.297339439392,True,1e+20,1e+20
2026,cl2,16,1,1,2,True,1,1,localBWAware,100,600,8,1474.479066324234,False,3.168638611106598,4.290034611362518
2027,cl2,16,1,1,2,True,1,1,localBWAware,100,600,16,2947.4002701759337,False,3.4694391189935794,4.290034611362518
2028,cl2,16,1,1,2,True,1,1,localBWAware,100,600,24,4420.32146115303,True,1e+20,1e+20
2029,cl2,16,1,1,2,True,1,1,baseline,200,900,8,1472.1668147563935,False,3.1679570237402643,4.468347330412158
2030,cl2,16,1,1,2,True,1,1,baseline,200,900,16,2943.502866840363,False,3.4688644631318275,4.468347330412158
2031,cl2,16,1,1,2,True,1,1,baseline,200,900,24,4414.838905763626,True,1e+20,1e+20
2032,cl2,16,1,1,2,True,1,1,baseline,200,600,8,1472.1557982444763,False,3.167953773817641,4.296665190261531
2033,cl2,16,1,1,2,True,1,1,baseline,200,600,16,2943.4918503284453,False,3.468862837714933,4.296665190261531
2034,cl2,16,1,1,2,True,1,1,baseline,200,600,24,4414.827889251709,True,1e+20,1e+20
2035,cl2,16,1,1,2,True,1,1,baseline,100,900,8,1474.4549446105957,False,3.1686315062157533,4.463892988985907
2036,cl2,16,1,1,2,True,1,1,baseline,100,900,16,2947.3761484622955,False,3.4694355646850243,4.463892988985907
2037,cl2,16,1,1,2,True,1,1,baseline,100,900,24,4420.297339439392,True,1e+20,1e+20
2038,cl2,16,1,1,2,True,1,1,baseline,100,600,8,1474.479066324234,False,3.168638611106598,4.290034611362518
2039,cl2,16,1,1,2,True,1,1,baseline,100,600,16,2947.4002701759337,False,3.4694391189935794,4.290034611362518
2040,cl2,16,1,1,2,True,1,1,baseline,100,600,24,4420.32146115303,True,1e+20,1e+20
2041,cl2,16,1,1,2,True,2,1,localBWAware,200,900,8,1472.1668147563935,False,3.1679570237402643,4.468347330412158
2042,cl2,16,1,1,2,True,2,1,localBWAware,200,900,16,2943.502866840363,False,3.4688644631318275,4.468347330412158
2043,cl2,16,1,1,2,True,2,1,localBWAware,200,900,24,4414.838905763626,True,1e+20,1e+20
2044,cl2,16,1,1,2,True,2,1,localBWAware,200,600,8,1472.1557982444763,False,3.167953773817641,4.296665190261531
2045,cl2,16,1,1,2,True,2,1,localBWAware,200,600,16,2943.4918503284453,False,3.468862837714933,4.296665190261531
2046,cl2,16,1,1,2,True,2,1,localBWAware,200,600,24,4414.827889251709,True,1e+20,1e+20
2047,cl2,16,1,1,2,True,2,1,localBWAware,100,900,8,1474.4549446105957,False,3.1686315062157533,4.463892988985907
2048,cl2,16,1,1,2,True,2,1,localBWAware,100,900,16,2947.3761484622955,False,3.4694355646850243,4.463892988985907
2049,cl2,16,1,1,2,True,2,1,localBWAware,100,900,24,4420.297339439392,True,1e+20,1e+20
2050,cl2,16,1,1,2,True,2,1,localBWAware,100,600,8,1474.479066324234,False,3.168638611106598,4.290034611362518
2051,cl2,16,1,1,2,True,2,1,localBWAware,100,600,16,2947.4002701759337,False,3.4694391189935794,4.290034611362518
2052,cl2,16,1,1,2,True,2,1,localBWAware,100,600,24,4420.32146115303,True,1e+20,1e+20
2053,cl2,16,1,1,2,True,2,1,baseline,200,900,8,1472.1668147563935,False,3.1679570237402643,4.468347330412158
2054,cl2,16,1,1,2,True,2,1,baseline,200,900,16,2943.502866840363,False,3.4688644631318275,4.468347330412158
2055,cl2,16,1,1,2,True,2,1,baseline,200,900,24,4414.838905763626,True,1e+20,1e+20
2056,cl2,16,1,1,2,True,2,1,baseline,200,600,8,1472.1557982444763,False,3.167953773817641,4.296665190261531
2057,cl2,16,1,1,2,True,2,1,baseline,200,600,16,2943.4918503284453,False,3.468862837714933,4.296665190261531
2058,cl2,16,1,1,2,True,2,1,baseline,200,600,24,4414.827889251709,True,1e+20,1e+20
2059,cl2,16,1,1,2,True,2,1,baseline,100,900,8,1474.4549446105957,False,3.1686315062157533,4.463892988985907
2060,cl2,16,1,1,2,True,2,1,baseline,100,900,16,2947.3761484622955,False,3.4694355646850243,4.463892988985907
2061,cl2,16,1,1,2,True,2,1,baseline,100,900,24,4420.297339439392,True,1e+20,1e+20
2062,cl2,16,1,1,2,True,2,1,baseline,100,600,8,1474.479066324234,False,3.168638611106598,4.290034611362518
2063,cl2,16,1,1,2,True,2,1,baseline,100,600,16,2947.4002701759337,False,3.4694391189935794,4.290034611362518
2064,cl2,16,1,1,2,True,2,1,baseline,100,600,24,4420.32146115303,True,1e+20,1e+20
2065,cl2,16,1,2,1,True,1,1,localBWAware,200,900,8,789.1841829299926,False,2.8971783724049613,4.468347330412158
2066,cl2,16,1,2,1,True,1,1,localBWAware,200,900,16,1574.5179546833037,False,3.1971476173862965,4.468347330412158
2067,cl2,16,1,2,1,True,1,1,localBWAware,200,900,24,2359.851767635346,False,3.3728847239362727,4.468347330412158
2068,cl2,16,1,2,1,True,1,1,localBWAware,200,600,8,789.1410597324372,False,2.8971546407098216,4.296665190261531
2069,cl2,16,1,2,1,True,1,1,localBWAware,200,600,16,1574.4748314857484,False,3.197135722683442,4.296665190261531
2070,cl2,16,1,2,1,True,1,1,localBWAware,200,600,24,2359.8086444377896,False,3.372876787701414,4.296665190261531
2071,cl2,16,1,2,1,True,1,1,localBWAware,100,900,8,843.6559089660644,False,2.9261653526592992,4.463892988985907
2072,cl2,16,1,2,1,True,1,1,localBWAware,100,900,16,1679.7145464420319,False,3.2252354832506356,4.463892988985907
2073,cl2,16,1,2,1,True,1,1,localBWAware,100,900,24,2515.773206806183,False,3.400671487539501,4.463892988985907
2074,cl2,16,1,2,1,True,1,1,localBWAware,100,600,8,843.759994840622,False,2.9262189303468387,4.290034611362518
2075,cl2,16,1,2,1,True,1,1,localBWAware,100,600,16,1679.8186323165894,False,3.22526239408531,4.290034611362518
2076,cl2,16,1,2,1,True,1,1,localBWAware,100,600,24,2515.8772926807405,False,3.4006894553697293,4.290034611362518
2077,cl2,16,1,2,1,True,1,1,baseline,200,900,8,789.1841829299926,False,2.8971783724049613,4.468347330412158
2078,cl2,16,1,2,1,True,1,1,baseline,200,900,16,1574.5179546833037,False,3.1971476173862965,4.468347330412158
2079,cl2,16,1,2,1,True,1,1,baseline,200,900,24,2359.851767635346,False,3.3728847239362727,4.468347330412158
2080,cl2,16,1,2,1,True,1,1,baseline,200,600,8,789.1410597324372,False,2.8971546407098216,4.296665190261531
2081,cl2,16,1,2,1,True,1,1,baseline,200,600,16,1574.4748314857484,False,3.197135722683442,4.296665190261531
2082,cl2,16,1,2,1,True,1,1,baseline,200,600,24,2359.8086444377896,False,3.372876787701414,4.296665190261531
2083,cl2,16,1,2,1,True,1,1,baseline,100,900,8,843.6559089660644,False,2.9261653526592992,4.463892988985907
2084,cl2,16,1,2,1,True,1,1,baseline,100,900,16,1679.7145464420319,False,3.2252354832506356,4.463892988985907
2085,cl2,16,1,2,1,True,1,1,baseline,100,900,24,2515.773206806183,False,3.400671487539501,4.463892988985907
2086,cl2,16,1,2,1,True,1,1,baseline,100,600,8,843.759994840622,False,2.9262189303468387,4.290034611362518
2087,cl2,16,1,2,1,True,1,1,baseline,100,600,16,1679.8186323165894,False,3.22526239408531,4.290034611362518
2088,cl2,16,1,2,1,True,1,1,baseline,100,600,24,2515.8772926807405,False,3.4006894553697293,4.290034611362518
2089,cl2,16,1,2,1,True,2,1,localBWAware,200,900,8,789.1841829299926,False,2.8971783724049613,4.468347330412158
2090,cl2,16,1,2,1,True,2,1,localBWAware,200,900,16,1574.5179546833037,False,3.1971476173862965,4.468347330412158
2091,cl2,16,1,2,1,True,2,1,localBWAware,200,900,24,2359.851767635346,False,3.3728847239362727,4.468347330412158
2092,cl2,16,1,2,1,True,2,1,localBWAware,200,600,8,789.1410597324372,False,2.8971546407098216,4.296665190261531
2093,cl2,16,1,2,1,True,2,1,localBWAware,200,600,16,1574.4748314857484,False,3.197135722683442,4.296665190261531
2094,cl2,16,1,2,1,True,2,1,localBWAware,200,600,24,2359.8086444377896,False,3.372876787701414,4.296665190261531
2095,cl2,16,1,2,1,True,2,1,localBWAware,100,900,8,843.6559089660644,False,2.9261653526592992,4.463892988985907
2096,cl2,16,1,2,1,True,2,1,localBWAware,100,900,16,1679.7145464420319,False,3.2252354832506356,4.463892988985907
2097,cl2,16,1,2,1,True,2,1,localBWAware,100,900,24,2515.773206806183,False,3.400671487539501,4.463892988985907
2098,cl2,16,1,2,1,True,2,1,localBWAware,100,600,8,843.759994840622,False,2.9262189303468387,4.290034611362518
2099,cl2,16,1,2,1,True,2,1,localBWAware,100,600,16,1679.8186323165894,False,3.22526239408531,4.290034611362518
2100,cl2,16,1,2,1,True,2,1,localBWAware,100,600,24,2515.8772926807405,False,3.4006894553697293,4.290034611362518
2101,cl2,16,1,2,1,True,2,1,baseline,200,900,8,789.1841829299926,False,2.8971783724049613,4.468347330412158
2102,cl2,16,1,2,1,True,2,1,baseline,200,900,16,1574.5179546833037,False,3.1971476173862965,4.468347330412158
2103,cl2,16,1,2,1,True,2,1,baseline,200,900,24,2359.851767635346,False,3.3728847239362727,4.468347330412158
2104,cl2,16,1,2,1,True,2,1,baseline,200,600,8,789.1410597324372,False,2.8971546407098216,4.296665190261531
2105,cl2,16,1,2,1,True,2,1,baseline,200,600,16,1574.4748314857484,False,3.197135722683442,4.296665190261531
2106,cl2,16,1,2,1,True,2,1,baseline,200,600,24,2359.8086444377896,False,3.372876787701414,4.296665190261531
2107,cl2,16,1,2,1,True,2,1,baseline,100,900,8,843.6559089660644,False,2.9261653526592992,4.463892988985907
2108,cl2,16,1,2,1,True,2,1,baseline,100,900,16,1679.7145464420319,False,3.2252354832506356,4.463892988985907
2109,cl2,16,1,2,1,True,2,1,baseline,100,900,24,2515.773206806183,False,3.400671487539501,4.463892988985907
2110,cl2,16,1,2,1,True,2,1,baseline,100,600,8,843.759994840622,False,2.9262189303468387,4.290034611362518
2111,cl2,16,1,2,1,True,2,1,baseline,100,600,16,1679.8186323165894,False,3.22526239408531,4.290034611362518
2112,cl2,16,1,2,1,True,2,1,baseline,100,600,24,2515.8772926807405,False,3.4006894553697293,4.290034611362518
2113,cl2,16,2,1,1,True,1,1,localBWAware,200,900,8,840.9176229000091,False,2.924753453976003,4.468347330412158
2114,cl2,16,2,1,1,True,1,1,localBWAware,200,900,16,1677.9849563598634,False,3.2247880629294,4.468347330412158
2115,cl2,16,2,1,1,True,1,1,localBWAware,200,900,24,2515.0523539066317,False,3.4005470298595823,4.468347330412158
2116,cl2,16,2,1,1,True,1,1,localBWAware,200,600,8,840.8744997024536,False,2.9247311822974846,4.296665190261531
2117,cl2,16,2,1,1,True,1,1,localBWAware,200,600,16,1677.9418331623076,False,3.2247769016807104,4.296665190261531
2118,cl2,16,2,1,1,True,1,1,localBWAware,200,600,24,2515.009230709076,False,3.40053958336358,4.296665190261531
2119,cl2,16,2,1,1,True,1,1,localBWAware,100,900,8,946.114232969284,False,2.9759435758871127,4.463892988985907
2120,cl2,16,2,1,1,True,1,1,localBWAware,100,900,16,1884.6312978744506,False,3.275226399124982,4.463892988985907
2121,cl2,16,2,1,1,True,1,1,localBWAware,100,900,24,2823.148390245438,False,3.450733706121079,4.463892988985907
2122,cl2,16,2,1,1,True,1,1,localBWAware,100,600,8,946.2183188438415,False,2.975991351761355,4.290034611362518
2123,cl2,16,2,1,1,True,1,1,localBWAware,100,600,16,1884.7353837490082,False,3.2752503840141127,4.290034611362518
2124,cl2,16,2,1,1,True,1,1,localBWAware,100,600,24,2823.252476119995,False,3.450749717708651,4.290034611362518
2125,cl2,16,2,1,1,True,1,1,baseline,200,900,8,840.9176229000091,False,2.924753453976003,4.468347330412158
2126,cl2,16,2,1,1,True,1,1,baseline,200,900,16,1677.9849563598634,False,3.2247880629294,4.468347330412158
2127,cl2,16,2,1,1,True,1,1,baseline,200,900,24,2515.0523539066317,False,3.4005470298595823,4.468347330412158
2128,cl2,16,2,1,1,True,1,1,baseline,200,600,8,840.8744997024536,False,2.9247311822974846,4.296665190261531
2129,cl2,16,2,1,1,True,1,1,baseline,200,600,16,1677.9418331623076,False,3.2247769016807104,4.296665190261531
2130,cl2,16,2,1,1,True,1,1,baseline,200,600,24,2515.009230709076,False,3.40053958336358,4.296665190261531
2131,cl2,16,2,1,1,True,1,1,baseline,100,900,8,946.114232969284,False,2.9759435758871127,4.463892988985907
2132,cl2,16,2,1,1,True,1,1,baseline,100,900,16,1884.6312978744506,False,3.275226399124982,4.463892988985907
2133,cl2,16,2,1,1,True,1,1,baseline,100,900,24,2823.148390245438,False,3.450733706121079,4.463892988985907
2134,cl2,16,2,1,1,True,1,1,baseline,100,600,8,946.2183188438415,False,2.975991351761355,4.290034611362518
2135,cl2,16,2,1,1,True,1,1,baseline,100,600,16,1884.7353837490082,False,3.2752503840141127,4.290034611362518
2136,cl2,16,2,1,1,True,1,1,baseline,100,600,24,2823.252476119995,False,3.450749717708651,4.290034611362518
2137,cl2,16,2,1,1,True,2,1,localBWAware,200,900,8,840.9176229000091,False,2.924753453976003,4.468347330412158
2138,cl2,16,2,1,1,True,2,1,localBWAware,200,900,16,1677.9849563598634,False,3.2247880629294,4.468347330412158
2139,cl2,16,2,1,1,True,2,1,localBWAware,200,900,24,2515.0523539066317,False,3.4005470298595823,4.468347330412158
2140,cl2,16,2,1,1,True,2,1,localBWAware,200,600,8,840.8744997024536,False,2.9247311822974846,4.296665190261531
2141,cl2,16,2,1,1,True,2,1,localBWAware,200,600,16,1677.9418331623076,False,3.2247769016807104,4.296665190261531
2142,cl2,16,2,1,1,True,2,1,localBWAware,200,600,24,2515.009230709076,False,3.40053958336358,4.296665190261531
2143,cl2,16,2,1,1,True,2,1,localBWAware,100,900,8,946.114232969284,False,2.9759435758871127,4.463892988985907
2144,cl2,16,2,1,1,True,2,1,localBWAware,100,900,16,1884.6312978744506,False,3.275226399124982,4.463892988985907
2145,cl2,16,2,1,1,True,2,1,localBWAware,100,900,24,2823.148390245438,False,3.450733706121079,4.463892988985907
2146,cl2,16,2,1,1,True,2,1,localBWAware,100,600,8,946.2183188438415,False,2.975991351761355,4.290034611362518
2147,cl2,16,2,1,1,True,2,1,localBWAware,100,600,16,1884.7353837490082,False,3.2752503840141127,4.290034611362518
2148,cl2,16,2,1,1,True,2,1,localBWAware,100,600,24,2823.252476119995,False,3.450749717708651,4.290034611362518
2149,cl2,16,2,1,1,True,2,1,baseline,200,900,8,840.9176229000091,False,2.924753453976003,4.468347330412158
2150,cl2,16,2,1,1,True,2,1,baseline,200,900,16,1677.9849563598634,False,3.2247880629294,4.468347330412158
2151,cl2,16,2,1,1,True,2,1,baseline,200,900,24,2515.0523539066317,False,3.4005470298595823,4.468347330412158
2152,cl2,16,2,1,1,True,2,1,baseline,200,600,8,840.8744997024536,False,2.9247311822974846,4.296665190261531
2153,cl2,16,2,1,1,True,2,1,baseline,200,600,16,1677.9418331623076,False,3.2247769016807104,4.296665190261531
2154,cl2,16,2,1,1,True,2,1,baseline,200,600,24,2515.009230709076,False,3.40053958336358,4.296665190261531
2155,cl2,16,2,1,1,True,2,1,baseline,100,900,8,946.114232969284,False,2.9759435758871127,4.463892988985907
2156,cl2,16,2,1,1,True,2,1,baseline,100,900,16,1884.6312978744506,False,3.275226399124982,4.463892988985907
2157,cl2,16,2,1,1,True,2,1,baseline,100,900,24,2823.148390245438,False,3.450733706121079,4.463892988985907
2158,cl2,16,2,1,1,True,2,1,baseline,100,600,8,946.2183188438415,False,2.975991351761355,4.290034611362518
2159,cl2,16,2,1,1,True,2,1,baseline,100,600,16,1884.7353837490082,False,3.2752503840141127,4.290034611362518
2160,cl2,16,2,1,1,True,2,1,baseline,100,600,24,2823.252476119995,False,3.450749717708651,4.290034611362518
2161,cl2,32,1,1,1,True,1,1,localBWAware,200,900,8,735.4854157447814,False,2.8665740653376997,4.468347330412158
2162,cl2,32,1,1,1,True,1,1,localBWAware,200,900,16,1470.3694629192353,True,1e+20,1e+20
2163,cl2,32,1,1,1,True,1,1,localBWAware,200,900,24,2205.253503227234,True,1e+20,1e+20
2164,cl2,32,1,1,1,True,1,1,localBWAware,200,600,8,735.560816001892,False,2.866618585917569,4.296665190261531
2165,cl2,32,1,1,1,True,1,1,localBWAware,200,600,16,1470.4448631763457,True,1e+20,1e+20
2166,cl2,32,1,1,1,True,1,1,localBWAware,200,600,24,2205.328903484344,True,1e+20,1e+20
2167,cl2,32,1,1,1,True,1,1,localBWAware,100,900,8,735.8731902122498,False,2.86680298072877,4.463892988985907
2168,cl2,32,1,1,1,True,1,1,localBWAware,100,900,16,1470.7572373867033,True,1e+20,1e+20
2169,cl2,32,1,1,1,True,1,1,localBWAware,100,900,24,2205.6412776947022,True,1e+20,1e+20
2170,cl2,32,1,1,1,True,1,1,localBWAware,100,600,8,735.9485904693604,False,2.866847477849353,4.290034611362518
2171,cl2,32,1,1,1,True,1,1,localBWAware,100,600,16,1470.832637643814,True,1e+20,1e+20
2172,cl2,32,1,1,1,True,1,1,localBWAware,100,600,24,2205.716677951813,True,1e+20,1e+20
2173,cl2,32,1,1,1,True,1,1,baseline,200,900,8,739.7509268760681,False,2.8690855179853028,4.468347330412158
2174,cl2,32,1,1,1,True,1,1,baseline,200,900,16,1474.6349740505218,True,1e+20,1e+20
2175,cl2,32,1,1,1,True,1,1,baseline,200,900,24,2209.5190143585205,True,1e+20,1e+20
2176,cl2,32,1,1,1,True,1,1,baseline,200,600,8,739.8263271331788,False,2.869129781866133,4.296665190261531
2177,cl2,32,1,1,1,True,1,1,baseline,200,600,16,1474.7103743076325,True,1e+20,1e+20
2178,cl2,32,1,1,1,True,1,1,baseline,200,600,24,2209.594414615631,True,1e+20,1e+20
2179,cl2,32,1,1,1,True,1,1,baseline,100,900,8,744.404215335846,False,2.8718088237439443,4.463892988985907
2180,cl2,32,1,1,1,True,1,1,baseline,100,900,16,1479.2882625102998,True,1e+20,1e+20
2181,cl2,32,1,1,1,True,1,1,baseline,100,900,24,2214.1723028182982,True,1e+20,1e+20
2182,cl2,32,1,1,1,True,1,1,baseline,100,600,8,744.4796155929565,False,2.8718528109442145,4.290034611362518
2183,cl2,32,1,1,1,True,1,1,baseline,100,600,16,1479.3636627674102,True,1e+20,1e+20
2184,cl2,32,1,1,1,True,1,1,baseline,100,600,24,2214.247703075409,True,1e+20,1e+20
2185,cl2,32,1,1,1,True,2,1,localBWAware,200,900,8,735.4854157447814,False,2.8665740653376997,4.468347330412158
2186,cl2,32,1,1,1,True,2,1,localBWAware,200,900,16,1470.3694629192353,True,1e+20,1e+20
2187,cl2,32,1,1,1,True,2,1,localBWAware,200,900,24,2205.253503227234,True,1e+20,1e+20
2188,cl2,32,1,1,1,True,2,1,localBWAware,200,600,8,735.560816001892,False,2.866618585917569,4.296665190261531
2189,cl2,32,1,1,1,True,2,1,localBWAware,200,600,16,1470.4448631763457,True,1e+20,1e+20
2190,cl2,32,1,1,1,True,2,1,localBWAware,200,600,24,2205.328903484344,True,1e+20,1e+20
2191,cl2,32,1,1,1,True,2,1,localBWAware,100,900,8,735.8731902122498,False,2.86680298072877,4.463892988985907
2192,cl2,32,1,1,1,True,2,1,localBWAware,100,900,16,1470.7572373867033,True,1e+20,1e+20
2193,cl2,32,1,1,1,True,2,1,localBWAware,100,900,24,2205.6412776947022,True,1e+20,1e+20
2194,cl2,32,1,1,1,True,2,1,localBWAware,100,600,8,735.9485904693604,False,2.866847477849353,4.290034611362518
2195,cl2,32,1,1,1,True,2,1,localBWAware,100,600,16,1470.832637643814,True,1e+20,1e+20
2196,cl2,32,1,1,1,True,2,1,localBWAware,100,600,24,2205.716677951813,True,1e+20,1e+20
2197,cl2,32,1,1,1,True,2,1,baseline,200,900,8,739.7509268760681,False,2.8690855179853028,4.468347330412158
2198,cl2,32,1,1,1,True,2,1,baseline,200,900,16,1474.6349740505218,True,1e+20,1e+20
2199,cl2,32,1,1,1,True,2,1,baseline,200,900,24,2209.5190143585205,True,1e+20,1e+20
2200,cl2,32,1,1,1,True,2,1,baseline,200,600,8,739.8263271331788,False,2.869129781866133,4.296665190261531
2201,cl2,32,1,1,1,True,2,1,baseline,200,600,16,1474.7103743076325,True,1e+20,1e+20
2202,cl2,32,1,1,1,True,2,1,baseline,200,600,24,2209.594414615631,True,1e+20,1e+20
2203,cl2,32,1,1,1,True,2,1,baseline,100,900,8,744.404215335846,False,2.8718088237439443,4.463892988985907
2204,cl2,32,1,1,1,True,2,1,baseline,100,900,16,1479.2882625102998,True,1e+20,1e+20
2205,cl2,32,1,1,1,True,2,1,baseline,100,900,24,2214.1723028182982,True,1e+20,1e+20
2206,cl2,32,1,1,1,True,2,1,baseline,100,600,8,744.4796155929565,False,2.8718528109442145,4.290034611362518
2207,cl2,32,1,1,1,True,2,1,baseline,100,600,16,1479.3636627674102,True,1e+20,1e+20
2208,cl2,32,1,1,1,True,2,1,baseline,100,600,24,2214.247703075409,True,1e+20,1e+20
